device,motif_number,power,apparentpower,reactivepower,factor,window_size
Airfryer,1,"[35.4, 35.3, 35.3, 35.387499999999996, 35.5, 35.375, 35.34285714285714, 35.285714285714285, 35.34285714285714, 35.4, 35.3, 35.31428571428571, 35.28333333333333, 35.3, 35.42857142857143, 35.4, 35.324999999999996, 35.28333333333333, 35.291666666666664, 35.3, 35.41428571428571, 35.266666666666666, 35.3125, 35.36666666666667, 35.480000000000004, 35.31666666666666, 35.44, 35.44285714285714, 736.0642857142857, 1436.685714285714]","[35.4, 35.3, 35.3, 35.387499999999996, 35.5, 35.375, 35.34285714285714, 35.285714285714285, 35.34285714285714, 35.4, 35.3, 35.31428571428571, 35.28333333333333, 35.3, 35.42857142857143, 35.4, 35.324999999999996, 35.28333333333333, 35.291666666666664, 35.3, 35.41428571428571, 35.266666666666666, 35.3125, 35.36666666666667, 35.480000000000004, 35.31666666666666, 35.44, 35.44285714285714, 736.0642857142857, 1436.685714285714]","[0.0, 0.0, 0.0, 0.0, 0.0, 0.0, 0.0, 0.0, 0.0, 0.0, 0.0, 0.0, 0.0, 0.0, 0.0, 0.0, 0.0, 0.0, 0.0, 0.0, 0.0, 0.0, 0.0, 0.0, 0.0, 0.0, 0.0, 0.0, 0.0, 0.0]","[1.0, 1.0, 1.0, 1.0, 1.0, 1.0, 1.0, 1.0, 1.0, 1.0, 1.0, 1.0, 1.0, 1.0, 1.0, 1.0, 1.0, 1.0, 1.0, 1.0, 1.0, 1.0, 1.0, 1.0, 1.0, 1.0, 1.0, 1.0, 1.0, 1.0]",30
Airfryer,2,"[34.46666666666667, 34.5, 34.53333333333333, 34.56666666666667, 34.6, 34.55714285714286, 34.6, 34.65714285714286, 34.67142857142857, 34.55714285714286, 34.6, 34.650000000000006, 34.65, 34.6, 34.733333333333334, 34.71666666666667, 34.642857142857146, 34.65714285714286, 34.61666666666667, 34.7, 34.7, 34.7125, 34.74285714285714, 34.7, 34.737500000000004, 34.7, 34.75, 34.7, 34.660000000000004, 1495.8999999999999]","[34.46666666666667, 34.5, 34.53333333333333, 34.56666666666667, 34.6, 34.55714285714286, 34.6, 34.65714285714286, 34.67142857142857, 34.55714285714286, 34.6, 34.650000000000006, 34.65, 34.6, 34.733333333333334, 34.71666666666667, 34.642857142857146, 34.65714285714286, 34.61666666666667, 34.7, 34.7, 34.7125, 34.74285714285714, 34.7, 34.737500000000004, 34.7, 34.75, 34.7, 34.660000000000004, 1495.8999999999999]","[0.0, 0.0, 0.0, 0.0, 0.0, 0.0, 0.0, 0.0, 0.0, 0.0, 0.0, 0.0, 0.0, 0.0, 0.0, 0.0, 0.0, 0.0, 0.0, 0.0, 0.0, 0.0, 0.0, 0.0, 0.0, 0.0, 0.0, 0.0, 0.0, 0.0]","[1.0, 1.0, 1.0, 1.0, 1.0, 1.0, 1.0, 1.0, 1.0, 1.0, 1.0, 1.0, 1.0, 1.0, 1.0, 1.0, 1.0, 1.0, 1.0, 1.0, 1.0, 1.0, 1.0, 1.0, 1.0, 1.0, 1.0, 1.0, 1.0, 1.0]",30
Airfryer,3,"[34.8, 35.0, 34.8, 34.849999999999994, 34.925, 34.9, 34.785714285714285, 34.84285714285714, 34.84285714285714, 34.75, 34.885714285714286, 34.8, 34.8, 34.82, 34.8, 34.84285714285714, 34.875, 34.733333333333334, 34.82857142857143, 34.875, 34.75, 34.916666666666664, 34.82, 34.81666666666667, 34.75, 34.9, 34.857142857142854, 34.7, 38.8, 1519.8]","[34.8, 35.0, 34.8, 34.849999999999994, 34.925, 34.9, 34.785714285714285, 34.84285714285714, 34.84285714285714, 34.75, 34.885714285714286, 34.8, 34.8, 34.82, 34.8, 34.84285714285714, 34.875, 34.733333333333334, 34.82857142857143, 34.875, 34.75, 34.916666666666664, 34.82, 34.81666666666667, 34.75, 34.9, 34.857142857142854, 34.7, 38.8, 1519.8]","[0.0, 0.0, 0.0, 0.0, 0.0, 0.0, 0.0, 0.0, 0.0, 0.0, 0.0, 0.0, 0.0, 0.0, 0.0, 0.0, 0.0, 0.0, 0.0, 0.0, 0.0, 0.0, 0.0, 0.0, 0.0, 0.0, 0.0, 0.0, 0.0, 0.0]","[1.0, 1.0, 1.0, 1.0, 1.0, 1.0, 1.0, 1.0, 1.0, 1.0, 1.0, 1.0, 1.0, 1.0, 1.0, 1.0, 1.0, 1.0, 1.0, 1.0, 1.0, 1.0, 1.0, 1.0, 1.0, 1.0, 1.0, 1.0, 1.0, 1.0]",30
Airfryer,4,"[34.371428571428574, 34.475, 34.5, 34.46666666666667, 34.528571428571425, 34.5, 34.457142857142856, 34.471428571428575, 34.51428571428571, 1012.9399999999999, 1556.2, 1554.8285714285714, 1554.6, 1554.6, 1553.4, 1553.0, 1553.9142857142856, 1552.25, 1551.5, 1552.5, 1552.7857142857142, 1552.357142857143, 1550.4333333333334, 1550.357142857143, 1549.4428571428573, 1548.3, 1548.6200000000001, 1548.3, 1547.34, 1546.7]","[34.371428571428574, 34.475, 34.5, 34.46666666666667, 34.528571428571425, 34.5, 34.457142857142856, 34.471428571428575, 34.51428571428571, 1012.9399999999999, 1556.2, 1554.8285714285714, 1554.6, 1554.6, 1553.4, 1553.0, 1553.9142857142856, 1552.25, 1551.5, 1552.5, 1552.7857142857142, 1552.357142857143, 1550.4333333333334, 1550.357142857143, 1549.4428571428573, 1548.3, 1548.6200000000001, 1548.3, 1547.34, 1546.7]","[0.0, 0.0, 0.0, 0.0, 0.0, 0.0, 0.0, 0.0, 0.0, 0.0, 0.0, 0.0, 0.0, 0.0, 0.0, 0.0, 0.0, 0.0, 0.0, 0.0, 0.0, 0.0, 0.0, 0.0, 0.0, 0.0, 0.0, 0.0, 0.0, 0.0]","[1.0, 1.0, 1.0, 1.0, 1.0, 1.0, 1.0, 1.0, 1.0, 1.0, 1.0, 1.0, 1.0, 1.0, 1.0, 1.0, 1.0, 1.0, 1.0, 1.0, 1.0, 1.0, 1.0, 1.0, 1.0, 1.0, 1.0, 1.0, 1.0, 1.0]",30
Airfryer,5,"[34.349999999999994, 34.2, 34.26666666666667, 34.285714285714285, 34.25714285714286, 34.25, 34.260000000000005, 34.357142857142854, 34.333333333333336, 34.279999999999994, 34.3, 34.4, 34.2, 34.166666666666664, 34.43333333333333, 34.4, 34.357142857142854, 34.41428571428571, 34.4, 34.333333333333336, 34.4, 34.45, 34.2, 34.475, 34.375, 34.4, 34.46666666666667, 34.339999999999996, 34.4, 155.2]","[34.349999999999994, 34.2, 34.26666666666667, 34.285714285714285, 34.25714285714286, 34.25, 34.260000000000005, 34.357142857142854, 34.333333333333336, 34.279999999999994, 34.3, 34.4, 34.2, 34.166666666666664, 34.43333333333333, 34.4, 34.357142857142854, 34.41428571428571, 34.4, 34.333333333333336, 34.4, 34.45, 34.2, 34.475, 34.375, 34.4, 34.46666666666667, 34.339999999999996, 34.4, 155.2]","[0.0, 0.0, 0.0, 0.0, 0.0, 0.0, 0.0, 0.0, 0.0, 0.0, 0.0, 0.0, 0.0, 0.0, 0.0, 0.0, 0.0, 0.0, 0.0, 0.0, 0.0, 0.0, 0.0, 0.0, 0.0, 0.0, 0.0, 0.0, 0.0, 0.0]","[1.0, 1.0, 1.0, 1.0, 1.0, 1.0, 1.0, 1.0, 1.0, 1.0, 1.0, 1.0, 1.0, 1.0, 1.0, 1.0, 1.0, 1.0, 1.0, 1.0, 1.0, 1.0, 1.0, 1.0, 1.0, 1.0, 1.0, 1.0, 1.0, 1.0]",30
Kettle,1,"[33.25, 0.0, 0.0, 0.0, 0.0, 0.0, 0.0, 0.0, 0.0, 0.0, 0.0, 0.0, 0.0, 0.0, 0.0, 0.0, 0.0, 0.0, 0.0, 0.0, 0.0, 0.0, 0.0, 0.0, 0.0, 0.0, 0.0, 0.0, 0.0, 0.0]","[254.11666666666667, 0.0, 0.0, 0.0, 0.0, 0.0, 0.0, 0.0, 0.0, 0.0, 0.0, 0.0, 0.0, 0.0, 0.0, 0.0, 0.0, 0.0, 0.0, 0.0, 0.0, 0.0, 0.0, 0.0, 0.0, 0.0, 0.0, 0.0, 0.0, 0.0]","[251.91666666666666, 0.0, 0.0, 0.0, 0.0, 0.0, 0.0, 0.0, 0.0, 0.0, 0.0, 0.0, 0.0, 0.0, 0.0, 0.0, 0.0, 0.0, 0.0, 0.0, 0.0, 0.0, 0.0, 0.0, 0.0, 0.0, 0.0, 0.0, 0.0, 0.0]","[0.10833333333333334, 0.0, 0.0, 0.0, 0.0, 0.0, 0.0, 0.0, 0.0, 0.0, 0.0, 0.0, 0.0, 0.0, 0.0, 0.0, 0.0, 0.0, 0.0, 0.0, 0.0, 0.0, 0.0, 0.0, 0.0, 0.0, 0.0, 0.0, 0.0, 0.0]",30
Kettle,2,"[0.0, 0.0, 0.0, 0.0, 0.0, 0.0, 0.0, 0.0, 0.0, 0.0, 0.0, 0.0, 0.0, 0.0, 0.0, 0.0, 0.0, 0.0, 0.0, 0.0, 0.0, 0.0, 0.0, 0.0, 0.0, 0.0, 0.0, 0.0, 0.0, 0.0]","[0.0, 0.0, 0.0, 0.0, 0.0, 0.0, 0.0, 0.0, 0.0, 0.0, 0.0, 0.0, 0.0, 0.0, 0.0, 0.0, 0.0, 0.0, 0.0, 0.0, 0.0, 0.0, 0.0, 0.0, 0.0, 0.0, 0.0, 0.0, 0.0, 0.0]","[0.0, 0.0, 0.0, 0.0, 0.0, 0.0, 0.0, 0.0, 0.0, 0.0, 0.0, 0.0, 0.0, 0.0, 0.0, 0.0, 0.0, 0.0, 0.0, 0.0, 0.0, 0.0, 0.0, 0.0, 0.0, 0.0, 0.0, 0.0, 0.0, 0.0]","[0.0, 0.0, 0.0, 0.0, 0.0, 0.0, 0.0, 0.0, 0.0, 0.0, 0.0, 0.0, 0.0, 0.0, 0.0, 0.0, 0.0, 0.0, 0.0, 0.0, 0.0, 0.0, 0.0, 0.0, 0.0, 0.0, 0.0, 0.0, 0.0, 0.0]",30
Kettle,3,"[0.0, 0.0, 0.0, 0.0, 0.0, 0.0, 0.0, 0.0, 0.0, 0.0, 0.0, 0.0, 0.0, 0.0, 0.0, 0.0, 0.0, 0.0, 0.0, 0.0, 0.0, 0.0, 0.0, 0.0, 0.0, 0.0, 0.0, 0.0, 0.0, 0.0]","[0.0, 0.0, 0.0, 0.0, 0.0, 0.0, 0.0, 0.0, 0.0, 0.0, 0.0, 0.0, 0.0, 0.0, 0.0, 0.0, 0.0, 0.0, 0.0, 0.0, 0.0, 0.0, 0.0, 0.0, 0.0, 0.0, 0.0, 0.0, 0.0, 0.0]","[0.0, 0.0, 0.0, 0.0, 0.0, 0.0, 0.0, 0.0, 0.0, 0.0, 0.0, 0.0, 0.0, 0.0, 0.0, 0.0, 0.0, 0.0, 0.0, 0.0, 0.0, 0.0, 0.0, 0.0, 0.0, 0.0, 0.0, 0.0, 0.0, 0.0]","[0.0, 0.0, 0.0, 0.0, 0.0, 0.0, 0.0, 0.0, 0.0, 0.0, 0.0, 0.0, 0.0, 0.0, 0.0, 0.0, 0.0, 0.0, 0.0, 0.0, 0.0, 0.0, 0.0, 0.0, 0.0, 0.0, 0.0, 0.0, 0.0, 0.0]",30
Kettle,4,"[0.0, 0.0, 0.0, 0.0, 0.0, 0.0, 0.0, 0.0, 0.0, 0.0, 0.0, 0.0, 0.0, 0.0, 0.0, 0.0, 0.0, 0.0, 0.0, 0.0, 0.0, 0.0, 0.0, 0.0, 0.0, 0.0, 0.0, 0.0, 0.0, 0.0]","[0.0, 0.0, 0.0, 0.0, 0.0, 0.0, 0.0, 0.0, 0.0, 0.0, 0.0, 0.0, 0.0, 0.0, 0.0, 0.0, 0.0, 0.0, 0.0, 0.0, 0.0, 0.0, 0.0, 0.0, 0.0, 0.0, 0.0, 0.0, 0.0, 0.0]","[0.0, 0.0, 0.0, 0.0, 0.0, 0.0, 0.0, 0.0, 0.0, 0.0, 0.0, 0.0, 0.0, 0.0, 0.0, 0.0, 0.0, 0.0, 0.0, 0.0, 0.0, 0.0, 0.0, 0.0, 0.0, 0.0, 0.0, 0.0, 0.0, 0.0]","[0.0, 0.0, 0.0, 0.0, 0.0, 0.0, 0.0, 0.0, 0.0, 0.0, 0.0, 0.0, 0.0, 0.0, 0.0, 0.0, 0.0, 0.0, 0.0, 0.0, 0.0, 0.0, 0.0, 0.0, 0.0, 0.0, 0.0, 0.0, 0.0, 0.0]",30
Kettle,5,"[0.0, 0.0, 0.0, 0.0, 0.0, 0.0, 0.0, 0.0, 0.0, 0.0, 0.0, 0.0, 0.0, 0.0, 0.0, 0.0, 0.0, 0.0, 0.0, 0.0, 0.0, 0.0, 0.0, 0.0, 0.0, 0.0, 0.0, 0.0, 0.0, 0.0]","[0.0, 0.0, 0.0, 0.0, 0.0, 0.0, 0.0, 0.0, 0.0, 0.0, 0.0, 0.0, 0.0, 0.0, 0.0, 0.0, 0.0, 0.0, 0.0, 0.0, 0.0, 0.0, 0.0, 0.0, 0.0, 0.0, 0.0, 0.0, 0.0, 0.0]","[0.0, 0.0, 0.0, 0.0, 0.0, 0.0, 0.0, 0.0, 0.0, 0.0, 0.0, 0.0, 0.0, 0.0, 0.0, 0.0, 0.0, 0.0, 0.0, 0.0, 0.0, 0.0, 0.0, 0.0, 0.0, 0.0, 0.0, 0.0, 0.0, 0.0]","[0.0, 0.0, 0.0, 0.0, 0.0, 0.0, 0.0, 0.0, 0.0, 0.0, 0.0, 0.0, 0.0, 0.0, 0.0, 0.0, 0.0, 0.0, 0.0, 0.0, 0.0, 0.0, 0.0, 0.0, 0.0, 0.0, 0.0, 0.0, 0.0, 0.0]",30
Microwave,1,"[10.942857142857141, 0.0, 0.0, 0.0, 0.0, 0.0, 0.0, 0.0, 0.0, 0.0, 0.0, 0.0, 0.0, 0.0, 0.0, 0.0, 0.0, 0.0, 0.0, 0.0, 0.0, 0.0, 0.0, 0.0, 0.0, 0.0, 0.0, 0.0, 0.0, 0.0]","[14.717142857142857, 0.0, 0.0, 0.0, 0.0, 0.0, 0.0, 0.0, 0.0, 0.0, 0.0, 0.0, 0.0, 0.0, 0.0, 0.0, 0.0, 0.0, 0.0, 0.0, 0.0, 0.0, 0.0, 0.0, 0.0, 0.0, 0.0, 0.0, 0.0, 0.0]","[9.828571428571427, 0.0, 0.0, 0.0, 0.0, 0.0, 0.0, 0.0, 0.0, 0.0, 0.0, 0.0, 0.0, 0.0, 0.0, 0.0, 0.0, 0.0, 0.0, 0.0, 0.0, 0.0, 0.0, 0.0, 0.0, 0.0, 0.0, 0.0, 0.0, 0.0]","[0.21142857142857144, 0.0, 0.0, 0.0, 0.0, 0.0, 0.0, 0.0, 0.0, 0.0, 0.0, 0.0, 0.0, 0.0, 0.0, 0.0, 0.0, 0.0, 0.0, 0.0, 0.0, 0.0, 0.0, 0.0, 0.0, 0.0, 0.0, 0.0, 0.0, 0.0]",30
Microwave,2,"[0.0, 0.0, 0.0, 0.0, 0.0, 0.0, 0.0, 0.0, 0.0, 0.0, 0.0, 0.0, 0.0, 0.0, 0.0, 0.0, 0.0, 0.0, 0.0, 0.0, 0.0, 0.0, 0.0, 0.0, 0.0, 0.0, 0.0, 0.0, 0.0, 0.0]","[0.0, 0.0, 0.0, 0.0, 0.0, 0.0, 0.0, 0.0, 0.0, 0.0, 0.0, 0.0, 0.0, 0.0, 0.0, 0.0, 0.0, 0.0, 0.0, 0.0, 0.0, 0.0, 0.0, 0.0, 0.0, 0.0, 0.0, 0.0, 0.0, 0.0]","[0.0, 0.0, 0.0, 0.0, 0.0, 0.0, 0.0, 0.0, 0.0, 0.0, 0.0, 0.0, 0.0, 0.0, 0.0, 0.0, 0.0, 0.0, 0.0, 0.0, 0.0, 0.0, 0.0, 0.0, 0.0, 0.0, 0.0, 0.0, 0.0, 0.0]","[0.0, 0.0, 0.0, 0.0, 0.0, 0.0, 0.0, 0.0, 0.0, 0.0, 0.0, 0.0, 0.0, 0.0, 0.0, 0.0, 0.0, 0.0, 0.0, 0.0, 0.0, 0.0, 0.0, 0.0, 0.0, 0.0, 0.0, 0.0, 0.0, 0.0]",30
Microwave,3,"[0.0, 0.0, 0.0, 0.0, 0.0, 0.0, 0.0, 0.0, 0.0, 0.0, 0.0, 0.0, 0.0, 0.0, 0.0, 0.0, 0.0, 0.0, 0.0, 0.0, 0.0, 0.0, 0.0, 0.0, 0.0, 0.0, 0.0, 0.0, 0.0, 0.0]","[0.0, 0.0, 0.0, 0.0, 0.0, 0.0, 0.0, 0.0, 0.0, 0.0, 0.0, 0.0, 0.0, 0.0, 0.0, 0.0, 0.0, 0.0, 0.0, 0.0, 0.0, 0.0, 0.0, 0.0, 0.0, 0.0, 0.0, 0.0, 0.0, 0.0]","[0.0, 0.0, 0.0, 0.0, 0.0, 0.0, 0.0, 0.0, 0.0, 0.0, 0.0, 0.0, 0.0, 0.0, 0.0, 0.0, 0.0, 0.0, 0.0, 0.0, 0.0, 0.0, 0.0, 0.0, 0.0, 0.0, 0.0, 0.0, 0.0, 0.0]","[0.0, 0.0, 0.0, 0.0, 0.0, 0.0, 0.0, 0.0, 0.0, 0.0, 0.0, 0.0, 0.0, 0.0, 0.0, 0.0, 0.0, 0.0, 0.0, 0.0, 0.0, 0.0, 0.0, 0.0, 0.0, 0.0, 0.0, 0.0, 0.0, 0.0]",30
Microwave,4,"[0.0, 0.0, 0.0, 0.0, 0.0, 0.0, 0.0, 0.0, 0.0, 0.0, 0.0, 0.0, 0.0, 0.0, 0.0, 0.0, 0.0, 0.0, 0.0, 0.0, 0.0, 0.0, 0.0, 0.0, 0.0, 0.0, 0.0, 0.0, 0.0, 0.0]","[0.0, 0.0, 0.0, 0.0, 0.0, 0.0, 0.0, 0.0, 0.0, 0.0, 0.0, 0.0, 0.0, 0.0, 0.0, 0.0, 0.0, 0.0, 0.0, 0.0, 0.0, 0.0, 0.0, 0.0, 0.0, 0.0, 0.0, 0.0, 0.0, 0.0]","[0.0, 0.0, 0.0, 0.0, 0.0, 0.0, 0.0, 0.0, 0.0, 0.0, 0.0, 0.0, 0.0, 0.0, 0.0, 0.0, 0.0, 0.0, 0.0, 0.0, 0.0, 0.0, 0.0, 0.0, 0.0, 0.0, 0.0, 0.0, 0.0, 0.0]","[0.0, 0.0, 0.0, 0.0, 0.0, 0.0, 0.0, 0.0, 0.0, 0.0, 0.0, 0.0, 0.0, 0.0, 0.0, 0.0, 0.0, 0.0, 0.0, 0.0, 0.0, 0.0, 0.0, 0.0, 0.0, 0.0, 0.0, 0.0, 0.0, 0.0]",30
Microwave,5,"[0.0, 0.0, 0.0, 0.0, 0.0, 0.0, 0.0, 0.0, 0.0, 0.0, 0.0, 0.0, 0.0, 0.0, 0.0, 0.0, 0.0, 0.0, 0.0, 0.0, 0.0, 0.0, 0.0, 0.0, 0.0, 0.0, 0.0, 0.0, 0.0, 0.0]","[0.0, 0.0, 0.0, 0.0, 0.0, 0.0, 0.0, 0.0, 0.0, 0.0, 0.0, 0.0, 0.0, 0.0, 0.0, 0.0, 0.0, 0.0, 0.0, 0.0, 0.0, 0.0, 0.0, 0.0, 0.0, 0.0, 0.0, 0.0, 0.0, 0.0]","[0.0, 0.0, 0.0, 0.0, 0.0, 0.0, 0.0, 0.0, 0.0, 0.0, 0.0, 0.0, 0.0, 0.0, 0.0, 0.0, 0.0, 0.0, 0.0, 0.0, 0.0, 0.0, 0.0, 0.0, 0.0, 0.0, 0.0, 0.0, 0.0, 0.0]","[0.0, 0.0, 0.0, 0.0, 0.0, 0.0, 0.0, 0.0, 0.0, 0.0, 0.0, 0.0, 0.0, 0.0, 0.0, 0.0, 0.0, 0.0, 0.0, 0.0, 0.0, 0.0, 0.0, 0.0, 0.0, 0.0, 0.0, 0.0, 0.0, 0.0]",30
Hair_straightener,1,"[0.4, 0.28, 0.20000000000000004, 0.2, 0.2, 0.2, 0.2, 0.20000000000000004, 0.2, 0.20000000000000004, 0.2, 0.20000000000000004, 0.2, 0.2, 0.20000000000000004, 0.2, 0.2, 0.20000000000000004, 0.20000000000000004, 0.20000000000000004, 0.20000000000000004, 0.2, 0.2, 0.20000000000000004, 0.2, 0.2, 0.20000000000000004, 0.20000000000000004, 0.2, 505.5857142857143]","[7.32, 7.590000000000001, 7.786666666666666, 7.24, 5.04, 5.04, 5.237142857142857, 5.27, 6.054285714285713, 7.095, 7.089999999999999, 5.491666666666667, 5.5, 5.237142857142857, 5.04, 5.04, 4.81, 4.81, 5.001666666666666, 5.04, 5.419999999999999, 6.18, 6.18, 5.04, 5.04, 4.777142857142857, 4.58, 4.2749999999999995, 2.75, 1173.1857142857145]","[7.3, 7.6, 7.8, 7.24, 5.0, 5.0, 5.257142857142857, 5.3, 6.071428571428571, 7.099999999999999, 7.1, 5.5, 5.5, 5.214285714285714, 5.0, 5.0, 4.8, 4.8, 4.966666666666667, 5.0, 5.3999999999999995, 6.2, 6.2, 5.0, 5.0, 4.771428571428571, 4.6, 4.283333333333333, 2.7, 861.1999999999999]","[0.05, 0.038, 0.03, 0.032, 0.04, 0.04, 0.04, 0.04, 0.03571428571428571, 0.03, 0.03, 0.04, 0.04, 0.04, 0.04, 0.04, 0.04, 0.04, 0.04, 0.04, 0.03666666666666667, 0.03, 0.03, 0.04, 0.04, 0.04, 0.04, 0.045000000000000005, 0.07, 0.48857142857142855]",30
Hair_straightener,2,"[0.20000000000000004, 0.2, 0.2, 0.2, 0.2, 0.2, 0.2, 0.2, 0.20000000000000004, 0.2, 0.2, 0.2, 0.2, 0.2, 0.2, 0.20000000000000004, 0.2, 0.20000000000000004, 0.2, 0.2, 0.2, 0.2, 0.2, 0.2, 0.2, 0.2, 0.2, 0.2, 0.4571428571428572, 791.9142857142858]","[7.983333333333333, 9.67, 9.67, 6.45, 6.45, 6.59375, 6.68, 6.811428571428571, 7.599999999999999, 7.6, 8.98, 9.21, 8.224285714285715, 6.9157142857142855, 6.92, 6.458333333333333, 6.45, 5.683333333333334, 5.308571428571428, 5.441428571428571, 6.225714285714285, 6.22, 5.234285714285714, 5.07, 5.365714285714286, 5.76, 5.76, 5.07, 5.07, 791.9142857142858]","[7.966666666666666, 9.7, 9.7, 6.4, 6.4, 6.5875, 6.7, 6.828571428571428, 7.599999999999999, 7.6, 8.971428571428572, 9.2, 8.214285714285714, 6.9, 6.9, 6.483333333333333, 6.4, 5.666666666666667, 5.3, 5.428571428571429, 6.2, 6.2, 5.257142857142857, 5.1, 5.3999999999999995, 5.8, 5.8, 5.1, 5.042857142857143, 0.0]","[0.02666666666666667, 0.02, 0.02, 0.03, 0.03, 0.03, 0.03, 0.03, 0.03, 0.03, 0.02142857142857143, 0.02, 0.024285714285714282, 0.03, 0.03, 0.03, 0.03, 0.03666666666666667, 0.04, 0.038571428571428576, 0.03, 0.03, 0.038571428571428576, 0.04, 0.03571428571428571, 0.03, 0.03, 0.04, 0.09, 1.0]",30
Hair_straightener,3,"[0.20000000000000004, 0.2, 0.20000000000000004, 0.20000000000000004, 0.20000000000000004, 0.20000000000000004, 0.20000000000000004, 0.2, 0.3, 0.3, 0.3, 0.3, 0.3, 0.3, 476.5285714285714, 19.4, 19.4, 19.4, 19.4, 19.4, 19.4, 19.4, 19.4, 19.4, 8.37142857142857, 0.1, 0.1, 0.10000000000000002, 0.10000000000000002, 0.19999999999999998]","[6.169999999999999, 6.078, 5.94, 5.94, 5.72, 5.72, 8.013333333333334, 9.16, 9.16, 9.16, 9.16, 5.234285714285714, 4.58, 6.03, 477.76142857142855, 19.4, 19.4, 19.4, 19.4, 19.4, 19.4, 19.4, 19.4, 19.4, 12.108571428571427, 6.738571428571428, 6.87, 6.87, 8.238333333333333, 8.23]","[6.2, 6.08, 5.900000000000001, 5.900000000000001, 5.7, 5.7, 8.033333333333333, 9.2, 9.2, 9.2, 9.2, 5.257142857142857, 4.6, 6.033333333333334, 1.2714285714285716, 0.0, 0.0, 0.0, 0.0, 0.0, 0.0, 0.0, 0.0, 0.0, 3.7714285714285714, 6.728571428571429, 6.9, 6.900000000000001, 8.2, 8.2]","[0.03, 0.03, 0.03, 0.03, 0.03, 0.03, 0.023333333333333334, 0.02, 0.03, 0.03, 0.03, 0.0642857142857143, 0.07, 0.05666666666666667, 0.8614285714285714, 1.0, 1.0, 1.0, 1.0, 1.0, 1.0, 1.0, 1.0, 1.0, 0.44, 0.015714285714285715, 0.01, 0.01, 0.01, 0.024999999999999998]",30
Hair_straightener,4,"[0.2, 0.2, 0.20000000000000004, 0.2, 0.2, 0.3, 0.3, 0.3, 0.3, 0.3, 0.3, 0.3, 0.3, 0.3, 0.3, 0.3, 0.20000000000000004, 0.2, 0.2, 0.2, 0.20000000000000004, 0.2, 0.2, 0.2, 0.2, 0.20000000000000004, 0.2, 0.2, 0.2, 762.75]","[7.34, 6.54, 5.739999999999999, 5.74, 10.55, 10.55, 9.635000000000002, 8.72, 8.145, 7.57, 7.57, 5.965, 4.36, 5.505000000000001, 6.65, 6.65, 7.34, 7.34, 6.65, 5.965, 5.513333333333333, 4.595, 4.59, 6.88, 6.88, 7.263333333333333, 8.03, 8.03, 5.96, 765.63]","[7.3, 6.5, 5.7, 5.7, 10.6, 10.5, 9.6, 8.7, 8.149999999999999, 7.6, 7.6, 5.949999999999999, 4.3, 5.449999999999999, 6.6, 6.6, 7.3, 7.3, 6.65, 6.0, 5.533333333333334, 4.6, 4.6, 6.9, 6.9, 7.266666666666667, 8.0, 8.0, 6.0, 3.0]","[0.03, 0.03, 0.03, 0.03, 0.02, 0.03, 0.03, 0.03, 0.035, 0.04, 0.04, 0.05500000000000001, 0.07, 0.060000000000000005, 0.05, 0.05, 0.03, 0.03, 0.03, 0.03, 0.03333333333333333, 0.04, 0.04, 0.03, 0.03, 0.02666666666666667, 0.02, 0.02, 0.03, 0.515]",30
Hair_straightener,5,"[0.2, 0.2, 0.2, 0.2, 0.2, 0.2, 0.21428571428571427, 0.3, 0.3, 0.3, 0.3, 0.3, 0.3, 0.2375, 0.2, 0.2, 0.2, 0.2, 0.2, 0.2, 0.2, 0.2, 0.2, 0.2, 0.2, 0.2, 0.2, 0.2, 0.20000000000000004, 531.7142857142857]","[3.5157142857142856, 2.99, 4.76, 7.12, 7.12, 7.81, 7.81, 7.81, 7.81, 8.040000000000001, 9.4275, 9.44, 7.862857142857143, 7.58, 7.382857142857143, 7.12, 7.12, 4.37, 4.37, 4.632857142857143, 4.83, 4.968, 5.52, 5.5200000000000005, 3.8771428571428572, 3.21, 3.67, 4.13, 4.13, 531.7142857142857]","[3.5142857142857147, 3.0, 4.757142857142857, 7.1, 7.1, 7.8, 7.8, 7.8, 7.8, 8.028571428571428, 9.4, 9.4, 7.857142857142857, 7.6, 7.385714285714285, 7.1, 7.1, 4.4, 4.4, 4.628571428571428, 4.8, 4.9399999999999995, 5.5, 5.5, 3.857142857142857, 3.2, 3.65, 4.1, 4.1, 0.0]","[0.06142857142857144, 0.07, 0.05285714285714286, 0.03, 0.03, 0.03, 0.03142857142857143, 0.04, 0.04, 0.038571428571428576, 0.03, 0.03, 0.038571428571428576, 0.03375, 0.03, 0.03, 0.03, 0.05, 0.05, 0.04428571428571428, 0.04, 0.04, 0.04, 0.04, 0.054285714285714284, 0.06, 0.055, 0.05, 0.05000000000000001, 1.0]",30
Slushi_maker,1,"[43.46666666666667, 43.45, 43.7, 43.349999999999994, 43.56666666666666, 43.55, 43.3, 43.45, 43.25, 43.43333333333334, 43.55, 43.25, 43.349999999999994, 43.43333333333334, 43.4, 43.599999999999994, 43.15, 43.46666666666667, 43.35, 43.75, 43.3, 43.5, 43.5, 43.3, 43.55, 43.65, 43.5, 43.53333333333333, 43.2, 345.34999999999997]","[78.36, 78.36, 78.36, 78.475, 78.59, 78.59, 78.59, 78.36, 78.36, 78.36, 78.36, 78.36, 78.36, 78.59, 78.36, 78.36, 78.36, 78.36, 78.36, 78.36, 78.36, 78.475, 78.59, 78.36, 78.53, 78.76, 78.59, 78.59, 78.475, 362.63]","[65.2, 65.19999999999999, 65.05, 65.4, 65.43333333333334, 65.45, 65.6, 65.19999999999999, 65.30000000000001, 65.2, 65.15, 65.35, 65.25, 65.5, 65.25, 65.1, 65.4, 65.2, 65.30000000000001, 65.0, 65.3, 65.3, 65.46666666666667, 65.30000000000001, 65.35, 65.55000000000001, 65.5, 65.43333333333334, 65.55000000000001, 32.5]","[0.5566666666666668, 0.555, 0.56, 0.55, 0.5533333333333333, 0.55, 0.55, 0.555, 0.55, 0.5533333333333333, 0.56, 0.55, 0.55, 0.5533333333333333, 0.555, 0.555, 0.55, 0.5566666666666668, 0.555, 0.56, 0.55, 0.555, 0.55, 0.555, 0.555, 0.555, 0.555, 0.5533333333333333, 0.55, 0.78]",30
Slushi_maker,2,"[43.85, 43.8, 43.75, 43.833333333333336, 43.7, 43.8, 43.75, 43.800000000000004, 43.6, 43.75, 43.8, 43.6, 43.666666666666664, 43.849999999999994, 43.65, 43.8, 43.63333333333333, 43.75, 43.650000000000006, 43.7, 43.650000000000006, 43.666666666666664, 43.5, 43.75, 43.65, 43.53333333333333, 43.5, 43.75, 43.5, 43.6]","[156.37, 78.82, 78.82, 78.82, 78.82, 78.82, 78.82, 78.82, 78.99, 78.99, 78.82, 78.82, 78.99, 78.99, 78.99, 78.99, 78.91333333333334, 78.76, 78.875, 78.99, 78.99, 78.99, 78.99, 78.99, 78.99, 78.99, 78.99, 78.99, 78.99, 78.99]","[147.6, 65.5, 65.55, 65.5, 65.6, 65.55, 65.55, 65.53333333333333, 65.9, 65.75, 65.5, 65.7, 65.8, 65.7, 65.80000000000001, 65.75, 65.76666666666667, 65.5, 65.69999999999999, 65.8, 65.85, 65.8, 65.95, 65.75, 65.80000000000001, 65.9, 65.9, 65.80000000000001, 65.95, 65.9]","[0.375, 0.56, 0.555, 0.56, 0.55, 0.555, 0.555, 0.5566666666666668, 0.55, 0.55, 0.56, 0.55, 0.55, 0.555, 0.55, 0.555, 0.5533333333333333, 0.555, 0.55, 0.55, 0.55, 0.55, 0.55, 0.55, 0.55, 0.55, 0.55, 0.555, 0.55, 0.55]",30
Slushi_maker,3,"[163.45, 163.55, 163.85, 163.83333333333334, 164.0, 163.65, 164.14999999999998, 164.03333333333333, 163.75, 163.9, 163.85000000000002, 163.95, 163.9, 163.60000000000002, 43.6, 43.6, 43.666666666666664, 43.4, 43.55, 43.6, 43.4, 43.4, 43.45, 43.5, 43.6, 43.46666666666667, 43.5, 43.349999999999994, 43.4, 43.5]","[233.71, 234.4, 234.4, 233.71, 234.63, 233.94, 233.25, 234.01666666666665, 234.4, 233.25, 233.825, 234.195, 233.37666666666667, 233.415, 233.96499999999997, 156.265, 78.36, 78.36, 78.36, 78.13, 78.13, 78.36, 78.36, 78.295, 78.11500000000001, 78.08666666666666, 78.13, 78.13, 78.36, 78.36]","[167.05, 167.95, 167.65, 166.66666666666666, 167.8, 167.2, 165.75, 166.93333333333334, 167.75, 166.0, 166.85, 167.25, 166.13333333333333, 166.5, 229.89999999999998, 147.65, 65.06666666666666, 65.25, 65.15, 64.85, 65.0, 65.2, 65.19999999999999, 65.1, 64.80000000000001, 64.83333333333333, 64.9, 65.0, 65.25, 65.15]","[0.7, 0.7, 0.7, 0.6999999999999998, 0.7, 0.7, 0.7, 0.6999999999999998, 0.7, 0.7, 0.7, 0.7, 0.6999999999999998, 0.7, 0.19, 0.375, 0.56, 0.555, 0.56, 0.56, 0.56, 0.55, 0.555, 0.555, 0.56, 0.5566666666666668, 0.56, 0.555, 0.555, 0.555]",30
Slushi_maker,4,"[163.5, 163.95, 163.45, 163.6, 163.85, 164.05, 163.89999999999998, 163.76666666666665, 164.05, 163.45, 163.55, 163.85, 163.83333333333334, 164.0, 163.65, 164.14999999999998, 164.03333333333333, 163.75, 163.9, 163.85000000000002, 163.95, 163.9, 163.60000000000002, 43.6, 43.6, 43.666666666666664, 43.4, 43.55, 43.6, 43.4]","[232.265, 232.61, 232.38, 232.60999999999999, 233.27499999999998, 233.48, 233.48, 234.4, 234.055, 233.71, 234.4, 234.4, 233.71, 234.63, 233.94, 233.25, 234.01666666666665, 234.4, 233.25, 233.825, 234.195, 233.37666666666667, 233.415, 233.96499999999997, 156.265, 78.36, 78.36, 78.36, 78.13, 78.13]","[165.0, 165.05, 165.15, 165.33333333333334, 166.05, 166.15, 166.3, 167.73333333333335, 166.95, 167.05, 167.95, 167.65, 166.66666666666666, 167.8, 167.2, 165.75, 166.93333333333334, 167.75, 166.0, 166.85, 167.25, 166.13333333333333, 166.5, 229.89999999999998, 147.65, 65.06666666666666, 65.25, 65.15, 64.85, 65.0]","[0.705, 0.705, 0.7, 0.7033333333333333, 0.7, 0.7, 0.7, 0.6999999999999998, 0.7, 0.7, 0.7, 0.7, 0.6999999999999998, 0.7, 0.7, 0.7, 0.6999999999999998, 0.7, 0.7, 0.7, 0.7, 0.6999999999999998, 0.7, 0.19, 0.375, 0.56, 0.555, 0.56, 0.56, 0.56]",30
Slushi_maker,5,"[43.25, 43.349999999999994, 43.43333333333334, 43.4, 43.599999999999994, 43.15, 43.46666666666667, 43.35, 43.75, 43.3, 43.5, 43.5, 43.3, 43.55, 43.65, 43.5, 43.53333333333333, 43.2, 345.34999999999997, 225.75, 175.96666666666667, 178.0, 179.1, 181.05, 182.2, 182.63333333333333, 182.89999999999998, 182.35000000000002, 181.55, 180.36666666666667]","[78.36, 78.36, 78.59, 78.36, 78.36, 78.36, 78.36, 78.36, 78.36, 78.36, 78.475, 78.59, 78.36, 78.53, 78.76, 78.59, 78.59, 78.475, 362.63, 261.71000000000004, 246.12, 242.45999999999998, 243.05, 244.065, 245.08499999999998, 246.12, 246.58, 246.465, 246.35, 245.66]","[65.35, 65.25, 65.5, 65.25, 65.1, 65.4, 65.2, 65.30000000000001, 65.0, 65.3, 65.3, 65.46666666666667, 65.30000000000001, 65.35, 65.55000000000001, 65.5, 65.43333333333334, 65.55000000000001, 32.5, 86.95, 172.0666666666667, 164.65, 164.35, 163.7, 163.89999999999998, 165.0, 165.35, 165.8, 166.5, 166.79999999999998]","[0.55, 0.55, 0.5533333333333333, 0.555, 0.555, 0.55, 0.5566666666666668, 0.555, 0.56, 0.55, 0.555, 0.55, 0.555, 0.555, 0.555, 0.555, 0.5533333333333333, 0.55, 0.78, 0.855, 0.7166666666666667, 0.735, 0.74, 0.74, 0.745, 0.7399999999999999, 0.74, 0.74, 0.74, 0.7333333333333334]",30
Steamer,1,"[10.142857142857142, 1680.0, 1677.2, 1673.5714285714287, 1668.3333333333333, 1667.5, 1666.4545454545455, 1664.6153846153845, 1664.0, 1664.0, 1663.5555555555557, 1663.6, 1665.0, 1665.0, 1665.0, 1665.0, 1665.0, 1664.7777777777778, 1664.5555555555554, 1664.3333333333333, 1664.0, 1663.0833333333333, 1658.4, 1660.0, 1663.5, 1667.0, 1666.6666666666667, 1666.3333333333335, 1666.0, 1665.6666666666667]","[15.0, 1680.0, 1677.2, 1673.5714285714287, 1668.3333333333333, 1667.5, 1666.4545454545455, 1664.6153846153845, 1664.0, 1664.0, 1663.5555555555557, 1663.6, 1665.0, 1665.0, 1665.0, 1665.0, 1665.0, 1664.7777777777778, 1664.5555555555554, 1664.3333333333333, 1664.0, 1663.0833333333333, 1658.4, 1660.0, 1663.5, 1667.0, 1666.6666666666667, 1666.3333333333335, 1666.0, 1665.6666666666667]","[7.714285714285714, 0.0, 0.0, 0.0, 0.0, 0.0, 0.0, 0.0, 0.0, 0.0, 0.0, 0.0, 0.0, 0.0, 0.0, 0.0, 0.0, 0.0, 0.0, 0.0, 0.0, 0.0, 0.0, 0.0, 0.0, 0.0, 0.0, 0.0, 0.0, 0.0]","[0.5142857142857143, 1.0, 1.0, 1.0, 1.0, 1.0, 1.0, 1.0, 1.0, 1.0, 1.0, 1.0, 1.0, 1.0, 1.0, 1.0, 1.0, 1.0, 1.0, 1.0, 1.0, 1.0, 1.0, 1.0, 1.0, 1.0, 1.0, 1.0, 1.0, 1.0]",30
Steamer,2,"[5.0, 1116.2, 1666.2, 1664.3333333333333, 1664.0, 1664.0, 1664.0, 1662.6666666666667, 1661.75, 1660.4, 1662.0, 1663.6666666666667, 1665.3333333333333, 1667.0, 1667.0, 1667.0, 1669.4444444444443, 1667.0, 1666.111111111111, 1667.0, 1667.0, 1667.4, 1668.2, 1669.0, 1669.0, 1668.6, 1668.142857142857, 1667.5714285714284, 1667.0, 1666.5555555555557]","[10.0, 1117.2, 1666.2, 1664.3333333333333, 1664.0, 1664.0, 1664.0, 1662.6666666666667, 1661.75, 1660.4, 1662.0, 1663.6666666666667, 1665.3333333333333, 1667.0, 1667.0, 1667.0, 1669.4444444444443, 1667.0, 1666.111111111111, 1667.0, 1667.0, 1667.4, 1668.2, 1669.0, 1669.0, 1668.6, 1668.142857142857, 1667.5714285714284, 1667.0, 1666.5555555555557]","[9.0, 1.8, 0.0, 0.0, 0.0, 0.0, 0.0, 0.0, 0.0, 0.0, 0.0, 0.0, 0.0, 0.0, 0.0, 0.0, 0.0, 0.0, 0.0, 0.0, 0.0, 0.0, 0.0, 0.0, 0.0, 0.0, 0.0, 0.0, 0.0, 0.0]","[0.44000000000000006, 0.8879999999999999, 1.0, 1.0, 1.0, 1.0, 1.0, 1.0, 1.0, 1.0, 1.0, 1.0, 1.0, 1.0, 1.0, 1.0, 1.0, 1.0, 1.0, 1.0, 1.0, 1.0, 1.0, 1.0, 1.0, 1.0, 1.0, 1.0, 1.0, 1.0]",30
Steamer,3,"[562.8518518518518, 1120.9259259259259, 1679.0, 1676.5555555555557, 1675.0, 1673.6666666666667, 1673.0, 1673.0, 1673.0, 1673.0, 1673.0, 1673.0, 1673.0, 1673.0, 1673.0, 1673.0, 1673.0, 1673.0, 1673.6, 1674.2, 1672.6363636363637, 1672.6, 1672.4545454545455, 1671.0, 1671.0, 1670.5555555555557, 1667.2, 1665.0, 1666.3333333333333, 1667.6666666666667]","[566.3333333333334, 1122.6666666666667, 1679.0, 1676.5555555555557, 1675.0, 1673.6666666666667, 1673.0, 1673.0, 1673.0, 1673.0, 1673.0, 1673.0, 1673.0, 1673.0, 1673.0, 1673.0, 1673.0, 1673.0, 1673.6, 1674.2, 1672.6363636363637, 1672.6, 1672.4545454545455, 1671.0, 1671.0, 1670.5555555555557, 1667.2, 1665.0, 1666.3333333333333, 1667.6666666666667]","[6.0, 3.0, 0.0, 0.0, 0.0, 0.0, 0.0, 0.0, 0.0, 0.0, 0.0, 0.0, 0.0, 0.0, 0.0, 0.0, 0.0, 0.0, 0.0, 0.0, 0.0, 0.0, 0.0, 0.0, 0.0, 0.0, 0.0, 0.0, 0.0, 0.0]","[0.6311111111111112, 0.8155555555555556, 1.0, 1.0, 1.0, 1.0, 1.0, 1.0, 1.0, 1.0, 1.0, 1.0, 1.0, 1.0, 1.0, 1.0, 1.0, 1.0, 1.0, 1.0, 1.0, 1.0, 1.0, 1.0, 1.0, 1.0, 1.0, 1.0, 1.0, 1.0]",30
Steamer,4,"[1666.7142857142858, 1667.0, 1666.6666666666667, 1665.4285714285713, 1665.5714285714287, 1665.0, 1665.0, 1664.8333333333333, 1665.0, 1665.0, 1664.5833333333333, 1662.4285714285713, 1665.0833333333333, 1665.4, 1665.0, 1664.611111111111, 1664.2222222222222, 1662.1666666666667, 1659.142857142857, 1660.4, 968.2857142857143, 4.0, 4.0, 4.0, 4.0, 4.0, 4.0, 4.0, 4.0, 4.0]","[1666.7142857142858, 1667.0, 1666.6666666666667, 1665.4285714285713, 1665.5714285714287, 1665.0, 1665.0, 1664.8333333333333, 1665.0, 1665.0, 1664.5833333333333, 1662.4285714285713, 1665.0833333333333, 1665.4, 1665.0, 1664.611111111111, 1664.2222222222222, 1662.1666666666667, 1659.142857142857, 1660.4, 1653.7142857142858, 1649.0, 10.0, 10.0, 10.0, 10.0, 10.0, 10.0, 10.0, 10.0]","[0.0, 0.0, 0.0, 0.0, 0.0, 0.0, 0.0, 0.0, 0.0, 0.0, 0.0, 0.0, 0.0, 0.0, 0.0, 0.0, 0.0, 0.0, 0.0, 0.0, 868.5714285714286, 1649.0, 9.0, 9.0, 9.0, 9.0, 9.0, 9.0, 9.0, 9.0]","[1.0, 1.0, 1.0, 1.0, 1.0, 1.0, 1.0, 1.0, 1.0, 1.0, 1.0, 1.0, 1.0, 1.0, 1.0, 1.0, 1.0, 1.0, 1.0, 1.0, 0.5857142857142856, 0.0, 0.42, 0.42250000000000004, 0.44999999999999996, 0.43454545454545457, 0.43416666666666665, 0.42800000000000005, 0.4272727272727273, 0.43099999999999994]",30
Steamer,5,"[4.0, 4.0, 4.0, 4.0, 4.4, 1056.8, 1673.8, 1671.0, 1667.8, 1667.0, 1667.0, 1667.0, 1666.6363636363637, 1667.0, 1669.0, 1670.2, 1670.6, 1673.0, 1673.4, 1673.0, 1675.2, 1676.0, 1676.0, 1676.0, 1676.0, 1676.0, 1675.0, 1674.6, 1672.2, 1671.8]","[10.0, 10.0, 10.0, 10.0, 10.0, 1057.8, 1673.8, 1671.0, 1667.8, 1667.0, 1667.0, 1667.0, 1666.6363636363637, 1667.0, 1669.0, 1670.2, 1670.6, 1673.0, 1673.4, 1673.0, 1675.2, 1676.0, 1676.0, 1676.0, 1676.0, 1676.0, 1675.0, 1674.6, 1672.2, 1671.8]","[9.0, 9.0, 9.0, 9.0, 9.0, 1.8, 0.0, 0.0, 0.0, 0.0, 0.0, 0.0, 0.0, 0.0, 0.0, 0.0, 0.0, 0.0, 0.0, 0.0, 0.0, 0.0, 0.0, 0.0, 0.0, 0.0, 0.0, 0.0, 0.0, 0.0]","[0.42800000000000005, 0.42800000000000005, 0.438, 0.422, 0.43, 0.8879999999999999, 1.0, 1.0, 1.0, 1.0, 1.0, 1.0, 1.0, 1.0, 1.0, 1.0, 1.0, 1.0, 1.0, 1.0, 1.0, 1.0, 1.0, 1.0, 1.0, 1.0, 1.0, 1.0, 1.0, 1.0]",30
Airfryer,1,"[35.220000000000006, 35.1, 35.175000000000004, 35.1875, 35.199999999999996, 35.275, 35.271428571428565, 35.25714285714286, 35.1, 35.15833333333333, 35.21666666666667, 35.125, 35.25, 35.142857142857146, 35.2, 35.3, 35.2, 35.3, 35.285714285714285, 35.339999999999996, 35.375, 35.333333333333336, 35.24285714285714, 35.31428571428571, 35.36, 35.357142857142854, 35.34285714285714, 35.3, 35.349999999999994, 35.32, 35.4, 35.3, 35.3, 35.387499999999996, 35.5, 35.375, 35.34285714285714, 35.285714285714285, 35.34285714285714, 35.4, 35.3, 35.31428571428571, 35.28333333333333, 35.3, 35.42857142857143, 35.4, 35.324999999999996, 35.28333333333333, 35.291666666666664, 35.3, 35.41428571428571, 35.266666666666666, 35.3125, 35.36666666666667, 35.480000000000004, 35.31666666666666, 35.44, 35.44285714285714, 736.0642857142857, 1436.685714285714]","[35.220000000000006, 35.1, 35.175000000000004, 35.1875, 35.199999999999996, 35.275, 35.271428571428565, 35.25714285714286, 35.1, 35.15833333333333, 35.21666666666667, 35.125, 35.25, 35.142857142857146, 35.2, 35.3, 35.2, 35.3, 35.285714285714285, 35.339999999999996, 35.375, 35.333333333333336, 35.24285714285714, 35.31428571428571, 35.36, 35.357142857142854, 35.34285714285714, 35.3, 35.349999999999994, 35.32, 35.4, 35.3, 35.3, 35.387499999999996, 35.5, 35.375, 35.34285714285714, 35.285714285714285, 35.34285714285714, 35.4, 35.3, 35.31428571428571, 35.28333333333333, 35.3, 35.42857142857143, 35.4, 35.324999999999996, 35.28333333333333, 35.291666666666664, 35.3, 35.41428571428571, 35.266666666666666, 35.3125, 35.36666666666667, 35.480000000000004, 35.31666666666666, 35.44, 35.44285714285714, 736.0642857142857, 1436.685714285714]","[0.0, 0.0, 0.0, 0.0, 0.0, 0.0, 0.0, 0.0, 0.0, 0.0, 0.0, 0.0, 0.0, 0.0, 0.0, 0.0, 0.0, 0.0, 0.0, 0.0, 0.0, 0.0, 0.0, 0.0, 0.0, 0.0, 0.0, 0.0, 0.0, 0.0, 0.0, 0.0, 0.0, 0.0, 0.0, 0.0, 0.0, 0.0, 0.0, 0.0, 0.0, 0.0, 0.0, 0.0, 0.0, 0.0, 0.0, 0.0, 0.0, 0.0, 0.0, 0.0, 0.0, 0.0, 0.0, 0.0, 0.0, 0.0, 0.0, 0.0]","[1.0, 1.0, 1.0, 1.0, 1.0, 1.0, 1.0, 1.0, 1.0, 1.0, 1.0, 1.0, 1.0, 1.0, 1.0, 1.0, 1.0, 1.0, 1.0, 1.0, 1.0, 1.0, 1.0, 1.0, 1.0, 1.0, 1.0, 1.0, 1.0, 1.0, 1.0, 1.0, 1.0, 1.0, 1.0, 1.0, 1.0, 1.0, 1.0, 1.0, 1.0, 1.0, 1.0, 1.0, 1.0, 1.0, 1.0, 1.0, 1.0, 1.0, 1.0, 1.0, 1.0, 1.0, 1.0, 1.0, 1.0, 1.0, 1.0, 1.0]",60
Airfryer,2,"[34.5, 34.5, 34.471428571428575, 34.519999999999996, 34.650000000000006, 34.528571428571425, 34.483333333333334, 34.525, 34.471428571428575, 34.457142857142856, 34.6, 34.57142857142857, 34.57142857142857, 34.57142857142857, 34.542857142857144, 34.51428571428571, 34.6, 34.519999999999996, 34.6, 34.5875, 34.55714285714286, 34.519999999999996, 34.483333333333334, 34.5, 34.625, 34.525, 34.42, 34.51428571428571, 34.58571428571429, 34.6, 34.46666666666667, 34.5, 34.53333333333333, 34.56666666666667, 34.6, 34.55714285714286, 34.6, 34.65714285714286, 34.67142857142857, 34.55714285714286, 34.6, 34.650000000000006, 34.65, 34.6, 34.733333333333334, 34.71666666666667, 34.642857142857146, 34.65714285714286, 34.61666666666667, 34.7, 34.7, 34.7125, 34.74285714285714, 34.7, 34.737500000000004, 34.7, 34.75, 34.7, 34.660000000000004, 1495.8999999999999]","[34.5, 34.5, 34.471428571428575, 34.519999999999996, 34.650000000000006, 34.528571428571425, 34.483333333333334, 34.525, 34.471428571428575, 34.457142857142856, 34.6, 34.57142857142857, 34.57142857142857, 34.57142857142857, 34.542857142857144, 34.51428571428571, 34.6, 34.519999999999996, 34.6, 34.5875, 34.55714285714286, 34.519999999999996, 34.483333333333334, 34.5, 34.625, 34.525, 34.42, 34.51428571428571, 34.58571428571429, 34.6, 34.46666666666667, 34.5, 34.53333333333333, 34.56666666666667, 34.6, 34.55714285714286, 34.6, 34.65714285714286, 34.67142857142857, 34.55714285714286, 34.6, 34.650000000000006, 34.65, 34.6, 34.733333333333334, 34.71666666666667, 34.642857142857146, 34.65714285714286, 34.61666666666667, 34.7, 34.7, 34.7125, 34.74285714285714, 34.7, 34.737500000000004, 34.7, 34.75, 34.7, 34.660000000000004, 1495.8999999999999]","[0.0, 0.0, 0.0, 0.0, 0.0, 0.0, 0.0, 0.0, 0.0, 0.0, 0.0, 0.0, 0.0, 0.0, 0.0, 0.0, 0.0, 0.0, 0.0, 0.0, 0.0, 0.0, 0.0, 0.0, 0.0, 0.0, 0.0, 0.0, 0.0, 0.0, 0.0, 0.0, 0.0, 0.0, 0.0, 0.0, 0.0, 0.0, 0.0, 0.0, 0.0, 0.0, 0.0, 0.0, 0.0, 0.0, 0.0, 0.0, 0.0, 0.0, 0.0, 0.0, 0.0, 0.0, 0.0, 0.0, 0.0, 0.0, 0.0, 0.0]","[1.0, 1.0, 1.0, 1.0, 1.0, 1.0, 1.0, 1.0, 1.0, 1.0, 1.0, 1.0, 1.0, 1.0, 1.0, 1.0, 1.0, 1.0, 1.0, 1.0, 1.0, 1.0, 1.0, 1.0, 1.0, 1.0, 1.0, 1.0, 1.0, 1.0, 1.0, 1.0, 1.0, 1.0, 1.0, 1.0, 1.0, 1.0, 1.0, 1.0, 1.0, 1.0, 1.0, 1.0, 1.0, 1.0, 1.0, 1.0, 1.0, 1.0, 1.0, 1.0, 1.0, 1.0, 1.0, 1.0, 1.0, 1.0, 1.0, 1.0]",60
Airfryer,3,"[34.85, 34.92857142857143, 34.91428571428571, 34.9, 34.925, 34.93333333333333, 34.92857142857143, 34.93333333333333, 34.9, 34.9, 34.84285714285714, 34.885714285714286, 34.9, 34.95, 34.949999999999996, 34.971428571428575, 34.916666666666664, 34.85, 35.0, 34.800000000000004, 34.84285714285714, 34.9, 34.94285714285714, 34.88333333333333, 34.849999999999994, 34.81666666666667, 34.8625, 34.9, 34.82857142857143, 34.9, 34.8, 35.0, 34.8, 34.849999999999994, 34.925, 34.9, 34.785714285714285, 34.84285714285714, 34.84285714285714, 34.75, 34.885714285714286, 34.8, 34.8, 34.82, 34.8, 34.84285714285714, 34.875, 34.733333333333334, 34.82857142857143, 34.875, 34.75, 34.916666666666664, 34.82, 34.81666666666667, 34.75, 34.9, 34.857142857142854, 34.7, 38.8, 1519.8]","[34.85, 34.92857142857143, 34.91428571428571, 34.9, 34.925, 34.93333333333333, 34.92857142857143, 34.93333333333333, 34.9, 34.9, 34.84285714285714, 34.885714285714286, 34.9, 34.95, 34.949999999999996, 34.971428571428575, 34.916666666666664, 34.85, 35.0, 34.800000000000004, 34.84285714285714, 34.9, 34.94285714285714, 34.88333333333333, 34.849999999999994, 34.81666666666667, 34.8625, 34.9, 34.82857142857143, 34.9, 34.8, 35.0, 34.8, 34.849999999999994, 34.925, 34.9, 34.785714285714285, 34.84285714285714, 34.84285714285714, 34.75, 34.885714285714286, 34.8, 34.8, 34.82, 34.8, 34.84285714285714, 34.875, 34.733333333333334, 34.82857142857143, 34.875, 34.75, 34.916666666666664, 34.82, 34.81666666666667, 34.75, 34.9, 34.857142857142854, 34.7, 38.8, 1519.8]","[0.0, 0.0, 0.0, 0.0, 0.0, 0.0, 0.0, 0.0, 0.0, 0.0, 0.0, 0.0, 0.0, 0.0, 0.0, 0.0, 0.0, 0.0, 0.0, 0.0, 0.0, 0.0, 0.0, 0.0, 0.0, 0.0, 0.0, 0.0, 0.0, 0.0, 0.0, 0.0, 0.0, 0.0, 0.0, 0.0, 0.0, 0.0, 0.0, 0.0, 0.0, 0.0, 0.0, 0.0, 0.0, 0.0, 0.0, 0.0, 0.0, 0.0, 0.0, 0.0, 0.0, 0.0, 0.0, 0.0, 0.0, 0.0, 0.0, 0.0]","[1.0, 1.0, 1.0, 1.0, 1.0, 1.0, 1.0, 1.0, 1.0, 1.0, 1.0, 1.0, 1.0, 1.0, 1.0, 1.0, 1.0, 1.0, 1.0, 1.0, 1.0, 1.0, 1.0, 1.0, 1.0, 1.0, 1.0, 1.0, 1.0, 1.0, 1.0, 1.0, 1.0, 1.0, 1.0, 1.0, 1.0, 1.0, 1.0, 1.0, 1.0, 1.0, 1.0, 1.0, 1.0, 1.0, 1.0, 1.0, 1.0, 1.0, 1.0, 1.0, 1.0, 1.0, 1.0, 1.0, 1.0, 1.0, 1.0, 1.0]",60
Airfryer,4,"[34.199999999999996, 34.075, 34.1, 34.06, 34.08714285714286, 34.114285714285714, 34.166666666666664, 34.0, 34.160000000000004, 34.166666666666664, 34.275, 34.21666666666666, 34.2, 34.23333333333333, 34.1, 34.18, 34.271428571428565, 34.18571428571429, 34.214285714285715, 34.25, 34.3, 34.15, 34.31666666666667, 34.22, 34.38, 34.2, 34.4, 34.4, 34.36666666666667, 34.275, 34.349999999999994, 34.2, 34.26666666666667, 34.285714285714285, 34.25714285714286, 34.25, 34.260000000000005, 34.357142857142854, 34.333333333333336, 34.279999999999994, 34.3, 34.4, 34.2, 34.166666666666664, 34.43333333333333, 34.4, 34.357142857142854, 34.41428571428571, 34.4, 34.333333333333336, 34.4, 34.45, 34.2, 34.475, 34.375, 34.4, 34.46666666666667, 34.339999999999996, 34.4, 155.2]","[34.199999999999996, 34.075, 34.1, 34.06, 34.08714285714286, 34.114285714285714, 34.166666666666664, 34.0, 34.160000000000004, 34.166666666666664, 34.275, 34.21666666666666, 34.2, 34.23333333333333, 34.1, 34.18, 34.271428571428565, 34.18571428571429, 34.214285714285715, 34.25, 34.3, 34.15, 34.31666666666667, 34.22, 34.38, 34.2, 34.4, 34.4, 34.36666666666667, 34.275, 34.349999999999994, 34.2, 34.26666666666667, 34.285714285714285, 34.25714285714286, 34.25, 34.260000000000005, 34.357142857142854, 34.333333333333336, 34.279999999999994, 34.3, 34.4, 34.2, 34.166666666666664, 34.43333333333333, 34.4, 34.357142857142854, 34.41428571428571, 34.4, 34.333333333333336, 34.4, 34.45, 34.2, 34.475, 34.375, 34.4, 34.46666666666667, 34.339999999999996, 34.4, 155.2]","[0.0, 0.0, 0.0, 0.0, 0.0, 0.0, 0.0, 0.0, 0.0, 0.0, 0.0, 0.0, 0.0, 0.0, 0.0, 0.0, 0.0, 0.0, 0.0, 0.0, 0.0, 0.0, 0.0, 0.0, 0.0, 0.0, 0.0, 0.0, 0.0, 0.0, 0.0, 0.0, 0.0, 0.0, 0.0, 0.0, 0.0, 0.0, 0.0, 0.0, 0.0, 0.0, 0.0, 0.0, 0.0, 0.0, 0.0, 0.0, 0.0, 0.0, 0.0, 0.0, 0.0, 0.0, 0.0, 0.0, 0.0, 0.0, 0.0, 0.0]","[1.0, 1.0, 1.0, 1.0, 1.0, 1.0, 1.0, 1.0, 1.0, 1.0, 1.0, 1.0, 1.0, 1.0, 1.0, 1.0, 1.0, 1.0, 1.0, 1.0, 1.0, 1.0, 1.0, 1.0, 1.0, 1.0, 1.0, 1.0, 1.0, 1.0, 1.0, 1.0, 1.0, 1.0, 1.0, 1.0, 1.0, 1.0, 1.0, 1.0, 1.0, 1.0, 1.0, 1.0, 1.0, 1.0, 1.0, 1.0, 1.0, 1.0, 1.0, 1.0, 1.0, 1.0, 1.0, 1.0, 1.0, 1.0, 1.0, 1.0]",60
Airfryer,5,"[34.55714285714286, 34.519999999999996, 34.483333333333334, 34.5, 34.625, 34.525, 34.42, 34.51428571428571, 34.58571428571429, 34.6, 34.46666666666667, 34.5, 34.53333333333333, 34.56666666666667, 34.6, 34.55714285714286, 34.6, 34.65714285714286, 34.67142857142857, 34.55714285714286, 34.6, 34.650000000000006, 34.65, 34.6, 34.733333333333334, 34.71666666666667, 34.642857142857146, 34.65714285714286, 34.61666666666667, 34.7, 34.7, 34.7125, 34.74285714285714, 34.7, 34.737500000000004, 34.7, 34.75, 34.7, 34.660000000000004, 1495.8999999999999, 1549.9, 1548.5285714285715, 1549.1, 1547.02, 1546.1, 1546.2714285714285, 1545.175, 1543.6, 1543.6, 1543.6, 1543.5999999999997, 1543.6, 1543.6, 1542.685714285714, 1541.5928571428572, 1540.5, 1540.5, 1540.5, 1538.6, 1536.8666666666668]","[34.55714285714286, 34.519999999999996, 34.483333333333334, 34.5, 34.625, 34.525, 34.42, 34.51428571428571, 34.58571428571429, 34.6, 34.46666666666667, 34.5, 34.53333333333333, 34.56666666666667, 34.6, 34.55714285714286, 34.6, 34.65714285714286, 34.67142857142857, 34.55714285714286, 34.6, 34.650000000000006, 34.65, 34.6, 34.733333333333334, 34.71666666666667, 34.642857142857146, 34.65714285714286, 34.61666666666667, 34.7, 34.7, 34.7125, 34.74285714285714, 34.7, 34.737500000000004, 34.7, 34.75, 34.7, 34.660000000000004, 1495.8999999999999, 1549.9, 1548.5285714285715, 1549.1, 1547.02, 1546.1, 1546.2714285714285, 1545.175, 1543.6, 1543.6, 1543.6, 1543.5999999999997, 1543.6, 1543.6, 1542.685714285714, 1541.5928571428572, 1540.5, 1540.5, 1540.5, 1538.6, 1536.8666666666668]","[0.0, 0.0, 0.0, 0.0, 0.0, 0.0, 0.0, 0.0, 0.0, 0.0, 0.0, 0.0, 0.0, 0.0, 0.0, 0.0, 0.0, 0.0, 0.0, 0.0, 0.0, 0.0, 0.0, 0.0, 0.0, 0.0, 0.0, 0.0, 0.0, 0.0, 0.0, 0.0, 0.0, 0.0, 0.0, 0.0, 0.0, 0.0, 0.0, 0.0, 0.0, 0.0, 0.0, 0.0, 0.0, 0.0, 0.0, 0.0, 0.0, 0.0, 0.0, 0.0, 0.0, 0.0, 0.0, 0.0, 0.0, 0.0, 0.0, 0.0]","[1.0, 1.0, 1.0, 1.0, 1.0, 1.0, 1.0, 1.0, 1.0, 1.0, 1.0, 1.0, 1.0, 1.0, 1.0, 1.0, 1.0, 1.0, 1.0, 1.0, 1.0, 1.0, 1.0, 1.0, 1.0, 1.0, 1.0, 1.0, 1.0, 1.0, 1.0, 1.0, 1.0, 1.0, 1.0, 1.0, 1.0, 1.0, 1.0, 1.0, 1.0, 1.0, 1.0, 1.0, 1.0, 1.0, 1.0, 1.0, 1.0, 1.0, 1.0, 1.0, 1.0, 1.0, 1.0, 1.0, 1.0, 1.0, 1.0, 1.0]",60
Kettle,1,"[0.0, 0.0, 0.0, 0.0, 0.0, 0.0, 0.0, 0.0, 0.0, 0.0, 0.0, 0.0, 0.0, 0.0, 0.0, 0.0, 0.0, 0.0, 0.0, 0.0, 0.0, 0.0, 0.0, 0.0, 0.0, 0.0, 0.0, 0.0, 0.0, 0.0, 0.0, 0.0, 0.0, 0.0, 0.0, 0.0, 0.0, 0.0, 0.0, 0.0, 0.0, 0.0, 0.0, 0.0, 0.0, 0.0, 0.0, 0.0, 0.0, 0.0, 0.0, 0.0, 0.0, 0.0, 0.0, 0.0, 0.0, 0.0, 0.0, 0.0]","[0.0, 0.0, 0.0, 0.0, 0.0, 0.0, 0.0, 0.0, 0.0, 0.0, 0.0, 0.0, 0.0, 0.0, 0.0, 0.0, 0.0, 0.0, 0.0, 0.0, 0.0, 0.0, 0.0, 0.0, 0.0, 0.0, 0.0, 0.0, 0.0, 0.0, 0.0, 0.0, 0.0, 0.0, 0.0, 0.0, 0.0, 0.0, 0.0, 0.0, 0.0, 0.0, 0.0, 0.0, 0.0, 0.0, 0.0, 0.0, 0.0, 0.0, 0.0, 0.0, 0.0, 0.0, 0.0, 0.0, 0.0, 0.0, 0.0, 0.0]","[0.0, 0.0, 0.0, 0.0, 0.0, 0.0, 0.0, 0.0, 0.0, 0.0, 0.0, 0.0, 0.0, 0.0, 0.0, 0.0, 0.0, 0.0, 0.0, 0.0, 0.0, 0.0, 0.0, 0.0, 0.0, 0.0, 0.0, 0.0, 0.0, 0.0, 0.0, 0.0, 0.0, 0.0, 0.0, 0.0, 0.0, 0.0, 0.0, 0.0, 0.0, 0.0, 0.0, 0.0, 0.0, 0.0, 0.0, 0.0, 0.0, 0.0, 0.0, 0.0, 0.0, 0.0, 0.0, 0.0, 0.0, 0.0, 0.0, 0.0]","[0.0, 0.0, 0.0, 0.0, 0.0, 0.0, 0.0, 0.0, 0.0, 0.0, 0.0, 0.0, 0.0, 0.0, 0.0, 0.0, 0.0, 0.0, 0.0, 0.0, 0.0, 0.0, 0.0, 0.0, 0.0, 0.0, 0.0, 0.0, 0.0, 0.0, 0.0, 0.0, 0.0, 0.0, 0.0, 0.0, 0.0, 0.0, 0.0, 0.0, 0.0, 0.0, 0.0, 0.0, 0.0, 0.0, 0.0, 0.0, 0.0, 0.0, 0.0, 0.0, 0.0, 0.0, 0.0, 0.0, 0.0, 0.0, 0.0, 0.0]",60
Kettle,2,"[0.0, 0.0, 0.0, 0.0, 0.0, 0.0, 0.0, 0.0, 0.0, 0.0, 0.0, 0.0, 0.0, 0.0, 0.0, 0.0, 0.0, 0.0, 0.0, 0.0, 0.0, 0.0, 0.0, 0.0, 0.0, 0.0, 0.0, 0.0, 0.0, 0.0, 0.0, 0.0, 0.0, 0.0, 0.0, 0.0, 0.0, 0.0, 0.0, 0.0, 0.0, 0.0, 0.0, 0.0, 0.0, 0.0, 0.0, 0.0, 0.0, 0.0, 0.0, 0.0, 0.0, 0.0, 0.0, 0.0, 0.0, 0.0, 0.0, 0.0]","[0.0, 0.0, 0.0, 0.0, 0.0, 0.0, 0.0, 0.0, 0.0, 0.0, 0.0, 0.0, 0.0, 0.0, 0.0, 0.0, 0.0, 0.0, 0.0, 0.0, 0.0, 0.0, 0.0, 0.0, 0.0, 0.0, 0.0, 0.0, 0.0, 0.0, 0.0, 0.0, 0.0, 0.0, 0.0, 0.0, 0.0, 0.0, 0.0, 0.0, 0.0, 0.0, 0.0, 0.0, 0.0, 0.0, 0.0, 0.0, 0.0, 0.0, 0.0, 0.0, 0.0, 0.0, 0.0, 0.0, 0.0, 0.0, 0.0, 0.0]","[0.0, 0.0, 0.0, 0.0, 0.0, 0.0, 0.0, 0.0, 0.0, 0.0, 0.0, 0.0, 0.0, 0.0, 0.0, 0.0, 0.0, 0.0, 0.0, 0.0, 0.0, 0.0, 0.0, 0.0, 0.0, 0.0, 0.0, 0.0, 0.0, 0.0, 0.0, 0.0, 0.0, 0.0, 0.0, 0.0, 0.0, 0.0, 0.0, 0.0, 0.0, 0.0, 0.0, 0.0, 0.0, 0.0, 0.0, 0.0, 0.0, 0.0, 0.0, 0.0, 0.0, 0.0, 0.0, 0.0, 0.0, 0.0, 0.0, 0.0]","[0.0, 0.0, 0.0, 0.0, 0.0, 0.0, 0.0, 0.0, 0.0, 0.0, 0.0, 0.0, 0.0, 0.0, 0.0, 0.0, 0.0, 0.0, 0.0, 0.0, 0.0, 0.0, 0.0, 0.0, 0.0, 0.0, 0.0, 0.0, 0.0, 0.0, 0.0, 0.0, 0.0, 0.0, 0.0, 0.0, 0.0, 0.0, 0.0, 0.0, 0.0, 0.0, 0.0, 0.0, 0.0, 0.0, 0.0, 0.0, 0.0, 0.0, 0.0, 0.0, 0.0, 0.0, 0.0, 0.0, 0.0, 0.0, 0.0, 0.0]",60
Kettle,3,"[0.0, 0.0, 0.0, 0.0, 0.0, 0.0, 0.0, 0.0, 0.0, 0.0, 0.0, 0.0, 0.0, 0.0, 0.0, 0.0, 0.0, 0.0, 0.0, 0.0, 0.0, 0.0, 0.0, 0.0, 0.0, 0.0, 0.0, 0.0, 0.0, 0.0, 0.0, 0.0, 0.0, 0.0, 0.0, 0.0, 0.0, 0.0, 0.0, 0.0, 0.0, 0.0, 0.0, 0.0, 0.0, 0.0, 0.0, 0.0, 0.0, 0.0, 0.0, 0.0, 0.0, 0.0, 0.0, 0.0, 0.0, 0.0, 0.0, 0.0]","[0.0, 0.0, 0.0, 0.0, 0.0, 0.0, 0.0, 0.0, 0.0, 0.0, 0.0, 0.0, 0.0, 0.0, 0.0, 0.0, 0.0, 0.0, 0.0, 0.0, 0.0, 0.0, 0.0, 0.0, 0.0, 0.0, 0.0, 0.0, 0.0, 0.0, 0.0, 0.0, 0.0, 0.0, 0.0, 0.0, 0.0, 0.0, 0.0, 0.0, 0.0, 0.0, 0.0, 0.0, 0.0, 0.0, 0.0, 0.0, 0.0, 0.0, 0.0, 0.0, 0.0, 0.0, 0.0, 0.0, 0.0, 0.0, 0.0, 0.0]","[0.0, 0.0, 0.0, 0.0, 0.0, 0.0, 0.0, 0.0, 0.0, 0.0, 0.0, 0.0, 0.0, 0.0, 0.0, 0.0, 0.0, 0.0, 0.0, 0.0, 0.0, 0.0, 0.0, 0.0, 0.0, 0.0, 0.0, 0.0, 0.0, 0.0, 0.0, 0.0, 0.0, 0.0, 0.0, 0.0, 0.0, 0.0, 0.0, 0.0, 0.0, 0.0, 0.0, 0.0, 0.0, 0.0, 0.0, 0.0, 0.0, 0.0, 0.0, 0.0, 0.0, 0.0, 0.0, 0.0, 0.0, 0.0, 0.0, 0.0]","[0.0, 0.0, 0.0, 0.0, 0.0, 0.0, 0.0, 0.0, 0.0, 0.0, 0.0, 0.0, 0.0, 0.0, 0.0, 0.0, 0.0, 0.0, 0.0, 0.0, 0.0, 0.0, 0.0, 0.0, 0.0, 0.0, 0.0, 0.0, 0.0, 0.0, 0.0, 0.0, 0.0, 0.0, 0.0, 0.0, 0.0, 0.0, 0.0, 0.0, 0.0, 0.0, 0.0, 0.0, 0.0, 0.0, 0.0, 0.0, 0.0, 0.0, 0.0, 0.0, 0.0, 0.0, 0.0, 0.0, 0.0, 0.0, 0.0, 0.0]",60
Kettle,4,"[0.0, 0.0, 0.0, 0.0, 0.0, 0.0, 0.0, 0.0, 0.0, 0.0, 0.0, 0.0, 0.0, 0.0, 0.0, 0.0, 0.0, 0.0, 0.0, 0.0, 0.0, 0.0, 0.0, 0.0, 0.0, 0.0, 0.0, 0.0, 0.0, 0.0, 0.0, 0.0, 0.0, 0.0, 0.0, 0.0, 0.0, 0.0, 0.0, 0.0, 0.0, 0.0, 0.0, 0.0, 0.0, 0.0, 0.0, 0.0, 0.0, 0.0, 0.0, 0.0, 0.0, 0.0, 0.0, 0.0, 0.0, 0.0, 0.0, 0.0]","[0.0, 0.0, 0.0, 0.0, 0.0, 0.0, 0.0, 0.0, 0.0, 0.0, 0.0, 0.0, 0.0, 0.0, 0.0, 0.0, 0.0, 0.0, 0.0, 0.0, 0.0, 0.0, 0.0, 0.0, 0.0, 0.0, 0.0, 0.0, 0.0, 0.0, 0.0, 0.0, 0.0, 0.0, 0.0, 0.0, 0.0, 0.0, 0.0, 0.0, 0.0, 0.0, 0.0, 0.0, 0.0, 0.0, 0.0, 0.0, 0.0, 0.0, 0.0, 0.0, 0.0, 0.0, 0.0, 0.0, 0.0, 0.0, 0.0, 0.0]","[0.0, 0.0, 0.0, 0.0, 0.0, 0.0, 0.0, 0.0, 0.0, 0.0, 0.0, 0.0, 0.0, 0.0, 0.0, 0.0, 0.0, 0.0, 0.0, 0.0, 0.0, 0.0, 0.0, 0.0, 0.0, 0.0, 0.0, 0.0, 0.0, 0.0, 0.0, 0.0, 0.0, 0.0, 0.0, 0.0, 0.0, 0.0, 0.0, 0.0, 0.0, 0.0, 0.0, 0.0, 0.0, 0.0, 0.0, 0.0, 0.0, 0.0, 0.0, 0.0, 0.0, 0.0, 0.0, 0.0, 0.0, 0.0, 0.0, 0.0]","[0.0, 0.0, 0.0, 0.0, 0.0, 0.0, 0.0, 0.0, 0.0, 0.0, 0.0, 0.0, 0.0, 0.0, 0.0, 0.0, 0.0, 0.0, 0.0, 0.0, 0.0, 0.0, 0.0, 0.0, 0.0, 0.0, 0.0, 0.0, 0.0, 0.0, 0.0, 0.0, 0.0, 0.0, 0.0, 0.0, 0.0, 0.0, 0.0, 0.0, 0.0, 0.0, 0.0, 0.0, 0.0, 0.0, 0.0, 0.0, 0.0, 0.0, 0.0, 0.0, 0.0, 0.0, 0.0, 0.0, 0.0, 0.0, 0.0, 0.0]",60
Kettle,5,"[31.119999999999997, 0.0, 0.0, 0.0, 0.0, 0.0, 0.0, 0.0, 0.0, 0.0, 0.0, 0.0, 0.0, 0.0, 0.0, 0.0, 0.0, 0.0, 0.0, 0.0, 0.0, 0.0, 0.0, 0.0, 0.0, 0.0, 0.0, 0.0, 0.0, 0.0, 0.0, 0.0, 0.0, 0.0, 0.0, 0.0, 0.0, 0.0, 0.0, 0.0, 0.0, 0.0, 0.0, 0.0, 0.0, 0.0, 0.0, 0.0, 0.0, 0.0, 0.0, 0.0, 0.0, 0.0, 0.0, 0.0, 0.0, 0.0, 0.0, 0.0]","[243.16799999999998, 0.0, 0.0, 0.0, 0.0, 0.0, 0.0, 0.0, 0.0, 0.0, 0.0, 0.0, 0.0, 0.0, 0.0, 0.0, 0.0, 0.0, 0.0, 0.0, 0.0, 0.0, 0.0, 0.0, 0.0, 0.0, 0.0, 0.0, 0.0, 0.0, 0.0, 0.0, 0.0, 0.0, 0.0, 0.0, 0.0, 0.0, 0.0, 0.0, 0.0, 0.0, 0.0, 0.0, 0.0, 0.0, 0.0, 0.0, 0.0, 0.0, 0.0, 0.0, 0.0, 0.0, 0.0, 0.0, 0.0, 0.0, 0.0, 0.0]","[241.2, 0.0, 0.0, 0.0, 0.0, 0.0, 0.0, 0.0, 0.0, 0.0, 0.0, 0.0, 0.0, 0.0, 0.0, 0.0, 0.0, 0.0, 0.0, 0.0, 0.0, 0.0, 0.0, 0.0, 0.0, 0.0, 0.0, 0.0, 0.0, 0.0, 0.0, 0.0, 0.0, 0.0, 0.0, 0.0, 0.0, 0.0, 0.0, 0.0, 0.0, 0.0, 0.0, 0.0, 0.0, 0.0, 0.0, 0.0, 0.0, 0.0, 0.0, 0.0, 0.0, 0.0, 0.0, 0.0, 0.0, 0.0, 0.0, 0.0]","[0.10400000000000001, 0.0, 0.0, 0.0, 0.0, 0.0, 0.0, 0.0, 0.0, 0.0, 0.0, 0.0, 0.0, 0.0, 0.0, 0.0, 0.0, 0.0, 0.0, 0.0, 0.0, 0.0, 0.0, 0.0, 0.0, 0.0, 0.0, 0.0, 0.0, 0.0, 0.0, 0.0, 0.0, 0.0, 0.0, 0.0, 0.0, 0.0, 0.0, 0.0, 0.0, 0.0, 0.0, 0.0, 0.0, 0.0, 0.0, 0.0, 0.0, 0.0, 0.0, 0.0, 0.0, 0.0, 0.0, 0.0, 0.0, 0.0, 0.0, 0.0]",60
Microwave,1,"[0.0, 0.0, 0.0, 0.0, 0.0, 0.0, 0.0, 0.0, 0.0, 0.0, 0.0, 0.0, 0.0, 0.0, 0.0, 0.0, 0.0, 0.0, 0.0, 0.0, 0.0, 0.0, 0.0, 0.0, 0.0, 0.0, 0.0, 0.0, 0.0, 0.0, 0.0, 0.0, 0.0, 0.0, 0.0, 0.0, 0.0, 0.0, 0.0, 0.0, 0.0, 0.0, 0.0, 0.0, 0.0, 0.0, 0.0, 0.0, 0.0, 0.0, 0.0, 0.0, 0.0, 0.0, 0.0, 0.0, 0.0, 0.0, 0.0, 0.0]","[0.0, 0.0, 0.0, 0.0, 0.0, 0.0, 0.0, 0.0, 0.0, 0.0, 0.0, 0.0, 0.0, 0.0, 0.0, 0.0, 0.0, 0.0, 0.0, 0.0, 0.0, 0.0, 0.0, 0.0, 0.0, 0.0, 0.0, 0.0, 0.0, 0.0, 0.0, 0.0, 0.0, 0.0, 0.0, 0.0, 0.0, 0.0, 0.0, 0.0, 0.0, 0.0, 0.0, 0.0, 0.0, 0.0, 0.0, 0.0, 0.0, 0.0, 0.0, 0.0, 0.0, 0.0, 0.0, 0.0, 0.0, 0.0, 0.0, 0.0]","[0.0, 0.0, 0.0, 0.0, 0.0, 0.0, 0.0, 0.0, 0.0, 0.0, 0.0, 0.0, 0.0, 0.0, 0.0, 0.0, 0.0, 0.0, 0.0, 0.0, 0.0, 0.0, 0.0, 0.0, 0.0, 0.0, 0.0, 0.0, 0.0, 0.0, 0.0, 0.0, 0.0, 0.0, 0.0, 0.0, 0.0, 0.0, 0.0, 0.0, 0.0, 0.0, 0.0, 0.0, 0.0, 0.0, 0.0, 0.0, 0.0, 0.0, 0.0, 0.0, 0.0, 0.0, 0.0, 0.0, 0.0, 0.0, 0.0, 0.0]","[0.0, 0.0, 0.0, 0.0, 0.0, 0.0, 0.0, 0.0, 0.0, 0.0, 0.0, 0.0, 0.0, 0.0, 0.0, 0.0, 0.0, 0.0, 0.0, 0.0, 0.0, 0.0, 0.0, 0.0, 0.0, 0.0, 0.0, 0.0, 0.0, 0.0, 0.0, 0.0, 0.0, 0.0, 0.0, 0.0, 0.0, 0.0, 0.0, 0.0, 0.0, 0.0, 0.0, 0.0, 0.0, 0.0, 0.0, 0.0, 0.0, 0.0, 0.0, 0.0, 0.0, 0.0, 0.0, 0.0, 0.0, 0.0, 0.0, 0.0]",60
Microwave,2,"[0.0, 0.0, 0.0, 0.0, 0.0, 0.0, 0.0, 0.0, 0.0, 0.0, 0.0, 0.0, 0.0, 0.0, 0.0, 0.0, 0.0, 0.0, 0.0, 0.0, 0.0, 0.0, 0.0, 0.0, 0.0, 0.0, 0.0, 0.0, 0.0, 0.0, 0.0, 0.0, 0.0, 0.0, 0.0, 0.0, 0.0, 0.0, 0.0, 0.0, 0.0, 0.0, 0.0, 0.0, 0.0, 0.0, 0.0, 0.0, 0.0, 0.0, 0.0, 0.0, 0.0, 0.0, 0.0, 0.0, 0.0, 0.0, 0.0, 0.0]","[0.0, 0.0, 0.0, 0.0, 0.0, 0.0, 0.0, 0.0, 0.0, 0.0, 0.0, 0.0, 0.0, 0.0, 0.0, 0.0, 0.0, 0.0, 0.0, 0.0, 0.0, 0.0, 0.0, 0.0, 0.0, 0.0, 0.0, 0.0, 0.0, 0.0, 0.0, 0.0, 0.0, 0.0, 0.0, 0.0, 0.0, 0.0, 0.0, 0.0, 0.0, 0.0, 0.0, 0.0, 0.0, 0.0, 0.0, 0.0, 0.0, 0.0, 0.0, 0.0, 0.0, 0.0, 0.0, 0.0, 0.0, 0.0, 0.0, 0.0]","[0.0, 0.0, 0.0, 0.0, 0.0, 0.0, 0.0, 0.0, 0.0, 0.0, 0.0, 0.0, 0.0, 0.0, 0.0, 0.0, 0.0, 0.0, 0.0, 0.0, 0.0, 0.0, 0.0, 0.0, 0.0, 0.0, 0.0, 0.0, 0.0, 0.0, 0.0, 0.0, 0.0, 0.0, 0.0, 0.0, 0.0, 0.0, 0.0, 0.0, 0.0, 0.0, 0.0, 0.0, 0.0, 0.0, 0.0, 0.0, 0.0, 0.0, 0.0, 0.0, 0.0, 0.0, 0.0, 0.0, 0.0, 0.0, 0.0, 0.0]","[0.0, 0.0, 0.0, 0.0, 0.0, 0.0, 0.0, 0.0, 0.0, 0.0, 0.0, 0.0, 0.0, 0.0, 0.0, 0.0, 0.0, 0.0, 0.0, 0.0, 0.0, 0.0, 0.0, 0.0, 0.0, 0.0, 0.0, 0.0, 0.0, 0.0, 0.0, 0.0, 0.0, 0.0, 0.0, 0.0, 0.0, 0.0, 0.0, 0.0, 0.0, 0.0, 0.0, 0.0, 0.0, 0.0, 0.0, 0.0, 0.0, 0.0, 0.0, 0.0, 0.0, 0.0, 0.0, 0.0, 0.0, 0.0, 0.0, 0.0]",60
Microwave,3,"[0.0, 0.0, 0.0, 0.0, 0.0, 0.0, 0.0, 0.0, 0.0, 0.0, 0.0, 0.0, 0.0, 0.0, 0.0, 0.0, 0.0, 0.0, 0.0, 0.0, 0.0, 0.0, 0.0, 0.0, 0.0, 0.0, 0.0, 0.0, 0.0, 0.0, 0.0, 0.0, 0.0, 0.0, 0.0, 0.0, 0.0, 0.0, 0.0, 0.0, 0.0, 0.0, 0.0, 0.0, 0.0, 0.0, 0.0, 0.0, 0.0, 0.0, 0.0, 0.0, 0.0, 0.0, 0.0, 0.0, 0.0, 0.0, 0.0, 0.0]","[0.0, 0.0, 0.0, 0.0, 0.0, 0.0, 0.0, 0.0, 0.0, 0.0, 0.0, 0.0, 0.0, 0.0, 0.0, 0.0, 0.0, 0.0, 0.0, 0.0, 0.0, 0.0, 0.0, 0.0, 0.0, 0.0, 0.0, 0.0, 0.0, 0.0, 0.0, 0.0, 0.0, 0.0, 0.0, 0.0, 0.0, 0.0, 0.0, 0.0, 0.0, 0.0, 0.0, 0.0, 0.0, 0.0, 0.0, 0.0, 0.0, 0.0, 0.0, 0.0, 0.0, 0.0, 0.0, 0.0, 0.0, 0.0, 0.0, 0.0]","[0.0, 0.0, 0.0, 0.0, 0.0, 0.0, 0.0, 0.0, 0.0, 0.0, 0.0, 0.0, 0.0, 0.0, 0.0, 0.0, 0.0, 0.0, 0.0, 0.0, 0.0, 0.0, 0.0, 0.0, 0.0, 0.0, 0.0, 0.0, 0.0, 0.0, 0.0, 0.0, 0.0, 0.0, 0.0, 0.0, 0.0, 0.0, 0.0, 0.0, 0.0, 0.0, 0.0, 0.0, 0.0, 0.0, 0.0, 0.0, 0.0, 0.0, 0.0, 0.0, 0.0, 0.0, 0.0, 0.0, 0.0, 0.0, 0.0, 0.0]","[0.0, 0.0, 0.0, 0.0, 0.0, 0.0, 0.0, 0.0, 0.0, 0.0, 0.0, 0.0, 0.0, 0.0, 0.0, 0.0, 0.0, 0.0, 0.0, 0.0, 0.0, 0.0, 0.0, 0.0, 0.0, 0.0, 0.0, 0.0, 0.0, 0.0, 0.0, 0.0, 0.0, 0.0, 0.0, 0.0, 0.0, 0.0, 0.0, 0.0, 0.0, 0.0, 0.0, 0.0, 0.0, 0.0, 0.0, 0.0, 0.0, 0.0, 0.0, 0.0, 0.0, 0.0, 0.0, 0.0, 0.0, 0.0, 0.0, 0.0]",60
Microwave,4,"[0.0, 0.0, 0.0, 0.0, 0.0, 0.0, 0.0, 0.0, 0.0, 0.0, 0.0, 0.0, 0.0, 0.0, 0.0, 0.0, 0.0, 0.0, 0.0, 0.0, 0.0, 0.0, 0.0, 0.0, 0.0, 0.0, 0.0, 0.0, 0.0, 0.0, 0.0, 0.0, 0.0, 0.0, 0.0, 0.0, 0.0, 0.0, 0.0, 0.0, 0.0, 0.0, 0.0, 0.0, 0.0, 0.0, 0.0, 0.0, 0.0, 0.0, 0.0, 0.0, 0.0, 0.0, 0.0, 0.0, 0.0, 0.0, 0.0, 0.0]","[0.0, 0.0, 0.0, 0.0, 0.0, 0.0, 0.0, 0.0, 0.0, 0.0, 0.0, 0.0, 0.0, 0.0, 0.0, 0.0, 0.0, 0.0, 0.0, 0.0, 0.0, 0.0, 0.0, 0.0, 0.0, 0.0, 0.0, 0.0, 0.0, 0.0, 0.0, 0.0, 0.0, 0.0, 0.0, 0.0, 0.0, 0.0, 0.0, 0.0, 0.0, 0.0, 0.0, 0.0, 0.0, 0.0, 0.0, 0.0, 0.0, 0.0, 0.0, 0.0, 0.0, 0.0, 0.0, 0.0, 0.0, 0.0, 0.0, 0.0]","[0.0, 0.0, 0.0, 0.0, 0.0, 0.0, 0.0, 0.0, 0.0, 0.0, 0.0, 0.0, 0.0, 0.0, 0.0, 0.0, 0.0, 0.0, 0.0, 0.0, 0.0, 0.0, 0.0, 0.0, 0.0, 0.0, 0.0, 0.0, 0.0, 0.0, 0.0, 0.0, 0.0, 0.0, 0.0, 0.0, 0.0, 0.0, 0.0, 0.0, 0.0, 0.0, 0.0, 0.0, 0.0, 0.0, 0.0, 0.0, 0.0, 0.0, 0.0, 0.0, 0.0, 0.0, 0.0, 0.0, 0.0, 0.0, 0.0, 0.0]","[0.0, 0.0, 0.0, 0.0, 0.0, 0.0, 0.0, 0.0, 0.0, 0.0, 0.0, 0.0, 0.0, 0.0, 0.0, 0.0, 0.0, 0.0, 0.0, 0.0, 0.0, 0.0, 0.0, 0.0, 0.0, 0.0, 0.0, 0.0, 0.0, 0.0, 0.0, 0.0, 0.0, 0.0, 0.0, 0.0, 0.0, 0.0, 0.0, 0.0, 0.0, 0.0, 0.0, 0.0, 0.0, 0.0, 0.0, 0.0, 0.0, 0.0, 0.0, 0.0, 0.0, 0.0, 0.0, 0.0, 0.0, 0.0, 0.0, 0.0]",60
Microwave,5,"[0.0, 0.0, 0.0, 0.0, 0.0, 0.0, 0.0, 0.0, 0.0, 0.0, 0.0, 0.0, 0.0, 0.0, 0.0, 0.0, 0.0, 0.0, 0.0, 0.0, 0.0, 0.0, 0.0, 0.0, 0.0, 0.0, 0.0, 0.0, 0.0, 0.0, 0.0, 0.0, 0.0, 0.0, 0.0, 0.0, 0.0, 0.0, 0.0, 0.0, 0.0, 0.0, 0.0, 0.0, 0.0, 0.0, 0.0, 0.0, 0.0, 0.0, 0.0, 0.0, 0.0, 0.0, 0.0, 0.0, 0.0, 0.0, 0.0, 0.0]","[0.0, 0.0, 0.0, 0.0, 0.0, 0.0, 0.0, 0.0, 0.0, 0.0, 0.0, 0.0, 0.0, 0.0, 0.0, 0.0, 0.0, 0.0, 0.0, 0.0, 0.0, 0.0, 0.0, 0.0, 0.0, 0.0, 0.0, 0.0, 0.0, 0.0, 0.0, 0.0, 0.0, 0.0, 0.0, 0.0, 0.0, 0.0, 0.0, 0.0, 0.0, 0.0, 0.0, 0.0, 0.0, 0.0, 0.0, 0.0, 0.0, 0.0, 0.0, 0.0, 0.0, 0.0, 0.0, 0.0, 0.0, 0.0, 0.0, 0.0]","[0.0, 0.0, 0.0, 0.0, 0.0, 0.0, 0.0, 0.0, 0.0, 0.0, 0.0, 0.0, 0.0, 0.0, 0.0, 0.0, 0.0, 0.0, 0.0, 0.0, 0.0, 0.0, 0.0, 0.0, 0.0, 0.0, 0.0, 0.0, 0.0, 0.0, 0.0, 0.0, 0.0, 0.0, 0.0, 0.0, 0.0, 0.0, 0.0, 0.0, 0.0, 0.0, 0.0, 0.0, 0.0, 0.0, 0.0, 0.0, 0.0, 0.0, 0.0, 0.0, 0.0, 0.0, 0.0, 0.0, 0.0, 0.0, 0.0, 0.0]","[0.0, 0.0, 0.0, 0.0, 0.0, 0.0, 0.0, 0.0, 0.0, 0.0, 0.0, 0.0, 0.0, 0.0, 0.0, 0.0, 0.0, 0.0, 0.0, 0.0, 0.0, 0.0, 0.0, 0.0, 0.0, 0.0, 0.0, 0.0, 0.0, 0.0, 0.0, 0.0, 0.0, 0.0, 0.0, 0.0, 0.0, 0.0, 0.0, 0.0, 0.0, 0.0, 0.0, 0.0, 0.0, 0.0, 0.0, 0.0, 0.0, 0.0, 0.0, 0.0, 0.0, 0.0, 0.0, 0.0, 0.0, 0.0, 0.0, 0.0]",60
Hair_straightener,1,"[130.5, 125.25, 121.0, 117.5, 113.56666666666666, 110.25, 107.75, 105.3, 103.4, 100.96666666666665, 99.05000000000001, 97.75, 96.25, 94.7, 93.15, 92.25, 91.15, 90.2, 88.83333333333333, 87.7, 86.8, 85.85, 84.8, 83.69999999999999, 83.25, 82.30000000000001, 81.75, 80.86666666666667, 79.85, 79.35, 78.6, 77.89999999999999, 77.1, 76.45, 75.9, 75.55, 74.7, 74.05000000000001, 73.5, 73.05000000000001, 72.3, 71.80000000000001, 71.35, 70.75, 70.4, 69.7, 69.25, 68.85, 68.5, 67.93333333333334, 67.55, 67.05000000000001, 66.65, 66.3, 65.75, 65.35, 64.95, 64.75, 64.36666666666666, 63.9]","[144.93, 138.53, 132.13, 128.13, 124.13, 117.83000000000001, 117.93, 112.67, 112.67, 108.42333333333333, 106.53, 104.88, 103.39, 101.90000000000002, 99.3, 99.21, 97.015, 97.1, 94.81, 93.89, 92.97, 91.94, 90.75, 89.005, 89.08, 87.71, 87.71, 86.09999999999998, 85.3, 84.5, 83.93, 83.36, 81.98, 81.98, 80.77000000000001, 80.7, 79.55, 78.97999999999999, 78.41, 77.84, 77.27, 76.19, 76.26, 75.34, 75.34, 74.33333333333333, 73.83500000000001, 73.51, 73.05000000000001, 72.47, 71.61500000000001, 71.68, 70.99, 70.75999999999999, 70.3, 70.3, 69.33, 68.925, 68.66000000000001, 68.355]","[62.949999999999996, 58.3, 53.05, 50.7, 50.03333333333333, 41.5, 47.9, 40.05, 44.75, 39.46666666666667, 39.0, 38.0, 37.650000000000006, 37.6, 34.4, 36.5, 33.2, 35.95, 33.1, 33.5, 33.3, 32.849999999999994, 32.333333333333336, 30.3, 31.700000000000003, 30.3, 31.75, 29.566666666666666, 30.0, 29.05, 29.4, 29.666666666666668, 27.85, 29.6, 27.6, 28.35, 27.366666666666664, 27.5, 27.3, 26.85, 27.266666666666666, 25.5, 26.9, 25.9, 26.85, 25.866666666666664, 25.6, 25.75, 25.35, 25.233333333333334, 23.75, 25.299999999999997, 24.4, 24.7, 24.9, 25.9, 24.25, 23.6, 23.900000000000002, 24.25]","[0.9, 0.905, 0.915, 0.9199999999999999, 0.9166666666666666, 0.935, 0.915, 0.935, 0.915, 0.93, 0.9299999999999999, 0.935, 0.9299999999999999, 0.93, 0.94, 0.93, 0.94, 0.93, 0.9366666666666666, 0.935, 0.935, 0.935, 0.9366666666666666, 0.94, 0.935, 0.94, 0.93, 0.94, 0.935, 0.94, 0.935, 0.9333333333333332, 0.94, 0.93, 0.94, 0.94, 0.94, 0.94, 0.94, 0.935, 0.9366666666666666, 0.94, 0.935, 0.94, 0.935, 0.94, 0.935, 0.935, 0.935, 0.94, 0.94, 0.935, 0.94, 0.94, 0.935, 0.93, 0.94, 0.94, 0.9366666666666666, 0.935]",60
Hair_straightener,2,"[86.89999999999999, 85.67142857142858, 84.64999999999999, 83.58571428571429, 82.51428571428572, 81.60000000000001, 80.63333333333334, 79.8, 79.05, 78.45714285714287, 77.48571428571428, 76.88333333333333, 76.27142857142857, 75.62857142857142, 75.01666666666667, 74.44285714285715, 73.88571428571429, 73.17142857142858, 72.83333333333333, 72.21428571428571, 71.81428571428572, 71.14285714285714, 70.72, 70.14999999999999, 69.71428571428571, 50.48571428571428, 36.8, 36.8, 36.8, 36.8, 10.728571428571428, 0.3, 0.3, 0.3, 0.3, 0.3, 0.3, 0.2, 0.20000000000000004, 0.2, 0.2, 0.20000000000000004, 0.20000000000000004, 0.2, 0.20000000000000004, 0.2, 0.2, 0.2, 0.20000000000000004, 0.2, 0.20000000000000004, 0.2, 0.2, 0.20000000000000004, 0.2, 0.2, 0.20000000000000004, 0.2, 0.2, 0.20000000000000004]","[92.91000000000001, 91.92, 90.02, 89.64, 87.59, 87.13285714285715, 85.99, 85.30857142857143, 84.4, 83.61714285714287, 83.03, 81.69666666666667, 81.42999999999999, 80.29, 80.10000000000001, 79.15, 78.76, 78.24, 77.48, 77.22142857142856, 76.48142857142857, 76.35, 75.21, 75.05666666666666, 74.3457142857143, 74.42, 43.06999999999999, 36.8, 36.8, 36.8, 13.292857142857143, 6.63, 6.63, 6.323333333333333, 6.162857142857143, 6.257142857142857, 6.84, 6.839999999999999, 9.69, 10.26, 7.718571428571429, 4.33, 4.33, 7.982857142857143, 8.0, 7.611428571428571, 7.3028571428571425, 7.102857142857142, 6.62, 6.63, 5.488333333333333, 5.26, 5.3585714285714285, 5.476666666666667, 5.47, 5.252857142857143, 5.26, 5.78, 6.161428571428572, 6.045000000000001]","[32.76666666666667, 33.32857142857143, 30.583333333333332, 32.385714285714286, 29.400000000000002, 30.514285714285712, 29.866666666666664, 30.114285714285717, 29.53333333333333, 28.87142857142857, 29.842857142857145, 27.616666666666664, 28.514285714285712, 26.957142857142856, 28.066666666666663, 26.885714285714283, 27.271428571428572, 27.67142857142857, 26.400000000000002, 27.32857142857143, 26.3, 27.714285714285715, 25.6, 26.666666666666668, 25.842857142857145, 49.18571428571429, 10.783333333333333, 0.0, 0.0, 0.0, 2.7857142857142856, 6.6, 6.6, 6.333333333333333, 6.2, 6.285714285714286, 6.8, 6.8, 9.716666666666667, 10.3, 7.728571428571429, 4.3, 4.3, 8.0, 8.0, 7.6000000000000005, 7.3, 7.1, 6.599999999999999, 6.6, 5.516666666666667, 5.3, 5.385714285714286, 5.5, 5.5, 5.228571428571429, 5.3, 5.814285714285715, 6.2, 6.083333333333333]","[0.9366666666666666, 0.9314285714285715, 0.94, 0.9328571428571429, 0.9414285714285714, 0.9371428571428572, 0.9366666666666666, 0.9342857142857143, 0.9366666666666666, 0.9385714285714286, 0.9328571428571429, 0.94, 0.9357142857142857, 0.9414285714285714, 0.94, 0.9400000000000001, 0.9357142857142857, 0.9357142857142857, 0.9366666666666666, 0.9342857142857143, 0.9385714285714285, 0.9314285714285715, 0.9399999999999998, 0.9333333333333332, 0.9385714285714285, 0.6757142857142858, 0.915, 1.0, 1.0, 1.0, 0.34285714285714286, 0.05, 0.05, 0.05000000000000001, 0.05, 0.04857142857142858, 0.04, 0.03, 0.021666666666666667, 0.02, 0.032857142857142856, 0.05000000000000001, 0.05000000000000001, 0.02857142857142857, 0.02, 0.025714285714285714, 0.03, 0.03, 0.03, 0.03, 0.03833333333333334, 0.04, 0.04, 0.04, 0.04, 0.04, 0.04, 0.03428571428571429, 0.03, 0.03166666666666667]",60
Hair_straightener,3,"[83.97142857142856, 83.11428571428571, 82.45, 81.61428571428571, 80.81428571428572, 80.3, 79.45714285714287, 78.68571428571428, 78.1, 77.41428571428571, 76.75714285714285, 76.3125, 75.68571428571428, 74.89999999999999, 74.35, 73.75714285714285, 73.2375, 72.74285714285715, 72.10000000000001, 71.4875, 71.05714285714286, 70.71428571428571, 70.25, 69.65714285714286, 69.15714285714286, 68.75714285714285, 68.37142857142858, 67.9125, 67.52857142857142, 67.21428571428571, 66.77142857142857, 66.3875, 65.9, 65.51428571428572, 65.1875, 64.83333333333333, 62.08571428571429, 32.2125, 1.4, 1.4, 1.4, 1.4, 1.4, 0.8857142857142856, 0.2, 0.2, 0.2, 0.20000000000000004, 0.2, 0.2, 0.2, 0.2, 0.2, 0.2, 0.2, 0.2, 0.2, 0.2, 0.2, 0.2]","[89.87, 88.29857142857142, 88.1275, 87.01857142857143, 86.2242857142857, 85.31, 84.49571428571429, 84.32428571428571, 83.17571428571429, 82.8, 81.42999999999999, 81.2025, 80.52, 79.93285714285715, 79.15, 78.49857142857142, 78.01, 77.23, 77.27, 76.31, 75.86142857142856, 75.11285714285714, 74.95124999999999, 74.42857142857143, 73.71000000000001, 73.45, 72.8, 72.69, 72.01, 71.91142857142857, 71.25571428571428, 70.825, 70.36428571428571, 70.11428571428571, 69.62625, 69.26666666666667, 68.74571428571429, 68.81, 8.92, 8.92, 7.091428571428572, 5.702857142857143, 5.765714285714286, 5.934285714285714, 5.94, 6.137142857142857, 6.17, 6.476666666666667, 7.090000000000001, 7.09, 6.86, 6.86, 7.122857142857143, 7.32, 7.548571428571429, 8.92, 8.92, 8.262857142857143, 8.0, 7.8028571428571425]","[32.01428571428571, 29.8, 31.112499999999997, 30.185714285714287, 30.014285714285712, 28.8, 28.7, 30.3, 28.571428571428573, 29.357142857142858, 27.185714285714287, 27.75, 27.442857142857143, 27.885714285714283, 27.15, 26.857142857142858, 26.8625, 25.914285714285715, 27.771428571428572, 26.6875, 26.542857142857144, 25.32857142857143, 26.1375, 26.228571428571428, 25.457142857142856, 25.814285714285713, 24.957142857142856, 25.9375, 24.97142857142857, 25.528571428571432, 24.87142857142857, 24.6625, 24.657142857142855, 24.985714285714288, 24.45, 24.383333333333336, 28.02857142857143, 54.8625, 8.8, 8.8, 6.9142857142857155, 5.5, 5.585714285714286, 5.8428571428571425, 5.9, 6.1571428571428575, 6.2, 6.5, 7.1, 7.1, 6.9, 6.9, 7.128571428571428, 7.3, 7.528571428571429, 8.9, 8.9, 8.257142857142856, 8.0, 7.785714285714286]","[0.9357142857142857, 0.9414285714285714, 0.9325, 0.937142857142857, 0.9371428571428572, 0.9424999999999999, 0.937142857142857, 0.9328571428571429, 0.9385714285714285, 0.9357142857142857, 0.9414285714285714, 0.9424999999999999, 0.9385714285714286, 0.9357142857142857, 0.9375, 0.9357142857142857, 0.94, 0.9414285714285714, 0.9314285714285715, 0.94, 0.9328571428571429, 0.9400000000000001, 0.9375, 0.937142857142857, 0.937142857142857, 0.9357142857142857, 0.937142857142857, 0.93375, 0.937142857142857, 0.9342857142857143, 0.9400000000000001, 0.9375, 0.9400000000000001, 0.9342857142857143, 0.9375, 0.935, 0.9042857142857142, 0.47, 0.16, 0.16, 0.2057142857142857, 0.24857142857142858, 0.24714285714285714, 0.15, 0.03, 0.03, 0.03, 0.03, 0.03, 0.03, 0.03, 0.03, 0.03, 0.03, 0.02857142857142857, 0.02, 0.02, 0.02, 0.02, 0.024285714285714282]",60
Hair_straightener,4,"[102.05, 100.14999999999999, 98.57142857142857, 96.97142857142856, 95.6875, 94.28571428571429, 93.0125, 91.68571428571428, 90.62, 89.62857142857142, 88.54285714285713, 87.63333333333333, 86.61428571428571, 85.65, 84.68571428571428, 83.98571428571428, 83.05, 82.25714285714287, 81.41428571428571, 80.78750000000001, 80.04285714285713, 79.22500000000001, 78.57142857142857, 77.95714285714287, 77.2875, 76.51428571428572, 75.93333333333334, 75.38571428571429, 74.74285714285715, 74.2125, 73.57142857142857, 72.9875, 72.4, 71.82857142857144, 71.375, 70.95714285714286, 70.34285714285714, 69.875, 69.38571428571429, 69.05, 68.45714285714286, 46.25, 37.6, 37.6, 37.6, 37.6, 0.3, 0.3, 0.3, 0.3, 0.3, 0.2375, 0.2, 0.20000000000000004, 0.2, 0.2, 0.20000000000000004, 0.2, 0.2, 0.2]","[110.30666666666667, 108.24, 104.79, 104.39428571428572, 101.9375, 100.71571428571428, 99.4075, 97.84714285714286, 97.19, 95.7042857142857, 95.11, 93.23666666666666, 92.80714285714285, 91.23, 90.53999999999999, 89.62, 88.47, 87.78, 86.59714285714287, 86.4, 85.03, 84.685, 83.65, 83.05857142857143, 82.27, 81.61285714285714, 81.12, 80.13428571428572, 79.97, 78.82, 78.65571428571427, 77.67, 77.2757142857143, 76.67571428571429, 75.90125, 75.58142857142856, 75.00857142857141, 74.91, 74.0, 73.77, 73.08, 73.08, 46.47, 37.6, 37.6, 37.6, 6.89, 6.43, 6.43, 7.2924999999999995, 7.827142857142857, 7.4275, 6.22, 6.22, 6.91, 7.14, 7.983333333333333, 9.67, 9.67, 6.45]","[41.31666666666667, 41.03333333333333, 35.51428571428571, 38.58571428571429, 35.15, 35.31428571428571, 35.0625, 34.08571428571429, 35.12, 33.51428571428572, 34.75714285714286, 31.833333333333332, 33.3, 31.3875, 31.985714285714288, 31.27142857142857, 30.4625, 30.657142857142855, 29.5, 30.625, 28.67142857142857, 29.862499999999997, 28.685714285714287, 28.614285714285717, 28.175, 28.385714285714283, 28.53333333333333, 27.12857142857143, 28.45714285714286, 26.55, 27.785714285714285, 26.587500000000002, 26.985714285714288, 26.82857142857143, 25.8, 26.042857142857144, 26.02857142857143, 27.0, 25.7, 25.9375, 25.571428571428573, 53.400000000000006, 15.675, 0.0, 0.0, 0.0, 6.9, 6.4, 6.4, 7.275, 7.8, 7.4, 6.2, 6.2, 6.875, 7.1, 7.966666666666666, 9.7, 9.7, 6.4]","[0.9249999999999999, 0.9250000000000002, 0.9414285714285714, 0.9299999999999999, 0.94, 0.9371428571428572, 0.93625, 0.9357142857142857, 0.9339999999999999, 0.937142857142857, 0.9314285714285715, 0.94, 0.9328571428571429, 0.9375, 0.9342857142857143, 0.9385714285714285, 0.93875, 0.937142857142857, 0.9385714285714285, 0.93625, 0.9414285714285714, 0.9325, 0.9385714285714285, 0.9371428571428572, 0.9375, 0.9357142857142857, 0.9383333333333334, 0.9385714285714285, 0.9342857142857143, 0.9424999999999999, 0.937142857142857, 0.94, 0.9342857142857143, 0.9400000000000001, 0.93875, 0.9400000000000001, 0.9400000000000001, 0.93, 0.9385714285714285, 0.935, 0.937142857142857, 0.63, 0.8775, 1.0, 1.0, 1.0, 0.04, 0.05, 0.05, 0.043750000000000004, 0.04, 0.03375, 0.03, 0.03, 0.03, 0.03, 0.02666666666666667, 0.02, 0.02, 0.03]",60
Hair_straightener,5,"[0.0, 0.0, 0.0, 0.0, 741.8857142857142, 847.68, 254.72857142857143, 199.35, 170.1142857142857, 151.1125, 137.97142857142856, 129.3857142857143, 123.88571428571427, 118.68571428571428, 115.1, 111.0, 110.0, 106.525, 104.35714285714286, 102.01428571428572, 100.06666666666666, 98.1, 96.60000000000001, 95.03333333333335, 93.8125, 92.31428571428572, 91.10000000000001, 90.0625, 88.86666666666667, 87.85, 86.93333333333334, 85.78571428571429, 84.89999999999999, 84.0, 83.31428571428572, 82.42857142857143, 81.575, 80.81428571428572, 80.075, 79.1875, 78.71428571428571, 77.94285714285715, 77.3875, 76.68571428571428, 76.02857142857144, 75.3, 74.74285714285715, 74.175, 73.60000000000001, 73.0, 72.45, 71.8, 71.4, 70.975, 70.375, 69.84285714285714, 69.35714285714286, 68.91428571428571, 68.525, 68.04285714285713]","[0.0, 0.0, 0.0, 0.0, 741.8857142857142, 865.516, 402.2885714285714, 262.2625, 208.4557142857143, 167.63, 153.88714285714286, 143.58, 134.75142857142856, 131.22, 120.22, 119.50142857142858, 115.27571428571427, 113.66875, 110.8, 109.42428571428572, 107.58999999999999, 105.01, 103.97, 100.79, 100.365, 98.64, 97.56000000000002, 96.12, 94.74000000000001, 94.05, 92.52499999999999, 92.06000000000002, 90.23, 89.8275, 88.62, 88.16285714285713, 86.92625, 86.08714285714287, 85.5, 84.30000000000001, 84.04, 82.92, 82.86875, 81.60571428571428, 81.03142857142858, 80.38, 79.59142857142857, 79.0, 78.22, 78.23, 77.31, 77.02250000000001, 76.10428571428572, 75.77125000000001, 75.34, 74.68857142857144, 74.2, 73.41142857142857, 73.28, 72.36]","[0.0, 0.0, 0.0, 0.0, 0.0, 50.42, 310.09999999999997, 153.8125, 117.67142857142858, 71.6, 65.3, 62.07142857142857, 52.1, 55.800000000000004, 33.6, 43.81428571428571, 31.542857142857144, 33.3625, 36.528571428571425, 39.47142857142857, 39.483333333333334, 37.3625, 38.42857142857143, 33.56666666666667, 35.6125, 34.714285714285715, 34.771428571428565, 33.575, 32.800000000000004, 33.5625, 31.61666666666667, 33.371428571428574, 30.52857142857143, 31.7625, 30.214285714285715, 31.271428571428572, 30.025, 29.599999999999998, 29.95, 28.8875, 29.428571428571427, 28.25714285714286, 29.637500000000003, 27.900000000000002, 28.02857142857143, 28.1, 27.314285714285713, 27.2125, 26.471428571428568, 28.12857142857143, 26.975, 27.849999999999998, 26.37142857142857, 26.5, 26.8875, 26.442857142857143, 26.342857142857145, 25.3, 25.95, 24.614285714285717]","[0.0, 0.0, 0.0, 0.0, 1.0, 0.9560000000000001, 0.6342857142857142, 0.80875, 0.8200000000000001, 0.9, 0.9, 0.8985714285714286, 0.9185714285714285, 0.9028571428571429, 0.95875, 0.9299999999999999, 0.9514285714285714, 0.9375, 0.9414285714285714, 0.9328571428571429, 0.9316666666666666, 0.9349999999999999, 0.9285714285714286, 0.9433333333333334, 0.935, 0.9357142857142857, 0.9357142857142857, 0.93625, 0.9366666666666666, 0.93375, 0.9383333333333334, 0.9314285714285715, 0.9414285714285714, 0.935, 0.9400000000000001, 0.9328571428571429, 0.9375, 0.9357142857142857, 0.935, 0.93875, 0.9357142857142857, 0.9385714285714285, 0.93125, 0.9400000000000001, 0.937142857142857, 0.9375, 0.937142857142857, 0.94, 0.9414285714285714, 0.9328571428571429, 0.9375, 0.9325, 0.9400000000000001, 0.93625, 0.93375, 0.9357142857142857, 0.9357142857142857, 0.9385714285714285, 0.93375, 0.9400000000000001]",60
Slushi_maker,1,"[44.849999999999994, 44.75, 44.7, 44.699999999999996, 44.4, 44.7, 44.55, 44.53333333333333, 44.7, 44.4, 44.75, 44.6, 44.55, 44.8, 44.6, 44.8, 44.63333333333333, 44.55, 44.7, 44.55, 44.70000000000001, 44.4, 44.7, 44.7, 44.650000000000006, 44.46666666666667, 44.3, 44.400000000000006, 44.599999999999994, 44.4, 44.599999999999994, 44.4, 44.349999999999994, 44.6, 44.56666666666666, 44.4, 44.6, 44.349999999999994, 44.56666666666666, 44.4, 44.599999999999994, 44.6, 44.5, 44.6, 44.25, 44.6, 44.55, 44.43333333333334, 44.8, 44.4, 44.45, 44.55, 44.53333333333333, 44.7, 44.3, 44.65, 44.8, 44.5, 44.9, 844.45]","[81.98, 81.75, 81.75, 81.98, 81.86500000000001, 81.75, 81.75, 81.75, 81.52, 81.52, 81.52, 81.52, 81.52, 81.63499999999999, 81.75, 81.63499999999999, 81.52, 81.22, 81.15, 81.38, 81.30333333333333, 81.29, 81.405, 81.52, 81.63499999999999, 81.61, 81.15, 81.15, 81.15, 81.07333333333334, 80.92, 80.92, 80.92, 81.035, 81.15, 80.995, 81.07, 81.29, 81.29, 81.29, 81.52, 81.52, 81.405, 81.44, 81.67, 81.67, 81.67, 81.67, 81.67, 81.785, 81.9, 81.785, 81.67, 81.67, 81.67, 81.67, 81.67, 81.67, 81.785, 844.45]","[68.65, 68.4, 68.44999999999999, 68.73333333333333, 68.75, 68.44999999999999, 68.55, 68.53333333333333, 68.15, 68.35, 68.15, 68.23333333333333, 68.25, 68.25, 68.55, 68.25, 68.2, 67.9, 67.75, 68.1, 67.89999999999999, 68.1, 68.05000000000001, 68.2, 68.35, 68.43333333333334, 68.0, 67.9, 67.80000000000001, 67.83333333333333, 67.55000000000001, 67.65, 67.7, 67.65, 67.8, 67.75, 67.69999999999999, 68.15, 68.0, 68.1, 68.25, 68.25, 68.2, 68.1, 68.65, 68.4, 68.4, 68.5, 68.25, 68.69999999999999, 68.8, 68.6, 68.43333333333334, 68.35, 68.6, 68.4, 68.3, 68.46666666666665, 68.35, 0.0]","[0.55, 0.55, 0.545, 0.5433333333333333, 0.54, 0.545, 0.545, 0.5433333333333333, 0.55, 0.545, 0.55, 0.5466666666666667, 0.55, 0.55, 0.545, 0.55, 0.55, 0.55, 0.55, 0.55, 0.55, 0.55, 0.55, 0.55, 0.55, 0.5433333333333333, 0.545, 0.545, 0.55, 0.5466666666666667, 0.55, 0.55, 0.55, 0.55, 0.55, 0.55, 0.55, 0.545, 0.55, 0.545, 0.545, 0.55, 0.545, 0.55, 0.54, 0.55, 0.545, 0.54, 0.55, 0.54, 0.545, 0.545, 0.5433333333333333, 0.545, 0.54, 0.545, 0.545, 0.5433333333333333, 0.55, 1.0]",60
Slushi_maker,2,"[162.60000000000002, 163.3, 163.20000000000002, 163.05, 163.25, 163.39999999999998, 163.36666666666667, 163.45, 163.5, 163.95, 163.45, 163.6, 163.85, 164.05, 163.89999999999998, 163.76666666666665, 164.05, 163.45, 163.55, 163.85, 163.83333333333334, 164.0, 163.65, 164.14999999999998, 164.03333333333333, 163.75, 163.9, 163.85000000000002, 163.95, 163.9, 163.60000000000002, 43.6, 43.6, 43.666666666666664, 43.4, 43.55, 43.6, 43.4, 43.4, 43.45, 43.5, 43.6, 43.46666666666667, 43.5, 43.349999999999994, 43.4, 43.5, 43.333333333333336, 43.5, 43.349999999999994, 43.5, 43.46666666666667, 43.599999999999994, 43.55, 43.4, 43.55, 43.333333333333336, 43.35, 43.4, 43.35]","[231.69, 231.49, 231.52, 231.29000000000002, 231.06, 231.175, 231.76666666666665, 231.92, 232.265, 232.61, 232.38, 232.60999999999999, 233.27499999999998, 233.48, 233.48, 234.4, 234.055, 233.71, 234.4, 234.4, 233.71, 234.63, 233.94, 233.25, 234.01666666666665, 234.4, 233.25, 233.825, 234.195, 233.37666666666667, 233.415, 233.96499999999997, 156.265, 78.36, 78.36, 78.36, 78.13, 78.13, 78.36, 78.36, 78.295, 78.11500000000001, 78.08666666666666, 78.13, 78.13, 78.36, 78.36, 78.36, 78.36, 78.36, 78.475, 78.59, 78.59, 78.59, 78.59, 78.59, 78.36, 78.36, 78.36, 78.36]","[165.10000000000002, 164.10000000000002, 164.20000000000002, 164.05, 163.55, 163.55, 164.43333333333334, 164.55, 165.0, 165.05, 165.15, 165.33333333333334, 166.05, 166.15, 166.3, 167.73333333333335, 166.95, 167.05, 167.95, 167.65, 166.66666666666666, 167.8, 167.2, 165.75, 166.93333333333334, 167.75, 166.0, 166.85, 167.25, 166.13333333333333, 166.5, 229.89999999999998, 147.65, 65.06666666666666, 65.25, 65.15, 64.85, 65.0, 65.2, 65.19999999999999, 65.1, 64.80000000000001, 64.83333333333333, 64.9, 65.0, 65.25, 65.15, 65.26666666666667, 65.2, 65.25, 65.30000000000001, 65.5, 65.4, 65.44999999999999, 65.5, 65.45, 65.26666666666667, 65.30000000000001, 65.2, 65.30000000000001]","[0.7, 0.705, 0.7066666666666667, 0.705, 0.71, 0.705, 0.7066666666666667, 0.705, 0.705, 0.705, 0.7, 0.7033333333333333, 0.7, 0.7, 0.7, 0.6999999999999998, 0.7, 0.7, 0.7, 0.7, 0.6999999999999998, 0.7, 0.7, 0.7, 0.6999999999999998, 0.7, 0.7, 0.7, 0.7, 0.6999999999999998, 0.7, 0.19, 0.375, 0.56, 0.555, 0.56, 0.56, 0.56, 0.55, 0.555, 0.555, 0.56, 0.5566666666666668, 0.56, 0.555, 0.555, 0.555, 0.55, 0.56, 0.55, 0.55, 0.55, 0.555, 0.555, 0.55, 0.55, 0.55, 0.555, 0.55, 0.555]",60
Slushi_maker,3,"[164.05, 163.45, 163.55, 163.85, 163.83333333333334, 164.0, 163.65, 164.14999999999998, 164.03333333333333, 163.75, 163.9, 163.85000000000002, 163.95, 163.9, 163.60000000000002, 43.6, 43.6, 43.666666666666664, 43.4, 43.55, 43.6, 43.4, 43.4, 43.45, 43.5, 43.6, 43.46666666666667, 43.5, 43.349999999999994, 43.4, 43.5, 43.333333333333336, 43.5, 43.349999999999994, 43.5, 43.46666666666667, 43.599999999999994, 43.55, 43.4, 43.55, 43.333333333333336, 43.35, 43.4, 43.35, 43.46666666666667, 43.3, 43.3, 43.349999999999994, 43.3, 43.26666666666667, 43.3, 43.349999999999994, 43.3, 43.333333333333336, 43.45, 43.400000000000006, 43.55, 43.4, 43.4, 43.4]","[234.055, 233.71, 234.4, 234.4, 233.71, 234.63, 233.94, 233.25, 234.01666666666665, 234.4, 233.25, 233.825, 234.195, 233.37666666666667, 233.415, 233.96499999999997, 156.265, 78.36, 78.36, 78.36, 78.13, 78.13, 78.36, 78.36, 78.295, 78.11500000000001, 78.08666666666666, 78.13, 78.13, 78.36, 78.36, 78.36, 78.36, 78.36, 78.475, 78.59, 78.59, 78.59, 78.59, 78.59, 78.36, 78.36, 78.36, 78.36, 78.36, 78.13, 78.13, 78.245, 78.36, 78.36, 78.36, 78.36, 78.36, 78.27333333333333, 78.45, 78.59, 78.36, 78.53, 78.76, 78.64500000000001]","[166.95, 167.05, 167.95, 167.65, 166.66666666666666, 167.8, 167.2, 165.75, 166.93333333333334, 167.75, 166.0, 166.85, 167.25, 166.13333333333333, 166.5, 229.89999999999998, 147.65, 65.06666666666666, 65.25, 65.15, 64.85, 65.0, 65.2, 65.19999999999999, 65.1, 64.80000000000001, 64.83333333333333, 64.9, 65.0, 65.25, 65.15, 65.26666666666667, 65.2, 65.25, 65.30000000000001, 65.5, 65.4, 65.44999999999999, 65.5, 65.45, 65.26666666666667, 65.30000000000001, 65.2, 65.30000000000001, 65.2, 65.0, 65.05, 65.15, 65.3, 65.33333333333333, 65.30000000000001, 65.25, 65.30000000000001, 65.16666666666667, 65.35, 65.55000000000001, 65.15, 65.45, 65.73333333333333, 65.6]","[0.7, 0.7, 0.7, 0.7, 0.6999999999999998, 0.7, 0.7, 0.7, 0.6999999999999998, 0.7, 0.7, 0.7, 0.7, 0.6999999999999998, 0.7, 0.19, 0.375, 0.56, 0.555, 0.56, 0.56, 0.56, 0.55, 0.555, 0.555, 0.56, 0.5566666666666668, 0.56, 0.555, 0.555, 0.555, 0.55, 0.56, 0.55, 0.55, 0.55, 0.555, 0.555, 0.55, 0.55, 0.55, 0.555, 0.55, 0.555, 0.5566666666666668, 0.55, 0.555, 0.555, 0.55, 0.55, 0.555, 0.55, 0.55, 0.5533333333333333, 0.55, 0.55, 0.56, 0.55, 0.55, 0.55]",60
Slushi_maker,4,"[163.66666666666666, 163.2, 163.1, 163.55, 163.4, 163.3, 163.55, 163.35000000000002, 163.45, 163.6, 163.0, 163.05, 163.2, 163.20000000000002, 162.95, 163.15, 162.60000000000002, 163.3, 163.20000000000002, 163.05, 163.25, 163.39999999999998, 163.36666666666667, 163.45, 163.5, 163.95, 163.45, 163.6, 163.85, 164.05, 163.89999999999998, 163.76666666666665, 164.05, 163.45, 163.55, 163.85, 163.83333333333334, 164.0, 163.65, 164.14999999999998, 164.03333333333333, 163.75, 163.9, 163.85000000000002, 163.95, 163.9, 163.60000000000002, 43.6, 43.6, 43.666666666666664, 43.4, 43.55, 43.6, 43.4, 43.4, 43.45, 43.5, 43.6, 43.46666666666667, 43.5]","[233.37666666666667, 233.53, 232.38, 232.84, 233.57333333333335, 233.25, 233.25, 233.735, 233.185, 233.11333333333334, 233.27499999999998, 232.84, 232.61, 232.30333333333337, 231.92000000000002, 231.69, 231.69, 231.49, 231.52, 231.29000000000002, 231.06, 231.175, 231.76666666666665, 231.92, 232.265, 232.61, 232.38, 232.60999999999999, 233.27499999999998, 233.48, 233.48, 234.4, 234.055, 233.71, 234.4, 234.4, 233.71, 234.63, 233.94, 233.25, 234.01666666666665, 234.4, 233.25, 233.825, 234.195, 233.37666666666667, 233.415, 233.96499999999997, 156.265, 78.36, 78.36, 78.36, 78.13, 78.13, 78.36, 78.36, 78.295, 78.11500000000001, 78.08666666666666, 78.13]","[166.36666666666667, 167.0, 165.5, 165.7, 166.9, 166.5, 166.3, 167.15, 166.3, 166.0666666666667, 166.89999999999998, 166.25, 165.75, 165.33333333333334, 165.05, 164.55, 165.10000000000002, 164.10000000000002, 164.20000000000002, 164.05, 163.55, 163.55, 164.43333333333334, 164.55, 165.0, 165.05, 165.15, 165.33333333333334, 166.05, 166.15, 166.3, 167.73333333333335, 166.95, 167.05, 167.95, 167.65, 166.66666666666666, 167.8, 167.2, 165.75, 166.93333333333334, 167.75, 166.0, 166.85, 167.25, 166.13333333333333, 166.5, 229.89999999999998, 147.65, 65.06666666666666, 65.25, 65.15, 64.85, 65.0, 65.2, 65.19999999999999, 65.1, 64.80000000000001, 64.83333333333333, 64.9]","[0.6999999999999998, 0.7, 0.7, 0.7, 0.6999999999999998, 0.7, 0.7, 0.7, 0.7, 0.7033333333333333, 0.7, 0.7, 0.7, 0.6999999999999998, 0.7, 0.7, 0.7, 0.705, 0.7066666666666667, 0.705, 0.71, 0.705, 0.7066666666666667, 0.705, 0.705, 0.705, 0.7, 0.7033333333333333, 0.7, 0.7, 0.7, 0.6999999999999998, 0.7, 0.7, 0.7, 0.7, 0.6999999999999998, 0.7, 0.7, 0.7, 0.6999999999999998, 0.7, 0.7, 0.7, 0.7, 0.6999999999999998, 0.7, 0.19, 0.375, 0.56, 0.555, 0.56, 0.56, 0.56, 0.55, 0.555, 0.555, 0.56, 0.5566666666666668, 0.56]",60
Slushi_maker,5,"[43.65, 43.86666666666667, 43.95, 43.900000000000006, 44.2, 44.0, 44.2, 43.75, 43.9, 43.96666666666667, 43.96666666666667, 43.7, 43.8, 43.6, 43.9, 43.9, 43.849999999999994, 43.8, 43.825, 44.099999999999994, 43.79999999999999, 43.5, 43.95, 43.93333333333334, 44.05666666666667, 44.18, 43.95, 44.1, 43.849999999999994, 43.9, 44.0, 43.9375, 43.875, 43.93333333333334, 44.025, 278.7, 174.85000000000002, 176.25, 177.63333333333333, 178.75, 180.6, 181.3, 180.70000000000002, 180.64999999999998, 180.0, 179.1, 177.36666666666667, 175.0, 173.7, 171.2, 170.3, 168.33333333333334, 167.4, 166.25, 166.05, 165.36666666666667, 164.25, 163.6, 162.2, 163.0]","[79.36, 79.13, 79.13, 79.13, 79.13, 79.13, 79.36, 79.36, 79.59, 79.59, 79.17666666666666, 79.27, 79.5, 79.5, 79.36, 79.20666666666666, 79.16833333333332, 79.13, 79.13, 79.13, 79.20666666666666, 79.36, 79.36, 79.36, 79.416, 79.47200000000001, 79.27, 79.27, 79.5, 79.5, 79.36, 79.245, 79.13, 79.28333333333333, 79.255, 289.59, 198.98, 244.12, 244.42666666666665, 244.58, 245.73, 246.305, 246.88, 246.65, 246.19, 245.73, 244.96333333333334, 243.43, 242.28, 241.01, 239.74, 237.95666666666668, 237.38, 237.41, 236.98, 236.29, 236.03, 234.97, 234.68, 234.68]","[66.30000000000001, 65.86666666666666, 65.80000000000001, 65.8, 65.65, 65.76666666666667, 65.9, 66.2, 66.4, 66.36666666666667, 65.83333333333333, 66.1, 66.35, 66.45, 66.1, 65.93333333333334, 65.91666666666667, 65.9, 65.9, 65.69999999999999, 66.0, 66.4, 66.1, 66.06666666666666, 66.06333333333333, 66.06, 65.95, 65.9, 66.3, 66.26666666666667, 66.0, 65.9125, 65.825, 66.0, 65.9, 45.25, 94.94999999999999, 168.9, 167.9, 166.95, 166.64999999999998, 166.75, 168.20000000000002, 167.95, 167.95, 168.2, 168.96666666666667, 169.25, 168.9, 169.6, 168.7, 168.20000000000002, 168.3, 169.5, 169.1, 168.76666666666665, 169.5, 168.65, 169.6, 168.8]","[0.55, 0.5566666666666668, 0.555, 0.555, 0.56, 0.5566666666666668, 0.56, 0.55, 0.55, 0.55, 0.5533333333333333, 0.55, 0.55, 0.55, 0.55, 0.5566666666666668, 0.5533333333333335, 0.55, 0.555, 0.555, 0.55, 0.55, 0.555, 0.5516666666666667, 0.5548333333333334, 0.558, 0.555, 0.56, 0.55, 0.55, 0.55, 0.55125, 0.5525, 0.5566666666666668, 0.555, 0.9450000000000001, 0.88, 0.72, 0.7266666666666666, 0.73, 0.735, 0.735, 0.73, 0.73, 0.73, 0.73, 0.7233333333333333, 0.72, 0.72, 0.71, 0.71, 0.71, 0.705, 0.7, 0.7, 0.6999999999999998, 0.695, 0.7, 0.69, 0.695]",60
Steamer,1,"[1665.3, 1665.6, 1667.8, 1670.6, 1671.8, 1671.4, 1670.6, 1669.4, 1669.8, 1669.4, 1670.6, 1673.0, 1671.8, 1671.0, 1671.0, 1670.6, 1669.8, 1669.0, 1670.2, 1672.2, 1666.8, 1662.0, 1662.0, 1662.0, 1663.4, 1662.0, 821.8, 4.0, 4.0, 4.2, 4.0, 4.0, 4.0, 4.0, 4.4, 1056.8, 1673.8, 1671.0, 1667.8, 1667.0, 1667.0, 1667.0, 1666.6363636363637, 1667.0, 1669.0, 1670.2, 1670.6, 1673.0, 1673.4, 1673.0, 1675.2, 1676.0, 1676.0, 1676.0, 1676.0, 1676.0, 1675.0, 1674.6, 1672.2, 1671.8]","[1665.3, 1665.6, 1667.8, 1670.6, 1671.8, 1671.4, 1670.6, 1669.4, 1669.8, 1669.4, 1670.6, 1673.0, 1671.8, 1671.0, 1671.0, 1670.6, 1669.8, 1669.0, 1670.2, 1672.2, 1666.8, 1662.0, 1662.0, 1662.0, 1663.4, 1662.0, 1656.8, 1654.0, 10.0, 10.0, 10.0, 10.0, 10.0, 10.0, 10.0, 1057.8, 1673.8, 1671.0, 1667.8, 1667.0, 1667.0, 1667.0, 1666.6363636363637, 1667.0, 1669.0, 1670.2, 1670.6, 1673.0, 1673.4, 1673.0, 1675.2, 1676.0, 1676.0, 1676.0, 1676.0, 1676.0, 1675.0, 1674.6, 1672.2, 1671.8]","[0.0, 0.0, 0.0, 0.0, 0.0, 0.0, 0.0, 0.0, 0.0, 0.0, 0.0, 0.0, 0.0, 0.0, 0.0, 0.0, 0.0, 0.0, 0.0, 0.0, 0.0, 0.0, 0.0, 0.0, 0.0, 0.0, 954.8, 1654.0, 9.0, 9.0, 9.0, 9.0, 9.0, 9.0, 9.0, 1.8, 0.0, 0.0, 0.0, 0.0, 0.0, 0.0, 0.0, 0.0, 0.0, 0.0, 0.0, 0.0, 0.0, 0.0, 0.0, 0.0, 0.0, 0.0, 0.0, 0.0, 0.0, 0.0, 0.0, 0.0]","[1.0, 1.0, 1.0, 1.0, 1.0, 1.0, 1.0, 1.0, 1.0, 1.0, 1.0, 1.0, 1.0, 1.0, 1.0, 1.0, 1.0, 1.0, 1.0, 1.0, 1.0, 1.0, 1.0, 1.0, 1.0, 1.0, 0.496, 0.0, 0.442, 0.442, 0.42800000000000005, 0.42800000000000005, 0.438, 0.422, 0.43, 0.8879999999999999, 1.0, 1.0, 1.0, 1.0, 1.0, 1.0, 1.0, 1.0, 1.0, 1.0, 1.0, 1.0, 1.0, 1.0, 1.0, 1.0, 1.0, 1.0, 1.0, 1.0, 1.0, 1.0, 1.0, 1.0]",60
Steamer,2,"[1676.0, 1677.2, 1678.0, 1675.4, 1676.0, 1676.0, 1676.0, 1676.0, 1676.0, 1676.0, 1676.0, 1676.0, 1676.0, 1676.0, 1676.4, 1676.4, 1676.0, 1675.2, 1675.0, 1675.2, 1676.0, 1675.4, 1675.4, 1673.0, 1672.6, 1449.2, 14.0, 5.0, 4.6, 4.4, 4.4, 4.6, 4.8, 393.2, 1678.8, 1678.0, 1676.4, 1675.0, 1675.0, 1675.111111111111, 1675.0, 1675.0, 1675.6, 1680.0, 1680.0, 1679.111111111111, 1677.4545454545455, 1679.6, 1678.0, 1678.4, 1678.6, 1678.2222222222222, 1678.5454545454545, 1678.8, 1678.0, 1678.0, 1678.0, 1677.0, 1675.2, 1675.2]","[1676.0, 1677.2, 1678.0, 1675.4, 1676.0, 1676.0, 1676.0, 1676.0, 1676.0, 1676.0, 1676.0, 1676.0, 1676.0, 1676.0, 1676.4, 1676.4, 1676.0, 1675.2, 1675.0, 1675.2, 1676.0, 1675.4, 1675.4, 1673.0, 1672.6, 1670.4, 1684.0, 1354.0, 10.0, 10.0, 10.0, 10.0, 10.0, 396.2, 1691.6, 1678.0, 1676.4, 1675.0, 1675.0, 1675.111111111111, 1675.0, 1675.0, 1675.6, 1680.0, 1680.0, 1679.111111111111, 1677.4545454545455, 1679.6, 1678.0, 1678.4, 1678.6, 1678.2222222222222, 1678.5454545454545, 1678.8, 1678.0, 1678.0, 1678.0, 1677.0, 1675.2, 1675.2]","[0.0, 0.0, 0.0, 0.0, 0.0, 0.0, 0.0, 0.0, 0.0, 0.0, 0.0, 0.0, 0.0, 0.0, 0.0, 0.0, 0.0, 0.0, 0.0, 0.0, 0.0, 0.0, 0.0, 0.0, 0.0, 313.0, 1684.0, 1353.8, 9.0, 9.0, 9.0, 9.0, 9.0, 5.4, 187.2, 0.0, 0.0, 0.0, 0.0, 0.0, 0.0, 0.0, 0.0, 0.0, 0.0, 0.0, 0.0, 0.0, 0.0, 0.0, 0.0, 0.0, 0.0, 0.0, 0.0, 0.0, 0.0, 0.0, 0.0, 0.0]","[1.0, 1.0, 1.0, 1.0, 1.0, 1.0, 1.0, 1.0, 1.0, 1.0, 1.0, 1.0, 1.0, 1.0, 1.0, 1.0, 1.0, 1.0, 1.0, 1.0, 1.0, 1.0, 1.0, 1.0, 1.0, 0.866, 0.006, 0.09, 0.44000000000000006, 0.43200000000000005, 0.442, 0.44800000000000006, 0.45099999999999996, 0.667, 0.992, 1.0, 1.0, 1.0, 1.0, 1.0, 1.0, 1.0, 1.0, 1.0, 1.0, 1.0, 1.0, 1.0, 1.0, 1.0, 1.0, 1.0, 1.0, 1.0, 1.0, 1.0, 1.0, 1.0, 1.0, 1.0]",60
Steamer,3,"[1665.0, 1666.3333333333333, 1667.6666666666667, 1669.0, 1669.0, 1669.3636363636363, 1670.0, 1669.6666666666667, 1669.3333333333333, 1669.0, 1669.8, 1671.0, 1671.0, 1671.0, 1671.0, 1671.0, 1671.4, 1671.0, 1671.0, 1671.0, 1671.0, 1671.0, 1671.0, 1670.111111111111, 1670.4, 1669.3333333333333, 1670.4, 1669.6, 1669.6, 1666.5, 1669.0, 1669.0, 470.1818181818182, 4.625, 4.7, 4.5, 4.375, 4.4, 5.0, 4.555555555555555, 21.444444444444443, 1667.090909090909, 1676.111111111111, 1675.0, 1673.4, 1673.0, 1673.0, 1670.6, 1673.0, 1671.6666666666667, 1671.0, 1671.0, 1670.4444444444443, 1669.888888888889, 1669.3333333333333, 1670.5555555555557, 1671.0, 1671.4, 1673.0, 1673.0]","[1665.0, 1666.3333333333333, 1667.6666666666667, 1669.0, 1669.0, 1669.3636363636363, 1670.0, 1669.6666666666667, 1669.3333333333333, 1669.0, 1669.8, 1671.0, 1671.0, 1671.0, 1671.0, 1671.0, 1671.4, 1671.0, 1671.0, 1671.0, 1671.0, 1671.0, 1671.0, 1670.111111111111, 1670.4, 1669.3333333333333, 1670.4, 1669.6, 1669.6, 1666.5, 1669.0, 1669.0, 1662.4545454545455, 1686.0, 1015.6, 10.0, 10.0, 10.0, 10.0, 10.0, 25.77777777777778, 1667.090909090909, 1676.111111111111, 1675.0, 1673.4, 1673.0, 1673.0, 1670.6, 1673.0, 1671.6666666666667, 1671.0, 1671.0, 1670.4444444444443, 1669.888888888889, 1669.3333333333333, 1670.5555555555557, 1671.0, 1671.4, 1673.0, 1673.0]","[0.0, 0.0, 0.0, 0.0, 0.0, 0.0, 0.0, 0.0, 0.0, 0.0, 0.0, 0.0, 0.0, 0.0, 0.0, 0.0, 0.0, 0.0, 0.0, 0.0, 0.0, 0.0, 0.0, 0.0, 0.0, 0.0, 0.0, 0.0, 0.0, 0.0, 0.0, 0.0, 1315.0, 1686.0, 1015.2, 9.0, 9.0, 9.0, 9.0, 9.0, 7.0, 0.0, 0.0, 0.0, 0.0, 0.0, 0.0, 0.0, 0.0, 0.0, 0.0, 0.0, 0.0, 0.0, 0.0, 0.0, 0.0, 0.0, 0.0, 0.0]","[1.0, 1.0, 1.0, 1.0, 1.0, 1.0, 1.0, 1.0, 1.0, 1.0, 1.0, 1.0, 1.0, 1.0, 1.0, 1.0, 1.0, 1.0, 1.0, 1.0, 1.0, 1.0, 1.0, 1.0, 1.0, 1.0, 1.0, 1.0, 1.0, 1.0, 1.0, 1.0, 0.28, 0.0, 0.179, 0.434, 0.4375, 0.44000000000000006, 0.445, 0.43777777777777777, 0.5633333333333334, 1.0, 1.0, 1.0, 1.0, 1.0, 1.0, 1.0, 1.0, 1.0, 1.0, 1.0, 1.0, 1.0, 1.0, 1.0, 1.0, 1.0, 1.0, 1.0]",60
Steamer,4,"[1680.0, 1677.2, 1673.5714285714287, 1668.3333333333333, 1667.5, 1666.4545454545455, 1664.6153846153845, 1664.0, 1664.0, 1663.5555555555557, 1663.6, 1665.0, 1665.0, 1665.0, 1665.0, 1665.0, 1664.7777777777778, 1664.5555555555554, 1664.3333333333333, 1664.0, 1663.0833333333333, 1658.4, 1660.0, 1663.5, 1667.0, 1666.6666666666667, 1666.3333333333335, 1666.0, 1665.6666666666667, 1666.6363636363637, 1665.0, 280.57142857142856, 3.5, 4.0, 4.0, 4.0, 4.0, 4.0, 4.0, 841.0, 1678.0, 1676.6, 1674.4545454545455, 1671.5, 1669.8, 1672.2, 1671.0, 1669.0, 1667.0, 1667.0, 1667.0, 1667.0, 1669.0, 1668.2307692307693, 1666.4545454545455, 1666.2727272727273, 1667.0, 1667.5, 1667.0, 1667.6666666666667]","[1680.0, 1677.2, 1673.5714285714287, 1668.3333333333333, 1667.5, 1666.4545454545455, 1664.6153846153845, 1664.0, 1664.0, 1663.5555555555557, 1663.6, 1665.0, 1665.0, 1665.0, 1665.0, 1665.0, 1664.7777777777778, 1664.5555555555554, 1664.3333333333333, 1664.0, 1663.0833333333333, 1658.4, 1660.0, 1663.5, 1667.0, 1666.6666666666667, 1666.3333333333335, 1666.0, 1665.6666666666667, 1666.6363636363637, 1665.0, 1659.857142857143, 1683.0, 707.0833333333334, 10.0, 10.0, 10.0, 10.0, 10.0, 844.0, 1678.0, 1676.6, 1674.4545454545455, 1671.5, 1669.8, 1672.2, 1671.0, 1669.0, 1667.0, 1667.0, 1667.0, 1667.0, 1669.0, 1668.2307692307693, 1666.4545454545455, 1666.2727272727273, 1667.0, 1667.5, 1667.0, 1667.6666666666667]","[0.0, 0.0, 0.0, 0.0, 0.0, 0.0, 0.0, 0.0, 0.0, 0.0, 0.0, 0.0, 0.0, 0.0, 0.0, 0.0, 0.0, 0.0, 0.0, 0.0, 0.0, 0.0, 0.0, 0.0, 0.0, 0.0, 0.0, 0.0, 0.0, 0.0, 0.0, 1538.357142857143, 1683.0, 706.5, 9.0, 9.0, 9.0, 9.0, 9.0, 4.5, 0.0, 0.0, 0.0, 0.0, 0.0, 0.0, 0.0, 0.0, 0.0, 0.0, 0.0, 0.0, 0.0, 0.0, 0.0, 0.0, 0.0, 0.0, 0.0, 0.0]","[1.0, 1.0, 1.0, 1.0, 1.0, 1.0, 1.0, 1.0, 1.0, 1.0, 1.0, 1.0, 1.0, 1.0, 1.0, 1.0, 1.0, 1.0, 1.0, 1.0, 1.0, 1.0, 1.0, 1.0, 1.0, 1.0, 1.0, 1.0, 1.0, 1.0, 1.0, 0.1692857142857143, 0.0, 0.24833333333333332, 0.43142857142857144, 0.43, 0.43374999999999997, 0.4375, 0.4375, 0.71875, 1.0, 1.0, 1.0, 1.0, 1.0, 1.0, 1.0, 1.0, 1.0, 1.0, 1.0, 1.0, 1.0, 1.0, 1.0, 1.0, 1.0, 1.0, 1.0, 1.0]",60
Steamer,5,"[1376.3333333333333, 1676.3076923076924, 1675.2, 1673.0, 1669.3636363636363, 1669.0, 1671.0, 1671.0, 1671.0, 1669.1818181818182, 1666.2, 1665.4, 1668.2, 1669.0, 1665.4, 1666.6, 1665.4, 1667.0, 1667.0, 1667.0, 1667.0, 1667.0, 1667.0, 1670.111111111111, 1671.0, 1336.4, 7.6, 4.0, 4.0, 4.0, 4.0, 4.0, 4.3, 4.0, 4.0, 4.0, 841.0, 1678.0, 1676.0, 1673.0, 1670.75, 1667.5, 1667.875, 1667.3076923076924, 1668.8181818181818, 1668.8333333333333, 1673.2222222222222, 1675.0, 1673.0, 1673.0, 1673.0, 1673.0, 1673.0, 1671.0, 1666.5384615384614, 1666.6923076923076, 1664.7692307692307, 1661.2, 1660.4615384615386, 1664.1818181818182]","[1379.3333333333333, 1689.5384615384614, 1675.2, 1673.0, 1669.3636363636363, 1669.0, 1671.0, 1671.0, 1671.0, 1669.1818181818182, 1666.2, 1665.4, 1668.2, 1669.0, 1665.4, 1666.6, 1665.4, 1667.0, 1667.0, 1667.0, 1667.0, 1667.0, 1667.0, 1670.111111111111, 1671.0, 1665.8, 1658.0, 339.6, 10.0, 10.0, 10.0, 10.0, 10.0, 10.0, 10.0, 10.0, 844.1875, 1678.375, 1676.0, 1673.0, 1670.75, 1667.5, 1667.875, 1667.3076923076924, 1668.8181818181818, 1668.8333333333333, 1673.2222222222222, 1675.0, 1673.0, 1673.0, 1673.0, 1673.0, 1673.0, 1671.0, 1666.5384615384614, 1666.6923076923076, 1664.7692307692307, 1661.2, 1660.4615384615386, 1664.1818181818182]","[41.5, 165.53846153846155, 0.0, 0.0, 0.0, 0.0, 0.0, 0.0, 0.0, 0.0, 0.0, 0.0, 0.0, 0.0, 0.0, 0.0, 0.0, 0.0, 0.0, 0.0, 0.0, 0.0, 0.0, 0.0, 0.0, 450.8, 1658.6, 339.0, 9.0, 9.0, 9.0, 9.0, 9.0, 9.0, 9.0, 9.0, 4.5, 0.0, 0.0, 0.0, 0.0, 0.0, 0.0, 0.0, 0.0, 0.0, 0.0, 0.0, 0.0, 0.0, 0.0, 0.0, 0.0, 0.0, 0.0, 0.0, 0.0, 0.0, 0.0, 0.0]","[0.9983333333333334, 0.9938461538461538, 1.0, 1.0, 1.0, 1.0, 1.0, 1.0, 1.0, 1.0, 1.0, 1.0, 1.0, 1.0, 1.0, 1.0, 1.0, 1.0, 1.0, 1.0, 1.0, 1.0, 1.0, 1.0, 1.0, 0.8, 0.004, 0.354, 0.43200000000000005, 0.43200000000000005, 0.44000000000000006, 0.4366666666666667, 0.44299999999999995, 0.42999999999999994, 0.43600000000000005, 0.42400000000000004, 0.712, 1.0, 1.0, 1.0, 1.0, 1.0, 1.0, 1.0, 1.0, 1.0, 1.0, 1.0, 1.0, 1.0, 1.0, 1.0, 1.0, 1.0, 1.0, 1.0, 1.0, 1.0, 1.0, 1.0]",60
Airfryer,1,"[35.2, 35.150000000000006, 35.11666666666667, 35.142857142857146, 35.175000000000004, 35.225, 35.13333333333333, 35.19166666666666, 35.25, 35.166666666666664, 35.2, 35.160000000000004, 35.25714285714286, 35.17142857142857, 35.1, 35.1, 35.220000000000006, 35.1, 35.175000000000004, 35.1875, 35.199999999999996, 35.275, 35.271428571428565, 35.25714285714286, 35.1, 35.15833333333333, 35.21666666666667, 35.125, 35.25, 35.142857142857146, 35.2, 35.3, 35.2, 35.3, 35.285714285714285, 35.339999999999996, 35.375, 35.333333333333336, 35.24285714285714, 35.31428571428571, 35.36, 35.357142857142854, 35.34285714285714, 35.3, 35.349999999999994, 35.32, 35.4, 35.3, 35.3, 35.387499999999996, 35.5, 35.375, 35.34285714285714, 35.285714285714285, 35.34285714285714, 35.4, 35.3, 35.31428571428571, 35.28333333333333, 35.3, 35.42857142857143, 35.4, 35.324999999999996, 35.28333333333333, 35.291666666666664, 35.3, 35.41428571428571, 35.266666666666666, 35.3125, 35.36666666666667, 35.480000000000004, 35.31666666666666, 35.44, 35.44285714285714, 736.0642857142857, 1436.685714285714, 1554.9199999999998, 1553.8, 1553.0, 1552.75, 1551.5, 1549.9, 1549.9, 1549.9, 1549.2142857142858, 1548.3, 1547.6333333333332, 1546.9666666666665, 1546.7, 1546.7, 1545.2, 1544.5142857142857, 1543.6, 1543.6, 1543.6, 1543.6, 1542.8, 1542.0, 1542.0, 1542.0, 1542.0, 1542.0, 1541.625, 1540.5, 1540.5, 1540.5, 1540.5, 1539.8600000000001, 1539.22, 1538.9, 1538.5785714285716, 1538.257142857143, 1537.4000000000003, 1536.7142857142858, 1535.8, 1535.1571428571428, 1535.8, 1535.3, 1534.3, 1534.3]","[35.2, 35.150000000000006, 35.11666666666667, 35.142857142857146, 35.175000000000004, 35.225, 35.13333333333333, 35.19166666666666, 35.25, 35.166666666666664, 35.2, 35.160000000000004, 35.25714285714286, 35.17142857142857, 35.1, 35.1, 35.220000000000006, 35.1, 35.175000000000004, 35.1875, 35.199999999999996, 35.275, 35.271428571428565, 35.25714285714286, 35.1, 35.15833333333333, 35.21666666666667, 35.125, 35.25, 35.142857142857146, 35.2, 35.3, 35.2, 35.3, 35.285714285714285, 35.339999999999996, 35.375, 35.333333333333336, 35.24285714285714, 35.31428571428571, 35.36, 35.357142857142854, 35.34285714285714, 35.3, 35.349999999999994, 35.32, 35.4, 35.3, 35.3, 35.387499999999996, 35.5, 35.375, 35.34285714285714, 35.285714285714285, 35.34285714285714, 35.4, 35.3, 35.31428571428571, 35.28333333333333, 35.3, 35.42857142857143, 35.4, 35.324999999999996, 35.28333333333333, 35.291666666666664, 35.3, 35.41428571428571, 35.266666666666666, 35.3125, 35.36666666666667, 35.480000000000004, 35.31666666666666, 35.44, 35.44285714285714, 736.0642857142857, 1436.685714285714, 1554.9199999999998, 1553.8, 1553.0, 1552.75, 1551.5, 1549.9, 1549.9, 1549.9, 1549.2142857142858, 1548.3, 1547.6333333333332, 1546.9666666666665, 1546.7, 1546.7, 1545.2, 1544.5142857142857, 1543.6, 1543.6, 1543.6, 1543.6, 1542.8, 1542.0, 1542.0, 1542.0, 1542.0, 1542.0, 1541.625, 1540.5, 1540.5, 1540.5, 1540.5, 1539.8600000000001, 1539.22, 1538.9, 1538.5785714285716, 1538.257142857143, 1537.4000000000003, 1536.7142857142858, 1535.8, 1535.1571428571428, 1535.8, 1535.3, 1534.3, 1534.3]","[0.0, 0.0, 0.0, 0.0, 0.0, 0.0, 0.0, 0.0, 0.0, 0.0, 0.0, 0.0, 0.0, 0.0, 0.0, 0.0, 0.0, 0.0, 0.0, 0.0, 0.0, 0.0, 0.0, 0.0, 0.0, 0.0, 0.0, 0.0, 0.0, 0.0, 0.0, 0.0, 0.0, 0.0, 0.0, 0.0, 0.0, 0.0, 0.0, 0.0, 0.0, 0.0, 0.0, 0.0, 0.0, 0.0, 0.0, 0.0, 0.0, 0.0, 0.0, 0.0, 0.0, 0.0, 0.0, 0.0, 0.0, 0.0, 0.0, 0.0, 0.0, 0.0, 0.0, 0.0, 0.0, 0.0, 0.0, 0.0, 0.0, 0.0, 0.0, 0.0, 0.0, 0.0, 0.0, 0.0, 0.0, 0.0, 0.0, 0.0, 0.0, 0.0, 0.0, 0.0, 0.0, 0.0, 0.0, 0.0, 0.0, 0.0, 0.0, 0.0, 0.0, 0.0, 0.0, 0.0, 0.0, 0.0, 0.0, 0.0, 0.0, 0.0, 0.0, 0.0, 0.0, 0.0, 0.0, 0.0, 0.0, 0.0, 0.0, 0.0, 0.0, 0.0, 0.0, 0.0, 0.0, 0.0, 0.0, 0.0]","[1.0, 1.0, 1.0, 1.0, 1.0, 1.0, 1.0, 1.0, 1.0, 1.0, 1.0, 1.0, 1.0, 1.0, 1.0, 1.0, 1.0, 1.0, 1.0, 1.0, 1.0, 1.0, 1.0, 1.0, 1.0, 1.0, 1.0, 1.0, 1.0, 1.0, 1.0, 1.0, 1.0, 1.0, 1.0, 1.0, 1.0, 1.0, 1.0, 1.0, 1.0, 1.0, 1.0, 1.0, 1.0, 1.0, 1.0, 1.0, 1.0, 1.0, 1.0, 1.0, 1.0, 1.0, 1.0, 1.0, 1.0, 1.0, 1.0, 1.0, 1.0, 1.0, 1.0, 1.0, 1.0, 1.0, 1.0, 1.0, 1.0, 1.0, 1.0, 1.0, 1.0, 1.0, 1.0, 1.0, 1.0, 1.0, 1.0, 1.0, 1.0, 1.0, 1.0, 1.0, 1.0, 1.0, 1.0, 1.0, 1.0, 1.0, 1.0, 1.0, 1.0, 1.0, 1.0, 1.0, 1.0, 1.0, 1.0, 1.0, 1.0, 1.0, 1.0, 1.0, 1.0, 1.0, 1.0, 1.0, 1.0, 1.0, 1.0, 1.0, 1.0, 1.0, 1.0, 1.0, 1.0, 1.0, 1.0, 1.0]",120
Airfryer,2,"[668.0857142857143, 1555.6666666666667, 1554.142857142857, 1553.0, 1552.357142857143, 1551.5, 1550.9666666666665, 1550.357142857143, 1549.4428571428573, 1548.3, 1547.3857142857144, 1546.45, 1546.2714285714285, 1546.45, 1549.1000000000001, 1548.3, 1547.5, 1547.2333333333333, 1546.9666666666667, 1546.7, 1548.3, 1548.3, 1546.7, 1545.7, 1545.2, 1544.8799999999999, 1544.0571428571427, 1543.142857142857, 1545.2, 1543.8285714285714, 1542.0, 1542.0, 1542.0, 1541.625, 1540.5, 1540.5, 1540.042857142857, 1539.5857142857144, 1539.814285714286, 1540.4714285714285, 1542.0, 1540.5, 1163.9875, 787.475, 410.9625000000001, 34.45, 34.416666666666664, 34.53333333333333, 34.4, 34.43333333333333, 34.46666666666667, 34.5, 34.46666666666667, 34.46666666666667, 34.48571428571429, 34.6, 34.5, 34.44, 34.6, 34.53333333333333, 34.55, 34.5, 34.528571428571425, 34.53333333333333, 34.55714285714286, 34.542857142857144, 34.57142857142857, 34.43333333333333, 34.519999999999996, 34.371428571428574, 34.271428571428565, 34.233333333333334, 34.34285714285714, 34.471428571428575, 34.46666666666667, 34.385714285714286, 34.38333333333333, 34.385714285714286, 34.471428571428575, 34.6, 34.44, 34.32857142857143, 34.266666666666666, 34.28333333333333, 34.3, 34.32857142857143, 34.31428571428571, 34.28333333333333, 34.35, 34.31428571428571, 34.339999999999996, 34.3, 34.34285714285714, 34.31428571428571, 34.41428571428571, 34.36666666666667, 34.4, 34.457142857142856, 34.42857142857143, 34.55, 34.471428571428575, 34.457142857142856, 34.51428571428571, 34.41428571428571, 34.4375, 34.56666666666667, 34.5125, 34.42857142857143, 34.43333333333333, 34.5, 34.4, 34.43333333333333, 34.528571428571425, 34.5, 34.550000000000004, 34.6, 34.45, 34.528571428571425, 34.550000000000004, 34.51428571428571]","[668.0857142857143, 1555.6666666666667, 1554.142857142857, 1553.0, 1552.357142857143, 1551.5, 1550.9666666666665, 1550.357142857143, 1549.4428571428573, 1548.3, 1547.3857142857144, 1546.45, 1546.2714285714285, 1546.45, 1549.1000000000001, 1548.3, 1547.5, 1547.2333333333333, 1546.9666666666667, 1546.7, 1548.3, 1548.3, 1546.7, 1545.7, 1545.2, 1544.8799999999999, 1544.0571428571427, 1543.142857142857, 1545.2, 1543.8285714285714, 1542.0, 1542.0, 1542.0, 1541.625, 1540.5, 1540.5, 1540.042857142857, 1539.5857142857144, 1539.814285714286, 1540.4714285714285, 1542.0, 1540.5, 1163.9875, 787.475, 410.9625000000001, 34.45, 34.416666666666664, 34.53333333333333, 34.4, 34.43333333333333, 34.46666666666667, 34.5, 34.46666666666667, 34.46666666666667, 34.48571428571429, 34.6, 34.5, 34.44, 34.6, 34.53333333333333, 34.55, 34.5, 34.528571428571425, 34.53333333333333, 34.55714285714286, 34.542857142857144, 34.57142857142857, 34.43333333333333, 34.519999999999996, 34.371428571428574, 34.271428571428565, 34.233333333333334, 34.34285714285714, 34.471428571428575, 34.46666666666667, 34.385714285714286, 34.38333333333333, 34.385714285714286, 34.471428571428575, 34.6, 34.44, 34.32857142857143, 34.266666666666666, 34.28333333333333, 34.3, 34.32857142857143, 34.31428571428571, 34.28333333333333, 34.35, 34.31428571428571, 34.339999999999996, 34.3, 34.34285714285714, 34.31428571428571, 34.41428571428571, 34.36666666666667, 34.4, 34.457142857142856, 34.42857142857143, 34.55, 34.471428571428575, 34.457142857142856, 34.51428571428571, 34.41428571428571, 34.4375, 34.56666666666667, 34.5125, 34.42857142857143, 34.43333333333333, 34.5, 34.4, 34.43333333333333, 34.528571428571425, 34.5, 34.550000000000004, 34.6, 34.45, 34.528571428571425, 34.550000000000004, 34.51428571428571]","[0.0, 0.0, 0.0, 0.0, 0.0, 0.0, 0.0, 0.0, 0.0, 0.0, 0.0, 0.0, 0.0, 0.0, 0.0, 0.0, 0.0, 0.0, 0.0, 0.0, 0.0, 0.0, 0.0, 0.0, 0.0, 0.0, 0.0, 0.0, 0.0, 0.0, 0.0, 0.0, 0.0, 0.0, 0.0, 0.0, 0.0, 0.0, 0.0, 0.0, 0.0, 0.0, 0.0, 0.0, 0.0, 0.0, 0.0, 0.0, 0.0, 0.0, 0.0, 0.0, 0.0, 0.0, 0.0, 0.0, 0.0, 0.0, 0.0, 0.0, 0.0, 0.0, 0.0, 0.0, 0.0, 0.0, 0.0, 0.0, 0.0, 0.0, 0.0, 0.0, 0.0, 0.0, 0.0, 0.0, 0.0, 0.0, 0.0, 0.0, 0.0, 0.0, 0.0, 0.0, 0.0, 0.0, 0.0, 0.0, 0.0, 0.0, 0.0, 0.0, 0.0, 0.0, 0.0, 0.0, 0.0, 0.0, 0.0, 0.0, 0.0, 0.0, 0.0, 0.0, 0.0, 0.0, 0.0, 0.0, 0.0, 0.0, 0.0, 0.0, 0.0, 0.0, 0.0, 0.0, 0.0, 0.0, 0.0, 0.0]","[0.42857142857142855, 1.0, 1.0, 1.0, 1.0, 1.0, 1.0, 1.0, 1.0, 1.0, 1.0, 1.0, 1.0, 1.0, 1.0, 1.0, 1.0, 1.0, 1.0, 1.0, 1.0, 1.0, 1.0, 1.0, 1.0, 1.0, 1.0, 1.0, 1.0, 1.0, 1.0, 1.0, 1.0, 1.0, 1.0, 1.0, 1.0, 1.0, 1.0, 1.0, 1.0, 1.0, 1.0, 1.0, 1.0, 1.0, 1.0, 1.0, 1.0, 1.0, 1.0, 1.0, 1.0, 1.0, 1.0, 1.0, 1.0, 1.0, 1.0, 1.0, 1.0, 1.0, 1.0, 1.0, 1.0, 1.0, 1.0, 1.0, 1.0, 1.0, 1.0, 1.0, 1.0, 1.0, 1.0, 1.0, 1.0, 1.0, 1.0, 1.0, 1.0, 1.0, 1.0, 1.0, 1.0, 1.0, 1.0, 1.0, 1.0, 1.0, 1.0, 1.0, 1.0, 1.0, 1.0, 1.0, 1.0, 1.0, 1.0, 1.0, 1.0, 1.0, 1.0, 1.0, 1.0, 1.0, 1.0, 1.0, 1.0, 1.0, 1.0, 1.0, 1.0, 1.0, 1.0, 1.0, 1.0, 1.0, 1.0, 1.0]",120
Airfryer,3,"[1552.4, 1549.9, 1546.7, 1546.7, 1545.95, 1544.4, 1542.6, 1540.5, 1543.142857142857, 1543.6, 1543.0666666666666, 1542.457142857143, 1542.4, 1542.0, 1540.2714285714285, 1538.9000000000003, 1538.2750000000003, 1537.6500000000003, 1537.4000000000003, 1537.4, 1537.4, 1535.05, 1534.3, 1535.05, 1535.425, 1533.6142857142856, 1532.7, 1533.1, 1531.8428571428572, 1531.2, 1531.2, 1530.9428571428573, 1529.6, 1529.6, 1527.6714285714284, 1526.5999999999997, 1526.6, 1526.6, 1526.5999999999997, 1525.685714285714, 1527.1374999999998, 1526.6, 1526.6, 1526.6, 1526.6, 1526.1999999999998, 1525.0, 1525.0, 1525.2285714285715, 735.6285714285714, 34.7, 34.58571428571429, 34.5625, 34.457142857142856, 34.6, 34.55, 34.528571428571425, 34.51428571428571, 34.5, 34.4, 34.516666666666666, 34.48571428571429, 34.542857142857144, 34.6, 34.525, 34.425, 34.349999999999994, 34.5, 34.42857142857143, 34.471428571428575, 34.628571428571426, 34.542857142857144, 34.525, 34.58, 34.542857142857144, 34.41428571428571, 34.48571428571429, 34.471428571428575, 34.480000000000004, 34.528571428571425, 34.5, 34.5, 34.471428571428575, 34.519999999999996, 34.650000000000006, 34.528571428571425, 34.483333333333334, 34.525, 34.471428571428575, 34.457142857142856, 34.6, 34.57142857142857, 34.57142857142857, 34.57142857142857, 34.542857142857144, 34.51428571428571, 34.6, 34.519999999999996, 34.6, 34.5875, 34.55714285714286, 34.519999999999996, 34.483333333333334, 34.5, 34.625, 34.525, 34.42, 34.51428571428571, 34.58571428571429, 34.6, 34.46666666666667, 34.5, 34.53333333333333, 34.56666666666667, 34.6, 34.55714285714286, 34.6, 34.65714285714286, 34.67142857142857, 34.55714285714286]","[1552.4, 1549.9, 1546.7, 1546.7, 1545.95, 1544.4, 1542.6, 1540.5, 1543.142857142857, 1543.6, 1543.0666666666666, 1542.457142857143, 1542.4, 1542.0, 1540.2714285714285, 1538.9000000000003, 1538.2750000000003, 1537.6500000000003, 1537.4000000000003, 1537.4, 1537.4, 1535.05, 1534.3, 1535.05, 1535.425, 1533.6142857142856, 1532.7, 1533.1, 1531.8428571428572, 1531.2, 1531.2, 1530.9428571428573, 1529.6, 1529.6, 1527.6714285714284, 1526.5999999999997, 1526.6, 1526.6, 1526.5999999999997, 1525.685714285714, 1527.1374999999998, 1526.6, 1526.6, 1526.6, 1526.6, 1526.1999999999998, 1525.0, 1525.0, 1525.2285714285715, 817.6557142857143, 168.43571428571428, 34.58571428571429, 34.5625, 34.457142857142856, 34.6, 34.55, 34.528571428571425, 34.51428571428571, 34.5, 34.4, 34.516666666666666, 34.48571428571429, 34.542857142857144, 34.6, 34.525, 34.425, 34.349999999999994, 34.5, 34.42857142857143, 34.471428571428575, 34.628571428571426, 34.542857142857144, 34.525, 34.58, 34.542857142857144, 34.41428571428571, 34.48571428571429, 34.471428571428575, 34.480000000000004, 34.528571428571425, 34.5, 34.5, 34.471428571428575, 34.519999999999996, 34.650000000000006, 34.528571428571425, 34.483333333333334, 34.525, 34.471428571428575, 34.457142857142856, 34.6, 34.57142857142857, 34.57142857142857, 34.57142857142857, 34.542857142857144, 34.51428571428571, 34.6, 34.519999999999996, 34.6, 34.5875, 34.55714285714286, 34.519999999999996, 34.483333333333334, 34.5, 34.625, 34.525, 34.42, 34.51428571428571, 34.58571428571429, 34.6, 34.46666666666667, 34.5, 34.53333333333333, 34.56666666666667, 34.6, 34.55714285714286, 34.6, 34.65714285714286, 34.67142857142857, 34.55714285714286]","[0.0, 0.0, 0.0, 0.0, 0.0, 0.0, 0.0, 0.0, 0.0, 0.0, 0.0, 0.0, 0.0, 0.0, 0.0, 0.0, 0.0, 0.0, 0.0, 0.0, 0.0, 0.0, 0.0, 0.0, 0.0, 0.0, 0.0, 0.0, 0.0, 0.0, 0.0, 0.0, 0.0, 0.0, 0.0, 0.0, 0.0, 0.0, 0.0, 0.0, 0.0, 0.0, 0.0, 0.0, 0.0, 0.0, 0.0, 0.0, 0.0, 94.15714285714286, 156.57142857142858, 0.0, 0.0, 0.0, 0.0, 0.0, 0.0, 0.0, 0.0, 0.0, 0.0, 0.0, 0.0, 0.0, 0.0, 0.0, 0.0, 0.0, 0.0, 0.0, 0.0, 0.0, 0.0, 0.0, 0.0, 0.0, 0.0, 0.0, 0.0, 0.0, 0.0, 0.0, 0.0, 0.0, 0.0, 0.0, 0.0, 0.0, 0.0, 0.0, 0.0, 0.0, 0.0, 0.0, 0.0, 0.0, 0.0, 0.0, 0.0, 0.0, 0.0, 0.0, 0.0, 0.0, 0.0, 0.0, 0.0, 0.0, 0.0, 0.0, 0.0, 0.0, 0.0, 0.0, 0.0, 0.0, 0.0, 0.0, 0.0, 0.0]","[1.0, 1.0, 1.0, 1.0, 1.0, 1.0, 1.0, 1.0, 1.0, 1.0, 1.0, 1.0, 1.0, 1.0, 1.0, 1.0, 1.0, 1.0, 1.0, 1.0, 1.0, 1.0, 1.0, 1.0, 1.0, 1.0, 1.0, 1.0, 1.0, 1.0, 1.0, 1.0, 1.0, 1.0, 1.0, 1.0, 1.0, 1.0, 1.0, 1.0, 1.0, 1.0, 1.0, 1.0, 1.0, 1.0, 1.0, 1.0, 1.0, 0.6314285714285715, 0.39999999999999997, 1.0, 1.0, 1.0, 1.0, 1.0, 1.0, 1.0, 1.0, 1.0, 1.0, 1.0, 1.0, 1.0, 1.0, 1.0, 1.0, 1.0, 1.0, 1.0, 1.0, 1.0, 1.0, 1.0, 1.0, 1.0, 1.0, 1.0, 1.0, 1.0, 1.0, 1.0, 1.0, 1.0, 1.0, 1.0, 1.0, 1.0, 1.0, 1.0, 1.0, 1.0, 1.0, 1.0, 1.0, 1.0, 1.0, 1.0, 1.0, 1.0, 1.0, 1.0, 1.0, 1.0, 1.0, 1.0, 1.0, 1.0, 1.0, 1.0, 1.0, 1.0, 1.0, 1.0, 1.0, 1.0, 1.0, 1.0, 1.0, 1.0]",120
Airfryer,4,"[34.6, 34.55714285714286, 34.6, 34.65714285714286, 34.67142857142857, 34.55714285714286, 34.6, 34.650000000000006, 34.65, 34.6, 34.733333333333334, 34.71666666666667, 34.642857142857146, 34.65714285714286, 34.61666666666667, 34.7, 34.7, 34.7125, 34.74285714285714, 34.7, 34.737500000000004, 34.7, 34.75, 34.7, 34.660000000000004, 1495.8999999999999, 1549.9, 1548.5285714285715, 1549.1, 1547.02, 1546.1, 1546.2714285714285, 1545.175, 1543.6, 1543.6, 1543.6, 1543.5999999999997, 1543.6, 1543.6, 1542.685714285714, 1541.5928571428572, 1540.5, 1540.5, 1540.5, 1538.6, 1536.8666666666668, 1536.8666666666668, 1534.3, 1534.3, 1533.98, 1533.6142857142856, 1532.7, 1532.7, 1532.9285714285713, 1533.8428571428572, 1532.7, 1532.4857142857143, 1532.7, 1532.2714285714285, 1531.2, 1531.2, 1530.4166666666667, 1529.6333333333332, 1528.85, 1528.1, 1528.1, 1526.5999999999997, 1527.4571428571428, 1431.4428571428573, 28.8, 34.42857142857143, 34.3, 34.271428571428565, 34.42, 34.35, 34.25714285714286, 34.31428571428571, 34.2, 34.225, 34.239999999999995, 34.24285714285714, 34.120000000000005, 34.21666666666667, 34.24285714285714, 34.18571428571429, 34.3375, 34.375, 34.3, 34.371428571428574, 34.3375, 34.27142857142857, 34.2, 34.385714285714286, 34.32857142857143, 34.27142857142857, 34.333333333333336, 34.285714285714285, 34.31428571428571, 34.34285714285714, 34.371428571428574, 34.385714285714286, 34.3, 34.2, 34.285714285714285, 34.2, 34.25714285714286, 34.228571428571435, 34.285714285714285, 34.32857142857143, 34.214285714285715, 34.31428571428571, 34.285714285714285, 34.275, 34.228571428571435, 34.15714285714286, 34.28, 34.279999999999994, 34.28, 34.25, 34.275]","[34.6, 34.55714285714286, 34.6, 34.65714285714286, 34.67142857142857, 34.55714285714286, 34.6, 34.650000000000006, 34.65, 34.6, 34.733333333333334, 34.71666666666667, 34.642857142857146, 34.65714285714286, 34.61666666666667, 34.7, 34.7, 34.7125, 34.74285714285714, 34.7, 34.737500000000004, 34.7, 34.75, 34.7, 34.660000000000004, 1495.8999999999999, 1549.9, 1548.5285714285715, 1549.1, 1547.02, 1546.1, 1546.2714285714285, 1545.175, 1543.6, 1543.6, 1543.6, 1543.5999999999997, 1543.6, 1543.6, 1542.685714285714, 1541.5928571428572, 1540.5, 1540.5, 1540.5, 1538.6, 1536.8666666666668, 1536.8666666666668, 1534.3, 1534.3, 1533.98, 1533.6142857142856, 1532.7, 1532.7, 1532.9285714285713, 1533.8428571428572, 1532.7, 1532.4857142857143, 1532.7, 1532.2714285714285, 1531.2, 1531.2, 1530.4166666666667, 1529.6333333333332, 1528.85, 1528.1, 1528.1, 1526.5999999999997, 1527.4571428571428, 1431.4428571428573, 217.47999999999996, 34.42857142857143, 34.3, 34.271428571428565, 34.42, 34.35, 34.25714285714286, 34.31428571428571, 34.2, 34.225, 34.239999999999995, 34.24285714285714, 34.120000000000005, 34.21666666666667, 34.24285714285714, 34.18571428571429, 34.3375, 34.375, 34.3, 34.371428571428574, 34.3375, 34.27142857142857, 34.2, 34.385714285714286, 34.32857142857143, 34.27142857142857, 34.333333333333336, 34.285714285714285, 34.31428571428571, 34.34285714285714, 34.371428571428574, 34.385714285714286, 34.3, 34.2, 34.285714285714285, 34.2, 34.25714285714286, 34.228571428571435, 34.285714285714285, 34.32857142857143, 34.214285714285715, 34.31428571428571, 34.285714285714285, 34.275, 34.228571428571435, 34.15714285714286, 34.28, 34.279999999999994, 34.28, 34.25, 34.275]","[0.0, 0.0, 0.0, 0.0, 0.0, 0.0, 0.0, 0.0, 0.0, 0.0, 0.0, 0.0, 0.0, 0.0, 0.0, 0.0, 0.0, 0.0, 0.0, 0.0, 0.0, 0.0, 0.0, 0.0, 0.0, 0.0, 0.0, 0.0, 0.0, 0.0, 0.0, 0.0, 0.0, 0.0, 0.0, 0.0, 0.0, 0.0, 0.0, 0.0, 0.0, 0.0, 0.0, 0.0, 0.0, 0.0, 0.0, 0.0, 0.0, 0.0, 0.0, 0.0, 0.0, 0.0, 0.0, 0.0, 0.0, 0.0, 0.0, 0.0, 0.0, 0.0, 0.0, 0.0, 0.0, 0.0, 0.0, 0.0, 0.0, 215.42, 0.0, 0.0, 0.0, 0.0, 0.0, 0.0, 0.0, 0.0, 0.0, 0.0, 0.0, 0.0, 0.0, 0.0, 0.0, 0.0, 0.0, 0.0, 0.0, 0.0, 0.0, 0.0, 0.0, 0.0, 0.0, 0.0, 0.0, 0.0, 0.0, 0.0, 0.0, 0.0, 0.0, 0.0, 0.0, 0.0, 0.0, 0.0, 0.0, 0.0, 0.0, 0.0, 0.0, 0.0, 0.0, 0.0, 0.0, 0.0, 0.0, 0.0]","[1.0, 1.0, 1.0, 1.0, 1.0, 1.0, 1.0, 1.0, 1.0, 1.0, 1.0, 1.0, 1.0, 1.0, 1.0, 1.0, 1.0, 1.0, 1.0, 1.0, 1.0, 1.0, 1.0, 1.0, 1.0, 1.0, 1.0, 1.0, 1.0, 1.0, 1.0, 1.0, 1.0, 1.0, 1.0, 1.0, 1.0, 1.0, 1.0, 1.0, 1.0, 1.0, 1.0, 1.0, 1.0, 1.0, 1.0, 1.0, 1.0, 1.0, 1.0, 1.0, 1.0, 1.0, 1.0, 1.0, 1.0, 1.0, 1.0, 1.0, 1.0, 1.0, 1.0, 1.0, 1.0, 1.0, 1.0, 1.0, 1.0, 0.132, 1.0, 1.0, 1.0, 1.0, 1.0, 1.0, 1.0, 1.0, 1.0, 1.0, 1.0, 1.0, 1.0, 1.0, 1.0, 1.0, 1.0, 1.0, 1.0, 1.0, 1.0, 1.0, 1.0, 1.0, 1.0, 1.0, 1.0, 1.0, 1.0, 1.0, 1.0, 1.0, 1.0, 1.0, 1.0, 1.0, 1.0, 1.0, 1.0, 1.0, 1.0, 1.0, 1.0, 1.0, 1.0, 1.0, 1.0, 1.0, 1.0, 1.0]",120
Airfryer,5,"[1546.7, 1546.7, 1545.8, 1545.2, 1545.2, 1543.9199999999998, 1543.5999999999997, 1543.6, 1543.6, 1543.1999999999998, 1542.0, 1542.0, 1542.0, 1541.7, 1540.8, 1540.5, 1540.1799999999998, 1539.22, 1539.3000000000002, 1538.9, 1537.7, 1537.7, 1537.4, 1536.8666666666668, 1535.8, 1536.9428571428573, 1537.4000000000003, 1537.4000000000003, 1535.8, 1535.8, 1535.8, 1535.5857142857144, 1535.8, 1535.05, 1534.3, 1533.2333333333333, 1533.5, 1533.98, 1532.7, 1531.4142857142856, 1532.4857142857143, 1532.7, 1531.45, 1531.95, 1531.575, 1531.2, 1531.2, 1531.2, 1531.2, 1530.8, 1530.3999999999999, 1530.3999999999999, 1530.1333333333332, 1529.6, 1529.6, 1529.5999999999997, 1529.6, 1530.1333333333332, 1529.9199999999998, 1530.2857142857142, 1531.2, 1530.7428571428572, 1529.8666666666666, 1530.7428571428572, 1529.5999999999997, 1529.6, 1529.6, 1529.0999999999997, 1528.4, 1529.6, 1529.0999999999997, 1528.1, 1527.4571428571428, 1526.9, 1528.1, 1528.1, 1528.0999999999997, 1528.1, 1526.8142857142855, 1526.5999999999997, 1526.6, 1526.6, 1526.28, 1526.3333333333333, 1526.1999999999998, 1526.5999999999997, 1526.5999999999997, 1526.3714285714284, 1526.5999999999997, 1526.6, 1526.6, 1526.5999999999997, 1526.3333333333333, 1525.0, 1526.5999999999997, 1526.6, 1525.457142857143, 1525.0, 1525.0, 1525.0, 1525.0, 1525.0, 1523.7142857142858, 1523.5, 1523.5, 1522.642857142857, 1522.6, 1522.3, 1522.0, 1520.5, 1520.7142857142858, 1521.25, 184.725, 35.54, 35.625, 35.339999999999996, 35.625, 35.5, 35.6, 35.55]","[1546.7, 1546.7, 1545.8, 1545.2, 1545.2, 1543.9199999999998, 1543.5999999999997, 1543.6, 1543.6, 1543.1999999999998, 1542.0, 1542.0, 1542.0, 1541.7, 1540.8, 1540.5, 1540.1799999999998, 1539.22, 1539.3000000000002, 1538.9, 1537.7, 1537.7, 1537.4, 1536.8666666666668, 1535.8, 1536.9428571428573, 1537.4000000000003, 1537.4000000000003, 1535.8, 1535.8, 1535.8, 1535.5857142857144, 1535.8, 1535.05, 1534.3, 1533.2333333333333, 1533.5, 1533.98, 1532.7, 1531.4142857142856, 1532.4857142857143, 1532.7, 1531.45, 1531.95, 1531.575, 1531.2, 1531.2, 1531.2, 1531.2, 1530.8, 1530.3999999999999, 1530.3999999999999, 1530.1333333333332, 1529.6, 1529.6, 1529.5999999999997, 1529.6, 1530.1333333333332, 1529.9199999999998, 1530.2857142857142, 1531.2, 1530.7428571428572, 1529.8666666666666, 1530.7428571428572, 1529.5999999999997, 1529.6, 1529.6, 1529.0999999999997, 1528.4, 1529.6, 1529.0999999999997, 1528.1, 1527.4571428571428, 1526.9, 1528.1, 1528.1, 1528.0999999999997, 1528.1, 1526.8142857142855, 1526.5999999999997, 1526.6, 1526.6, 1526.28, 1526.3333333333333, 1526.1999999999998, 1526.5999999999997, 1526.5999999999997, 1526.3714285714284, 1526.5999999999997, 1526.6, 1526.6, 1526.5999999999997, 1526.3333333333333, 1525.0, 1526.5999999999997, 1526.6, 1525.457142857143, 1525.0, 1525.0, 1525.0, 1525.0, 1525.0, 1523.7142857142858, 1523.5, 1523.5, 1522.642857142857, 1522.6, 1522.3, 1522.0, 1520.5, 1520.7142857142858, 1521.25, 320.3325, 35.54, 35.625, 35.339999999999996, 35.625, 35.5, 35.6, 35.55]","[0.0, 0.0, 0.0, 0.0, 0.0, 0.0, 0.0, 0.0, 0.0, 0.0, 0.0, 0.0, 0.0, 0.0, 0.0, 0.0, 0.0, 0.0, 0.0, 0.0, 0.0, 0.0, 0.0, 0.0, 0.0, 0.0, 0.0, 0.0, 0.0, 0.0, 0.0, 0.0, 0.0, 0.0, 0.0, 0.0, 0.0, 0.0, 0.0, 0.0, 0.0, 0.0, 0.0, 0.0, 0.0, 0.0, 0.0, 0.0, 0.0, 0.0, 0.0, 0.0, 0.0, 0.0, 0.0, 0.0, 0.0, 0.0, 0.0, 0.0, 0.0, 0.0, 0.0, 0.0, 0.0, 0.0, 0.0, 0.0, 0.0, 0.0, 0.0, 0.0, 0.0, 0.0, 0.0, 0.0, 0.0, 0.0, 0.0, 0.0, 0.0, 0.0, 0.0, 0.0, 0.0, 0.0, 0.0, 0.0, 0.0, 0.0, 0.0, 0.0, 0.0, 0.0, 0.0, 0.0, 0.0, 0.0, 0.0, 0.0, 0.0, 0.0, 0.0, 0.0, 0.0, 0.0, 0.0, 0.0, 0.0, 0.0, 0.0, 0.0, 160.125, 0.0, 0.0, 0.0, 0.0, 0.0, 0.0, 0.0]","[1.0, 1.0, 1.0, 1.0, 1.0, 1.0, 1.0, 1.0, 1.0, 1.0, 1.0, 1.0, 1.0, 1.0, 1.0, 1.0, 1.0, 1.0, 1.0, 1.0, 1.0, 1.0, 1.0, 1.0, 1.0, 1.0, 1.0, 1.0, 1.0, 1.0, 1.0, 1.0, 1.0, 1.0, 1.0, 1.0, 1.0, 1.0, 1.0, 1.0, 1.0, 1.0, 1.0, 1.0, 1.0, 1.0, 1.0, 1.0, 1.0, 1.0, 1.0, 1.0, 1.0, 1.0, 1.0, 1.0, 1.0, 1.0, 1.0, 1.0, 1.0, 1.0, 1.0, 1.0, 1.0, 1.0, 1.0, 1.0, 1.0, 1.0, 1.0, 1.0, 1.0, 1.0, 1.0, 1.0, 1.0, 1.0, 1.0, 1.0, 1.0, 1.0, 1.0, 1.0, 1.0, 1.0, 1.0, 1.0, 1.0, 1.0, 1.0, 1.0, 1.0, 1.0, 1.0, 1.0, 1.0, 1.0, 1.0, 1.0, 1.0, 1.0, 1.0, 1.0, 1.0, 1.0, 1.0, 1.0, 1.0, 1.0, 1.0, 1.0, 0.37, 1.0, 1.0, 1.0, 1.0, 1.0, 1.0, 1.0]",120
Kettle,1,"[0.0, 0.0, 0.0, 0.0, 0.0, 0.0, 0.0, 0.0, 0.0, 0.0, 0.0, 0.0, 0.0, 0.0, 0.0, 0.0, 0.0, 0.0, 0.0, 0.0, 0.0, 0.0, 0.0, 0.0, 0.0, 0.0, 0.0, 0.0, 0.0, 0.0, 0.0, 0.0, 0.0, 0.0, 0.0, 0.0, 0.0, 0.0, 0.0, 0.0, 0.0, 0.0, 0.0, 0.0, 0.0, 0.0, 0.0, 0.0, 0.0, 0.0, 0.0, 0.0, 0.0, 0.0, 0.0, 0.0, 0.0, 0.0, 0.0, 0.0, 0.0, 0.0, 0.0, 0.0, 0.0, 0.0, 0.0, 0.0, 0.0, 0.0, 0.0, 0.0, 0.0, 0.0, 0.0, 0.0, 0.0, 0.0, 0.0, 0.0, 0.0, 0.0, 0.0, 0.0, 0.0, 0.0, 0.0, 0.0, 0.0, 0.0, 0.0, 0.0, 0.0, 0.0, 0.0, 0.0, 0.0, 0.0, 0.0, 0.0, 0.0, 0.0, 0.0, 0.0, 0.0, 0.0, 0.0, 0.0, 0.0, 0.0, 0.0, 0.0, 0.0, 0.0, 0.0, 0.0, 0.0, 0.0, 0.0, 0.0]","[0.0, 0.0, 0.0, 0.0, 0.0, 0.0, 0.0, 0.0, 0.0, 0.0, 0.0, 0.0, 0.0, 0.0, 0.0, 0.0, 0.0, 0.0, 0.0, 0.0, 0.0, 0.0, 0.0, 0.0, 0.0, 0.0, 0.0, 0.0, 0.0, 0.0, 0.0, 0.0, 0.0, 0.0, 0.0, 0.0, 0.0, 0.0, 0.0, 0.0, 0.0, 0.0, 0.0, 0.0, 0.0, 0.0, 0.0, 0.0, 0.0, 0.0, 0.0, 0.0, 0.0, 0.0, 0.0, 0.0, 0.0, 0.0, 0.0, 0.0, 0.0, 0.0, 0.0, 0.0, 0.0, 0.0, 0.0, 0.0, 0.0, 0.0, 0.0, 0.0, 0.0, 0.0, 0.0, 0.0, 0.0, 0.0, 0.0, 0.0, 0.0, 0.0, 0.0, 0.0, 0.0, 0.0, 0.0, 0.0, 0.0, 0.0, 0.0, 0.0, 0.0, 0.0, 0.0, 0.0, 0.0, 0.0, 0.0, 0.0, 0.0, 0.0, 0.0, 0.0, 0.0, 0.0, 0.0, 0.0, 0.0, 0.0, 0.0, 0.0, 0.0, 0.0, 0.0, 0.0, 0.0, 0.0, 0.0, 0.0]","[0.0, 0.0, 0.0, 0.0, 0.0, 0.0, 0.0, 0.0, 0.0, 0.0, 0.0, 0.0, 0.0, 0.0, 0.0, 0.0, 0.0, 0.0, 0.0, 0.0, 0.0, 0.0, 0.0, 0.0, 0.0, 0.0, 0.0, 0.0, 0.0, 0.0, 0.0, 0.0, 0.0, 0.0, 0.0, 0.0, 0.0, 0.0, 0.0, 0.0, 0.0, 0.0, 0.0, 0.0, 0.0, 0.0, 0.0, 0.0, 0.0, 0.0, 0.0, 0.0, 0.0, 0.0, 0.0, 0.0, 0.0, 0.0, 0.0, 0.0, 0.0, 0.0, 0.0, 0.0, 0.0, 0.0, 0.0, 0.0, 0.0, 0.0, 0.0, 0.0, 0.0, 0.0, 0.0, 0.0, 0.0, 0.0, 0.0, 0.0, 0.0, 0.0, 0.0, 0.0, 0.0, 0.0, 0.0, 0.0, 0.0, 0.0, 0.0, 0.0, 0.0, 0.0, 0.0, 0.0, 0.0, 0.0, 0.0, 0.0, 0.0, 0.0, 0.0, 0.0, 0.0, 0.0, 0.0, 0.0, 0.0, 0.0, 0.0, 0.0, 0.0, 0.0, 0.0, 0.0, 0.0, 0.0, 0.0, 0.0]","[0.0, 0.0, 0.0, 0.0, 0.0, 0.0, 0.0, 0.0, 0.0, 0.0, 0.0, 0.0, 0.0, 0.0, 0.0, 0.0, 0.0, 0.0, 0.0, 0.0, 0.0, 0.0, 0.0, 0.0, 0.0, 0.0, 0.0, 0.0, 0.0, 0.0, 0.0, 0.0, 0.0, 0.0, 0.0, 0.0, 0.0, 0.0, 0.0, 0.0, 0.0, 0.0, 0.0, 0.0, 0.0, 0.0, 0.0, 0.0, 0.0, 0.0, 0.0, 0.0, 0.0, 0.0, 0.0, 0.0, 0.0, 0.0, 0.0, 0.0, 0.0, 0.0, 0.0, 0.0, 0.0, 0.0, 0.0, 0.0, 0.0, 0.0, 0.0, 0.0, 0.0, 0.0, 0.0, 0.0, 0.0, 0.0, 0.0, 0.0, 0.0, 0.0, 0.0, 0.0, 0.0, 0.0, 0.0, 0.0, 0.0, 0.0, 0.0, 0.0, 0.0, 0.0, 0.0, 0.0, 0.0, 0.0, 0.0, 0.0, 0.0, 0.0, 0.0, 0.0, 0.0, 0.0, 0.0, 0.0, 0.0, 0.0, 0.0, 0.0, 0.0, 0.0, 0.0, 0.0, 0.0, 0.0, 0.0, 0.0]",120
Kettle,2,"[2117.3, 2116.8, 2117.6571428571433, 2116.8, 2116.8, 2117.3, 2116.8, 2116.8, 2114.7285714285713, 2115.1428571428573, 2116.8, 2116.8, 2118.8, 2118.514285714286, 2118.514285714286, 2116.8, 2116.8, 2116.8, 2116.8, 2116.8, 2116.8, 2116.8, 2116.8, 2116.8, 2116.8, 2114.3833333333337, 2116.316666666667, 2116.8, 2116.8, 2116.8, 2115.9714285714285, 2116.8, 2116.8, 2116.316666666667, 2113.0714285714284, 2113.9, 2113.9, 2114.7285714285713, 2115.35, 2117.2285714285717, 2115.35, 924.25, 39.9, 33.25, 0.0, 0.0, 0.0, 0.0, 0.0, 0.0, 0.0, 0.0, 0.0, 0.0, 0.0, 0.0, 0.0, 0.0, 0.0, 0.0, 0.0, 0.0, 0.0, 0.0, 0.0, 0.0, 0.0, 0.0, 0.0, 0.0, 0.0, 0.0, 0.0, 0.0, 0.0, 0.0, 0.0, 0.0, 0.0, 0.0, 0.0, 0.0, 0.0, 0.0, 0.0, 0.0, 0.0, 0.0, 0.0, 0.0, 0.0, 0.0, 0.0, 0.0, 0.0, 0.0, 0.0, 0.0, 0.0, 0.0, 0.0, 0.0, 0.0, 0.0, 0.0, 0.0, 0.0, 0.0, 0.0, 0.0, 0.0, 0.0, 0.0, 0.0, 0.0, 0.0, 0.0, 0.0, 0.0, 0.0]","[2117.3, 2116.8, 2117.6571428571433, 2116.8, 2116.8, 2117.3, 2116.8, 2116.8, 2114.7285714285713, 2115.1428571428573, 2116.8, 2116.8, 2118.8, 2118.514285714286, 2118.514285714286, 2116.8, 2116.8, 2116.8, 2116.8, 2116.8, 2116.8, 2116.8, 2116.8, 2116.8, 2116.8, 2114.3833333333337, 2116.316666666667, 2116.8, 2116.8, 2116.8, 2115.9714285714285, 2116.8, 2116.8, 2116.316666666667, 2113.0714285714284, 2113.9, 2113.9, 2114.7285714285713, 2115.35, 2117.2285714285717, 2115.35, 1059.25, 304.39142857142855, 254.11666666666667, 0.0, 0.0, 0.0, 0.0, 0.0, 0.0, 0.0, 0.0, 0.0, 0.0, 0.0, 0.0, 0.0, 0.0, 0.0, 0.0, 0.0, 0.0, 0.0, 0.0, 0.0, 0.0, 0.0, 0.0, 0.0, 0.0, 0.0, 0.0, 0.0, 0.0, 0.0, 0.0, 0.0, 0.0, 0.0, 0.0, 0.0, 0.0, 0.0, 0.0, 0.0, 0.0, 0.0, 0.0, 0.0, 0.0, 0.0, 0.0, 0.0, 0.0, 0.0, 0.0, 0.0, 0.0, 0.0, 0.0, 0.0, 0.0, 0.0, 0.0, 0.0, 0.0, 0.0, 0.0, 0.0, 0.0, 0.0, 0.0, 0.0, 0.0, 0.0, 0.0, 0.0, 0.0, 0.0, 0.0]","[0.0, 0.0, 0.0, 0.0, 0.0, 0.0, 0.0, 0.0, 0.0, 0.0, 0.0, 0.0, 0.0, 0.0, 0.0, 0.0, 0.0, 0.0, 0.0, 0.0, 0.0, 0.0, 0.0, 0.0, 0.0, 0.0, 0.0, 0.0, 0.0, 0.0, 0.0, 0.0, 0.0, 0.0, 0.0, 0.0, 0.0, 0.0, 0.0, 0.0, 0.0, 149.7, 301.74285714285713, 251.91666666666666, 0.0, 0.0, 0.0, 0.0, 0.0, 0.0, 0.0, 0.0, 0.0, 0.0, 0.0, 0.0, 0.0, 0.0, 0.0, 0.0, 0.0, 0.0, 0.0, 0.0, 0.0, 0.0, 0.0, 0.0, 0.0, 0.0, 0.0, 0.0, 0.0, 0.0, 0.0, 0.0, 0.0, 0.0, 0.0, 0.0, 0.0, 0.0, 0.0, 0.0, 0.0, 0.0, 0.0, 0.0, 0.0, 0.0, 0.0, 0.0, 0.0, 0.0, 0.0, 0.0, 0.0, 0.0, 0.0, 0.0, 0.0, 0.0, 0.0, 0.0, 0.0, 0.0, 0.0, 0.0, 0.0, 0.0, 0.0, 0.0, 0.0, 0.0, 0.0, 0.0, 0.0, 0.0, 0.0, 0.0]","[1.0, 1.0, 1.0, 1.0, 1.0, 1.0, 1.0, 1.0, 1.0, 1.0, 1.0, 1.0, 1.0, 1.0, 1.0, 1.0, 1.0, 1.0, 1.0, 1.0, 1.0, 1.0, 1.0, 1.0, 1.0, 1.0, 1.0, 1.0, 1.0, 1.0, 1.0, 1.0, 1.0, 1.0, 1.0, 1.0, 1.0, 1.0, 1.0, 1.0, 1.0, 0.5516666666666666, 0.13, 0.10833333333333334, 0.0, 0.0, 0.0, 0.0, 0.0, 0.0, 0.0, 0.0, 0.0, 0.0, 0.0, 0.0, 0.0, 0.0, 0.0, 0.0, 0.0, 0.0, 0.0, 0.0, 0.0, 0.0, 0.0, 0.0, 0.0, 0.0, 0.0, 0.0, 0.0, 0.0, 0.0, 0.0, 0.0, 0.0, 0.0, 0.0, 0.0, 0.0, 0.0, 0.0, 0.0, 0.0, 0.0, 0.0, 0.0, 0.0, 0.0, 0.0, 0.0, 0.0, 0.0, 0.0, 0.0, 0.0, 0.0, 0.0, 0.0, 0.0, 0.0, 0.0, 0.0, 0.0, 0.0, 0.0, 0.0, 0.0, 0.0, 0.0, 0.0, 0.0, 0.0, 0.0, 0.0, 0.0, 0.0, 0.0]",120
Kettle,3,"[2121.54, 2122.7, 2120.766666666667, 2119.8, 2119.8, 2118.8, 2118.514285714286, 2118.8, 2119.8, 2118.8, 2116.8, 2116.8, 2116.8, 2114.7285714285713, 2112.9333333333334, 2113.9, 2114.866666666667, 2113.9, 2112.2428571428572, 2111.0, 2111.828571428571, 2113.9, 2113.9, 2113.9, 2113.9, 2113.32, 2113.9, 2113.9, 2115.9714285714285, 2119.8, 2119.8, 2117.3, 2116.8, 2117.6571428571433, 2116.8, 2116.8, 2117.3, 2116.8, 2116.8, 2114.7285714285713, 2115.1428571428573, 2116.8, 2116.8, 2118.8, 2118.514285714286, 2118.514285714286, 2116.8, 2116.8, 2116.8, 2116.8, 2116.8, 2116.8, 2116.8, 2116.8, 2116.8, 2116.8, 2114.3833333333337, 2116.316666666667, 2116.8, 2116.8, 2116.8, 2115.9714285714285, 2116.8, 2116.8, 2116.316666666667, 2113.0714285714284, 2113.9, 2113.9, 2114.7285714285713, 2115.35, 2117.2285714285717, 2115.35, 924.25, 39.9, 33.25, 0.0, 0.0, 0.0, 0.0, 0.0, 0.0, 0.0, 0.0, 0.0, 0.0, 0.0, 0.0, 0.0, 0.0, 0.0, 0.0, 0.0, 0.0, 0.0, 0.0, 0.0, 0.0, 0.0, 0.0, 0.0, 0.0, 0.0, 0.0, 0.0, 0.0, 0.0, 0.0, 0.0, 0.0, 0.0, 0.0, 0.0, 0.0, 0.0, 0.0, 0.0, 0.0, 0.0, 0.0, 0.0]","[2121.54, 2122.7, 2120.766666666667, 2119.8, 2119.8, 2118.8, 2118.514285714286, 2118.8, 2119.8, 2118.8, 2116.8, 2116.8, 2116.8, 2114.7285714285713, 2112.9333333333334, 2113.9, 2114.866666666667, 2113.9, 2112.2428571428572, 2111.0, 2111.828571428571, 2113.9, 2113.9, 2113.9, 2113.9, 2113.32, 2113.9, 2113.9, 2115.9714285714285, 2119.8, 2119.8, 2117.3, 2116.8, 2117.6571428571433, 2116.8, 2116.8, 2117.3, 2116.8, 2116.8, 2114.7285714285713, 2115.1428571428573, 2116.8, 2116.8, 2118.8, 2118.514285714286, 2118.514285714286, 2116.8, 2116.8, 2116.8, 2116.8, 2116.8, 2116.8, 2116.8, 2116.8, 2116.8, 2116.8, 2114.3833333333337, 2116.316666666667, 2116.8, 2116.8, 2116.8, 2115.9714285714285, 2116.8, 2116.8, 2116.316666666667, 2113.0714285714284, 2113.9, 2113.9, 2114.7285714285713, 2115.35, 2117.2285714285717, 2115.35, 1059.25, 304.39142857142855, 254.11666666666667, 0.0, 0.0, 0.0, 0.0, 0.0, 0.0, 0.0, 0.0, 0.0, 0.0, 0.0, 0.0, 0.0, 0.0, 0.0, 0.0, 0.0, 0.0, 0.0, 0.0, 0.0, 0.0, 0.0, 0.0, 0.0, 0.0, 0.0, 0.0, 0.0, 0.0, 0.0, 0.0, 0.0, 0.0, 0.0, 0.0, 0.0, 0.0, 0.0, 0.0, 0.0, 0.0, 0.0, 0.0, 0.0]","[0.0, 0.0, 0.0, 0.0, 0.0, 0.0, 0.0, 0.0, 0.0, 0.0, 0.0, 0.0, 0.0, 0.0, 0.0, 0.0, 0.0, 0.0, 0.0, 0.0, 0.0, 0.0, 0.0, 0.0, 0.0, 0.0, 0.0, 0.0, 0.0, 0.0, 0.0, 0.0, 0.0, 0.0, 0.0, 0.0, 0.0, 0.0, 0.0, 0.0, 0.0, 0.0, 0.0, 0.0, 0.0, 0.0, 0.0, 0.0, 0.0, 0.0, 0.0, 0.0, 0.0, 0.0, 0.0, 0.0, 0.0, 0.0, 0.0, 0.0, 0.0, 0.0, 0.0, 0.0, 0.0, 0.0, 0.0, 0.0, 0.0, 0.0, 0.0, 0.0, 149.7, 301.74285714285713, 251.91666666666666, 0.0, 0.0, 0.0, 0.0, 0.0, 0.0, 0.0, 0.0, 0.0, 0.0, 0.0, 0.0, 0.0, 0.0, 0.0, 0.0, 0.0, 0.0, 0.0, 0.0, 0.0, 0.0, 0.0, 0.0, 0.0, 0.0, 0.0, 0.0, 0.0, 0.0, 0.0, 0.0, 0.0, 0.0, 0.0, 0.0, 0.0, 0.0, 0.0, 0.0, 0.0, 0.0, 0.0, 0.0, 0.0]","[1.0, 1.0, 1.0, 1.0, 1.0, 1.0, 1.0, 1.0, 1.0, 1.0, 1.0, 1.0, 1.0, 1.0, 1.0, 1.0, 1.0, 1.0, 1.0, 1.0, 1.0, 1.0, 1.0, 1.0, 1.0, 1.0, 1.0, 1.0, 1.0, 1.0, 1.0, 1.0, 1.0, 1.0, 1.0, 1.0, 1.0, 1.0, 1.0, 1.0, 1.0, 1.0, 1.0, 1.0, 1.0, 1.0, 1.0, 1.0, 1.0, 1.0, 1.0, 1.0, 1.0, 1.0, 1.0, 1.0, 1.0, 1.0, 1.0, 1.0, 1.0, 1.0, 1.0, 1.0, 1.0, 1.0, 1.0, 1.0, 1.0, 1.0, 1.0, 1.0, 0.5516666666666666, 0.13, 0.10833333333333334, 0.0, 0.0, 0.0, 0.0, 0.0, 0.0, 0.0, 0.0, 0.0, 0.0, 0.0, 0.0, 0.0, 0.0, 0.0, 0.0, 0.0, 0.0, 0.0, 0.0, 0.0, 0.0, 0.0, 0.0, 0.0, 0.0, 0.0, 0.0, 0.0, 0.0, 0.0, 0.0, 0.0, 0.0, 0.0, 0.0, 0.0, 0.0, 0.0, 0.0, 0.0, 0.0, 0.0, 0.0, 0.0]",120
Kettle,4,"[2119.8, 2118.8, 2119.8, 2117.8, 2116.8, 2116.8, 2116.8, 2119.8, 2119.8, 2119.8, 2119.8, 2119.8, 2119.8, 2118.514285714286, 2116.0750000000003, 2116.8, 2116.8, 2118.3, 2119.8, 2119.8, 2119.8, 2119.8, 2117.55, 2117.6571428571433, 2119.05, 2116.8, 2118.9428571428575, 2119.8, 2119.8, 2117.55, 2116.8, 2117.442857142857, 2118.0857142857144, 2119.8, 2119.371428571429, 2117.8, 2116.8, 2119.05, 2119.8, 2119.8, 2119.8, 2119.8, 2118.3250000000003, 2116.8, 2116.8, 2116.8, 2116.8, 2116.8, 2116.8, 2116.8, 2116.8, 2116.8, 2117.6571428571433, 2118.514285714286, 2116.8, 2116.8, 2119.8, 2119.8, 2119.7833333333333, 2119.8, 2119.8, 2118.9428571428575, 2119.8, 2119.8, 2119.8, 2119.8, 2119.8, 2119.8, 2119.8, 2117.925, 2119.3, 2119.8, 2119.8, 2119.8, 2119.8, 2119.8, 2119.8, 2118.514285714286, 2118.0857142857144, 2119.8, 2118.9428571428575, 2117.3, 2119.8, 2119.8, 2119.8, 2119.8, 2119.8, 2119.8, 2119.8, 2119.8, 2119.8, 2119.8, 2119.8, 2116.8, 2116.8, 2119.371428571429, 2119.8, 2119.8, 2119.8, 2119.8, 2119.8, 2119.8, 2119.8, 2119.8, 2119.8, 2119.8, 2119.8, 2119.8, 2119.8, 2119.8, 2119.8, 2119.8, 2119.8, 2119.8, 2119.8, 2119.8, 2119.8, 2119.8, 2119.8, 890.0400000000002]","[2119.8, 2118.8, 2119.8, 2117.8, 2116.8, 2116.8, 2116.8, 2119.8, 2119.8, 2119.8, 2119.8, 2119.8, 2119.8, 2118.514285714286, 2116.0750000000003, 2116.8, 2116.8, 2118.3, 2119.8, 2119.8, 2119.8, 2119.8, 2117.55, 2117.6571428571433, 2119.05, 2116.8, 2118.9428571428575, 2119.8, 2119.8, 2117.55, 2116.8, 2117.442857142857, 2118.0857142857144, 2119.8, 2119.371428571429, 2117.8, 2116.8, 2119.05, 2119.8, 2119.8, 2119.8, 2119.8, 2118.3250000000003, 2116.8, 2116.8, 2116.8, 2116.8, 2116.8, 2116.8, 2116.8, 2116.8, 2116.8, 2117.6571428571433, 2118.514285714286, 2116.8, 2116.8, 2119.8, 2119.8, 2119.7833333333333, 2119.8, 2119.8, 2118.9428571428575, 2119.8, 2119.8, 2119.8, 2119.8, 2119.8, 2119.8, 2119.8, 2117.925, 2119.3, 2119.8, 2119.8, 2119.8, 2119.8, 2119.8, 2119.8, 2118.514285714286, 2118.0857142857144, 2119.8, 2118.9428571428575, 2117.3, 2119.8, 2119.8, 2119.8, 2119.8, 2119.8, 2119.8, 2119.8, 2119.8, 2119.8, 2119.8, 2119.8, 2116.8, 2116.8, 2119.371428571429, 2119.8, 2119.8, 2119.8, 2119.8, 2119.8, 2119.8, 2119.8, 2119.8, 2119.8, 2119.8, 2119.8, 2119.8, 2119.8, 2119.8, 2119.8, 2119.8, 2119.8, 2119.8, 2119.8, 2119.8, 2119.8, 2119.8, 2119.8, 1029.6200000000001]","[0.0, 0.0, 0.0, 0.0, 0.0, 0.0, 0.0, 0.0, 0.0, 0.0, 0.0, 0.0, 0.0, 0.0, 0.0, 0.0, 0.0, 0.0, 0.0, 0.0, 0.0, 0.0, 0.0, 0.0, 0.0, 0.0, 0.0, 0.0, 0.0, 0.0, 0.0, 0.0, 0.0, 0.0, 0.0, 0.0, 0.0, 0.0, 0.0, 0.0, 0.0, 0.0, 0.0, 0.0, 0.0, 0.0, 0.0, 0.0, 0.0, 0.0, 0.0, 0.0, 0.0, 0.0, 0.0, 0.0, 0.0, 0.0, 0.0, 0.0, 0.0, 0.0, 0.0, 0.0, 0.0, 0.0, 0.0, 0.0, 0.0, 0.0, 0.0, 0.0, 0.0, 0.0, 0.0, 0.0, 0.0, 0.0, 0.0, 0.0, 0.0, 0.0, 0.0, 0.0, 0.0, 0.0, 0.0, 0.0, 0.0, 0.0, 0.0, 0.0, 0.0, 0.0, 0.0, 0.0, 0.0, 0.0, 0.0, 0.0, 0.0, 0.0, 0.0, 0.0, 0.0, 0.0, 0.0, 0.0, 0.0, 0.0, 0.0, 0.0, 0.0, 0.0, 0.0, 0.0, 0.0, 0.0, 0.0, 176.45999999999998]","[1.0, 1.0, 1.0, 1.0, 1.0, 1.0, 1.0, 1.0, 1.0, 1.0, 1.0, 1.0, 1.0, 1.0, 1.0, 1.0, 1.0, 1.0, 1.0, 1.0, 1.0, 1.0, 1.0, 1.0, 1.0, 1.0, 1.0, 1.0, 1.0, 1.0, 1.0, 1.0, 1.0, 1.0, 1.0, 1.0, 1.0, 1.0, 1.0, 1.0, 1.0, 1.0, 1.0, 1.0, 1.0, 1.0, 1.0, 1.0, 1.0, 1.0, 1.0, 1.0, 1.0, 1.0, 1.0, 1.0, 1.0, 1.0, 1.0, 1.0, 1.0, 1.0, 1.0, 1.0, 1.0, 1.0, 1.0, 1.0, 1.0, 1.0, 1.0, 1.0, 1.0, 1.0, 1.0, 1.0, 1.0, 1.0, 1.0, 1.0, 1.0, 1.0, 1.0, 1.0, 1.0, 1.0, 1.0, 1.0, 1.0, 1.0, 1.0, 1.0, 1.0, 1.0, 1.0, 1.0, 1.0, 1.0, 1.0, 1.0, 1.0, 1.0, 1.0, 1.0, 1.0, 1.0, 1.0, 1.0, 1.0, 1.0, 1.0, 1.0, 1.0, 1.0, 1.0, 1.0, 1.0, 1.0, 1.0, 0.538]",120
Kettle,5,"[307.54285714285714, 2152.8, 2150.733333333333, 2146.7, 2142.6666666666665, 2140.6, 2137.6, 2136.1, 2133.633333333333, 2131.7, 2131.7, 2128.7, 2128.7, 2128.7, 2128.7, 2128.7, 2128.7, 2125.7, 2125.7, 2125.7, 2125.7, 2125.7, 2122.7, 2122.7, 2122.7, 2122.7, 2122.7, 2122.7, 2122.7, 2122.7, 2122.7, 2122.7, 2122.7, 2122.7, 2122.7, 2122.7, 2122.7, 2122.7, 2122.7, 2122.7, 2122.2166666666667, 2122.7, 2121.871428571428, 2122.7, 2122.7, 2122.7, 2122.7, 2122.7, 2122.7, 2122.7, 2122.7, 2122.285714285714, 2122.7, 2122.7, 2122.7, 2122.7, 2122.7, 2122.7, 2122.7, 2122.7, 2122.7, 2122.7, 2122.7, 2121.457142857143, 2120.628571428572, 2119.8, 2120.2142857142862, 2120.628571428572, 2121.733333333333, 2122.7, 2121.54, 2122.12, 2121.871428571428, 2121.871428571428, 2121.871428571428, 2122.7, 2122.7, 2122.7, 2121.457142857143, 2121.975, 2121.975, 2122.7, 2121.457142857143, 2120.628571428572, 2122.7, 2122.7, 2122.7, 2122.7, 2122.7, 2122.7, 2122.7, 2122.7, 2122.7, 2122.7, 2122.7, 2122.7, 2122.7, 2122.7, 2122.7, 2122.7, 2122.7, 2122.7, 2122.7, 2122.7, 2122.7, 2122.7, 2122.7, 2122.7, 2122.7, 2122.7, 2122.7, 2122.7, 2122.7, 2121.871428571428, 2122.285714285714, 2122.7, 2121.54, 2119.8, 2120.214285714286, 2119.8]","[307.54285714285714, 2152.8, 2150.733333333333, 2146.7, 2142.6666666666665, 2140.6, 2137.6, 2136.1, 2133.633333333333, 2131.7, 2131.7, 2128.7, 2128.7, 2128.7, 2128.7, 2128.7, 2128.7, 2125.7, 2125.7, 2125.7, 2125.7, 2125.7, 2122.7, 2122.7, 2122.7, 2122.7, 2122.7, 2122.7, 2122.7, 2122.7, 2122.7, 2122.7, 2122.7, 2122.7, 2122.7, 2122.7, 2122.7, 2122.7, 2122.7, 2122.7, 2122.2166666666667, 2122.7, 2121.871428571428, 2122.7, 2122.7, 2122.7, 2122.7, 2122.7, 2122.7, 2122.7, 2122.7, 2122.285714285714, 2122.7, 2122.7, 2122.7, 2122.7, 2122.7, 2122.7, 2122.7, 2122.7, 2122.7, 2122.7, 2122.7, 2121.457142857143, 2120.628571428572, 2119.8, 2120.2142857142862, 2120.628571428572, 2121.733333333333, 2122.7, 2121.54, 2122.12, 2121.871428571428, 2121.871428571428, 2121.871428571428, 2122.7, 2122.7, 2122.7, 2121.457142857143, 2121.975, 2121.975, 2122.7, 2121.457142857143, 2120.628571428572, 2122.7, 2122.7, 2122.7, 2122.7, 2122.7, 2122.7, 2122.7, 2122.7, 2122.7, 2122.7, 2122.7, 2122.7, 2122.7, 2122.7, 2122.7, 2122.7, 2122.7, 2122.7, 2122.7, 2122.7, 2122.7, 2122.7, 2122.7, 2122.7, 2122.7, 2122.7, 2122.7, 2122.7, 2122.7, 2121.871428571428, 2122.285714285714, 2122.7, 2121.54, 2119.8, 2120.214285714286, 2119.8]","[0.0, 0.0, 0.0, 0.0, 0.0, 0.0, 0.0, 0.0, 0.0, 0.0, 0.0, 0.0, 0.0, 0.0, 0.0, 0.0, 0.0, 0.0, 0.0, 0.0, 0.0, 0.0, 0.0, 0.0, 0.0, 0.0, 0.0, 0.0, 0.0, 0.0, 0.0, 0.0, 0.0, 0.0, 0.0, 0.0, 0.0, 0.0, 0.0, 0.0, 0.0, 0.0, 0.0, 0.0, 0.0, 0.0, 0.0, 0.0, 0.0, 0.0, 0.0, 0.0, 0.0, 0.0, 0.0, 0.0, 0.0, 0.0, 0.0, 0.0, 0.0, 0.0, 0.0, 0.0, 0.0, 0.0, 0.0, 0.0, 0.0, 0.0, 0.0, 0.0, 0.0, 0.0, 0.0, 0.0, 0.0, 0.0, 0.0, 0.0, 0.0, 0.0, 0.0, 0.0, 0.0, 0.0, 0.0, 0.0, 0.0, 0.0, 0.0, 0.0, 0.0, 0.0, 0.0, 0.0, 0.0, 0.0, 0.0, 0.0, 0.0, 0.0, 0.0, 0.0, 0.0, 0.0, 0.0, 0.0, 0.0, 0.0, 0.0, 0.0, 0.0, 0.0, 0.0, 0.0, 0.0, 0.0, 0.0, 0.0]","[0.14285714285714285, 1.0, 1.0, 1.0, 1.0, 1.0, 1.0, 1.0, 1.0, 1.0, 1.0, 1.0, 1.0, 1.0, 1.0, 1.0, 1.0, 1.0, 1.0, 1.0, 1.0, 1.0, 1.0, 1.0, 1.0, 1.0, 1.0, 1.0, 1.0, 1.0, 1.0, 1.0, 1.0, 1.0, 1.0, 1.0, 1.0, 1.0, 1.0, 1.0, 1.0, 1.0, 1.0, 1.0, 1.0, 1.0, 1.0, 1.0, 1.0, 1.0, 1.0, 1.0, 1.0, 1.0, 1.0, 1.0, 1.0, 1.0, 1.0, 1.0, 1.0, 1.0, 1.0, 1.0, 1.0, 1.0, 1.0, 1.0, 1.0, 1.0, 1.0, 1.0, 1.0, 1.0, 1.0, 1.0, 1.0, 1.0, 1.0, 1.0, 1.0, 1.0, 1.0, 1.0, 1.0, 1.0, 1.0, 1.0, 1.0, 1.0, 1.0, 1.0, 1.0, 1.0, 1.0, 1.0, 1.0, 1.0, 1.0, 1.0, 1.0, 1.0, 1.0, 1.0, 1.0, 1.0, 1.0, 1.0, 1.0, 1.0, 1.0, 1.0, 1.0, 1.0, 1.0, 1.0, 1.0, 1.0, 1.0, 1.0]",120
Microwave,1,"[44.8375, 44.9375, 44.871428571428574, 44.84285714285714, 44.8625, 44.85, 44.9125, 44.92857142857143, 45.0, 44.86666666666667, 44.9875, 127.38571428571429, 308.8875, 1110.8500000000001, 1112.0142857142857, 1109.3666666666666, 1104.9285714285713, 1103.4428571428573, 1104.2428571428572, 1105.1571428571428, 1102.3, 1103.2142857142858, 1105.8428571428572, 1104.0142857142857, 1101.8428571428572, 1103.6714285714286, 1106.4142857142856, 1106.5666666666666, 1104.2428571428572, 671.8285714285714, 44.9375, 44.87142857142857, 44.75, 44.857142857142854, 44.885714285714286, 44.775, 44.9375, 44.9, 44.800000000000004, 44.699999999999996, 44.76666666666667, 118.05714285714285, 243.47142857142856, 1025.9428571428573, 1104.7, 1102.7571428571428, 1102.4333333333332, 1100.5857142857144, 1098.9857142857143, 1100.8600000000001, 1104.7, 1104.1285714285716, 1101.0428571428572, 1101.5, 1102.3, 1101.8428571428572, 1100.4333333333334, 1101.2714285714285, 1103.4428571428573, 663.1142857142858, 44.875, 44.9, 44.857142857142854, 44.824999999999996, 44.94285714285714, 44.9125, 44.81428571428571, 44.875, 44.94285714285714, 44.82857142857143, 44.8375, 132.68571428571428, 280.9, 1101.4714285714285, 1106.757142857143, 1103.7, 1099.1, 1097.0428571428572, 1099.1000000000001, 1099.5, 1097.0428571428572, 1098.9666666666667, 1100.7, 1099.1, 1097.8428571428572, 1099.7857142857142, 1102.0714285714287, 1100.9666666666667, 1097.5, 662.025, 44.857142857142854, 44.771428571428565, 44.87142857142857, 44.8375, 44.87142857142857, 44.887499999999996, 44.91428571428571, 44.971428571428575, 44.925, 45.0, 44.85, 98.32857142857142, 231.5625, 1011.0833333333334, 1101.7285714285715, 1099.7857142857142, 1099.5571428571427, 1097.3857142857144, 1095.2142857142858, 1097.5, 1099.7857142857142, 1097.5, 1094.3, 1095.1, 1096.357142857143, 1096.1666666666667, 1094.1142857142856, 1095.1, 1097.5, 767.3571428571429]","[742.76125, 53.07375, 53.21999999999999, 53.21999999999999, 53.30625, 53.495000000000005, 53.54, 53.54, 53.54, 53.495000000000005, 53.36375, 130.92285714285714, 723.1075, 1120.5883333333334, 1170.9328571428573, 1166.39, 1163.31, 1156.01, 1156.597142857143, 1155.93, 1154.5916666666667, 1154.5042857142857, 1155.47, 1156.4, 1156.01, 1154.19, 1156.337142857143, 1159.2, 1156.8600000000001, 1156.47, 322.805, 44.87142857142857, 51.182500000000005, 53.21999999999999, 53.21999999999999, 53.22, 53.22, 53.31, 53.31, 53.22, 53.028333333333336, 223.6985714285714, 912.0885714285714, 1101.1085714285714, 1179.607142857143, 1153.53, 1153.53, 1153.53, 1149.6228571428571, 1150.902, 1154.19, 1156.2757142857142, 1157.84, 1152.36, 1152.9471428571428, 1153.73, 1151.8300000000002, 1149.7557142857145, 1151.71, 1151.71, 1158.1599999999999, 527.6871428571428, 53.21999999999999, 53.22, 53.297142857142866, 53.16625, 53.00285714285714, 52.99, 52.99, 52.99, 52.99, 136.16714285714286, 280.9, 1109.757142857143, 1129.35, 1158.75, 1152.887142857143, 1150.4757142857145, 1146.89, 1148.94, 1150.99, 1147.8, 1149.1028571428571, 1152.36, 1148.4514285714286, 1151.3628571428571, 1152.89, 1152.0566666666666, 1152.36, 1146.6924999999999, 1151.59, 52.99, 52.99, 53.22, 53.21999999999999, 53.00125, 53.08, 53.31, 53.31, 53.31, 53.31, 103.0457142857143, 462.85, 1072.6499999999999, 1140.3714285714286, 1154.054285714286, 1151.6200000000001, 1151.4942857142855, 1150.32, 1148.03, 1149.9885714285715, 1150.9199999999998, 1144.8657142857141, 1143.0414285714285, 1144.61, 1145.29, 1144.247142857143, 1140.78, 1142.2966666666666, 1146.4785714285713]","[732.85, 28.2375, 28.62857142857143, 28.657142857142855, 28.775, 29.166666666666668, 29.1625, 29.12857142857143, 29.014285714285712, 29.166666666666668, 28.7, 12.200000000000001, 608.3375, 60.916666666666664, 366.74285714285713, 360.18333333333334, 363.88571428571424, 344.62857142857143, 344.0571428571429, 338.7857142857143, 343.5, 340.25714285714287, 334.9857142857143, 344.11428571428576, 349.7285714285714, 337.7, 336.0, 345.31666666666666, 344.90000000000003, 697.0285714285714, 288.9, 0.0, 21.7625, 28.642857142857142, 28.614285714285717, 28.7625, 28.525, 28.75714285714286, 28.900000000000002, 28.88333333333333, 28.433333333333334, 143.22857142857143, 876.5142857142857, 360.92857142857144, 413.59999999999997, 338.4142857142857, 339.46666666666664, 345.42857142857144, 337.35714285714283, 335.65999999999997, 334.3, 343.2142857142857, 358.15714285714284, 338.6, 337.9428571428571, 342.0857142857143, 340.25, 330.35714285714283, 329.9428571428571, 701.6714285714287, 1157.25, 513.2142857142858, 28.642857142857142, 28.6875, 28.628571428571426, 28.45, 28.3, 28.1875, 28.071428571428573, 28.242857142857144, 28.2375, 12.071428571428571, 0.0, 71.68571428571428, 148.08571428571426, 352.875, 347.9857142857143, 346.4571428571429, 327.5833333333333, 333.3, 348.2285714285714, 331.2166666666667, 329.91428571428565, 346.25714285714287, 337.11428571428576, 340.7142857142857, 338.45714285714286, 339.28333333333336, 351.3, 718.9375, 1150.7, 28.357142857142858, 28.171428571428574, 28.65, 28.599999999999998, 28.1625, 28.314285714285713, 28.614285714285717, 28.674999999999997, 28.557142857142857, 28.8, 16.257142857142856, 319.1, 120.86666666666667, 249.4857142857143, 349.7, 342.31428571428575, 348.81428571428575, 351.7428571428572, 336.8, 335.9714285714286, 346.5333333333333, 336.3, 327.5571428571429, 328.8142857142857, 331.8333333333333, 335.0, 319.57142857142856, 316.6333333333333, 652.2714285714285]","[0.34375, 0.84625, 0.8414285714285714, 0.84, 0.8425, 0.8366666666666666, 0.8374999999999999, 0.84, 0.84, 0.84, 0.8412499999999999, 0.9342857142857143, 0.53875, 0.9916666666666667, 0.95, 0.9499999999999998, 0.95, 0.95, 0.95, 0.96, 0.955, 0.9571428571428571, 0.96, 0.9528571428571428, 0.95, 0.96, 0.9571428571428571, 0.955, 0.9528571428571428, 0.5814285714285713, 0.76, 1.0, 0.88, 0.84, 0.84, 0.84, 0.84375, 0.84, 0.84, 0.84, 0.8450000000000001, 0.8028571428571428, 0.2671428571428572, 0.9271428571428572, 0.9385714285714285, 0.96, 0.9583333333333334, 0.95, 0.9571428571428571, 0.96, 0.96, 0.9542857142857143, 0.95, 0.96, 0.9571428571428571, 0.9542857142857143, 0.9583333333333334, 0.96, 0.96, 0.5757142857142857, 0.04, 0.49857142857142855, 0.84, 0.84, 0.8442857142857143, 0.845, 0.8485714285714285, 0.8474999999999999, 0.85, 0.8471428571428571, 0.8474999999999999, 0.9357142857142857, 1.0, 0.9914285714285713, 0.9785714285714285, 0.95, 0.95, 0.9528571428571428, 0.96, 0.9566666666666667, 0.95, 0.96, 0.96, 0.95, 0.9585714285714285, 0.9571428571428571, 0.9571428571428571, 0.9583333333333334, 0.95, 0.5775, 0.04, 0.8471428571428571, 0.85, 0.8425, 0.8428571428571427, 0.85, 0.8457142857142858, 0.8414285714285714, 0.8425, 0.8442857142857143, 0.84, 0.91, 0.7425, 0.9316666666666666, 0.9642857142857143, 0.9514285714285714, 0.9557142857142856, 0.95, 0.95, 0.96, 0.9557142857142856, 0.9499999999999998, 0.9571428571428571, 0.96, 0.96, 0.96, 0.96, 0.96, 0.96, 0.6699999999999999]",120
Microwave,2,"[1249.0571428571427, 1247.3666666666668, 1250.4666666666665, 1250.3, 1245.8428571428572, 1242.2666666666667, 1244.2, 1246.2, 1244.8428571428572, 1243.7, 1244.5333333333335, 1242.1333333333332, 1237.6, 1237.9333333333332, 1242.3, 1244.5571428571427, 1240.0, 1236.4333333333332, 1237.4571428571428, 418.63333333333327, 43.957142857142856, 43.871428571428574, 43.84285714285714, 43.9, 43.84285714285714, 43.85, 113.975, 437.9857142857143, 1244.6833333333334, 1234.4571428571428, 1234.4333333333332, 1235.6, 1233.7666666666667, 1233.1, 1234.3142857142855, 1232.2666666666667, 1229.2666666666667, 1228.7666666666667, 1233.742857142857, 1236.1, 1232.2666666666667, 1228.2666666666667, 1230.1, 1232.4333333333332, 1230.4571428571428, 1228.9333333333332, 1230.7666666666667, 1229.9333333333332, 1226.4333333333332, 474.19999999999993, 44.01428571428572, 44.03333333333333, 44.05714285714286, 44.028571428571425, 44.2, 44.13333333333333, 124.14285714285714, 335.64285714285717, 1237.1, 1229.2, 1223.2, 1221.5571428571427, 1222.5333333333335, 1223.4142857142856, 1219.7333333333333, 1218.6333333333332, 1220.0333333333335, 1220.3666666666668, 1217.3333333333333, 1216.4285714285713, 1219.55, 1218.4666666666665, 1217.3, 1216.8, 1217.6571428571428, 1217.8, 1214.5666666666668, 1213.2333333333333, 1212.3857142857144, 408.06666666666666, 44.028571428571425, 44.1, 44.1, 44.15714285714286, 44.0, 44.07142857142857, 95.75, 398.7142857142857, 1216.7, 1208.4666666666665, 1207.6499999999999, 1207.3500000000001, 1204.95, 1204.8, 1204.8714285714286, 1205.1333333333332, 1202.75, 1201.0714285714287, 1203.0666666666668, 1203.0666666666668, 1201.3166666666666, 1200.5, 1201.5, 1200.8333333333333, 1198.7714285714285, 1197.7, 1198.6, 1198.45, 1196.0, 380.1666666666667, 44.0125, 43.86666666666667, 43.92857142857143, 44.01666666666667, 43.98571428571428, 43.971428571428575, 65.78571428571429, 211.4857142857143, 1100.6000000000001, 1195.3333333333333]","[1345.3871428571426, 1336.1833333333334, 1337.165, 1340.94, 1338.9328571428573, 1336.5283333333334, 1330.1266666666668, 1331.0049999999999, 1333.47, 1330.34, 1330.34, 1330.34, 1325.5399999999997, 1323.6933333333334, 1324.06, 1328.0314285714285, 1331.01, 1320.8733333333332, 1322.84, 1327.9466666666667, 965.3171428571429, 52.36, 52.36, 52.36, 52.36, 52.36, 118.10499999999999, 437.9857142857143, 1355.6566666666665, 1333.8885714285716, 1316.22, 1318.2783333333334, 1318.2783333333334, 1316.22, 1316.6085714285714, 1316.9, 1312.36, 1313.3366666666668, 1312.7271428571428, 1319.7216666666666, 1318.3, 1311.89, 1310.4950000000001, 1312.22, 1313.73, 1311.93, 1308.5766666666666, 1309.8583333333333, 1309.0733333333333, 1308.3185714285714, 954.4414285714286, 52.32, 52.385714285714286, 52.55, 52.55, 52.54999999999999, 127.97142857142856, 335.64285714285717, 1319.2166666666665, 1324.52, 1305.86, 1301.8771428571429, 1295.04, 1299.182857142857, 1299.23, 1294.4366666666667, 1293.67, 1296.1583333333333, 1297.1, 1294.7857142857142, 1293.05, 1295.97, 1293.385, 1290.8, 1292.1542857142856, 1292.38, 1292.38, 1288.8950000000002, 1285.41, 1288.4633333333334, 1300.3799999999999, 52.49333333333333, 52.410000000000004, 52.410000000000004, 52.410000000000004, 52.38428571428572, 164.51333333333332, 509.0142857142857, 1294.1499999999999, 1294.8483333333334, 1277.99, 1278.7366666666667, 1279.11, 1274.62, 1275.1, 1274.2266666666667, 1270.93, 1271.277142857143, 1269.67, 1272.2166666666667, 1273.49, 1268.34, 1270.9814285714285, 1271.37, 1269.432857142857, 1268.81, 1265.905, 1265.7, 1268.548, 1265.6566666666668, 1273.14, 52.175000000000004, 52.1, 52.1, 52.1, 52.332857142857144, 73.00857142857141, 211.4857142857143, 1159.2033333333331, 1285.5800000000002]","[499.90000000000003, 479.0333333333333, 473.59999999999997, 484.6166666666666, 490.5, 492.95, 470.31666666666666, 467.5, 478.0285714285714, 472.2, 470.03333333333336, 476.3, 474.7285714285714, 468.7, 458.0833333333333, 463.2857142857143, 483.68, 464.6666666666667, 467.57142857142856, 1092.0166666666667, 958.0142857142856, 28.557142857142857, 28.599999999999998, 28.52857142857143, 28.614285714285717, 28.6, 14.1, 0.0, 537.1333333333333, 504.0571428571428, 456.75, 459.51666666666665, 464.40000000000003, 460.34999999999997, 458.15714285714284, 464.45, 459.51666666666665, 463.68333333333334, 448.4857142857143, 462.2166666666667, 468.40000000000003, 460.8833333333334, 451.95, 450.6166666666666, 460.2857142857143, 459.23333333333335, 444.5, 450.5333333333333, 457.7166666666667, 1063.9, 947.0285714285714, 28.28333333333333, 28.342857142857145, 28.7, 28.414285714285715, 28.53333333333333, 13.928571428571429, 0.0, 419.3833333333334, 493.36, 457.23333333333335, 450.1714285714285, 427.1666666666667, 437.1142857142857, 447.43333333333334, 436.43333333333334, 430.23333333333335, 436.7, 447.81666666666666, 443.54285714285714, 429.73333333333335, 441.43333333333334, 437.0333333333333, 430.8, 432.42857142857144, 432.68333333333334, 441.65000000000003, 434.93333333333334, 427.0571428571429, 1058.3833333333334, 1299.6, 28.46666666666667, 28.342857142857145, 28.228571428571428, 28.45714285714286, 28.32857142857143, 130.04999999999998, 202.1142857142857, 403.48333333333335, 464.6166666666666, 418.09999999999997, 421.23333333333335, 429.18333333333334, 416.05, 417.3, 413.8833333333334, 410.6333333333334, 416.57142857142856, 405.8, 413.6666666666667, 422.59999999999997, 409.25, 414.5, 417.56666666666666, 417.61428571428576, 418.7833333333333, 407.25, 407.06666666666666, 422.8, 1057.1833333333334, 1272.4, 28.21666666666667, 28.0, 27.866666666666664, 27.9, 28.385714285714283, 24.442857142857143, 0.0, 312.1666666666667, 473.1666666666667]","[0.93, 0.93, 0.935, 0.93, 0.93, 0.93, 0.9333333333333332, 0.935, 0.93, 0.93, 0.9383333333333334, 0.93, 0.9328571428571429, 0.9383333333333334, 0.94, 0.937142857142857, 0.93, 0.9383333333333334, 0.9385714285714285, 0.315, 0.26142857142857145, 0.8371428571428571, 0.8357142857142856, 0.8371428571428571, 0.8371428571428571, 0.8374999999999999, 0.9199999999999999, 1.0, 0.9183333333333333, 0.9285714285714286, 0.94, 0.94, 0.94, 0.94, 0.9400000000000001, 0.94, 0.9383333333333334, 0.9333333333333332, 0.9400000000000001, 0.94, 0.9333333333333332, 0.9383333333333334, 0.94, 0.94, 0.9400000000000001, 0.94, 0.94, 0.94, 0.94, 0.3628571428571429, 0.26142857142857145, 0.8416666666666667, 0.84, 0.84, 0.84, 0.84, 0.9285714285714286, 1.0, 0.9400000000000001, 0.93, 0.94, 0.9400000000000001, 0.9433333333333334, 0.9400000000000001, 0.94, 0.94, 0.94, 0.94, 0.94, 0.9400000000000001, 0.94, 0.94, 0.94, 0.94, 0.9400000000000001, 0.94, 0.94, 0.94, 0.9400000000000001, 0.3133333333333333, 0.03, 0.84, 0.84, 0.8414285714285714, 0.84, 0.84, 0.7316666666666666, 0.7157142857142856, 0.9416666666666668, 0.9316666666666666, 0.945, 0.9416666666666665, 0.94, 0.945, 0.9457142857142856, 0.9466666666666667, 0.9466666666666667, 0.9428571428571428, 0.9499999999999998, 0.9433333333333334, 0.94, 0.9483333333333333, 0.95, 0.9433333333333334, 0.9428571428571428, 0.9416666666666665, 0.9499999999999998, 0.9499999999999998, 0.942, 0.30166666666666664, 0.03, 0.84, 0.84, 0.8450000000000001, 0.8428571428571427, 0.84, 0.8628571428571429, 1.0, 0.9533333333333335, 0.93]",120
Microwave,3,"[1106.3, 1103.5, 1103.1, 1099.3666666666666, 1096.814285714286, 1098.0333333333333, 1101.1000000000001, 1100.4714285714285, 1097.6142857142856, 1098.8714285714284, 1100.7, 1100.242857142857, 1098.4142857142856, 1099.6714285714286, 1100.7, 774.9833333333332, 45.028571428571425, 44.775, 44.875, 44.775, 44.8125, 44.67142857142857, 44.65714285714286, 44.6875, 44.6875, 44.75714285714286, 44.775, 99.11428571428571, 223.24285714285716, 950.2142857142857, 1104.9285714285713, 1100.4714285714285, 1088.5428571428572, 1087.7571428571428, 1088.9, 1088.557142857143, 1085.8999999999999, 1087.5285714285715, 1087.4142857142856, 1086.542857142857, 1084.8857142857144, 1087.9714285714285, 1090.4, 1088.857142857143, 1086.8999999999999, 763.25, 43.628571428571426, 37.6, 26.857142857142858, 0.0, 0.0, 0.0, 0.0, 0.0, 0.0, 0.0, 0.0, 0.0, 0.0, 0.0, 0.0, 0.0, 0.0, 0.0, 0.0, 0.0, 0.0, 0.0, 0.0, 0.0, 0.0, 0.0, 0.0, 0.0, 0.0, 0.0, 0.0, 0.0, 0.0, 0.0, 0.0, 0.0, 0.0, 0.0, 0.0, 0.0, 0.0, 0.0, 0.0, 0.0, 0.0, 0.0, 0.0, 0.0, 0.0, 0.0, 0.0, 0.0, 0.0, 0.0, 0.0, 0.0, 0.0, 0.0, 0.0, 0.0, 0.0, 0.0, 0.0, 0.0, 0.0, 0.0, 0.0, 0.0, 0.0, 0.0, 0.0, 0.0, 0.0, 0.0]","[1137.5514285714287, 1158.99, 1155.81, 1153.305, 1149.6399999999999, 1144.68, 1145.665, 1151.4599999999998, 1149.4942857142858, 1147.15, 1151.25, 1151.25, 1150.0957142857144, 1148.0642857142855, 1150.2785714285715, 1151.25, 994.3328571428572, 52.97625, 53.22, 53.22, 53.22, 53.142857142857146, 53.00714285714286, 52.84375, 52.9, 52.9, 52.9, 103.85714285714286, 586.5085714285715, 1043.4971428571428, 1159.45, 1155.9357142857143, 1145.4728571428573, 1134.1714285714286, 1133.4616666666668, 1135.1457142857143, 1131.91, 1130.56, 1131.01, 1130.4271428571428, 1129.65, 1129.2642857142857, 1132.1133333333335, 1136.63, 1133.9166666666667, 1132.56, 515.3028571428571, 52.57, 37.6, 0.0, 0.0, 0.0, 0.0, 0.0, 0.0, 0.0, 0.0, 0.0, 0.0, 0.0, 0.0, 0.0, 0.0, 0.0, 0.0, 0.0, 0.0, 0.0, 0.0, 0.0, 0.0, 0.0, 0.0, 0.0, 0.0, 0.0, 0.0, 0.0, 0.0, 0.0, 0.0, 0.0, 0.0, 0.0, 0.0, 0.0, 0.0, 0.0, 0.0, 0.0, 0.0, 0.0, 0.0, 0.0, 0.0, 0.0, 0.0, 0.0, 0.0, 0.0, 0.0, 0.0, 0.0, 0.0, 0.0, 0.0, 0.0, 0.0, 0.0, 0.0, 0.0, 0.0, 0.0, 0.0, 0.0, 0.0, 0.0, 0.0, 0.0, 0.0]","[201.04285714285717, 354.3500000000001, 345.0375, 348.5333333333333, 344.5142857142857, 323.3833333333333, 316.3666666666667, 338.7857142857143, 341.3, 329.2714285714286, 337.4, 338.88571428571424, 340.85714285714283, 329.7857142857143, 334.0428571428571, 677.0166666666667, 990.0285714285716, 28.3125, 28.5875, 28.7625, 28.7125, 28.785714285714285, 28.52857142857143, 28.212500000000002, 28.2875, 28.2, 28.137500000000003, 16.228571428571428, 481.59999999999997, 195.20000000000002, 351.35714285714283, 353.64285714285717, 356.4428571428571, 320.9857142857143, 314.7, 321.84285714285716, 319.40000000000003, 308.9, 311.0, 311.92857142857144, 314.88571428571424, 302.5285714285714, 304.3833333333334, 326.07142857142856, 323.0833333333333, 601.275, 501.7714285714286, 36.699999999999996, 26.285714285714285, 0.0, 0.0, 0.0, 0.0, 0.0, 0.0, 0.0, 0.0, 0.0, 0.0, 0.0, 0.0, 0.0, 0.0, 0.0, 0.0, 0.0, 0.0, 0.0, 0.0, 0.0, 0.0, 0.0, 0.0, 0.0, 0.0, 0.0, 0.0, 0.0, 0.0, 0.0, 0.0, 0.0, 0.0, 0.0, 0.0, 0.0, 0.0, 0.0, 0.0, 0.0, 0.0, 0.0, 0.0, 0.0, 0.0, 0.0, 0.0, 0.0, 0.0, 0.0, 0.0, 0.0, 0.0, 0.0, 0.0, 0.0, 0.0, 0.0, 0.0, 0.0, 0.0, 0.0, 0.0, 0.0, 0.0, 0.0, 0.0, 0.0, 0.0, 0.0]","[0.9714285714285714, 0.9499999999999998, 0.95375, 0.9516666666666667, 0.95, 0.96, 0.96, 0.9557142857142856, 0.9557142857142856, 0.96, 0.96, 0.9571428571428571, 0.9557142857142856, 0.96, 0.96, 0.6733333333333333, 0.1557142857142857, 0.84625, 0.84375, 0.8425, 0.84, 0.84, 0.8414285714285714, 0.845, 0.84625, 0.85, 0.84875, 0.9085714285714285, 0.5857142857142856, 0.8942857142857142, 0.95, 0.9514285714285714, 0.95, 0.9585714285714285, 0.96, 0.96, 0.96, 0.96, 0.96, 0.96, 0.96, 0.96, 0.96, 0.96, 0.96, 0.6749999999999999, 0.48999999999999994, 0.7124999999999999, 0.5071428571428571, 0.0, 0.0, 0.0, 0.0, 0.0, 0.0, 0.0, 0.0, 0.0, 0.0, 0.0, 0.0, 0.0, 0.0, 0.0, 0.0, 0.0, 0.0, 0.0, 0.0, 0.0, 0.0, 0.0, 0.0, 0.0, 0.0, 0.0, 0.0, 0.0, 0.0, 0.0, 0.0, 0.0, 0.0, 0.0, 0.0, 0.0, 0.0, 0.0, 0.0, 0.0, 0.0, 0.0, 0.0, 0.0, 0.0, 0.0, 0.0, 0.0, 0.0, 0.0, 0.0, 0.0, 0.0, 0.0, 0.0, 0.0, 0.0, 0.0, 0.0, 0.0, 0.0, 0.0, 0.0, 0.0, 0.0, 0.0, 0.0, 0.0, 0.0, 0.0]",120
Microwave,4,"[1027.857142857143, 1107.6714285714286, 1103.7666666666667, 1098.5285714285715, 1098.8714285714286, 1101.5, 1100.1285714285716, 1099.1, 1100.242857142857, 1101.2714285714285, 1099.6714285714286, 1098.642857142857, 1100.7, 1103.5, 1101.2714285714285, 1098.7, 787.4375, 44.800000000000004, 44.714285714285715, 44.675, 44.699999999999996, 44.6375, 44.65714285714286, 44.7625, 44.728571428571435, 44.75, 44.87142857142857, 44.824999999999996, 44.92857142857143, 208.82500000000002, 775.3857142857142, 1106.3, 1103.5, 1103.1, 1099.3666666666666, 1096.814285714286, 1098.0333333333333, 1101.1000000000001, 1100.4714285714285, 1097.6142857142856, 1098.8714285714284, 1100.7, 1100.242857142857, 1098.4142857142856, 1099.6714285714286, 1100.7, 774.9833333333332, 45.028571428571425, 44.775, 44.875, 44.775, 44.8125, 44.67142857142857, 44.65714285714286, 44.6875, 44.6875, 44.75714285714286, 44.775, 99.11428571428571, 223.24285714285716, 950.2142857142857, 1104.9285714285713, 1100.4714285714285, 1088.5428571428572, 1087.7571428571428, 1088.9, 1088.557142857143, 1085.8999999999999, 1087.5285714285715, 1087.4142857142856, 1086.542857142857, 1084.8857142857144, 1087.9714285714285, 1090.4, 1088.857142857143, 1086.8999999999999, 763.25, 43.628571428571426, 37.6, 26.857142857142858, 0.0, 0.0, 0.0, 0.0, 0.0, 0.0, 0.0, 0.0, 0.0, 0.0, 0.0, 0.0, 0.0, 0.0, 0.0, 0.0, 0.0, 0.0, 0.0, 0.0, 0.0, 0.0, 0.0, 0.0, 0.0, 0.0, 0.0, 0.0, 0.0, 0.0, 0.0, 0.0, 0.0, 0.0, 0.0, 0.0, 0.0, 0.0, 0.0, 0.0]","[1032.5485714285714, 1123.182857142857, 1159.9099999999999, 1152.5842857142857, 1148.11, 1150.7183333333335, 1152.217142857143, 1150.8, 1149.6085714285714, 1149.9971428571428, 1151.29, 1148.3757142857144, 1148.8933333333334, 1154.23, 1153.45, 1152.41, 1150.3625000000002, 1158.28, 211.00857142857143, 53.13, 52.93285714285714, 52.9, 53.06428571428571, 53.13, 53.13, 53.13, 53.13, 53.13, 53.13, 375.45500000000004, 991.4800000000001, 1137.5514285714287, 1158.99, 1155.81, 1153.305, 1149.6399999999999, 1144.68, 1145.665, 1151.4599999999998, 1149.4942857142858, 1147.15, 1151.25, 1151.25, 1150.0957142857144, 1148.0642857142855, 1150.2785714285715, 1151.25, 994.3328571428572, 52.97625, 53.22, 53.22, 53.22, 53.142857142857146, 53.00714285714286, 52.84375, 52.9, 52.9, 52.9, 103.85714285714286, 586.5085714285715, 1043.4971428571428, 1159.45, 1155.9357142857143, 1145.4728571428573, 1134.1714285714286, 1133.4616666666668, 1135.1457142857143, 1131.91, 1130.56, 1131.01, 1130.4271428571428, 1129.65, 1129.2642857142857, 1132.1133333333335, 1136.63, 1133.9166666666667, 1132.56, 515.3028571428571, 52.57, 37.6, 0.0, 0.0, 0.0, 0.0, 0.0, 0.0, 0.0, 0.0, 0.0, 0.0, 0.0, 0.0, 0.0, 0.0, 0.0, 0.0, 0.0, 0.0, 0.0, 0.0, 0.0, 0.0, 0.0, 0.0, 0.0, 0.0, 0.0, 0.0, 0.0, 0.0, 0.0, 0.0, 0.0, 0.0, 0.0, 0.0, 0.0, 0.0, 0.0, 0.0]","[38.15714285714286, 100.22857142857143, 356.48333333333335, 348.62857142857143, 332.5857142857143, 332.95, 342.5, 341.0142857142857, 333.2142857142857, 331.14285714285717, 340.84285714285716, 334.2142857142857, 329.25, 338.4, 342.9857142857143, 347.75, 610.45, 1157.4, 189.9714285714286, 28.775, 28.32857142857143, 28.3875, 28.642857142857142, 28.6375, 28.67142857142857, 28.65, 28.457142857142856, 28.5375, 28.37142857142857, 213.4, 338.87142857142857, 201.04285714285717, 354.3500000000001, 345.0375, 348.5333333333333, 344.5142857142857, 323.3833333333333, 316.3666666666667, 338.7857142857143, 341.3, 329.2714285714286, 337.4, 338.88571428571424, 340.85714285714283, 329.7857142857143, 334.0428571428571, 677.0166666666667, 990.0285714285716, 28.3125, 28.5875, 28.7625, 28.7125, 28.785714285714285, 28.52857142857143, 28.212500000000002, 28.2875, 28.2, 28.137500000000003, 16.228571428571428, 481.59999999999997, 195.20000000000002, 351.35714285714283, 353.64285714285717, 356.4428571428571, 320.9857142857143, 314.7, 321.84285714285716, 319.40000000000003, 308.9, 311.0, 311.92857142857144, 314.88571428571424, 302.5285714285714, 304.3833333333334, 326.07142857142856, 323.0833333333333, 601.275, 501.7714285714286, 36.699999999999996, 26.285714285714285, 0.0, 0.0, 0.0, 0.0, 0.0, 0.0, 0.0, 0.0, 0.0, 0.0, 0.0, 0.0, 0.0, 0.0, 0.0, 0.0, 0.0, 0.0, 0.0, 0.0, 0.0, 0.0, 0.0, 0.0, 0.0, 0.0, 0.0, 0.0, 0.0, 0.0, 0.0, 0.0, 0.0, 0.0, 0.0, 0.0, 0.0, 0.0, 0.0, 0.0]","[0.9957142857142857, 0.9857142857142858, 0.9499999999999998, 0.9557142857142856, 0.96, 0.96, 0.9542857142857143, 0.9557142857142856, 0.96, 0.96, 0.9557142857142856, 0.9571428571428571, 0.96, 0.96, 0.9542857142857143, 0.9499999999999998, 0.6849999999999999, 0.04, 0.7257142857142858, 0.84, 0.8471428571428571, 0.84625, 0.8428571428571427, 0.84375, 0.84, 0.8425, 0.8471428571428571, 0.84375, 0.8442857142857143, 0.81, 0.7542857142857143, 0.9714285714285714, 0.9499999999999998, 0.95375, 0.9516666666666667, 0.95, 0.96, 0.96, 0.9557142857142856, 0.9557142857142856, 0.96, 0.96, 0.9571428571428571, 0.9557142857142856, 0.96, 0.96, 0.6733333333333333, 0.1557142857142857, 0.84625, 0.84375, 0.8425, 0.84, 0.84, 0.8414285714285714, 0.845, 0.84625, 0.85, 0.84875, 0.9085714285714285, 0.5857142857142856, 0.8942857142857142, 0.95, 0.9514285714285714, 0.95, 0.9585714285714285, 0.96, 0.96, 0.96, 0.96, 0.96, 0.96, 0.96, 0.96, 0.96, 0.96, 0.96, 0.6749999999999999, 0.48999999999999994, 0.7124999999999999, 0.5071428571428571, 0.0, 0.0, 0.0, 0.0, 0.0, 0.0, 0.0, 0.0, 0.0, 0.0, 0.0, 0.0, 0.0, 0.0, 0.0, 0.0, 0.0, 0.0, 0.0, 0.0, 0.0, 0.0, 0.0, 0.0, 0.0, 0.0, 0.0, 0.0, 0.0, 0.0, 0.0, 0.0, 0.0, 0.0, 0.0, 0.0, 0.0, 0.0, 0.0, 0.0]",120
Microwave,5,"[1199.2666666666667, 1194.85, 1193.9, 1196.7, 1197.2, 1190.5, 1190.1999999999998, 1194.4, 1196.7, 1192.3666666666668, 1189.75, 1193.0, 1190.65, 1188.0333333333333, 832.75, 45.650000000000006, 45.65, 45.650000000000006, 45.6, 34.15, 23.2, 0.0, 0.0, 0.0, 0.0, 0.0, 0.0, 0.0, 0.0, 0.0, 0.0, 0.0, 0.0, 0.0, 0.0, 0.0, 0.0, 0.0, 0.0, 0.0, 0.0, 0.0, 0.0, 0.0, 0.0, 0.0, 0.0, 0.0, 0.0, 0.0, 0.0, 0.0, 0.0, 0.0, 0.0, 0.0, 0.0, 0.0, 0.0, 0.0, 0.0, 0.0, 0.0, 0.0, 0.0, 0.0, 0.0, 0.0, 0.0, 0.0, 0.0, 0.0, 0.0, 0.0, 0.0, 0.0, 0.0, 0.0, 0.0, 0.0, 0.0, 0.0, 0.0, 0.0, 0.0, 0.0, 0.0, 0.0, 0.0, 0.0, 0.0, 0.0, 0.0, 0.0, 0.0, 0.0, 0.0, 0.0, 0.0, 0.0, 0.0, 0.0, 0.0, 0.0, 0.0, 0.0, 0.0, 0.0, 0.0, 0.0, 0.0, 0.0, 0.0, 0.0, 0.0, 0.0, 0.0, 0.0, 0.0, 0.0]","[1281.0466666666666, 1277.53, 1270.88, 1270.835, 1273.01, 1269.0433333333333, 1265.685, 1265.415, 1270.075, 1273.63, 1265.83, 1266.975, 1268.12, 1265.52, 1250.685, 1241.7350000000001, 1246.32, 54.03, 54.056666666666665, 54.21, 54.21, 0.0, 0.0, 0.0, 0.0, 0.0, 0.0, 0.0, 0.0, 0.0, 0.0, 0.0, 0.0, 0.0, 0.0, 0.0, 0.0, 0.0, 0.0, 0.0, 0.0, 0.0, 0.0, 0.0, 0.0, 0.0, 0.0, 0.0, 0.0, 0.0, 0.0, 0.0, 0.0, 0.0, 0.0, 0.0, 0.0, 0.0, 0.0, 0.0, 0.0, 0.0, 0.0, 0.0, 0.0, 0.0, 0.0, 0.0, 0.0, 0.0, 0.0, 0.0, 0.0, 0.0, 0.0, 0.0, 0.0, 0.0, 0.0, 0.0, 0.0, 0.0, 0.0, 0.0, 0.0, 0.0, 0.0, 0.0, 0.0, 0.0, 0.0, 0.0, 0.0, 0.0, 0.0, 0.0, 0.0, 0.0, 0.0, 0.0, 0.0, 0.0, 0.0, 0.0, 0.0, 0.0, 0.0, 0.0, 0.0, 0.0, 0.0, 0.0, 0.0, 0.0, 0.0, 0.0, 0.0, 0.0, 0.0, 0.0]","[450.23333333333335, 452.1, 435.6, 427.65, 432.75, 439.5, 430.5, 417.95000000000005, 425.29999999999995, 447.59999999999997, 432.25, 426.6, 436.45, 436.0, 787.5, 1240.9, 1245.5, 28.9, 29.03333333333333, 39.55, 49.0, 0.0, 0.0, 0.0, 0.0, 0.0, 0.0, 0.0, 0.0, 0.0, 0.0, 0.0, 0.0, 0.0, 0.0, 0.0, 0.0, 0.0, 0.0, 0.0, 0.0, 0.0, 0.0, 0.0, 0.0, 0.0, 0.0, 0.0, 0.0, 0.0, 0.0, 0.0, 0.0, 0.0, 0.0, 0.0, 0.0, 0.0, 0.0, 0.0, 0.0, 0.0, 0.0, 0.0, 0.0, 0.0, 0.0, 0.0, 0.0, 0.0, 0.0, 0.0, 0.0, 0.0, 0.0, 0.0, 0.0, 0.0, 0.0, 0.0, 0.0, 0.0, 0.0, 0.0, 0.0, 0.0, 0.0, 0.0, 0.0, 0.0, 0.0, 0.0, 0.0, 0.0, 0.0, 0.0, 0.0, 0.0, 0.0, 0.0, 0.0, 0.0, 0.0, 0.0, 0.0, 0.0, 0.0, 0.0, 0.0, 0.0, 0.0, 0.0, 0.0, 0.0, 0.0, 0.0, 0.0, 0.0, 0.0, 0.0]","[0.9366666666666666, 0.935, 0.94, 0.94, 0.94, 0.94, 0.94, 0.94, 0.94, 0.9366666666666666, 0.94, 0.94, 0.94, 0.94, 0.665, 0.04, 0.04, 0.845, 0.8433333333333333, 0.63, 0.43, 0.0, 0.0, 0.0, 0.0, 0.0, 0.0, 0.0, 0.0, 0.0, 0.0, 0.0, 0.0, 0.0, 0.0, 0.0, 0.0, 0.0, 0.0, 0.0, 0.0, 0.0, 0.0, 0.0, 0.0, 0.0, 0.0, 0.0, 0.0, 0.0, 0.0, 0.0, 0.0, 0.0, 0.0, 0.0, 0.0, 0.0, 0.0, 0.0, 0.0, 0.0, 0.0, 0.0, 0.0, 0.0, 0.0, 0.0, 0.0, 0.0, 0.0, 0.0, 0.0, 0.0, 0.0, 0.0, 0.0, 0.0, 0.0, 0.0, 0.0, 0.0, 0.0, 0.0, 0.0, 0.0, 0.0, 0.0, 0.0, 0.0, 0.0, 0.0, 0.0, 0.0, 0.0, 0.0, 0.0, 0.0, 0.0, 0.0, 0.0, 0.0, 0.0, 0.0, 0.0, 0.0, 0.0, 0.0, 0.0, 0.0, 0.0, 0.0, 0.0, 0.0, 0.0, 0.0, 0.0, 0.0, 0.0, 0.0]",120
Hair_straightener,1,"[154.89999999999998, 141.16666666666666, 130.5, 125.25, 121.0, 117.5, 113.56666666666666, 110.25, 107.75, 105.3, 103.4, 100.96666666666665, 99.05000000000001, 97.75, 96.25, 94.7, 93.15, 92.25, 91.15, 90.2, 88.83333333333333, 87.7, 86.8, 85.85, 84.8, 83.69999999999999, 83.25, 82.30000000000001, 81.75, 80.86666666666667, 79.85, 79.35, 78.6, 77.89999999999999, 77.1, 76.45, 75.9, 75.55, 74.7, 74.05000000000001, 73.5, 73.05000000000001, 72.3, 71.80000000000001, 71.35, 70.75, 70.4, 69.7, 69.25, 68.85, 68.5, 67.93333333333334, 67.55, 67.05000000000001, 66.65, 66.3, 65.75, 65.35, 64.95, 64.75, 64.36666666666666, 63.9, 63.75, 50.7, 31.96666666666667, 0.9, 0.9, 0.9, 0.9, 0.9, 0.2, 0.2, 0.2, 0.2, 0.20000000000000004, 0.2, 0.2, 0.2, 0.20000000000000004, 0.2, 0.2, 0.2, 0.20000000000000004, 0.2, 0.2, 0.2, 0.25, 0.3, 0.3, 0.3, 0.3, 0.3, 0.26666666666666666, 0.2, 0.2, 0.2, 0.20000000000000004, 0.2, 0.2, 0.2, 0.2, 549.5666666666667, 53.7, 53.7, 53.7, 53.70000000000001, 53.7, 53.7, 53.7, 0.20000000000000004, 0.2, 0.2, 0.2, 0.2, 0.20000000000000004, 0.2, 0.2, 0.2, 0.20000000000000004, 0.2]","[168.11, 160.63, 144.93, 138.53, 132.13, 128.13, 124.13, 117.83000000000001, 117.93, 112.67, 112.67, 108.42333333333333, 106.53, 104.88, 103.39, 101.90000000000002, 99.3, 99.21, 97.015, 97.1, 94.81, 93.89, 92.97, 91.94, 90.75, 89.005, 89.08, 87.71, 87.71, 86.09999999999998, 85.3, 84.5, 83.93, 83.36, 81.98, 81.98, 80.77000000000001, 80.7, 79.55, 78.97999999999999, 78.41, 77.84, 77.27, 76.19, 76.26, 75.34, 75.34, 74.33333333333333, 73.83500000000001, 73.51, 73.05000000000001, 72.47, 71.61500000000001, 71.68, 70.99, 70.75999999999999, 70.3, 70.3, 69.33, 68.925, 68.66000000000001, 68.355, 68.01, 68.01, 34.49, 8.47, 9.16, 9.85, 9.85, 8.02, 8.02, 5.5, 5.5, 5.5, 7.336666666666666, 7.34, 8.49, 8.47, 8.016666666666667, 7.8, 7.8, 4.36, 4.36, 6.42, 6.41, 6.755, 7.1, 7.099999999999999, 4.58, 4.58, 5.609999999999999, 6.64, 6.563333333333333, 6.41, 6.41, 5.84, 5.28, 6.54, 7.8, 7.8, 6.42, 988.32, 1677.14, 1677.14, 53.7, 53.70000000000001, 53.7, 53.7, 53.7, 8.95, 8.95, 9.63, 9.63, 9.63, 4.82, 4.82, 8.49, 8.47, 6.489999999999999, 5.5]","[64.6, 74.9, 62.949999999999996, 58.3, 53.05, 50.7, 50.03333333333333, 41.5, 47.9, 40.05, 44.75, 39.46666666666667, 39.0, 38.0, 37.650000000000006, 37.6, 34.4, 36.5, 33.2, 35.95, 33.1, 33.5, 33.3, 32.849999999999994, 32.333333333333336, 30.3, 31.700000000000003, 30.3, 31.75, 29.566666666666666, 30.0, 29.05, 29.4, 29.666666666666668, 27.85, 29.6, 27.6, 28.35, 27.366666666666664, 27.5, 27.3, 26.85, 27.266666666666666, 25.5, 26.9, 25.9, 26.85, 25.866666666666664, 25.6, 25.75, 25.35, 25.233333333333334, 23.75, 25.299999999999997, 24.4, 24.7, 24.9, 25.9, 24.25, 23.6, 23.900000000000002, 24.25, 23.700000000000003, 45.1, 2.8000000000000003, 8.4, 9.100000000000001, 9.8, 9.8, 8.0, 8.0, 5.5, 5.5, 5.5, 7.3, 7.3, 8.5, 8.5, 8.033333333333333, 7.8, 7.8, 4.4, 4.4, 6.4, 6.4, 6.75, 7.1, 7.099999999999999, 4.6, 4.6, 5.6, 6.6, 6.533333333333334, 6.4, 6.4, 5.85, 5.3, 6.55, 7.8, 7.8, 6.4, 547.6333333333333, 1676.3, 1676.3, 0.0, 0.0, 0.0, 0.0, 0.0, 8.9, 8.9, 9.6, 9.6, 9.6, 4.8, 4.8, 8.5, 8.5, 6.5, 5.5]","[0.9199999999999999, 0.8799999999999999, 0.9, 0.905, 0.915, 0.9199999999999999, 0.9166666666666666, 0.935, 0.915, 0.935, 0.915, 0.93, 0.9299999999999999, 0.935, 0.9299999999999999, 0.93, 0.94, 0.93, 0.94, 0.93, 0.9366666666666666, 0.935, 0.935, 0.935, 0.9366666666666666, 0.94, 0.935, 0.94, 0.93, 0.94, 0.935, 0.94, 0.935, 0.9333333333333332, 0.94, 0.93, 0.94, 0.94, 0.94, 0.94, 0.94, 0.935, 0.9366666666666666, 0.94, 0.935, 0.94, 0.935, 0.94, 0.935, 0.935, 0.935, 0.94, 0.94, 0.935, 0.94, 0.94, 0.935, 0.93, 0.94, 0.94, 0.9366666666666666, 0.935, 0.94, 0.745, 0.7033333333333333, 0.11, 0.1, 0.09, 0.09, 0.11, 0.02, 0.04, 0.04, 0.04, 0.03, 0.03, 0.02, 0.02, 0.02666666666666667, 0.03, 0.03, 0.05, 0.05000000000000001, 0.03, 0.03, 0.03, 0.035, 0.04, 0.07, 0.07, 0.060000000000000005, 0.05, 0.043333333333333335, 0.03, 0.03, 0.035, 0.04, 0.035, 0.03, 0.03, 0.03, 0.4166666666666667, 0.03, 0.03, 1.0, 1.0, 1.0, 1.0, 1.0, 0.02, 0.02, 0.02, 0.02, 0.02, 0.04, 0.04, 0.02, 0.02, 0.03333333333333333, 0.04]",120
Hair_straightener,2,"[232.54285714285714, 193.11428571428573, 167.8125, 150.3857142857143, 138.95, 131.13333333333333, 126.075, 121.35714285714286, 117.5, 114.37142857142855, 111.34285714285714, 108.75, 106.87142857142858, 104.4125, 102.61428571428571, 100.78571428571429, 99.225, 97.7, 96.51428571428572, 95.05, 93.89999999999999, 92.575, 91.60000000000001, 90.4875, 89.54285714285713, 88.425, 87.375, 86.54285714285713, 85.52499999999999, 84.62857142857142, 83.95714285714287, 83.125, 82.35714285714286, 81.575, 80.8, 80.18333333333334, 79.3875, 78.64285714285714, 78.02857142857144, 77.41428571428571, 76.75714285714285, 76.225, 75.58571428571429, 74.925, 74.25714285714285, 73.81428571428572, 73.14285714285714, 72.71428571428571, 72.2875, 71.5625, 71.15714285714286, 70.4875, 70.22857142857143, 69.6, 69.32857142857142, 46.0625, 32.6, 32.6, 32.6, 32.6, 24.5, 0.2, 0.2, 0.2, 0.2, 0.2, 0.2, 0.2, 0.2, 0.2, 0.2, 0.2, 0.2, 0.2, 0.2, 0.2, 0.2, 0.21428571428571427, 0.3, 0.3, 0.3, 0.3, 0.3, 0.3, 0.2375, 0.2, 0.2, 0.2, 0.2, 0.2, 0.2, 0.2, 0.2, 0.2, 0.2, 0.2, 0.2, 0.2, 0.2, 0.20000000000000004, 531.7142857142857, 95.5, 95.5, 95.5, 41.1, 0.3, 0.3, 0.3, 0.3, 0.3, 0.2571428571428572, 0.2, 0.2, 0.20000000000000004, 0.2, 0.2, 0.2, 0.2, 0.2, 0.2]","[380.47428571428566, 223.66, 192.55374999999998, 174.14714285714285, 149.14, 146.91833333333332, 135.81, 131.97, 126.85, 123.43285714285715, 120.87, 116.91, 115.59, 111.45, 110.40142857142858, 107.69857142857143, 106.38625, 104.48285714285714, 103.11428571428571, 102.03, 100.22285714285714, 99.33, 97.2942857142857, 96.865, 95.14, 94.45, 93.3, 92.38, 91.57, 90.14999999999999, 89.92, 88.10875, 88.07571428571428, 87.09, 86.40375, 85.26, 84.685, 84.34, 83.35428571428572, 83.04, 81.46000000000001, 81.35, 80.6, 80.08875, 79.37, 78.71857142857142, 78.23, 77.40857142857143, 77.08, 76.16, 75.89714285714285, 75.24, 74.85, 74.33, 73.93571428571428, 73.7375, 62.00714285714285, 32.6, 32.6, 32.6, 26.2875, 6.2700000000000005, 4.83, 4.83, 5.75, 5.75, 5.606249999999999, 5.5200000000000005, 5.322857142857143, 4.83, 4.83, 3.5157142857142856, 2.99, 4.76, 7.12, 7.12, 7.81, 7.81, 7.81, 7.81, 8.040000000000001, 9.4275, 9.44, 7.862857142857143, 7.58, 7.382857142857143, 7.12, 7.12, 4.37, 4.37, 4.632857142857143, 4.83, 4.968, 5.52, 5.5200000000000005, 3.8771428571428572, 3.21, 3.67, 4.13, 4.13, 531.7142857142857, 95.5, 95.5, 95.5, 44.14, 6.42625, 6.43, 9.42, 9.42, 7.711428571428571, 6.43, 6.43, 6.425, 6.419999999999999, 7.208571428571429, 7.34, 7.241428571428571, 7.11, 7.11, 6.65]","[283.85714285714283, 111.62857142857142, 88.3875, 87.5, 53.5625, 65.46666666666667, 50.3125, 51.199999999999996, 47.7125, 46.15714285714286, 47.028571428571425, 42.675, 43.98571428571429, 38.949999999999996, 40.58571428571429, 37.92857142857143, 38.225, 37.0, 36.199999999999996, 37.0875, 34.957142857142856, 36.0125, 32.77142857142857, 34.475, 32.128571428571426, 33.1375, 32.6875, 32.27142857142857, 32.7125, 31.057142857142857, 32.2, 29.2125, 31.214285714285715, 30.5125, 30.5375, 28.95, 29.45, 30.47142857142857, 29.314285714285713, 30.014285714285712, 27.25714285714286, 28.4, 27.985714285714288, 28.3, 28.04285714285714, 27.32857142857143, 27.7, 26.514285714285712, 26.775, 26.05, 26.400000000000002, 26.337500000000002, 25.857142857142858, 26.057142857142857, 25.67142857142857, 51.525000000000006, 47.285714285714285, 0.0, 0.0, 0.0, 1.85, 6.285714285714286, 4.8, 4.8, 5.7, 5.7, 5.575, 5.5, 5.3, 4.8, 4.8, 3.5142857142857147, 3.0, 4.757142857142857, 7.1, 7.1, 7.8, 7.8, 7.8, 7.8, 8.028571428571428, 9.4, 9.4, 7.857142857142857, 7.6, 7.385714285714285, 7.1, 7.1, 4.4, 4.4, 4.628571428571428, 4.8, 4.9399999999999995, 5.5, 5.5, 3.857142857142857, 3.2, 3.65, 4.1, 4.1, 0.0, 0.0, 0.0, 0.0, 3.1999999999999997, 6.4, 6.4, 9.4, 9.4, 7.685714285714286, 6.4, 6.4, 6.4, 6.400000000000001, 7.171428571428572, 7.3, 7.214285714285714, 7.1, 7.1, 6.6]","[0.66, 0.8642857142857142, 0.88125, 0.8642857142857142, 0.9325, 0.8933333333333334, 0.9275, 0.9199999999999999, 0.92625, 0.9299999999999999, 0.9228571428571428, 0.93125, 0.9242857142857144, 0.93625, 0.9328571428571429, 0.9357142857142857, 0.9325, 0.9342857142857143, 0.937142857142857, 0.9325, 0.9357142857142857, 0.9325, 0.9385714285714285, 0.935, 0.9400000000000001, 0.93375, 0.9375, 0.9357142857142857, 0.935, 0.9385714285714285, 0.9342857142857143, 0.94375, 0.9342857142857143, 0.9375, 0.9375, 0.94, 0.93625, 0.9314285714285715, 0.937142857142857, 0.9314285714285715, 0.9428571428571428, 0.9375, 0.937142857142857, 0.93375, 0.937142857142857, 0.9357142857142857, 0.9357142857142857, 0.937142857142857, 0.93875, 0.94, 0.937142857142857, 0.94, 0.9385714285714286, 0.937142857142857, 0.9400000000000001, 0.625, 0.6, 1.0, 1.0, 1.0, 0.7575, 0.03428571428571429, 0.04, 0.04, 0.03, 0.03, 0.03625, 0.04, 0.04, 0.04, 0.04, 0.06142857142857144, 0.07, 0.05285714285714286, 0.03, 0.03, 0.03, 0.03142857142857143, 0.04, 0.04, 0.038571428571428576, 0.03, 0.03, 0.038571428571428576, 0.03375, 0.03, 0.03, 0.03, 0.05, 0.05, 0.04428571428571428, 0.04, 0.04, 0.04, 0.04, 0.054285714285714284, 0.06, 0.055, 0.05, 0.05000000000000001, 1.0, 1.0, 1.0, 1.0, 0.46, 0.05, 0.05, 0.03, 0.03, 0.04142857142857143, 0.04142857142857143, 0.03, 0.03, 0.03, 0.03, 0.03, 0.03, 0.03, 0.03, 0.03]",120
Hair_straightener,3,"[12.2, 12.2, 12.2, 12.2, 12.2, 12.199999999999998, 9.2, 0.2, 0.20000000000000004, 0.2, 0.2, 0.2285714285714286, 0.3, 0.3, 0.3, 0.3, 0.3, 0.2571428571428572, 0.2, 0.2, 4.316666666666666, 487.9142857142857, 145.9, 145.9, 145.9, 145.9, 145.9, 145.9, 145.9, 145.9, 145.9, 54.712500000000006, 0.0, 0.0, 0.0, 0.0, 0.0, 0.0, 0.0, 0.0, 0.2, 0.2, 0.2, 502.125, 11.0, 11.0, 11.0, 11.0, 11.0, 11.0, 9.200000000000001, 0.2, 0.2, 0.20000000000000004, 0.2, 0.2571428571428572, 0.3, 0.3, 0.3, 0.3, 0.3, 0.3, 0.3, 0.3, 0.3, 0.2833333333333333, 543.625, 149.3, 149.3, 149.3, 149.3, 149.3, 149.3, 149.3, 149.3, 149.3, 111.97500000000001, 0.0, 0.0, 0.0, 0.0, 0.0, 0.0, 0.3, 0.3, 0.3, 0.3, 0.3, 0.3, 0.3, 627.6428571428571, 145.5, 145.5, 145.5, 145.5, 145.5, 145.5, 145.5, 145.5, 145.5, 103.92857142857143, 0.0, 0.0, 0.0, 0.0, 0.0, 0.0, 0.0, 0.0, 0.15000000000000002, 0.2, 0.2, 0.2, 0.2, 484.9166666666667, 19.9, 19.9, 19.9, 19.9, 19.9]","[1452.73, 1452.73, 12.2, 12.2, 12.2, 12.199999999999998, 10.3575, 4.83, 4.83, 4.238571428571428, 4.15, 5.234285714285714, 6.6675, 6.660000000000001, 4.602857142857142, 4.61, 4.75375, 4.839999999999999, 4.807142857142857, 4.61, 12.286666666666667, 487.9142857142857, 145.9, 145.9, 145.9, 145.9, 145.9, 145.9, 145.9, 145.9, 145.9, 59.612500000000004, 5.6000000000000005, 0.0, 0.0, 0.0, 0.0, 0.0, 0.0, 0.0, 7.597142857142857, 7.58, 7.185714285714285, 504.59625, 11.0, 11.0, 11.0, 11.0, 11.0, 11.0, 10.086666666666666, 5.52, 5.06, 5.06, 6.922499999999999, 8.057142857142859, 8.257142857142858, 8.741428571428571, 8.73, 9.715714285714286, 9.88, 9.88, 9.8925, 9.9, 5.985, 5.97, 544.34625, 149.3, 149.3, 149.3, 149.3, 149.3, 149.3, 149.3, 149.3, 149.3, 112.89500000000001, 3.68, 0.5257142857142857, 0.0, 0.0, 0.0, 0.0, 8.96, 8.96, 8.24125, 7.81, 7.908571428571428, 8.505714285714285, 8.52, 627.6428571428571, 145.5, 145.5, 145.5, 145.5, 145.5, 145.5, 145.5, 145.5, 145.5, 106.02571428571427, 7.34, 0.0, 0.0, 0.0, 0.0, 0.0, 0.0, 0.0, 4.305, 5.74, 6.327142857142857, 7.11625, 7.12, 487.62999999999994, 28.04, 23.388571428571428, 19.9, 19.9, 19.9]","[1452.7, 1452.7, 0.0, 0.0, 0.0, 0.0, 1.2, 4.8, 4.8, 4.2, 4.1, 5.214285714285714, 6.7, 6.7, 4.6, 4.6, 4.725, 4.8, 4.771428571428571, 4.6, 11.183333333333332, 0.0, 0.0, 0.0, 0.0, 0.0, 0.0, 0.0, 0.0, 0.0, 0.0, 4.875, 5.571428571428571, 0.0, 0.0, 0.0, 0.0, 0.0, 0.0, 0.0, 7.6, 7.6, 7.2, 2.5875000000000004, 0.0, 0.0, 0.0, 0.0, 0.0, 0.0, 0.9166666666666666, 5.5, 5.1, 5.1, 6.9125, 8.085714285714285, 8.27142857142857, 8.7, 8.7, 9.728571428571428, 9.9, 9.9, 9.9, 9.9, 6.0, 6.0, 0.75, 0.0, 0.0, 0.0, 0.0, 0.0, 0.0, 0.0, 0.0, 0.0, 0.925, 3.7, 0.5285714285714286, 0.0, 0.0, 0.0, 0.0, 9.0, 9.0, 8.25, 7.8, 7.8999999999999995, 8.5, 8.5, 0.0, 0.0, 0.0, 0.0, 0.0, 0.0, 0.0, 0.0, 0.0, 0.0, 2.085714285714286, 7.3, 0.0, 0.0, 0.0, 0.0, 0.0, 0.0, 0.0, 4.275, 5.7, 6.3, 7.1, 7.1, 6.566666666666666, 19.7, 8.442857142857141, 0.0, 0.0, 0.0]","[0.01, 0.01, 1.0, 1.0, 1.0, 1.0, 0.76, 0.04, 0.04, 0.04857142857142858, 0.05, 0.04428571428571428, 0.04625, 0.05, 0.07, 0.07, 0.06375, 0.05142857142857143, 0.04, 0.04, 0.11499999999999999, 1.0, 1.0, 1.0, 1.0, 1.0, 1.0, 1.0, 1.0, 1.0, 1.0, 0.375, 0.0, 0.0, 0.0, 0.0, 0.0, 0.0, 0.0, 0.0, 0.03, 0.03, 0.03, 0.64, 1.0, 1.0, 1.0, 1.0, 1.0, 1.0, 0.84, 0.04, 0.04, 0.04, 0.0275, 0.03142857142857143, 0.037142857142857144, 0.03, 0.03, 0.03, 0.03, 0.03, 0.03, 0.03, 0.05, 0.04666666666666667, 0.87875, 1.0, 1.0, 1.0, 1.0, 1.0, 1.0, 1.0, 1.0, 1.0, 0.75, 0.0, 0.0, 0.0, 0.0, 0.0, 0.0, 0.03, 0.03, 0.03625, 0.04, 0.04, 0.04, 0.04, 1.0, 1.0, 1.0, 1.0, 1.0, 1.0, 1.0, 1.0, 1.0, 1.0, 0.7142857142857143, 0.0, 0.0, 0.0, 0.0, 0.0, 0.0, 0.0, 0.0, 0.0225, 0.03, 0.03, 0.03, 0.03, 0.9033333333333333, 0.71, 0.8757142857142857, 1.0, 1.0, 1.0]",120
Hair_straightener,4,"[0.2, 0.2, 0.20000000000000004, 0.2, 0.2, 0.2, 0.20000000000000004, 0.21428571428571427, 614.25, 120.5, 120.5, 120.5, 120.5, 120.5, 120.5, 96.44, 0.2, 0.2, 0.2, 0.2, 0.2, 0.2, 0.2, 0.2, 0.20000000000000004, 0.2, 520.0571428571428, 103.40000000000002, 103.4, 103.4, 103.4, 103.40000000000002, 103.4, 103.40000000000002, 103.4, 0.1, 0.10000000000000002, 0.1, 0.10000000000000002, 0.1, 0.16666666666666666, 0.2, 0.2, 0.20000000000000004, 432.2, 15.300000000000002, 15.3, 15.3, 15.300000000000002, 15.3, 4.514285714285714, 0.20000000000000004, 0.20000000000000004, 0.2, 0.20000000000000004, 0.2, 0.2, 0.20000000000000004, 0.2, 0.2, 0.20000000000000004, 0.2, 0.2, 456.05, 92.3, 92.3, 92.3, 92.3, 92.3, 92.3, 92.3, 92.3, 92.3, 13.27142857142857, 0.1, 0.10000000000000002, 0.1, 0.1, 0.1285714285714286, 0.20000000000000004, 0.20000000000000004, 1.1571428571428573, 539.2428571428571, 15.5, 15.5, 15.5, 15.5, 15.5, 15.5, 6.757142857142857, 0.20000000000000004, 0.2, 0.20000000000000004, 0.2, 0.2571428571428572, 0.3, 0.3, 0.3, 0.3, 0.3, 236.31428571428572, 220.17142857142858, 96.2, 96.2, 96.2, 96.2, 32.2, 0.2, 0.2, 0.2, 0.20000000000000004, 0.2, 0.2, 0.2, 0.20000000000000004, 0.2, 0.2, 0.2833333333333333, 0.3, 0.3]","[10.26, 9.674285714285714, 8.21, 8.21, 7.035714285714286, 6.839999999999999, 6.84, 6.839999999999999, 1587.2583333333332, 1679.9800000000002, 1011.6314285714286, 120.5, 120.5, 120.5, 120.5, 97.726, 6.637499999999999, 6.7057142857142855, 7.095714285714286, 7.089999999999999, 5.521428571428571, 5.26, 5.457142857142856, 5.708571428571429, 5.7, 8.902857142857142, 520.0571428571428, 103.40000000000002, 103.4, 103.4, 103.4, 103.40000000000002, 103.4, 103.40000000000002, 103.4, 4.332857142857143, 4.33, 4.791428571428571, 4.8, 4.471428571428571, 4.331666666666667, 4.721428571428571, 7.07, 7.07, 435.1114285714285, 15.300000000000002, 15.3, 15.3, 15.300000000000002, 15.3, 11.864285714285714, 6.843333333333334, 5.028333333333333, 5.3725000000000005, 6.400000000000001, 6.4, 5.817142857142857, 5.7, 5.897142857142858, 6.160000000000001, 6.16, 5.931428571428571, 5.94, 456.05, 92.3, 92.3, 92.3, 92.3, 92.3, 92.3, 92.3, 92.3, 92.3, 16.125714285714285, 3.43, 7.321666666666666, 7.33, 6.152857142857143, 5.2628571428571425, 5.640000000000001, 6.400000000000001, 11.037142857142857, 549.3442857142858, 39.07, 19.42833333333333, 15.5, 15.5, 15.5, 15.5, 10.299999999999999, 6.400000000000001, 4.571428571428571, 3.2000000000000006, 4.571428571428571, 8.008571428571429, 8.02, 6.837142857142857, 6.63, 7.43, 8.236666666666666, 240.85142857142858, 220.17142857142858, 96.2, 96.2, 96.2, 96.2, 34.35333333333333, 3.985714285714286, 7.311428571428571, 7.3, 5.966666666666666, 5.72, 6.992857142857142, 8.678571428571429, 8.67, 6.391428571428571, 6.4, 7.62, 8.212857142857144, 7.101428571428572]","[10.3, 9.700000000000001, 8.2, 8.2, 7.0, 6.8, 6.8, 6.8, 1236.2833333333333, 1675.7, 957.5428571428572, 0.0, 0.0, 0.0, 0.0, 1.3199999999999998, 6.6, 6.671428571428571, 7.1, 7.1, 5.557142857142857, 5.3, 5.471428571428571, 5.7, 5.7, 8.9, 0.0, 0.0, 0.0, 0.0, 0.0, 0.0, 0.0, 0.0, 0.0, 4.3, 4.3, 4.8, 4.8, 4.442857142857142, 4.3, 4.7, 7.1, 7.099999999999999, 3.0, 0.0, 0.0, 0.0, 0.0, 0.0, 7.5, 6.833333333333333, 5.0, 5.35, 6.400000000000001, 6.4, 5.8, 5.7, 5.914285714285714, 6.2, 6.2, 5.9, 5.9, 0.0, 0.0, 0.0, 0.0, 0.0, 0.0, 0.0, 0.0, 0.0, 0.0, 2.914285714285714, 3.4, 7.3, 7.3, 6.1571428571428575, 5.3, 5.666666666666667, 6.400000000000001, 10.942857142857145, 15.385714285714284, 35.9, 5.983333333333333, 0.0, 0.0, 0.0, 0.0, 3.6571428571428575, 6.400000000000001, 4.571428571428571, 3.2000000000000006, 4.571428571428571, 8.0, 8.0, 6.799999999999999, 6.6, 7.3999999999999995, 8.2, 4.685714285714285, 0.0, 0.0, 0.0, 0.0, 0.0, 2.2666666666666666, 3.957142857142857, 7.3, 7.3, 5.966666666666666, 5.7, 6.985714285714286, 8.7, 8.7, 6.4, 6.4, 7.599999999999999, 8.2, 7.0857142857142845]","[0.02, 0.02, 0.02, 0.02, 0.02857142857142857, 0.03, 0.03, 0.03142857142857143, 0.4183333333333333, 0.07, 0.4685714285714286, 1.0, 1.0, 1.0, 1.0, 0.806, 0.03, 0.03, 0.03, 0.03, 0.038571428571428576, 0.04, 0.03571428571428571, 0.03571428571428571, 0.04, 0.02, 1.0, 1.0, 1.0, 1.0, 1.0, 1.0, 1.0, 1.0, 1.0, 0.02, 0.02, 0.02, 0.02, 0.02, 0.04, 0.047142857142857146, 0.03, 0.03, 0.5842857142857143, 1.0, 1.0, 1.0, 1.0, 1.0, 0.3, 0.03333333333333333, 0.04, 0.0375, 0.03, 0.03, 0.03, 0.04, 0.03571428571428571, 0.03, 0.03, 0.03, 0.03, 1.0, 1.0, 1.0, 1.0, 1.0, 1.0, 1.0, 1.0, 1.0, 1.0, 0.16857142857142857, 0.03, 0.01, 0.01, 0.015714285714285715, 0.025714285714285714, 0.03666666666666667, 0.03, 0.05142857142857143, 0.7428571428571429, 0.4, 0.9, 1.0, 1.0, 1.0, 1.0, 0.44571428571428573, 0.03, 0.04714285714285714, 0.06, 0.048571428571428564, 0.03142857142857143, 0.04, 0.04857142857142858, 0.05, 0.045000000000000005, 0.04, 0.45142857142857146, 1.0, 1.0, 1.0, 1.0, 1.0, 0.37333333333333335, 0.055714285714285716, 0.03, 0.03, 0.03833333333333334, 0.03, 0.025714285714285714, 0.02, 0.02, 0.03, 0.03, 0.04, 0.04, 0.04857142857142858]",120
Hair_straightener,5,"[8.7, 4.5, 0.3, 0.3, 0.3, 0.3, 0.3, 0.3, 0.3, 0.3, 0.3, 0.26, 0.2, 0.20000000000000004, 0.2, 0.2, 0.2, 0.2, 0.2, 0.2, 244.34285714285713, 139.38571428571427, 15.8, 15.800000000000002, 15.8, 15.8, 15.800000000000002, 15.8, 2.4285714285714284, 0.20000000000000004, 0.20000000000000004, 0.20000000000000004, 0.20000000000000004, 0.20000000000000004, 0.20000000000000004, 0.2, 0.2, 0.20000000000000004, 0.2, 0.2, 0.20000000000000004, 0.2, 0.2, 0.2, 0.2, 732.2, 491.9, 251.59999999999997, 11.3, 11.3, 11.3, 0.2, 0.2, 0.2, 0.2, 0.22000000000000003, 0.3, 0.3, 0.3, 0.15, 0.0, 0.15, 0.26666666666666666, 0.2, 0.20000000000000004, 0.20000000000000004, 0.20000000000000004, 0.2, 31.285714285714285, 532.38, 11.5, 11.5, 11.5, 11.5, 11.5, 11.5, 6.9799999999999995, 0.2, 0.2, 0.20000000000000004, 0.2, 0.20000000000000004, 0.20000000000000004, 0.20000000000000004, 0.20000000000000004, 0.20000000000000004, 0.2, 0.3, 0.3, 0.3, 0.3, 0.3, 0.3, 476.5285714285714, 19.4, 19.4, 19.4, 19.4, 19.4, 19.4, 19.4, 19.4, 19.4, 8.37142857142857, 0.1, 0.1, 0.10000000000000002, 0.10000000000000002, 0.19999999999999998, 0.3, 0.3, 0.3, 0.3, 0.3, 0.3, 0.2, 0.2, 0.24285714285714288, 626.15, 13.699999999999998]","[8.7, 7.32, 5.94, 5.804, 5.264, 5.27, 8.703333333333333, 9.37, 8.9125, 7.54, 7.54, 8.232000000000001, 8.24, 6.413333333333334, 5.507142857142857, 5.692, 6.4157142857142855, 6.410000000000001, 6.015714285714286, 5.95, 247.6285714285714, 143.31142857142856, 20.38, 15.800000000000002, 15.8, 15.8, 15.800000000000002, 15.8, 7.742857142857143, 6.400000000000001, 7.313333333333333, 7.77, 7.62, 7.32, 7.32, 3.4300000000000006, 3.4300000000000006, 5.495, 7.545, 7.54, 7.323333333333333, 7.33, 5.498, 5.04, 5.04, 732.2, 491.9, 251.59999999999997, 11.3, 11.3, 11.3, 3.21, 9.41, 9.41, 8.306000000000001, 8.02, 8.705, 9.39, 9.39, 4.695, 0.0, 4.235, 8.47, 8.15, 6.87, 6.87, 4.961666666666667, 4.58, 34.57714285714285, 532.38, 11.5, 11.5, 11.5, 11.5, 11.5, 11.5, 9.187999999999999, 5.72, 6.114285714285714, 6.169999999999999, 6.078, 5.94, 5.94, 5.72, 5.72, 8.013333333333334, 9.16, 9.16, 9.16, 9.16, 5.234285714285714, 4.58, 6.03, 477.76142857142855, 19.4, 19.4, 19.4, 19.4, 19.4, 19.4, 19.4, 19.4, 19.4, 12.108571428571427, 6.738571428571428, 6.87, 6.87, 8.238333333333333, 8.23, 7.052857142857143, 6.17, 5.8275, 4.8, 4.8, 7.148571428571429, 7.54, 7.347142857142857, 7.089999999999999, 1497.4724999999999, 1614.83]","[0.0, 2.95, 5.9, 5.76, 5.24, 5.3, 8.716666666666667, 9.4, 8.925, 7.5, 7.5, 8.2, 8.2, 6.3999999999999995, 5.5, 5.68, 6.4, 6.4, 6.057142857142857, 6.0, 3.4285714285714284, 11.057142857142859, 12.9, 0.0, 0.0, 0.0, 0.0, 0.0, 5.485714285714287, 6.400000000000001, 7.333333333333333, 7.8, 7.633333333333333, 7.3, 7.3, 3.4, 3.4, 5.5, 7.525, 7.5, 7.3, 7.3, 5.46, 5.0, 5.0, 0.0, 0.0, 0.0, 0.0, 0.0, 0.0, 3.2, 9.4, 9.4, 8.28, 8.0, 8.700000000000001, 9.4, 9.4, 4.7, 0.0, 4.25, 8.5, 8.18, 6.900000000000001, 6.900000000000001, 4.983333333333333, 4.6, 3.4428571428571426, 0.0, 0.0, 0.0, 0.0, 0.0, 0.0, 0.0, 2.2800000000000002, 5.7, 6.128571428571428, 6.2, 6.08, 5.900000000000001, 5.900000000000001, 5.7, 5.7, 8.033333333333333, 9.2, 9.2, 9.2, 9.2, 5.257142857142857, 4.6, 6.033333333333334, 1.2714285714285716, 0.0, 0.0, 0.0, 0.0, 0.0, 0.0, 0.0, 0.0, 0.0, 3.7714285714285714, 6.728571428571429, 6.9, 6.900000000000001, 8.2, 8.2, 7.057142857142857, 6.2, 5.85, 4.8, 4.8, 7.114285714285714, 7.5, 7.328571428571428, 7.1, 1028.275, 1614.8]","[1.0, 0.525, 0.05, 0.052000000000000005, 0.06, 0.06, 0.034999999999999996, 0.03, 0.0325, 0.04, 0.04, 0.032, 0.02, 0.03333333333333333, 0.04, 0.038, 0.03, 0.03, 0.03, 0.03, 0.44571428571428573, 0.8114285714285714, 0.78, 1.0, 1.0, 1.0, 1.0, 1.0, 0.16857142857142857, 0.03, 0.03, 0.03, 0.03, 0.03, 0.03, 0.06, 0.06, 0.045000000000000005, 0.03, 0.03, 0.03, 0.03, 0.038, 0.04, 0.04, 1.0, 1.0, 1.0, 1.0, 1.0, 1.0, 0.06, 0.02, 0.02, 0.02, 0.024, 0.034999999999999996, 0.03, 0.03, 0.015, 0.0, 0.02, 0.03333333333333333, 0.022, 0.03, 0.03, 0.03833333333333334, 0.04, 0.31285714285714283, 1.0, 1.0, 1.0, 1.0, 1.0, 1.0, 1.0, 0.612, 0.03, 0.03, 0.03, 0.03, 0.03, 0.03, 0.03, 0.03, 0.023333333333333334, 0.02, 0.03, 0.03, 0.03, 0.0642857142857143, 0.07, 0.05666666666666667, 0.8614285714285714, 1.0, 1.0, 1.0, 1.0, 1.0, 1.0, 1.0, 1.0, 1.0, 0.44, 0.015714285714285715, 0.01, 0.01, 0.01, 0.024999999999999998, 0.045714285714285714, 0.05, 0.052500000000000005, 0.06, 0.06, 0.04285714285714286, 0.03, 0.03, 0.03571428571428571, 0.46125, 0.01]",120
Slushi_maker,1,"[160.3, 160.95, 160.10000000000002, 160.56666666666666, 160.05, 160.75, 160.89999999999998, 160.7, 160.43333333333334, 160.7, 160.3, 160.5, 160.5, 161.1, 160.35, 160.8, 160.2, 160.6, 160.35000000000002, 161.5, 160.5, 161.20000000000002, 161.2, 160.33333333333334, 161.2, 160.25, 160.73333333333335, 160.5, 160.75, 161.75, 160.95, 161.13333333333335, 161.55, 160.3, 160.89999999999998, 161.6, 160.85, 161.25, 161.25, 160.35, 161.33333333333334, 161.14999999999998, 161.3, 161.39999999999998, 161.4333333333333, 161.85000000000002, 162.25, 161.35, 161.23333333333332, 162.3, 162.4, 161.8, 162.7, 161.73333333333332, 161.89999999999998, 161.4, 162.15, 161.45, 83.16666666666667, 43.85, 43.8, 43.75, 43.833333333333336, 43.7, 43.8, 43.75, 43.800000000000004, 43.6, 43.75, 43.8, 43.6, 43.666666666666664, 43.849999999999994, 43.65, 43.8, 43.63333333333333, 43.75, 43.650000000000006, 43.7, 43.650000000000006, 43.666666666666664, 43.5, 43.75, 43.65, 43.53333333333333, 43.5, 43.75, 43.5, 43.6, 43.46666666666667, 43.599999999999994, 43.4, 43.3, 43.53333333333333, 43.55, 43.349999999999994, 43.55, 43.5, 43.56666666666666, 43.55, 43.55, 43.55, 43.75, 43.56666666666666, 43.55, 43.7, 43.650000000000006, 43.63333333333333, 43.6, 43.650000000000006, 43.95, 43.45, 43.800000000000004, 43.5, 43.55, 43.7, 43.6, 43.8, 43.75, 43.75]","[233.25, 233.135, 233.27, 233.36666666666667, 232.445, 232.1, 232.445, 232.79, 232.79, 233.01999999999998, 233.25, 232.675, 232.1, 232.19333333333336, 232.14999999999998, 232.38, 231.24, 231.54333333333332, 232.15, 233.07, 233.07, 231.59666666666666, 232.56, 232.01999999999998, 231.52, 231.46499999999997, 231.01, 232.15, 232.15, 232.15, 231.92000000000002, 231.96333333333334, 233.735, 232.84, 232.15, 232.3033333333333, 232.905, 232.815, 232.495, 232.58499999999998, 232.33, 232.905, 233.48, 233.135, 232.86666666666667, 233.02, 233.94, 234.86, 232.88333333333335, 232.955, 233.505, 233.94, 233.94, 233.71, 233.71, 233.71, 233.71, 233.48000000000002, 233.58333333333334, 156.37, 78.82, 78.82, 78.82, 78.82, 78.82, 78.82, 78.82, 78.99, 78.99, 78.82, 78.82, 78.99, 78.99, 78.99, 78.99, 78.91333333333334, 78.76, 78.875, 78.99, 78.99, 78.99, 78.99, 78.99, 78.99, 78.99, 78.99, 78.99, 78.99, 78.99, 78.99, 78.76, 78.76, 78.76, 78.83666666666666, 78.82, 78.705, 78.76, 78.875, 78.99, 78.99, 78.99, 78.905, 78.82, 78.93333333333332, 78.99, 78.99, 78.99, 78.99, 78.99, 78.99, 78.76, 78.76, 78.41666666666667, 78.475, 78.59, 78.705, 78.99, 78.83000000000001, 78.9, 79.28999999999999]","[169.39999999999998, 168.7, 169.64999999999998, 169.33333333333334, 168.55, 167.45, 167.75, 168.4, 168.66666666666666, 168.75, 169.39999999999998, 168.45, 167.7, 167.20000000000002, 167.89999999999998, 167.8, 166.75, 166.79999999999998, 167.85000000000002, 168.05, 169.0, 166.29999999999998, 167.6, 167.73333333333332, 166.2, 167.0, 165.93333333333334, 167.7, 167.5, 166.55, 167.0, 166.86666666666667, 168.95, 168.85000000000002, 167.35, 166.9, 168.4, 167.95, 167.5, 168.45, 167.16666666666666, 168.15, 168.8, 168.2, 167.86666666666667, 167.64999999999998, 168.5, 170.65, 168.0666666666667, 167.10000000000002, 167.75, 169.0, 168.1, 168.70000000000002, 168.55, 169.0, 168.3, 168.65, 209.1, 147.6, 65.5, 65.55, 65.5, 65.6, 65.55, 65.55, 65.53333333333333, 65.9, 65.75, 65.5, 65.7, 65.8, 65.7, 65.80000000000001, 65.75, 65.76666666666667, 65.5, 65.69999999999999, 65.8, 65.85, 65.8, 65.95, 65.75, 65.80000000000001, 65.9, 65.9, 65.80000000000001, 65.95, 65.9, 65.96666666666667, 65.6, 65.75, 65.8, 65.73333333333333, 65.69999999999999, 65.7, 65.65, 65.8, 65.9, 65.9, 65.9, 65.80000000000001, 65.55, 65.8, 65.9, 65.8, 65.85, 65.83333333333333, 65.9, 65.85, 65.4, 65.69999999999999, 65.06666666666666, 65.30000000000001, 65.4, 65.45, 65.86666666666667, 65.55000000000001, 65.65, 66.1]","[0.69, 0.69, 0.685, 0.69, 0.69, 0.69, 0.69, 0.69, 0.69, 0.69, 0.69, 0.69, 0.69, 0.69, 0.69, 0.69, 0.69, 0.6933333333333334, 0.69, 0.69, 0.69, 0.6966666666666667, 0.69, 0.69, 0.7, 0.69, 0.6966666666666667, 0.69, 0.69, 0.7, 0.69, 0.6933333333333334, 0.69, 0.69, 0.69, 0.6999999999999998, 0.69, 0.69, 0.69, 0.69, 0.6933333333333334, 0.69, 0.69, 0.69, 0.69, 0.69, 0.695, 0.69, 0.69, 0.7, 0.695, 0.69, 0.7, 0.69, 0.69, 0.69, 0.69, 0.69, 0.35666666666666663, 0.375, 0.56, 0.555, 0.56, 0.55, 0.555, 0.555, 0.5566666666666668, 0.55, 0.55, 0.56, 0.55, 0.55, 0.555, 0.55, 0.555, 0.5533333333333333, 0.555, 0.55, 0.55, 0.55, 0.55, 0.55, 0.55, 0.55, 0.55, 0.55, 0.555, 0.55, 0.55, 0.55, 0.555, 0.55, 0.55, 0.55, 0.55, 0.55, 0.55, 0.55, 0.55, 0.55, 0.55, 0.55, 0.555, 0.55, 0.55, 0.55, 0.55, 0.55, 0.55, 0.55, 0.56, 0.55, 0.56, 0.55, 0.555, 0.555, 0.55, 0.555, 0.555, 0.55]",120
Slushi_maker,2,"[43.699999999999996, 43.7, 43.599999999999994, 43.4, 43.73333333333333, 43.6, 43.75, 43.75, 43.55, 43.666666666666664, 43.45, 43.650000000000006, 43.65, 43.666666666666664, 43.8, 43.6, 43.5, 43.7, 43.666666666666664, 43.95, 43.4, 43.75, 43.56666666666666, 43.85, 43.35, 43.150000000000006, 43.650000000000006, 43.5, 43.55, 43.55, 43.349999999999994, 43.56666666666666, 43.65, 43.45, 43.55, 43.5, 43.53333333333333, 43.45, 43.650000000000006, 43.45, 43.5, 43.55, 43.25, 43.35, 43.4, 43.43333333333334, 43.7, 43.3, 43.8, 43.63333333333333, 43.55, 43.7, 43.55, 43.63333333333333, 43.6, 43.900000000000006, 43.900000000000006, 43.45, 43.6, 43.4, 43.7, 43.650000000000006, 43.5, 43.699999999999996, 43.349999999999994, 43.75, 43.7, 43.46666666666667, 43.75, 43.349999999999994, 43.6, 43.45, 43.63333333333333, 43.599999999999994, 43.4, 43.8, 43.56666666666666, 43.55, 43.45, 43.5, 43.6, 43.53333333333333, 43.650000000000006, 43.5, 43.4, 43.56666666666666, 43.150000000000006, 43.650000000000006, 43.7, 43.5, 43.46666666666667, 43.45, 43.7, 43.349999999999994, 43.56666666666666, 43.55, 43.3, 43.45, 43.25, 43.43333333333334, 43.55, 43.25, 43.349999999999994, 43.43333333333334, 43.4, 43.599999999999994, 43.15, 43.46666666666667, 43.35, 43.75, 43.3, 43.5, 43.5, 43.3, 43.55, 43.65, 43.5, 43.53333333333333, 43.2, 345.34999999999997]","[78.87666666666667, 78.875, 78.76, 78.64500000000001, 78.53, 78.76, 78.59, 78.82, 78.82, 78.59, 78.59, 78.59, 78.705, 78.93333333333332, 78.875, 78.59, 78.59, 78.76, 78.76, 78.76, 78.905, 78.705, 78.59, 78.59, 78.59, 78.36, 78.36, 78.59, 78.475, 78.36, 78.36, 78.36, 78.36, 78.36, 78.36, 78.36, 78.36, 78.245, 78.065, 78.0, 78.08666666666666, 78.36, 78.36, 78.36, 78.36, 78.13, 78.36, 78.67500000000001, 78.76, 78.64666666666666, 78.59, 78.59, 78.59, 78.59, 78.59, 78.59, 78.82, 78.82, 78.36, 78.59, 78.59, 78.705, 78.82, 78.59, 78.59, 78.67500000000001, 78.64500000000001, 78.41666666666667, 78.82, 78.82, 78.59, 78.59, 78.64666666666666, 78.76, 78.76, 78.875, 78.99, 78.99, 78.99, 78.76, 78.76, 78.47333333333334, 78.475, 78.59, 78.59, 78.59, 78.475, 78.36, 78.59, 78.59, 78.36, 78.36, 78.36, 78.475, 78.59, 78.59, 78.59, 78.36, 78.36, 78.36, 78.36, 78.36, 78.36, 78.59, 78.36, 78.36, 78.36, 78.36, 78.36, 78.36, 78.36, 78.475, 78.59, 78.36, 78.53, 78.76, 78.59, 78.59, 78.475, 362.63]","[65.66666666666667, 65.65, 65.6, 65.6, 65.23333333333333, 65.6, 65.3, 65.55, 65.69999999999999, 65.36666666666666, 65.5, 65.35, 65.5, 65.76666666666667, 65.6, 65.4, 65.45, 65.5, 65.56666666666666, 65.4, 65.9, 65.4, 65.43333333333334, 65.19999999999999, 65.6, 65.4, 65.05, 65.43333333333334, 65.30000000000001, 65.1, 65.25, 65.13333333333334, 65.1, 65.2, 65.15, 65.2, 65.13333333333333, 65.05000000000001, 64.69999999999999, 64.75, 64.83333333333333, 65.1, 65.35, 65.30000000000001, 65.2, 64.93333333333334, 65.05, 65.7, 65.45, 65.46666666666667, 65.45, 65.3, 65.45, 65.36666666666666, 65.4, 65.19999999999999, 65.44999999999999, 65.75, 65.1, 65.5, 65.35, 65.5, 65.75, 65.33333333333333, 65.55, 65.4, 65.4, 65.26666666666667, 65.6, 65.85, 65.4, 65.5, 65.46666666666667, 65.6, 65.75, 65.6, 65.89999999999999, 65.9, 66.0, 65.7, 65.6, 65.3, 65.2, 65.45, 65.55, 65.43333333333334, 65.55000000000001, 65.05, 65.3, 65.45, 65.2, 65.19999999999999, 65.05, 65.4, 65.43333333333334, 65.45, 65.6, 65.19999999999999, 65.30000000000001, 65.2, 65.15, 65.35, 65.25, 65.5, 65.25, 65.1, 65.4, 65.2, 65.30000000000001, 65.0, 65.3, 65.3, 65.46666666666667, 65.30000000000001, 65.35, 65.55000000000001, 65.5, 65.43333333333334, 65.55000000000001, 32.5]","[0.5533333333333333, 0.55, 0.555, 0.55, 0.5566666666666668, 0.55, 0.56, 0.555, 0.55, 0.5566666666666668, 0.55, 0.555, 0.555, 0.5533333333333333, 0.555, 0.555, 0.55, 0.555, 0.5533333333333333, 0.56, 0.55, 0.56, 0.5533333333333333, 0.56, 0.55, 0.55, 0.56, 0.5533333333333333, 0.555, 0.555, 0.55, 0.5566666666666668, 0.56, 0.555, 0.56, 0.56, 0.5566666666666668, 0.555, 0.56, 0.56, 0.5566666666666668, 0.555, 0.55, 0.555, 0.55, 0.5533333333333333, 0.56, 0.55, 0.555, 0.5533333333333333, 0.55, 0.555, 0.55, 0.5566666666666668, 0.55, 0.56, 0.555, 0.55, 0.56, 0.55, 0.555, 0.555, 0.55, 0.5566666666666668, 0.55, 0.555, 0.555, 0.5533333333333333, 0.555, 0.55, 0.555, 0.55, 0.5533333333333333, 0.555, 0.55, 0.555, 0.55, 0.55, 0.55, 0.55, 0.55, 0.5566666666666668, 0.555, 0.55, 0.55, 0.5533333333333333, 0.55, 0.56, 0.56, 0.55, 0.5566666666666668, 0.555, 0.56, 0.55, 0.5533333333333333, 0.55, 0.55, 0.555, 0.55, 0.5533333333333333, 0.56, 0.55, 0.55, 0.5533333333333333, 0.555, 0.555, 0.55, 0.5566666666666668, 0.555, 0.56, 0.55, 0.555, 0.55, 0.555, 0.555, 0.555, 0.555, 0.5533333333333333, 0.55, 0.78]",120
Slushi_maker,3,"[161.13333333333335, 161.55, 160.3, 160.89999999999998, 161.6, 160.85, 161.25, 161.25, 160.35, 161.33333333333334, 161.14999999999998, 161.3, 161.39999999999998, 161.4333333333333, 161.85000000000002, 162.25, 161.35, 161.23333333333332, 162.3, 162.4, 161.8, 162.7, 161.73333333333332, 161.89999999999998, 161.4, 162.15, 161.45, 83.16666666666667, 43.85, 43.8, 43.75, 43.833333333333336, 43.7, 43.8, 43.75, 43.800000000000004, 43.6, 43.75, 43.8, 43.6, 43.666666666666664, 43.849999999999994, 43.65, 43.8, 43.63333333333333, 43.75, 43.650000000000006, 43.7, 43.650000000000006, 43.666666666666664, 43.5, 43.75, 43.65, 43.53333333333333, 43.5, 43.75, 43.5, 43.6, 43.46666666666667, 43.599999999999994, 43.4, 43.3, 43.53333333333333, 43.55, 43.349999999999994, 43.55, 43.5, 43.56666666666666, 43.55, 43.55, 43.55, 43.75, 43.56666666666666, 43.55, 43.7, 43.650000000000006, 43.63333333333333, 43.6, 43.650000000000006, 43.95, 43.45, 43.800000000000004, 43.5, 43.55, 43.7, 43.6, 43.8, 43.75, 43.75, 43.85, 43.76666666666667, 43.75, 43.8, 43.8, 43.699999999999996, 43.55, 43.7, 43.55, 43.9, 43.7, 43.55, 43.900000000000006, 43.6, 43.833333333333336, 43.55, 43.95, 43.7, 43.833333333333336, 43.95, 43.8, 43.8, 43.95, 43.666666666666664, 43.849999999999994, 43.6, 43.95, 43.73333333333333, 43.7, 43.75, 43.5]","[231.96333333333334, 233.735, 232.84, 232.15, 232.3033333333333, 232.905, 232.815, 232.495, 232.58499999999998, 232.33, 232.905, 233.48, 233.135, 232.86666666666667, 233.02, 233.94, 234.86, 232.88333333333335, 232.955, 233.505, 233.94, 233.94, 233.71, 233.71, 233.71, 233.71, 233.48000000000002, 233.58333333333334, 156.37, 78.82, 78.82, 78.82, 78.82, 78.82, 78.82, 78.82, 78.99, 78.99, 78.82, 78.82, 78.99, 78.99, 78.99, 78.99, 78.91333333333334, 78.76, 78.875, 78.99, 78.99, 78.99, 78.99, 78.99, 78.99, 78.99, 78.99, 78.99, 78.99, 78.99, 78.99, 78.76, 78.76, 78.76, 78.83666666666666, 78.82, 78.705, 78.76, 78.875, 78.99, 78.99, 78.99, 78.905, 78.82, 78.93333333333332, 78.99, 78.99, 78.99, 78.99, 78.99, 78.99, 78.76, 78.76, 78.41666666666667, 78.475, 78.59, 78.705, 78.99, 78.83000000000001, 78.9, 79.28999999999999, 79.22, 78.99, 78.99, 78.82, 78.82, 78.99, 78.905, 78.82, 78.905, 78.99, 78.99, 78.99, 78.99, 78.99, 78.99, 78.905, 78.82, 79.13499999999999, 79.14333333333333, 78.99, 78.99, 78.99, 79.10499999999999, 79.22, 78.99, 78.99, 78.67500000000001, 78.59, 78.59, 78.59, 78.76]","[166.86666666666667, 168.95, 168.85000000000002, 167.35, 166.9, 168.4, 167.95, 167.5, 168.45, 167.16666666666666, 168.15, 168.8, 168.2, 167.86666666666667, 167.64999999999998, 168.5, 170.65, 168.0666666666667, 167.10000000000002, 167.75, 169.0, 168.1, 168.70000000000002, 168.55, 169.0, 168.3, 168.65, 209.1, 147.6, 65.5, 65.55, 65.5, 65.6, 65.55, 65.55, 65.53333333333333, 65.9, 65.75, 65.5, 65.7, 65.8, 65.7, 65.80000000000001, 65.75, 65.76666666666667, 65.5, 65.69999999999999, 65.8, 65.85, 65.8, 65.95, 65.75, 65.80000000000001, 65.9, 65.9, 65.80000000000001, 65.95, 65.9, 65.96666666666667, 65.6, 65.75, 65.8, 65.73333333333333, 65.69999999999999, 65.7, 65.65, 65.8, 65.9, 65.9, 65.9, 65.80000000000001, 65.55, 65.8, 65.9, 65.8, 65.85, 65.83333333333333, 65.9, 65.85, 65.4, 65.69999999999999, 65.06666666666666, 65.30000000000001, 65.4, 65.45, 65.86666666666667, 65.55000000000001, 65.65, 66.1, 65.94999999999999, 65.76666666666667, 65.75, 65.5, 65.55000000000001, 65.83333333333333, 65.80000000000001, 65.6, 65.80000000000001, 65.66666666666667, 65.80000000000001, 65.9, 65.65, 65.9, 65.7, 65.8, 65.44999999999999, 66.0, 65.89999999999999, 65.65, 65.75, 65.75, 65.75, 66.10000000000001, 65.7, 65.85, 65.25, 65.33333333333333, 65.35, 65.3, 65.65]","[0.6933333333333334, 0.69, 0.69, 0.69, 0.6999999999999998, 0.69, 0.69, 0.69, 0.69, 0.6933333333333334, 0.69, 0.69, 0.69, 0.69, 0.69, 0.695, 0.69, 0.69, 0.7, 0.695, 0.69, 0.7, 0.69, 0.69, 0.69, 0.69, 0.69, 0.35666666666666663, 0.375, 0.56, 0.555, 0.56, 0.55, 0.555, 0.555, 0.5566666666666668, 0.55, 0.55, 0.56, 0.55, 0.55, 0.555, 0.55, 0.555, 0.5533333333333333, 0.555, 0.55, 0.55, 0.55, 0.55, 0.55, 0.55, 0.55, 0.55, 0.55, 0.555, 0.55, 0.55, 0.55, 0.555, 0.55, 0.55, 0.55, 0.55, 0.55, 0.55, 0.55, 0.55, 0.55, 0.55, 0.55, 0.555, 0.55, 0.55, 0.55, 0.55, 0.55, 0.55, 0.55, 0.56, 0.55, 0.56, 0.55, 0.555, 0.555, 0.55, 0.555, 0.555, 0.55, 0.555, 0.5533333333333333, 0.555, 0.56, 0.555, 0.5533333333333333, 0.55, 0.55, 0.55, 0.5566666666666668, 0.555, 0.55, 0.555, 0.55, 0.5533333333333333, 0.55, 0.555, 0.55, 0.5533333333333333, 0.56, 0.555, 0.555, 0.555, 0.55, 0.555, 0.55, 0.56, 0.5566666666666668, 0.555, 0.56, 0.55]",120
Slushi_maker,4,"[159.15, 159.9, 159.8, 158.93333333333334, 159.95, 158.7, 159.8, 159.75, 159.4, 158.8, 159.0, 160.0, 159.20000000000002, 159.6, 159.5, 159.15, 159.63333333333333, 159.25, 160.45, 159.85, 159.55, 160.3, 159.66666666666666, 160.7, 159.95, 159.95, 161.0, 160.1, 160.4, 160.4, 161.16666666666666, 160.3, 160.95, 160.10000000000002, 160.56666666666666, 160.05, 160.75, 160.89999999999998, 160.7, 160.43333333333334, 160.7, 160.3, 160.5, 160.5, 161.1, 160.35, 160.8, 160.2, 160.6, 160.35000000000002, 161.5, 160.5, 161.20000000000002, 161.2, 160.33333333333334, 161.2, 160.25, 160.73333333333335, 160.5, 160.75, 161.75, 160.95, 161.13333333333335, 161.55, 160.3, 160.89999999999998, 161.6, 160.85, 161.25, 161.25, 160.35, 161.33333333333334, 161.14999999999998, 161.3, 161.39999999999998, 161.4333333333333, 161.85000000000002, 162.25, 161.35, 161.23333333333332, 162.3, 162.4, 161.8, 162.7, 161.73333333333332, 161.89999999999998, 161.4, 162.15, 161.45, 83.16666666666667, 43.85, 43.8, 43.75, 43.833333333333336, 43.7, 43.8, 43.75, 43.800000000000004, 43.6, 43.75, 43.8, 43.6, 43.666666666666664, 43.849999999999994, 43.65, 43.8, 43.63333333333333, 43.75, 43.650000000000006, 43.7, 43.650000000000006, 43.666666666666664, 43.5, 43.75, 43.65, 43.53333333333333, 43.5, 43.75, 43.5, 43.6]","[231.985, 232.33, 232.215, 231.94666666666663, 231.64, 231.755, 231.87, 233.02, 232.63666666666668, 231.87, 231.18, 231.18, 232.1, 232.33, 231.92, 231.01, 231.39, 232.56, 233.25, 234.16, 233.24, 232.445, 232.56000000000003, 233.25, 233.01999999999998, 232.79, 232.94333333333336, 232.905, 232.79, 233.93999999999997, 233.93999999999997, 233.25, 233.135, 233.27, 233.36666666666667, 232.445, 232.1, 232.445, 232.79, 232.79, 233.01999999999998, 233.25, 232.675, 232.1, 232.19333333333336, 232.14999999999998, 232.38, 231.24, 231.54333333333332, 232.15, 233.07, 233.07, 231.59666666666666, 232.56, 232.01999999999998, 231.52, 231.46499999999997, 231.01, 232.15, 232.15, 232.15, 231.92000000000002, 231.96333333333334, 233.735, 232.84, 232.15, 232.3033333333333, 232.905, 232.815, 232.495, 232.58499999999998, 232.33, 232.905, 233.48, 233.135, 232.86666666666667, 233.02, 233.94, 234.86, 232.88333333333335, 232.955, 233.505, 233.94, 233.94, 233.71, 233.71, 233.71, 233.71, 233.48000000000002, 233.58333333333334, 156.37, 78.82, 78.82, 78.82, 78.82, 78.82, 78.82, 78.82, 78.99, 78.99, 78.82, 78.82, 78.99, 78.99, 78.99, 78.99, 78.91333333333334, 78.76, 78.875, 78.99, 78.99, 78.99, 78.99, 78.99, 78.99, 78.99, 78.99, 78.99, 78.99, 78.99]","[168.75, 168.55, 168.5, 168.96666666666667, 167.55, 168.85, 168.0, 169.65, 169.4333333333333, 169.0, 167.8, 166.85, 168.9, 168.85000000000002, 168.35000000000002, 167.45, 167.5, 169.45, 169.25, 171.10000000000002, 170.1, 168.35000000000002, 169.0666666666667, 169.1, 169.45, 169.15, 168.33333333333334, 169.15, 168.7, 170.29999999999998, 169.53333333333333, 169.39999999999998, 168.7, 169.64999999999998, 169.33333333333334, 168.55, 167.45, 167.75, 168.4, 168.66666666666666, 168.75, 169.39999999999998, 168.45, 167.7, 167.20000000000002, 167.89999999999998, 167.8, 166.75, 166.79999999999998, 167.85000000000002, 168.05, 169.0, 166.29999999999998, 167.6, 167.73333333333332, 166.2, 167.0, 165.93333333333334, 167.7, 167.5, 166.55, 167.0, 166.86666666666667, 168.95, 168.85000000000002, 167.35, 166.9, 168.4, 167.95, 167.5, 168.45, 167.16666666666666, 168.15, 168.8, 168.2, 167.86666666666667, 167.64999999999998, 168.5, 170.65, 168.0666666666667, 167.10000000000002, 167.75, 169.0, 168.1, 168.70000000000002, 168.55, 169.0, 168.3, 168.65, 209.1, 147.6, 65.5, 65.55, 65.5, 65.6, 65.55, 65.55, 65.53333333333333, 65.9, 65.75, 65.5, 65.7, 65.8, 65.7, 65.80000000000001, 65.75, 65.76666666666667, 65.5, 65.69999999999999, 65.8, 65.85, 65.8, 65.95, 65.75, 65.80000000000001, 65.9, 65.9, 65.80000000000001, 65.95, 65.9]","[0.69, 0.69, 0.69, 0.6833333333333332, 0.69, 0.685, 0.69, 0.685, 0.6866666666666666, 0.68, 0.69, 0.69, 0.6866666666666666, 0.685, 0.69, 0.69, 0.69, 0.685, 0.69, 0.68, 0.685, 0.69, 0.69, 0.69, 0.69, 0.69, 0.69, 0.69, 0.69, 0.6866666666666666, 0.69, 0.69, 0.69, 0.685, 0.69, 0.69, 0.69, 0.69, 0.69, 0.69, 0.69, 0.69, 0.69, 0.69, 0.69, 0.69, 0.69, 0.69, 0.6933333333333334, 0.69, 0.69, 0.69, 0.6966666666666667, 0.69, 0.69, 0.7, 0.69, 0.6966666666666667, 0.69, 0.69, 0.7, 0.69, 0.6933333333333334, 0.69, 0.69, 0.69, 0.6999999999999998, 0.69, 0.69, 0.69, 0.69, 0.6933333333333334, 0.69, 0.69, 0.69, 0.69, 0.69, 0.695, 0.69, 0.69, 0.7, 0.695, 0.69, 0.7, 0.69, 0.69, 0.69, 0.69, 0.69, 0.35666666666666663, 0.375, 0.56, 0.555, 0.56, 0.55, 0.555, 0.555, 0.5566666666666668, 0.55, 0.55, 0.56, 0.55, 0.55, 0.555, 0.55, 0.555, 0.5533333333333333, 0.555, 0.55, 0.55, 0.55, 0.55, 0.55, 0.55, 0.55, 0.55, 0.55, 0.555, 0.55, 0.55]",120
Slushi_maker,5,"[43.63333333333333, 43.55, 43.7, 43.55, 43.63333333333333, 43.6, 43.900000000000006, 43.900000000000006, 43.45, 43.6, 43.4, 43.7, 43.650000000000006, 43.5, 43.699999999999996, 43.349999999999994, 43.75, 43.7, 43.46666666666667, 43.75, 43.349999999999994, 43.6, 43.45, 43.63333333333333, 43.599999999999994, 43.4, 43.8, 43.56666666666666, 43.55, 43.45, 43.5, 43.6, 43.53333333333333, 43.650000000000006, 43.5, 43.4, 43.56666666666666, 43.150000000000006, 43.650000000000006, 43.7, 43.5, 43.46666666666667, 43.45, 43.7, 43.349999999999994, 43.56666666666666, 43.55, 43.3, 43.45, 43.25, 43.43333333333334, 43.55, 43.25, 43.349999999999994, 43.43333333333334, 43.4, 43.599999999999994, 43.15, 43.46666666666667, 43.35, 43.75, 43.3, 43.5, 43.5, 43.3, 43.55, 43.65, 43.5, 43.53333333333333, 43.2, 345.34999999999997, 225.75, 175.96666666666667, 178.0, 179.1, 181.05, 182.2, 182.63333333333333, 182.89999999999998, 182.35000000000002, 181.55, 180.36666666666667, 178.95, 177.45, 175.25, 173.6, 171.53333333333333, 170.35, 169.65, 168.5, 167.79999999999998, 166.45, 165.89999999999998, 164.95, 164.6, 163.4, 163.4, 163.2, 162.3, 162.66666666666666, 161.75, 161.8, 161.14999999999998, 161.5666666666667, 160.7, 161.6, 160.4, 160.9, 159.9333333333333, 160.2, 160.85000000000002, 159.39999999999998, 159.89999999999998, 158.9333333333333, 159.15, 159.9, 159.8, 158.93333333333334, 159.95, 158.7]","[78.64666666666666, 78.59, 78.59, 78.59, 78.59, 78.59, 78.59, 78.82, 78.82, 78.36, 78.59, 78.59, 78.705, 78.82, 78.59, 78.59, 78.67500000000001, 78.64500000000001, 78.41666666666667, 78.82, 78.82, 78.59, 78.59, 78.64666666666666, 78.76, 78.76, 78.875, 78.99, 78.99, 78.99, 78.76, 78.76, 78.47333333333334, 78.475, 78.59, 78.59, 78.59, 78.475, 78.36, 78.59, 78.59, 78.36, 78.36, 78.36, 78.475, 78.59, 78.59, 78.59, 78.36, 78.36, 78.36, 78.36, 78.36, 78.36, 78.59, 78.36, 78.36, 78.36, 78.36, 78.36, 78.36, 78.36, 78.475, 78.59, 78.36, 78.53, 78.76, 78.59, 78.59, 78.475, 362.63, 261.71000000000004, 246.12, 242.45999999999998, 243.05, 244.065, 245.08499999999998, 246.12, 246.58, 246.465, 246.35, 245.66, 244.97, 244.28, 243.245, 242.21, 240.14, 239.565, 238.99, 236.92, 236.76666666666665, 236.46, 235.09, 235.09, 234.0333333333333, 233.76, 234.17, 233.94, 233.48000000000002, 233.02, 234.4, 234.4, 232.79, 233.25, 233.48, 233.02, 232.675, 232.33, 232.79, 233.135, 233.25, 232.445, 231.64, 231.64, 231.985, 232.33, 232.215, 231.94666666666663, 231.64, 231.755]","[65.46666666666667, 65.45, 65.3, 65.45, 65.36666666666666, 65.4, 65.19999999999999, 65.44999999999999, 65.75, 65.1, 65.5, 65.35, 65.5, 65.75, 65.33333333333333, 65.55, 65.4, 65.4, 65.26666666666667, 65.6, 65.85, 65.4, 65.5, 65.46666666666667, 65.6, 65.75, 65.6, 65.89999999999999, 65.9, 66.0, 65.7, 65.6, 65.3, 65.2, 65.45, 65.55, 65.43333333333334, 65.55000000000001, 65.05, 65.3, 65.45, 65.2, 65.19999999999999, 65.05, 65.4, 65.43333333333334, 65.45, 65.6, 65.19999999999999, 65.30000000000001, 65.2, 65.15, 65.35, 65.25, 65.5, 65.25, 65.1, 65.4, 65.2, 65.30000000000001, 65.0, 65.3, 65.3, 65.46666666666667, 65.30000000000001, 65.35, 65.55000000000001, 65.5, 65.43333333333334, 65.55000000000001, 32.5, 86.95, 172.0666666666667, 164.65, 164.35, 163.7, 163.89999999999998, 165.0, 165.35, 165.8, 166.5, 166.79999999999998, 167.25, 167.9, 168.7, 168.9, 168.0666666666667, 168.45, 168.35, 166.6, 167.0666666666667, 167.95, 166.60000000000002, 167.5, 166.4, 167.2, 167.7, 167.6, 167.85000000000002, 166.83333333333334, 169.65, 169.60000000000002, 167.95, 168.23333333333332, 169.4, 167.9, 168.55, 167.6, 169.16666666666666, 169.39999999999998, 168.95, 169.2, 167.60000000000002, 168.5, 168.75, 168.55, 168.5, 168.96666666666667, 167.55, 168.85]","[0.5533333333333333, 0.55, 0.555, 0.55, 0.5566666666666668, 0.55, 0.56, 0.555, 0.55, 0.56, 0.55, 0.555, 0.555, 0.55, 0.5566666666666668, 0.55, 0.555, 0.555, 0.5533333333333333, 0.555, 0.55, 0.555, 0.55, 0.5533333333333333, 0.555, 0.55, 0.555, 0.55, 0.55, 0.55, 0.55, 0.55, 0.5566666666666668, 0.555, 0.55, 0.55, 0.5533333333333333, 0.55, 0.56, 0.56, 0.55, 0.5566666666666668, 0.555, 0.56, 0.55, 0.5533333333333333, 0.55, 0.55, 0.555, 0.55, 0.5533333333333333, 0.56, 0.55, 0.55, 0.5533333333333333, 0.555, 0.555, 0.55, 0.5566666666666668, 0.555, 0.56, 0.55, 0.555, 0.55, 0.555, 0.555, 0.555, 0.555, 0.5533333333333333, 0.55, 0.78, 0.855, 0.7166666666666667, 0.735, 0.74, 0.74, 0.745, 0.7399999999999999, 0.74, 0.74, 0.74, 0.7333333333333334, 0.73, 0.725, 0.72, 0.715, 0.7166666666666667, 0.71, 0.71, 0.71, 0.71, 0.7, 0.705, 0.7, 0.6999999999999998, 0.7, 0.7, 0.7, 0.695, 0.6999999999999998, 0.69, 0.69, 0.69, 0.6933333333333334, 0.69, 0.69, 0.69, 0.69, 0.6866666666666666, 0.69, 0.69, 0.685, 0.69, 0.69, 0.69, 0.69, 0.69, 0.6833333333333332, 0.69, 0.685]",120
Steamer,1,"[1678.8, 1678.0, 1678.0, 1678.0, 1677.0, 1675.2, 1675.2, 1671.4, 1667.8, 1669.0, 1669.0, 1668.6, 1666.0, 1665.0, 1666.2, 1672.6, 1668.4, 1664.0, 1666.6363636363637, 1671.4, 1671.0, 1671.0, 1671.0, 1670.2, 1668.5555555555557, 1669.0, 1669.0, 1668.5555555555557, 1669.0, 1669.4, 1671.2222222222222, 1671.909090909091, 1673.0, 1673.0, 1667.4, 1667.0, 1667.8, 1667.0, 1667.0, 1667.4, 1668.2, 717.875, 4.0, 4.4, 4.5, 4.0, 4.636363636363637, 5.0, 4.6, 1174.6, 1671.8, 1669.0, 1667.0, 1665.8, 1665.8, 1662.0, 1663.2, 1664.2, 1664.0, 1664.0, 1664.0, 1664.0, 1664.8, 1665.0, 1664.2, 1664.2, 1665.8, 1665.0, 1660.0, 1660.0, 1662.0, 1669.0, 1669.0, 1669.0, 1670.6, 1671.0, 1671.0, 1669.4, 1669.0, 1669.0, 1668.2, 1668.2, 1667.8, 1671.0, 1672.1666666666667, 1671.8, 1672.2, 1671.0, 1671.4444444444443, 663.7272727272727, 3.111111111111111, 4.0, 4.0, 4.4, 4.444444444444445, 4.75, 4.3, 533.9166666666666, 1680.5454545454545, 1677.6, 1675.2, 1673.0, 1673.0, 1671.8, 1670.6, 1669.0, 1665.3, 1665.6, 1667.8, 1670.6, 1671.8, 1671.4, 1670.6, 1669.4, 1669.8, 1669.4, 1670.6, 1673.0, 1671.8, 1671.0]","[1678.8, 1678.0, 1678.0, 1678.0, 1677.0, 1675.2, 1675.2, 1671.4, 1667.8, 1669.0, 1669.0, 1668.6, 1666.0, 1665.0, 1666.2, 1672.6, 1668.4, 1664.0, 1666.6363636363637, 1671.4, 1671.0, 1671.0, 1671.0, 1670.2, 1668.5555555555557, 1669.0, 1669.0, 1668.5555555555557, 1669.0, 1669.4, 1671.2222222222222, 1671.909090909091, 1673.0, 1673.0, 1667.4, 1667.0, 1667.8, 1667.0, 1667.0, 1667.4, 1668.2, 1663.0, 1385.8333333333333, 10.0, 10.0, 10.0, 10.0, 10.0, 10.0, 1175.8, 1671.8, 1669.0, 1667.0, 1665.8, 1665.8, 1662.0, 1663.2, 1664.2, 1664.0, 1664.0, 1664.0, 1664.0, 1664.8, 1665.0, 1664.2, 1664.2, 1665.8, 1665.0, 1660.0, 1660.0, 1662.0, 1669.0, 1669.0, 1669.0, 1670.6, 1671.0, 1671.0, 1669.4, 1669.0, 1669.0, 1668.2, 1668.2, 1667.8, 1671.0, 1672.1666666666667, 1671.8, 1672.2, 1671.0, 1671.4444444444443, 1664.4545454545455, 1689.0, 1078.4545454545455, 10.0, 10.0, 10.0, 10.0, 10.0, 537.25, 1695.5454545454545, 1677.6, 1675.2, 1673.0, 1673.0, 1671.8, 1670.6, 1669.0, 1665.3, 1665.6, 1667.8, 1670.6, 1671.8, 1671.4, 1670.6, 1669.4, 1669.8, 1669.4, 1670.6, 1673.0, 1671.8, 1671.0]","[0.0, 0.0, 0.0, 0.0, 0.0, 0.0, 0.0, 0.0, 0.0, 0.0, 0.0, 0.0, 0.0, 0.0, 0.0, 0.0, 0.0, 0.0, 0.0, 0.0, 0.0, 0.0, 0.0, 0.0, 0.0, 0.0, 0.0, 0.0, 0.0, 0.0, 0.0, 0.0, 0.0, 0.0, 0.0, 0.0, 0.0, 0.0, 0.0, 0.0, 0.0, 1121.5, 1385.6666666666667, 8.6, 9.0, 9.0, 9.0, 9.0, 9.0, 1.8, 0.0, 0.0, 0.0, 0.0, 0.0, 0.0, 0.0, 0.0, 0.0, 0.0, 0.0, 0.0, 0.0, 0.0, 0.0, 0.0, 0.0, 0.0, 0.0, 0.0, 0.0, 0.0, 0.0, 0.0, 0.0, 0.0, 0.0, 0.0, 0.0, 0.0, 0.0, 0.0, 0.0, 0.0, 0.0, 0.0, 0.0, 0.0, 0.0, 1136.5454545454545, 1689.0, 1078.090909090909, 9.0, 9.0, 9.0, 9.0, 9.0, 5.25, 205.0909090909091, 0.0, 0.0, 0.0, 0.0, 0.0, 0.0, 0.0, 0.0, 0.0, 0.0, 0.0, 0.0, 0.0, 0.0, 0.0, 0.0, 0.0, 0.0, 0.0, 0.0, 0.0]","[1.0, 1.0, 1.0, 1.0, 1.0, 1.0, 1.0, 1.0, 1.0, 1.0, 1.0, 1.0, 1.0, 1.0, 1.0, 1.0, 1.0, 1.0, 1.0, 1.0, 1.0, 1.0, 1.0, 1.0, 1.0, 1.0, 1.0, 1.0, 1.0, 1.0, 1.0, 1.0, 1.0, 1.0, 1.0, 1.0, 1.0, 1.0, 1.0, 1.0, 1.0, 0.43124999999999997, 0.07666666666666667, 0.45999999999999996, 0.45875, 0.43818181818181823, 0.46090909090909093, 0.458, 0.43600000000000005, 0.8859999999999999, 1.0, 1.0, 1.0, 1.0, 1.0, 1.0, 1.0, 1.0, 1.0, 1.0, 1.0, 1.0, 1.0, 1.0, 1.0, 1.0, 1.0, 1.0, 1.0, 1.0, 1.0, 1.0, 1.0, 1.0, 1.0, 1.0, 1.0, 1.0, 1.0, 1.0, 1.0, 1.0, 1.0, 1.0, 1.0, 1.0, 1.0, 1.0, 1.0, 0.3963636363636364, 0.0, 0.16, 0.42800000000000005, 0.442, 0.4311111111111111, 0.435, 0.433, 0.6749999999999999, 0.9918181818181818, 1.0, 1.0, 1.0, 1.0, 1.0, 1.0, 1.0, 1.0, 1.0, 1.0, 1.0, 1.0, 1.0, 1.0, 1.0, 1.0, 1.0, 1.0, 1.0, 1.0, 1.0]",120
Steamer,2,"[1676.4444444444446, 1676.2222222222222, 1676.0, 1669.375, 1667.5, 1667.4, 1667.0, 1667.0, 1665.0, 1665.0, 1664.111111111111, 1664.0, 1664.125, 1664.2, 1664.1333333333334, 1664.0666666666666, 1664.0, 1664.0, 1664.0, 1664.0, 1664.0, 1663.0, 1662.0, 1662.0, 1549.0, 11.777777777777779, 5.0, 4.75, 5.0, 5.0, 5.0, 5.0, 5.0, 5.0, 5.0, 1102.8, 1665.888888888889, 1664.4, 1662.0, 1660.0, 1658.0, 1658.5714285714287, 1660.0, 1660.0, 1660.0, 1660.0, 1660.0, 1660.0, 1661.111111111111, 1663.2, 1663.3333333333333, 1662.0, 1662.6666666666667, 1662.0, 1664.0, 1664.0, 1662.8, 1664.2, 1664.5, 1664.0, 1664.0, 1664.5, 1665.0, 1665.0, 1665.0, 1665.4, 1664.2, 1664.2222222222222, 1664.2, 905.725, 147.25, 4.4, 5.0, 4.8, 5.0, 5.0, 5.0, 5.0, 1116.2, 1666.2, 1664.3333333333333, 1664.0, 1664.0, 1664.0, 1662.6666666666667, 1661.75, 1660.4, 1662.0, 1663.6666666666667, 1665.3333333333333, 1667.0, 1667.0, 1667.0, 1669.4444444444443, 1667.0, 1666.111111111111, 1667.0, 1667.0, 1667.4, 1668.2, 1669.0, 1669.0, 1668.6, 1668.142857142857, 1667.5714285714284, 1667.0, 1666.5555555555557, 1666.5555555555557, 1667.0, 1667.0, 1667.0, 1665.0, 1665.0, 1665.4, 1667.0, 1666.0, 1665.0, 1665.0, 1665.0, 1665.0]","[1676.4444444444446, 1676.2222222222222, 1676.0, 1669.375, 1667.5, 1667.4, 1667.0, 1667.0, 1665.0, 1665.0, 1664.111111111111, 1664.0, 1664.125, 1664.2, 1664.1333333333334, 1664.0666666666666, 1664.0, 1664.0, 1664.0, 1664.0, 1664.0, 1663.0, 1662.0, 1662.0, 1661.2, 1656.0, 668.4, 10.0, 10.0, 10.0, 10.0, 10.0, 10.0, 10.0, 10.0, 1103.8, 1665.888888888889, 1664.4, 1662.0, 1660.0, 1658.0, 1658.5714285714287, 1660.0, 1660.0, 1660.0, 1660.0, 1660.0, 1660.0, 1661.111111111111, 1663.2, 1663.3333333333333, 1662.0, 1662.6666666666667, 1662.0, 1664.0, 1664.0, 1662.8, 1664.2, 1664.5, 1664.0, 1664.0, 1664.5, 1665.0, 1665.0, 1665.0, 1665.4, 1664.2, 1664.2222222222222, 1664.2, 1659.1, 1654.0, 340.4, 12.0, 11.2, 10.0, 10.0, 10.0, 10.0, 1117.2, 1666.2, 1664.3333333333333, 1664.0, 1664.0, 1664.0, 1662.6666666666667, 1661.75, 1660.4, 1662.0, 1663.6666666666667, 1665.3333333333333, 1667.0, 1667.0, 1667.0, 1669.4444444444443, 1667.0, 1666.111111111111, 1667.0, 1667.0, 1667.4, 1668.2, 1669.0, 1669.0, 1668.6, 1668.142857142857, 1667.5714285714284, 1667.0, 1666.5555555555557, 1666.5555555555557, 1667.0, 1667.0, 1667.0, 1665.0, 1665.0, 1665.4, 1667.0, 1666.0, 1665.0, 1665.0, 1665.0, 1665.0]","[0.0, 0.0, 0.0, 0.0, 0.0, 0.0, 0.0, 0.0, 0.0, 0.0, 0.0, 0.0, 0.0, 0.0, 0.0, 0.0, 0.0, 0.0, 0.0, 0.0, 0.0, 0.0, 0.0, 0.0, 248.4, 1655.4444444444443, 667.8, 9.0, 9.0, 9.0, 9.0, 9.0, 9.0, 9.0, 9.0, 1.8, 0.0, 0.0, 0.0, 0.0, 0.0, 0.0, 0.0, 0.0, 0.0, 0.0, 0.0, 0.0, 0.0, 0.0, 0.0, 0.0, 0.0, 0.0, 0.0, 0.0, 0.0, 0.0, 0.0, 0.0, 0.0, 0.0, 0.0, 0.0, 0.0, 0.0, 0.0, 0.0, 0.0, 803.5625, 1607.125, 339.6, 12.0, 10.8, 9.0, 9.0, 9.0, 9.0, 1.8, 0.0, 0.0, 0.0, 0.0, 0.0, 0.0, 0.0, 0.0, 0.0, 0.0, 0.0, 0.0, 0.0, 0.0, 0.0, 0.0, 0.0, 0.0, 0.0, 0.0, 0.0, 0.0, 0.0, 0.0, 0.0, 0.0, 0.0, 0.0, 0.0, 0.0, 0.0, 0.0, 0.0, 0.0, 0.0, 0.0, 0.0, 0.0, 0.0, 0.0, 0.0]","[1.0, 1.0, 1.0, 1.0, 1.0, 1.0, 1.0, 1.0, 1.0, 1.0, 1.0, 1.0, 1.0, 1.0, 1.0, 1.0, 1.0, 1.0, 1.0, 1.0, 1.0, 1.0, 1.0, 1.0, 0.932, 0.005555555555555556, 0.284, 0.45125, 0.45, 0.45, 0.45, 0.44, 0.43, 0.45200000000000007, 0.46444444444444444, 0.892, 1.0, 1.0, 1.0, 1.0, 1.0, 1.0, 1.0, 1.0, 1.0, 1.0, 1.0, 1.0, 1.0, 1.0, 1.0, 1.0, 1.0, 1.0, 1.0, 1.0, 1.0, 1.0, 1.0, 1.0, 1.0, 1.0, 1.0, 1.0, 1.0, 1.0, 1.0, 1.0, 1.0, 0.5425, 0.085, 0.304, 0.37, 0.392, 0.43, 0.43333333333333335, 0.4366666666666667, 0.44000000000000006, 0.8879999999999999, 1.0, 1.0, 1.0, 1.0, 1.0, 1.0, 1.0, 1.0, 1.0, 1.0, 1.0, 1.0, 1.0, 1.0, 1.0, 1.0, 1.0, 1.0, 1.0, 1.0, 1.0, 1.0, 1.0, 1.0, 1.0, 1.0, 1.0, 1.0, 1.0, 1.0, 1.0, 1.0, 1.0, 1.0, 1.0, 1.0, 1.0, 1.0, 1.0, 1.0, 1.0]",120
Steamer,3,"[1667.0, 1667.0, 1667.0, 1667.0, 1667.0, 1670.111111111111, 1671.0, 1336.4, 7.6, 4.0, 4.0, 4.0, 4.0, 4.0, 4.3, 4.0, 4.0, 4.0, 841.0, 1678.0, 1676.0, 1673.0, 1670.75, 1667.5, 1667.875, 1667.3076923076924, 1668.8181818181818, 1668.8333333333333, 1673.2222222222222, 1675.0, 1673.0, 1673.0, 1673.0, 1673.0, 1673.0, 1671.0, 1666.5384615384614, 1666.6923076923076, 1664.7692307692307, 1661.2, 1660.4615384615386, 1664.1818181818182, 1358.888888888889, 5.666666666666667, 4.0, 4.0, 4.0, 4.0, 4.0, 4.0, 4.0, 4.0, 1003.2727272727273, 1675.2727272727273, 1673.3076923076924, 1671.8, 1671.0, 1671.0, 1671.0, 1670.7142857142858, 1669.5, 1670.0, 1668.1666666666667, 1664.3846153846155, 1664.0, 1660.0, 1663.5, 1664.0, 1664.0, 1663.2, 1664.0, 1664.0, 1664.25, 1664.4583333333335, 1664.6666666666667, 1664.25, 953.1111111111111, 13.666666666666666, 4.0, 4.0, 4.0, 4.0, 4.0, 4.0, 4.0, 4.0, 1235.25, 1672.3333333333333, 1671.0, 1670.75, 1671.0, 1669.0, 1669.0, 1668.75, 1668.7777777777778, 1671.6, 1671.0, 1670.25, 1671.0, 1671.0, 1665.25, 1657.142857142857, 1655.6923076923076, 1657.1666666666667, 1660.923076923077, 1662.0, 1660.5714285714287, 1661.6190476190477, 1662.6666666666667, 1662.0, 1664.6666666666667, 136.72727272727272, 3.5, 4.0, 4.0, 4.0, 4.0, 4.0, 4.0, 4.0]","[1667.0, 1667.0, 1667.0, 1667.0, 1667.0, 1670.111111111111, 1671.0, 1665.8, 1658.0, 339.6, 10.0, 10.0, 10.0, 10.0, 10.0, 10.0, 10.0, 10.0, 844.1875, 1678.375, 1676.0, 1673.0, 1670.75, 1667.5, 1667.875, 1667.3076923076924, 1668.8181818181818, 1668.8333333333333, 1673.2222222222222, 1675.0, 1673.0, 1673.0, 1673.0, 1673.0, 1673.0, 1671.0, 1666.5384615384614, 1666.6923076923076, 1664.7692307692307, 1661.2, 1660.4615384615386, 1664.1818181818182, 1660.4444444444443, 1658.0, 759.0909090909091, 10.0, 10.0, 10.0, 10.0, 10.0, 10.0, 10.0, 1004.3636363636364, 1675.2727272727273, 1673.3076923076924, 1671.8, 1671.0, 1671.0, 1671.0, 1670.7142857142858, 1669.5, 1670.0, 1668.1666666666667, 1664.3846153846155, 1664.0, 1660.0, 1663.5, 1664.0, 1664.0, 1663.2, 1664.0, 1664.0, 1664.25, 1664.4583333333335, 1664.6666666666667, 1664.25, 1656.7777777777778, 1651.0, 10.0, 10.0, 10.0, 10.0, 10.0, 10.0, 10.0, 10.0, 1237.5, 1685.6666666666667, 1671.0, 1670.75, 1671.0, 1669.0, 1669.0, 1668.75, 1668.7777777777778, 1671.6, 1671.0, 1670.25, 1671.0, 1671.0, 1665.25, 1657.142857142857, 1655.6923076923076, 1657.1666666666667, 1660.923076923077, 1662.0, 1660.5714285714287, 1661.6190476190477, 1662.6666666666667, 1662.0, 1664.6666666666667, 1666.090909090909, 1683.0, 368.5, 10.0, 10.0, 10.0, 10.0, 10.0, 10.0]","[0.0, 0.0, 0.0, 0.0, 0.0, 0.0, 0.0, 450.8, 1658.6, 339.0, 9.0, 9.0, 9.0, 9.0, 9.0, 9.0, 9.0, 9.0, 4.5, 0.0, 0.0, 0.0, 0.0, 0.0, 0.0, 0.0, 0.0, 0.0, 0.0, 0.0, 0.0, 0.0, 0.0, 0.0, 0.0, 0.0, 0.0, 0.0, 0.0, 0.0, 0.0, 0.0, 362.44444444444446, 1658.7777777777778, 759.0, 9.0, 9.0, 9.0, 9.0, 9.0, 9.0, 9.0, 1.6363636363636365, 0.0, 0.0, 0.0, 0.0, 0.0, 0.0, 0.0, 0.0, 0.0, 0.0, 0.0, 0.0, 0.0, 0.0, 0.0, 0.0, 0.0, 0.0, 0.0, 0.0, 0.0, 0.0, 0.0, 854.3333333333334, 1651.0, 9.0, 9.0, 9.0, 9.0, 9.0, 9.0, 9.0, 9.0, 31.375, 175.33333333333334, 0.0, 0.0, 0.0, 0.0, 0.0, 0.0, 0.0, 0.0, 0.0, 0.0, 0.0, 0.0, 0.0, 0.0, 0.0, 0.0, 0.0, 0.0, 0.0, 0.0, 0.0, 0.0, 0.0, 1614.090909090909, 1683.0, 367.7142857142857, 9.0, 9.0, 9.0, 9.0, 9.0, 9.0]","[1.0, 1.0, 1.0, 1.0, 1.0, 1.0, 1.0, 0.8, 0.004, 0.354, 0.43200000000000005, 0.43200000000000005, 0.44000000000000006, 0.4366666666666667, 0.44299999999999995, 0.42999999999999994, 0.43600000000000005, 0.42400000000000004, 0.712, 1.0, 1.0, 1.0, 1.0, 1.0, 1.0, 1.0, 1.0, 1.0, 1.0, 1.0, 1.0, 1.0, 1.0, 1.0, 1.0, 1.0, 1.0, 1.0, 1.0, 1.0, 1.0, 1.0, 0.8177777777777778, 0.0022222222222222222, 0.23636363636363636, 0.4284615384615385, 0.425, 0.43, 0.44, 0.4283333333333333, 0.4218181818181818, 0.4438461538461539, 0.8963636363636364, 1.0, 1.0, 1.0, 1.0, 1.0, 1.0, 1.0, 1.0, 1.0, 1.0, 1.0, 1.0, 1.0, 1.0, 1.0, 1.0, 1.0, 1.0, 1.0, 1.0, 1.0, 1.0, 1.0, 0.5722222222222223, 0.005, 0.43333333333333335, 0.43285714285714283, 0.433, 0.43555555555555553, 0.43, 0.418, 0.415, 0.4311111111111111, 0.99875, 0.9933333333333333, 1.0, 1.0, 1.0, 1.0, 1.0, 1.0, 1.0, 1.0, 1.0, 1.0, 1.0, 1.0, 1.0, 1.0, 1.0, 1.0, 1.0, 1.0, 1.0, 1.0, 1.0, 1.0, 1.0, 0.08, 0.0, 0.33214285714285713, 0.42, 0.42000000000000004, 0.43374999999999997, 0.43, 0.44, 0.4481818181818182]",120
Steamer,4,"[1673.0, 1673.0, 1667.4, 1667.0, 1667.8, 1667.0, 1667.0, 1667.4, 1668.2, 717.875, 4.0, 4.4, 4.5, 4.0, 4.636363636363637, 5.0, 4.6, 1174.6, 1671.8, 1669.0, 1667.0, 1665.8, 1665.8, 1662.0, 1663.2, 1664.2, 1664.0, 1664.0, 1664.0, 1664.0, 1664.8, 1665.0, 1664.2, 1664.2, 1665.8, 1665.0, 1660.0, 1660.0, 1662.0, 1669.0, 1669.0, 1669.0, 1670.6, 1671.0, 1671.0, 1669.4, 1669.0, 1669.0, 1668.2, 1668.2, 1667.8, 1671.0, 1672.1666666666667, 1671.8, 1672.2, 1671.0, 1671.4444444444443, 663.7272727272727, 3.111111111111111, 4.0, 4.0, 4.4, 4.444444444444445, 4.75, 4.3, 533.9166666666666, 1680.5454545454545, 1677.6, 1675.2, 1673.0, 1673.0, 1671.8, 1670.6, 1669.0, 1665.3, 1665.6, 1667.8, 1670.6, 1671.8, 1671.4, 1670.6, 1669.4, 1669.8, 1669.4, 1670.6, 1673.0, 1671.8, 1671.0, 1671.0, 1670.6, 1669.8, 1669.0, 1670.2, 1672.2, 1666.8, 1662.0, 1662.0, 1662.0, 1663.4, 1662.0, 821.8, 4.0, 4.0, 4.2, 4.0, 4.0, 4.0, 4.0, 4.4, 1056.8, 1673.8, 1671.0, 1667.8, 1667.0, 1667.0, 1667.0, 1666.6363636363637, 1667.0, 1669.0, 1670.2]","[1673.0, 1673.0, 1667.4, 1667.0, 1667.8, 1667.0, 1667.0, 1667.4, 1668.2, 1663.0, 1385.8333333333333, 10.0, 10.0, 10.0, 10.0, 10.0, 10.0, 1175.8, 1671.8, 1669.0, 1667.0, 1665.8, 1665.8, 1662.0, 1663.2, 1664.2, 1664.0, 1664.0, 1664.0, 1664.0, 1664.8, 1665.0, 1664.2, 1664.2, 1665.8, 1665.0, 1660.0, 1660.0, 1662.0, 1669.0, 1669.0, 1669.0, 1670.6, 1671.0, 1671.0, 1669.4, 1669.0, 1669.0, 1668.2, 1668.2, 1667.8, 1671.0, 1672.1666666666667, 1671.8, 1672.2, 1671.0, 1671.4444444444443, 1664.4545454545455, 1689.0, 1078.4545454545455, 10.0, 10.0, 10.0, 10.0, 10.0, 537.25, 1695.5454545454545, 1677.6, 1675.2, 1673.0, 1673.0, 1671.8, 1670.6, 1669.0, 1665.3, 1665.6, 1667.8, 1670.6, 1671.8, 1671.4, 1670.6, 1669.4, 1669.8, 1669.4, 1670.6, 1673.0, 1671.8, 1671.0, 1671.0, 1670.6, 1669.8, 1669.0, 1670.2, 1672.2, 1666.8, 1662.0, 1662.0, 1662.0, 1663.4, 1662.0, 1656.8, 1654.0, 10.0, 10.0, 10.0, 10.0, 10.0, 10.0, 10.0, 1057.8, 1673.8, 1671.0, 1667.8, 1667.0, 1667.0, 1667.0, 1666.6363636363637, 1667.0, 1669.0, 1670.2]","[0.0, 0.0, 0.0, 0.0, 0.0, 0.0, 0.0, 0.0, 0.0, 1121.5, 1385.6666666666667, 8.6, 9.0, 9.0, 9.0, 9.0, 9.0, 1.8, 0.0, 0.0, 0.0, 0.0, 0.0, 0.0, 0.0, 0.0, 0.0, 0.0, 0.0, 0.0, 0.0, 0.0, 0.0, 0.0, 0.0, 0.0, 0.0, 0.0, 0.0, 0.0, 0.0, 0.0, 0.0, 0.0, 0.0, 0.0, 0.0, 0.0, 0.0, 0.0, 0.0, 0.0, 0.0, 0.0, 0.0, 0.0, 0.0, 1136.5454545454545, 1689.0, 1078.090909090909, 9.0, 9.0, 9.0, 9.0, 9.0, 5.25, 205.0909090909091, 0.0, 0.0, 0.0, 0.0, 0.0, 0.0, 0.0, 0.0, 0.0, 0.0, 0.0, 0.0, 0.0, 0.0, 0.0, 0.0, 0.0, 0.0, 0.0, 0.0, 0.0, 0.0, 0.0, 0.0, 0.0, 0.0, 0.0, 0.0, 0.0, 0.0, 0.0, 0.0, 0.0, 954.8, 1654.0, 9.0, 9.0, 9.0, 9.0, 9.0, 9.0, 9.0, 1.8, 0.0, 0.0, 0.0, 0.0, 0.0, 0.0, 0.0, 0.0, 0.0, 0.0]","[1.0, 1.0, 1.0, 1.0, 1.0, 1.0, 1.0, 1.0, 1.0, 0.43124999999999997, 0.07666666666666667, 0.45999999999999996, 0.45875, 0.43818181818181823, 0.46090909090909093, 0.458, 0.43600000000000005, 0.8859999999999999, 1.0, 1.0, 1.0, 1.0, 1.0, 1.0, 1.0, 1.0, 1.0, 1.0, 1.0, 1.0, 1.0, 1.0, 1.0, 1.0, 1.0, 1.0, 1.0, 1.0, 1.0, 1.0, 1.0, 1.0, 1.0, 1.0, 1.0, 1.0, 1.0, 1.0, 1.0, 1.0, 1.0, 1.0, 1.0, 1.0, 1.0, 1.0, 1.0, 0.3963636363636364, 0.0, 0.16, 0.42800000000000005, 0.442, 0.4311111111111111, 0.435, 0.433, 0.6749999999999999, 0.9918181818181818, 1.0, 1.0, 1.0, 1.0, 1.0, 1.0, 1.0, 1.0, 1.0, 1.0, 1.0, 1.0, 1.0, 1.0, 1.0, 1.0, 1.0, 1.0, 1.0, 1.0, 1.0, 1.0, 1.0, 1.0, 1.0, 1.0, 1.0, 1.0, 1.0, 1.0, 1.0, 1.0, 1.0, 0.496, 0.0, 0.442, 0.442, 0.42800000000000005, 0.42800000000000005, 0.438, 0.422, 0.43, 0.8879999999999999, 1.0, 1.0, 1.0, 1.0, 1.0, 1.0, 1.0, 1.0, 1.0, 1.0]",120
Steamer,5,"[1675.4166666666667, 1675.0, 1675.0, 1675.0, 1674.2, 1673.0, 1673.0, 1673.0, 1673.0, 1674.2, 1673.0, 1674.6, 1673.888888888889, 1666.2727272727273, 1668.2, 1670.0, 1675.0, 1675.0, 1674.6, 1674.2, 1674.5555555555557, 1673.5454545454545, 1673.0, 1674.2, 1013.0, 4.0, 4.0, 4.0, 4.0, 4.0, 4.0, 4.0, 4.571428571428571, 4.0, 535.9, 1684.909090909091, 1681.2, 1680.0, 1678.6, 1678.0, 1676.0, 1674.6, 1672.0, 1671.4, 1671.0, 1671.0, 1671.0, 1671.0, 1671.0, 1669.0, 1667.0, 1665.3333333333333, 1665.0, 1666.111111111111, 1667.0, 1671.0, 1670.8461538461538, 1669.3636363636363, 1669.0, 1668.111111111111, 1091.5, 16.4, 4.0, 4.0, 4.0, 4.0, 4.0, 4.0, 4.0, 4.0, 4.3, 1376.3333333333333, 1676.3076923076924, 1675.2, 1673.0, 1669.3636363636363, 1669.0, 1671.0, 1671.0, 1671.0, 1669.1818181818182, 1666.2, 1665.4, 1668.2, 1669.0, 1665.4, 1666.6, 1665.4, 1667.0, 1667.0, 1667.0, 1667.0, 1667.0, 1667.0, 1670.111111111111, 1671.0, 1336.4, 7.6, 4.0, 4.0, 4.0, 4.0, 4.0, 4.3, 4.0, 4.0, 4.0, 841.0, 1678.0, 1676.0, 1673.0, 1670.75, 1667.5, 1667.875, 1667.3076923076924, 1668.8181818181818, 1668.8333333333333, 1673.2222222222222, 1675.0, 1673.0]","[1675.4166666666667, 1675.0, 1675.0, 1675.0, 1674.2, 1673.0, 1673.0, 1673.0, 1673.0, 1674.2, 1673.0, 1674.6, 1673.888888888889, 1667.7272727272727, 1668.2, 1670.0, 1675.0, 1675.0, 1674.6, 1674.2, 1674.5555555555557, 1673.5454545454545, 1673.0, 1674.2, 1669.6666666666667, 1669.0, 175.9, 10.0, 10.0, 10.0, 10.0, 10.0, 10.0, 10.0, 538.9, 1702.0, 1681.2, 1680.0, 1678.6, 1678.0, 1676.0, 1674.6, 1672.0, 1671.4, 1671.0, 1671.0, 1671.0, 1671.0, 1671.0, 1669.0, 1667.0, 1665.3333333333333, 1665.0, 1666.111111111111, 1667.0, 1671.0, 1670.8461538461538, 1669.3636363636363, 1669.0, 1668.111111111111, 1663.5, 1663.4, 1685.0, 10.0, 10.0, 10.0, 10.0, 10.0, 10.0, 10.0, 10.0, 1379.3333333333333, 1689.5384615384614, 1675.2, 1673.0, 1669.3636363636363, 1669.0, 1671.0, 1671.0, 1671.0, 1669.1818181818182, 1666.2, 1665.4, 1668.2, 1669.0, 1665.4, 1666.6, 1665.4, 1667.0, 1667.0, 1667.0, 1667.0, 1667.0, 1667.0, 1670.111111111111, 1671.0, 1665.8, 1658.0, 339.6, 10.0, 10.0, 10.0, 10.0, 10.0, 10.0, 10.0, 10.0, 844.1875, 1678.375, 1676.0, 1673.0, 1670.75, 1667.5, 1667.875, 1667.3076923076924, 1668.8181818181818, 1668.8333333333333, 1673.2222222222222, 1675.0, 1673.0]","[0.0, 0.0, 0.0, 0.0, 0.0, 0.0, 0.0, 0.0, 0.0, 0.0, 0.0, 0.0, 0.0, 44.45454545454545, 0.0, 0.0, 0.0, 0.0, 0.0, 0.0, 0.0, 0.0, 0.0, 0.0, 733.1111111111111, 1669.0, 175.0, 9.0, 9.0, 9.0, 9.0, 9.0, 9.0, 9.0, 4.5, 218.72727272727272, 0.0, 0.0, 0.0, 0.0, 0.0, 0.0, 0.0, 0.0, 0.0, 0.0, 0.0, 0.0, 0.0, 0.0, 0.0, 0.0, 0.0, 0.0, 0.0, 0.0, 0.0, 0.0, 0.0, 0.0, 743.5, 1663.4, 1685.0, 9.0, 9.0, 9.0, 9.0, 9.0, 9.0, 9.0, 9.0, 41.5, 165.53846153846155, 0.0, 0.0, 0.0, 0.0, 0.0, 0.0, 0.0, 0.0, 0.0, 0.0, 0.0, 0.0, 0.0, 0.0, 0.0, 0.0, 0.0, 0.0, 0.0, 0.0, 0.0, 0.0, 0.0, 450.8, 1658.6, 339.0, 9.0, 9.0, 9.0, 9.0, 9.0, 9.0, 9.0, 9.0, 4.5, 0.0, 0.0, 0.0, 0.0, 0.0, 0.0, 0.0, 0.0, 0.0, 0.0, 0.0, 0.0]","[1.0, 1.0, 1.0, 1.0, 1.0, 1.0, 1.0, 1.0, 1.0, 1.0, 1.0, 1.0, 1.0, 1.0, 1.0, 1.0, 1.0, 1.0, 1.0, 1.0, 1.0, 1.0, 1.0, 1.0, 0.6066666666666667, 0.0, 0.40499999999999997, 0.43444444444444447, 0.4211111111111111, 0.4366666666666667, 0.44, 0.44, 0.44571428571428573, 0.44, 0.717, 0.9918181818181818, 1.0, 1.0, 1.0, 1.0, 1.0, 1.0, 1.0, 1.0, 1.0, 1.0, 1.0, 1.0, 1.0, 1.0, 1.0, 1.0, 1.0, 1.0, 1.0, 1.0, 1.0, 1.0, 1.0, 1.0, 0.655, 0.008, 0.0, 0.4218181818181818, 0.43333333333333335, 0.43, 0.4257142857142857, 0.42416666666666664, 0.4283333333333333, 0.4313333333333333, 0.433, 0.9983333333333334, 0.9938461538461538, 1.0, 1.0, 1.0, 1.0, 1.0, 1.0, 1.0, 1.0, 1.0, 1.0, 1.0, 1.0, 1.0, 1.0, 1.0, 1.0, 1.0, 1.0, 1.0, 1.0, 1.0, 1.0, 1.0, 0.8, 0.004, 0.354, 0.43200000000000005, 0.43200000000000005, 0.44000000000000006, 0.4366666666666667, 0.44299999999999995, 0.42999999999999994, 0.43600000000000005, 0.42400000000000004, 0.712, 1.0, 1.0, 1.0, 1.0, 1.0, 1.0, 1.0, 1.0, 1.0, 1.0, 1.0, 1.0]",120
