run_id,Time,Power,ApparentPower,ReactivePower,Factor,Voltage,Current
b172d003-1aea-4250-a26c-21690dd10e24,2026-07-01T15:45:17,0,7,7,0.04,231,0.03
b172d003-1aea-4250-a26c-21690dd10e24,2026-07-01T15:45:17,4,7,5,0.63,231,0.03
b172d003-1aea-4250-a26c-21690dd10e24,2026-07-01T15:45:17,4,7,5,0.63,231,0.03
b172d003-1aea-4250-a26c-21690dd10e24,2026-07-01T15:45:17,4,7,5,0.63,231,0.03
b172d003-1aea-4250-a26c-21690dd10e24,2026-07-01T15:45:17,4,7,5,0.63,231,0.03
b172d003-1aea-4250-a26c-21690dd10e24,2026-07-01T15:45:18,5,7,5,0.66,231,0.03
b172d003-1aea-4250-a26c-21690dd10e24,2026-07-01T15:45:18,5,7,5,0.65,231,0.03
b172d003-1aea-4250-a26c-21690dd10e24,2026-07-01T15:45:18,4,7,5,0.63,231,0.03
b172d003-1aea-4250-a26c-21690dd10e24,2026-07-01T15:45:18,4,7,5,0.63,231,0.03
b172d003-1aea-4250-a26c-21690dd10e24,2026-07-01T15:45:19,5,10,9,0.44,231,0.044
b172d003-1aea-4250-a26c-21690dd10e24,2026-07-01T15:45:19,5,10,9,0.44,231,0.044
b172d003-1aea-4250-a26c-21690dd10e24,2026-07-01T15:45:20,4,10,9,0.42,231,0.044
b172d003-1aea-4250-a26c-21690dd10e24,2026-07-01T15:45:20,5,10,9,0.44,231,0.044
b172d003-1aea-4250-a26c-21690dd10e24,2026-07-01T15:45:20,5,10,9,0.44,231,0.044
b172d003-1aea-4250-a26c-21690dd10e24,2026-07-01T15:45:20,4,10,9,0.42,231,0.044
b172d003-1aea-4250-a26c-21690dd10e24,2026-07-01T15:45:20,4,10,9,0.42,231,0.044
b172d003-1aea-4250-a26c-21690dd10e24,2026-07-01T15:45:20,4,10,9,0.42,231,0.044
b172d003-1aea-4250-a26c-21690dd10e24,2026-07-01T15:45:20,4,10,9,0.42,231,0.044
b172d003-1aea-4250-a26c-21690dd10e24,2026-07-01T15:45:21,4,10,9,0.43,231,0.044
b172d003-1aea-4250-a26c-21690dd10e24,2026-07-01T15:45:21,4,10,9,0.43,231,0.044
b172d003-1aea-4250-a26c-21690dd10e24,2026-07-01T15:45:21,4,10,9,0.43,231,0.044
b172d003-1aea-4250-a26c-21690dd10e24,2026-07-01T15:45:21,5,10,9,0.45,231,0.044
b172d003-1aea-4250-a26c-21690dd10e24,2026-07-01T15:45:21,5,10,9,0.45,231,0.044
b172d003-1aea-4250-a26c-21690dd10e24,2026-07-01T15:45:21,4,10,9,0.43,231,0.044
b172d003-1aea-4250-a26c-21690dd10e24,2026-07-01T15:45:21,4,10,9,0.43,231,0.044
b172d003-1aea-4250-a26c-21690dd10e24,2026-07-01T15:45:21,4,10,9,0.43,231,0.044
b172d003-1aea-4250-a26c-21690dd10e24,2026-07-01T15:45:21,4,10,9,0.43,231,0.044
b172d003-1aea-4250-a26c-21690dd10e24,2026-07-01T15:45:22,5,10,9,0.44,231,0.044
b172d003-1aea-4250-a26c-21690dd10e24,2026-07-01T15:45:22,5,10,9,0.44,231,0.044
b172d003-1aea-4250-a26c-21690dd10e24,2026-07-01T15:45:23,5,10,9,0.45,231,0.044
b172d003-1aea-4250-a26c-21690dd10e24,2026-07-01T15:45:23,4,10,9,0.43,231,0.044
b172d003-1aea-4250-a26c-21690dd10e24,2026-07-01T15:45:23,4,10,9,0.43,231,0.044
b172d003-1aea-4250-a26c-21690dd10e24,2026-07-01T15:45:23,4,10,9,0.43,231,0.044
b172d003-1aea-4250-a26c-21690dd10e24,2026-07-01T15:45:23,4,10,9,0.43,231,0.044
b172d003-1aea-4250-a26c-21690dd10e24,2026-07-01T15:45:23,4,10,9,0.43,231,0.044
b172d003-1aea-4250-a26c-21690dd10e24,2026-07-01T15:45:23,4,10,9,0.43,231,0.044
b172d003-1aea-4250-a26c-21690dd10e24,2026-07-01T15:45:23,4,10,9,0.43,231,0.044
b172d003-1aea-4250-a26c-21690dd10e24,2026-07-01T15:45:24,4,10,9,0.42,231,0.044
b172d003-1aea-4250-a26c-21690dd10e24,2026-07-01T15:45:24,4,10,9,0.42,231,0.044
b172d003-1aea-4250-a26c-21690dd10e24,2026-07-01T15:45:24,4,10,9,0.42,231,0.044
b172d003-1aea-4250-a26c-21690dd10e24,2026-07-01T15:45:24,4,10,9,0.42,231,0.044
b172d003-1aea-4250-a26c-21690dd10e24,2026-07-01T15:45:24,4,10,9,0.43,231,0.043
b172d003-1aea-4250-a26c-21690dd10e24,2026-07-01T15:45:24,4,10,9,0.43,231,0.043
b172d003-1aea-4250-a26c-21690dd10e24,2026-07-01T15:45:24,4,10,9,0.44,231,0.043
b172d003-1aea-4250-a26c-21690dd10e24,2026-07-01T15:45:24,4,10,9,0.44,231,0.043
b172d003-1aea-4250-a26c-21690dd10e24,2026-07-01T15:45:24,4,10,9,0.44,231,0.043
b172d003-1aea-4250-a26c-21690dd10e24,2026-07-01T15:45:25,4,10,9,0.44,231,0.043
b172d003-1aea-4250-a26c-21690dd10e24,2026-07-01T15:45:25,4,10,9,0.44,231,0.043
b172d003-1aea-4250-a26c-21690dd10e24,2026-07-01T15:45:25,4,10,9,0.44,231,0.043
b172d003-1aea-4250-a26c-21690dd10e24,2026-07-01T15:45:25,4,10,9,0.44,231,0.043
b172d003-1aea-4250-a26c-21690dd10e24,2026-07-01T15:45:25,4,10,9,0.44,231,0.043
b172d003-1aea-4250-a26c-21690dd10e24,2026-07-01T15:45:25,4,10,9,0.44,231,0.043
b172d003-1aea-4250-a26c-21690dd10e24,2026-07-01T15:45:25,4,10,9,0.44,231,0.043
b172d003-1aea-4250-a26c-21690dd10e24,2026-07-01T15:45:25,4,10,9,0.44,231,0.043
b172d003-1aea-4250-a26c-21690dd10e24,2026-07-01T15:45:25,4,10,9,0.43,231,0.043
b172d003-1aea-4250-a26c-21690dd10e24,2026-07-01T15:45:25,4,10,9,0.43,231,0.043
b172d003-1aea-4250-a26c-21690dd10e24,2026-07-01T15:45:25,4,10,9,0.43,231,0.043
b172d003-1aea-4250-a26c-21690dd10e24,2026-07-01T15:45:26,4,10,9,0.43,231,0.043
b172d003-1aea-4250-a26c-21690dd10e24,2026-07-01T15:45:26,4,10,9,0.43,231,0.043
b172d003-1aea-4250-a26c-21690dd10e24,2026-07-01T15:45:26,4,10,9,0.43,231,0.043
b172d003-1aea-4250-a26c-21690dd10e24,2026-07-01T15:45:26,4,10,9,0.43,231,0.043
b172d003-1aea-4250-a26c-21690dd10e24,2026-07-01T15:45:26,4,10,9,0.44,231,0.043
b172d003-1aea-4250-a26c-21690dd10e24,2026-07-01T15:45:26,4,10,9,0.44,231,0.043
b172d003-1aea-4250-a26c-21690dd10e24,2026-07-01T15:45:26,4,10,9,0.44,231,0.043
b172d003-1aea-4250-a26c-21690dd10e24,2026-07-01T15:45:26,4,10,9,0.44,231,0.043
b172d003-1aea-4250-a26c-21690dd10e24,2026-07-01T15:45:26,4,10,9,0.44,231,0.043
b172d003-1aea-4250-a26c-21690dd10e24,2026-07-01T15:45:26,4,10,9,0.44,231,0.043
b172d003-1aea-4250-a26c-21690dd10e24,2026-07-01T15:45:27,4,10,9,0.44,231,0.043
b172d003-1aea-4250-a26c-21690dd10e24,2026-07-01T15:45:27,4,10,9,0.44,231,0.043
b172d003-1aea-4250-a26c-21690dd10e24,2026-07-01T15:45:27,4,10,9,0.44,231,0.043
b172d003-1aea-4250-a26c-21690dd10e24,2026-07-01T15:45:27,4,10,9,0.44,231,0.043
b172d003-1aea-4250-a26c-21690dd10e24,2026-07-01T15:45:27,4,10,9,0.44,231,0.043
b172d003-1aea-4250-a26c-21690dd10e24,2026-07-01T15:45:27,4,10,9,0.44,231,0.043
b172d003-1aea-4250-a26c-21690dd10e24,2026-07-01T15:45:27,4,10,9,0.44,231,0.043
b172d003-1aea-4250-a26c-21690dd10e24,2026-07-01T15:45:27,4,10,9,0.44,231,0.043
b172d003-1aea-4250-a26c-21690dd10e24,2026-07-01T15:45:27,4,10,9,0.44,231,0.043
b172d003-1aea-4250-a26c-21690dd10e24,2026-07-01T15:45:27,4,10,9,0.44,231,0.043
b172d003-1aea-4250-a26c-21690dd10e24,2026-07-01T15:45:27,4,10,9,0.44,231,0.043
b172d003-1aea-4250-a26c-21690dd10e24,2026-07-01T15:45:28,4,10,9,0.44,231,0.043
b172d003-1aea-4250-a26c-21690dd10e24,2026-07-01T15:45:28,5,10,9,0.45,231,0.043
b172d003-1aea-4250-a26c-21690dd10e24,2026-07-01T15:45:28,5,10,9,0.45,231,0.043
b172d003-1aea-4250-a26c-21690dd10e24,2026-07-01T15:45:28,5,10,9,0.45,231,0.043
b172d003-1aea-4250-a26c-21690dd10e24,2026-07-01T15:45:28,5,10,9,0.45,231,0.043
b172d003-1aea-4250-a26c-21690dd10e24,2026-07-01T15:45:28,4,10,9,0.43,231,0.043
b172d003-1aea-4250-a26c-21690dd10e24,2026-07-01T15:45:28,4,10,9,0.43,231,0.043
b172d003-1aea-4250-a26c-21690dd10e24,2026-07-01T15:45:29,4,10,9,0.42,231,0.044
b172d003-1aea-4250-a26c-21690dd10e24,2026-07-01T15:45:29,4,10,9,0.42,231,0.044
b172d003-1aea-4250-a26c-21690dd10e24,2026-07-01T15:45:29,4,10,9,0.42,231,0.044
b172d003-1aea-4250-a26c-21690dd10e24,2026-07-01T15:45:29,5,10,9,0.44,231,0.044
b172d003-1aea-4250-a26c-21690dd10e24,2026-07-01T15:45:29,5,10,9,0.44,231,0.044
b172d003-1aea-4250-a26c-21690dd10e24,2026-07-01T15:45:29,5,10,9,0.44,231,0.044
b172d003-1aea-4250-a26c-21690dd10e24,2026-07-01T15:45:29,5,10,9,0.44,231,0.044
b172d003-1aea-4250-a26c-21690dd10e24,2026-07-01T15:45:29,5,10,9,0.44,231,0.044
b172d003-1aea-4250-a26c-21690dd10e24,2026-07-01T15:45:29,4,10,9,0.43,231,0.044
b172d003-1aea-4250-a26c-21690dd10e24,2026-07-01T15:45:29,4,10,9,0.43,231,0.044
b172d003-1aea-4250-a26c-21690dd10e24,2026-07-01T15:45:29,4,10,9,0.43,230,0.044
b172d003-1aea-4250-a26c-21690dd10e24,2026-07-01T15:45:29,4,10,9,0.43,230,0.044
b172d003-1aea-4250-a26c-21690dd10e24,2026-07-01T15:45:29,4,10,9,0.43,230,0.044
b172d003-1aea-4250-a26c-21690dd10e24,2026-07-01T15:45:29,4,10,9,0.43,230,0.044
b172d003-1aea-4250-a26c-21690dd10e24,2026-07-01T15:45:30,4,10,9,0.43,230,0.044
b172d003-1aea-4250-a26c-21690dd10e24,2026-07-01T15:45:30,4,10,9,0.43,230,0.044
b172d003-1aea-4250-a26c-21690dd10e24,2026-07-01T15:45:30,4,10,9,0.43,230,0.044
b172d003-1aea-4250-a26c-21690dd10e24,2026-07-01T15:45:30,4,10,9,0.43,230,0.044
b172d003-1aea-4250-a26c-21690dd10e24,2026-07-01T15:45:30,4,10,9,0.43,230,0.044
b172d003-1aea-4250-a26c-21690dd10e24,2026-07-01T15:45:30,4,10,9,0.43,230,0.044
b172d003-1aea-4250-a26c-21690dd10e24,2026-07-01T15:45:30,4,10,9,0.43,230,0.044
b172d003-1aea-4250-a26c-21690dd10e24,2026-07-01T15:45:30,4,10,9,0.43,230,0.044
b172d003-1aea-4250-a26c-21690dd10e24,2026-07-01T15:45:30,4,10,9,0.43,230,0.044
b172d003-1aea-4250-a26c-21690dd10e24,2026-07-01T15:45:30,4,10,9,0.43,230,0.044
b172d003-1aea-4250-a26c-21690dd10e24,2026-07-01T15:45:30,4,10,9,0.43,230,0.044
b172d003-1aea-4250-a26c-21690dd10e24,2026-07-01T15:45:31,5,10,9,0.44,230,0.044
b172d003-1aea-4250-a26c-21690dd10e24,2026-07-01T15:45:31,5,10,9,0.44,230,0.044
b172d003-1aea-4250-a26c-21690dd10e24,2026-07-01T15:45:31,4,10,9,0.43,230,0.044
b172d003-1aea-4250-a26c-21690dd10e24,2026-07-01T15:45:31,4,10,9,0.43,230,0.044
b172d003-1aea-4250-a26c-21690dd10e24,2026-07-01T15:45:31,4,10,9,0.43,230,0.044
b172d003-1aea-4250-a26c-21690dd10e24,2026-07-01T15:45:31,4,10,9,0.43,230,0.044
b172d003-1aea-4250-a26c-21690dd10e24,2026-07-01T15:45:31,4,10,9,0.43,230,0.044
b172d003-1aea-4250-a26c-21690dd10e24,2026-07-01T15:45:31,4,10,9,0.43,230,0.044
b172d003-1aea-4250-a26c-21690dd10e24,2026-07-01T15:45:31,4,10,9,0.43,230,0.044
b172d003-1aea-4250-a26c-21690dd10e24,2026-07-01T15:45:31,4,10,9,0.43,230,0.044
b172d003-1aea-4250-a26c-21690dd10e24,2026-07-01T15:45:31,4,10,9,0.43,230,0.044
b172d003-1aea-4250-a26c-21690dd10e24,2026-07-01T15:45:32,5,10,9,0.44,230,0.044
b172d003-1aea-4250-a26c-21690dd10e24,2026-07-01T15:45:32,5,10,9,0.44,230,0.044
b172d003-1aea-4250-a26c-21690dd10e24,2026-07-01T15:45:32,5,10,9,0.44,230,0.044
b172d003-1aea-4250-a26c-21690dd10e24,2026-07-01T15:45:32,5,10,9,0.44,231,0.044
b172d003-1aea-4250-a26c-21690dd10e24,2026-07-01T15:45:32,5,10,9,0.44,231,0.044
b172d003-1aea-4250-a26c-21690dd10e24,2026-07-01T15:45:32,5,10,9,0.44,231,0.044
b172d003-1aea-4250-a26c-21690dd10e24,2026-07-01T15:45:32,4,10,9,0.43,231,0.044
b172d003-1aea-4250-a26c-21690dd10e24,2026-07-01T15:45:32,4,10,9,0.43,231,0.044
b172d003-1aea-4250-a26c-21690dd10e24,2026-07-01T15:45:32,4,10,9,0.43,231,0.044
b172d003-1aea-4250-a26c-21690dd10e24,2026-07-01T15:45:32,5,10,9,0.44,231,0.044
b172d003-1aea-4250-a26c-21690dd10e24,2026-07-01T15:45:32,5,10,9,0.44,231,0.044
b172d003-1aea-4250-a26c-21690dd10e24,2026-07-01T15:45:32,64,64,0,1.0,231,0.044
b172d003-1aea-4250-a26c-21690dd10e24,2026-07-01T15:45:32,64,64,0,1.0,231,0.044
b172d003-1aea-4250-a26c-21690dd10e24,2026-07-01T15:45:33,1556,1556,0,1.0,231,5.491
b172d003-1aea-4250-a26c-21690dd10e24,2026-07-01T15:45:33,1556,1556,0,1.0,231,5.491
b172d003-1aea-4250-a26c-21690dd10e24,2026-07-01T15:45:33,1556,1556,0,1.0,231,5.491
b172d003-1aea-4250-a26c-21690dd10e24,2026-07-01T15:45:33,1686,1686,0,1.0,231,5.491
b172d003-1aea-4250-a26c-21690dd10e24,2026-07-01T15:45:33,1686,1686,0,1.0,231,5.491
b172d003-1aea-4250-a26c-21690dd10e24,2026-07-01T15:45:33,1684,1684,0,1.0,231,5.491
b172d003-1aea-4250-a26c-21690dd10e24,2026-07-01T15:45:33,1684,1684,0,1.0,231,5.491
b172d003-1aea-4250-a26c-21690dd10e24,2026-07-01T15:45:33,1684,1684,0,1.0,231,5.491
b172d003-1aea-4250-a26c-21690dd10e24,2026-07-01T15:45:33,1684,1684,0,1.0,231,5.491
b172d003-1aea-4250-a26c-21690dd10e24,2026-07-01T15:45:33,1684,1684,0,1.0,227,5.491
b172d003-1aea-4250-a26c-21690dd10e24,2026-07-01T15:45:33,1684,1684,0,1.0,227,5.491
b172d003-1aea-4250-a26c-21690dd10e24,2026-07-01T15:45:34,1684,1684,0,1.0,227,5.491
b172d003-1aea-4250-a26c-21690dd10e24,2026-07-01T15:45:34,1684,1684,0,1.0,227,5.491
b172d003-1aea-4250-a26c-21690dd10e24,2026-07-01T15:45:34,1682,1682,0,1.0,227,5.491
b172d003-1aea-4250-a26c-21690dd10e24,2026-07-01T15:45:34,1682,1682,0,1.0,227,5.491
b172d003-1aea-4250-a26c-21690dd10e24,2026-07-01T15:45:34,1682,1682,0,1.0,227,5.491
b172d003-1aea-4250-a26c-21690dd10e24,2026-07-01T15:45:34,1682,1682,0,1.0,227,5.491
b172d003-1aea-4250-a26c-21690dd10e24,2026-07-01T15:45:34,1682,1682,0,1.0,227,5.491
b172d003-1aea-4250-a26c-21690dd10e24,2026-07-01T15:45:34,1682,1682,0,1.0,227,7.361
b172d003-1aea-4250-a26c-21690dd10e24,2026-07-01T15:45:34,1682,1682,0,1.0,227,7.361
b172d003-1aea-4250-a26c-21690dd10e24,2026-07-01T15:45:34,1682,1682,0,1.0,227,7.361
b172d003-1aea-4250-a26c-21690dd10e24,2026-07-01T15:45:34,1682,1682,0,1.0,227,7.361
b172d003-1aea-4250-a26c-21690dd10e24,2026-07-01T15:45:34,1682,1682,0,1.0,227,7.361
b172d003-1aea-4250-a26c-21690dd10e24,2026-07-01T15:45:34,1682,1682,0,1.0,227,7.361
b172d003-1aea-4250-a26c-21690dd10e24,2026-07-01T15:45:35,1682,1682,0,1.0,227,7.361
b172d003-1aea-4250-a26c-21690dd10e24,2026-07-01T15:45:35,1682,1682,0,1.0,227,7.361
b172d003-1aea-4250-a26c-21690dd10e24,2026-07-01T15:45:35,1682,1682,0,1.0,227,7.361
b172d003-1aea-4250-a26c-21690dd10e24,2026-07-01T15:45:35,1682,1682,0,1.0,227,7.361
b172d003-1aea-4250-a26c-21690dd10e24,2026-07-01T15:45:35,1682,1682,0,1.0,227,7.361
b172d003-1aea-4250-a26c-21690dd10e24,2026-07-01T15:45:35,1682,1682,0,1.0,227,7.361
b172d003-1aea-4250-a26c-21690dd10e24,2026-07-01T15:45:35,1682,1682,0,1.0,227,7.361
b172d003-1aea-4250-a26c-21690dd10e24,2026-07-01T15:45:35,1682,1682,0,1.0,227,7.361
b172d003-1aea-4250-a26c-21690dd10e24,2026-07-01T15:45:35,1680,1680,0,1.0,227,7.361
b172d003-1aea-4250-a26c-21690dd10e24,2026-07-01T15:45:35,1680,1680,0,1.0,227,7.361
b172d003-1aea-4250-a26c-21690dd10e24,2026-07-01T15:45:35,1676,1676,0,1.0,227,7.361
b172d003-1aea-4250-a26c-21690dd10e24,2026-07-01T15:45:35,1676,1676,0,1.0,227,7.361
b172d003-1aea-4250-a26c-21690dd10e24,2026-07-01T15:45:35,1676,1676,0,1.0,227,7.361
b172d003-1aea-4250-a26c-21690dd10e24,2026-07-01T15:45:36,1676,1676,0,1.0,227,7.361
b172d003-1aea-4250-a26c-21690dd10e24,2026-07-01T15:45:36,1676,1676,0,1.0,227,7.361
b172d003-1aea-4250-a26c-21690dd10e24,2026-07-01T15:45:36,1676,1676,0,1.0,227,7.344
b172d003-1aea-4250-a26c-21690dd10e24,2026-07-01T15:45:36,1676,1676,0,1.0,227,7.344
b172d003-1aea-4250-a26c-21690dd10e24,2026-07-01T15:45:36,1676,1676,0,1.0,227,7.344
b172d003-1aea-4250-a26c-21690dd10e24,2026-07-01T15:45:36,1676,1676,0,1.0,227,7.344
b172d003-1aea-4250-a26c-21690dd10e24,2026-07-01T15:45:36,1676,1676,0,1.0,227,7.344
b172d003-1aea-4250-a26c-21690dd10e24,2026-07-01T15:45:36,1676,1676,0,1.0,227,7.344
b172d003-1aea-4250-a26c-21690dd10e24,2026-07-01T15:45:36,1676,1676,0,1.0,227,7.344
b172d003-1aea-4250-a26c-21690dd10e24,2026-07-01T15:45:36,1676,1676,0,1.0,227,7.344
b172d003-1aea-4250-a26c-21690dd10e24,2026-07-01T15:45:36,1676,1676,0,1.0,227,7.344
b172d003-1aea-4250-a26c-21690dd10e24,2026-07-01T15:45:36,1676,1676,0,1.0,227,7.344
b172d003-1aea-4250-a26c-21690dd10e24,2026-07-01T15:45:36,1676,1676,0,1.0,227,7.344
b172d003-1aea-4250-a26c-21690dd10e24,2026-07-01T15:45:36,1676,1676,0,1.0,227,7.344
b172d003-1aea-4250-a26c-21690dd10e24,2026-07-01T15:45:37,1676,1676,0,1.0,227,7.344
b172d003-1aea-4250-a26c-21690dd10e24,2026-07-01T15:45:37,1676,1676,0,1.0,227,7.344
b172d003-1aea-4250-a26c-21690dd10e24,2026-07-01T15:45:37,1675,1675,0,1.0,227,7.344
b172d003-1aea-4250-a26c-21690dd10e24,2026-07-01T15:45:37,1675,1675,0,1.0,227,7.344
b172d003-1aea-4250-a26c-21690dd10e24,2026-07-01T15:45:37,1675,1675,0,1.0,227,7.344
b172d003-1aea-4250-a26c-21690dd10e24,2026-07-01T15:45:37,1675,1675,0,1.0,227,7.344
b172d003-1aea-4250-a26c-21690dd10e24,2026-07-01T15:45:37,1675,1675,0,1.0,227,7.344
b172d003-1aea-4250-a26c-21690dd10e24,2026-07-01T15:45:37,1675,1675,0,1.0,227,7.344
b172d003-1aea-4250-a26c-21690dd10e24,2026-07-01T15:45:37,1675,1675,0,1.0,227,7.344
b172d003-1aea-4250-a26c-21690dd10e24,2026-07-01T15:45:37,1675,1675,0,1.0,227,7.336
b172d003-1aea-4250-a26c-21690dd10e24,2026-07-01T15:45:37,1675,1675,0,1.0,227,7.336
b172d003-1aea-4250-a26c-21690dd10e24,2026-07-01T15:45:38,1676,1676,0,1.0,227,7.336
b172d003-1aea-4250-a26c-21690dd10e24,2026-07-01T15:45:38,1676,1676,0,1.0,227,7.336
b172d003-1aea-4250-a26c-21690dd10e24,2026-07-01T15:45:38,1676,1676,0,1.0,227,7.336
b172d003-1aea-4250-a26c-21690dd10e24,2026-07-01T15:45:38,1675,1675,0,1.0,227,7.336
b172d003-1aea-4250-a26c-21690dd10e24,2026-07-01T15:45:38,1675,1675,0,1.0,227,7.336
b172d003-1aea-4250-a26c-21690dd10e24,2026-07-01T15:45:38,1675,1675,0,1.0,227,7.336
b172d003-1aea-4250-a26c-21690dd10e24,2026-07-01T15:45:38,1675,1675,0,1.0,227,7.336
b172d003-1aea-4250-a26c-21690dd10e24,2026-07-01T15:45:38,1676,1676,0,1.0,227,7.336
b172d003-1aea-4250-a26c-21690dd10e24,2026-07-01T15:45:38,1676,1676,0,1.0,227,7.336
b172d003-1aea-4250-a26c-21690dd10e24,2026-07-01T15:45:38,1675,1675,0,1.0,227,7.336
b172d003-1aea-4250-a26c-21690dd10e24,2026-07-01T15:45:38,1675,1675,0,1.0,227,7.336
b172d003-1aea-4250-a26c-21690dd10e24,2026-07-01T15:45:38,1675,1675,0,1.0,227,7.336
b172d003-1aea-4250-a26c-21690dd10e24,2026-07-01T15:45:39,1675,1675,0,1.0,227,7.336
b172d003-1aea-4250-a26c-21690dd10e24,2026-07-01T15:45:39,1675,1675,0,1.0,227,7.336
b172d003-1aea-4250-a26c-21690dd10e24,2026-07-01T15:45:39,1675,1675,0,1.0,227,7.336
b172d003-1aea-4250-a26c-21690dd10e24,2026-07-01T15:45:39,1675,1675,0,1.0,227,7.336
b172d003-1aea-4250-a26c-21690dd10e24,2026-07-01T15:45:39,1675,1675,0,1.0,227,7.336
b172d003-1aea-4250-a26c-21690dd10e24,2026-07-01T15:45:39,1675,1675,0,1.0,227,7.336
b172d003-1aea-4250-a26c-21690dd10e24,2026-07-01T15:45:39,1675,1675,0,1.0,227,7.336
b172d003-1aea-4250-a26c-21690dd10e24,2026-07-01T15:45:39,1675,1675,0,1.0,227,7.336
b172d003-1aea-4250-a26c-21690dd10e24,2026-07-01T15:45:39,1675,1675,0,1.0,227,7.336
b172d003-1aea-4250-a26c-21690dd10e24,2026-07-01T15:45:39,1675,1675,0,1.0,227,7.336
b172d003-1aea-4250-a26c-21690dd10e24,2026-07-01T15:45:39,1675,1675,0,1.0,227,7.336
b172d003-1aea-4250-a26c-21690dd10e24,2026-07-01T15:45:39,1675,1675,0,1.0,227,7.336
b172d003-1aea-4250-a26c-21690dd10e24,2026-07-01T15:45:40,1675,1675,0,1.0,227,7.336
b172d003-1aea-4250-a26c-21690dd10e24,2026-07-01T15:45:40,1675,1675,0,1.0,227,7.336
b172d003-1aea-4250-a26c-21690dd10e24,2026-07-01T15:45:40,1675,1675,0,1.0,227,7.336
b172d003-1aea-4250-a26c-21690dd10e24,2026-07-01T15:45:40,1675,1675,0,1.0,227,7.336
b172d003-1aea-4250-a26c-21690dd10e24,2026-07-01T15:45:40,1675,1675,0,1.0,227,7.336
b172d003-1aea-4250-a26c-21690dd10e24,2026-07-01T15:45:40,1675,1675,0,1.0,227,7.336
b172d003-1aea-4250-a26c-21690dd10e24,2026-07-01T15:45:40,1675,1675,0,1.0,227,7.336
b172d003-1aea-4250-a26c-21690dd10e24,2026-07-01T15:45:40,1675,1675,0,1.0,227,7.336
b172d003-1aea-4250-a26c-21690dd10e24,2026-07-01T15:45:40,1675,1675,0,1.0,227,7.336
b172d003-1aea-4250-a26c-21690dd10e24,2026-07-01T15:45:40,1675,1675,0,1.0,227,7.336
b172d003-1aea-4250-a26c-21690dd10e24,2026-07-01T15:45:40,1675,1675,0,1.0,227,7.336
b172d003-1aea-4250-a26c-21690dd10e24,2026-07-01T15:45:41,1675,1675,0,1.0,227,7.331
b172d003-1aea-4250-a26c-21690dd10e24,2026-07-01T15:45:41,1675,1675,0,1.0,227,7.331
b172d003-1aea-4250-a26c-21690dd10e24,2026-07-01T15:45:41,1675,1675,0,1.0,227,7.331
b172d003-1aea-4250-a26c-21690dd10e24,2026-07-01T15:45:41,1675,1675,0,1.0,227,7.331
b172d003-1aea-4250-a26c-21690dd10e24,2026-07-01T15:45:41,1675,1675,0,1.0,227,7.331
b172d003-1aea-4250-a26c-21690dd10e24,2026-07-01T15:45:41,1675,1675,0,1.0,227,7.331
b172d003-1aea-4250-a26c-21690dd10e24,2026-07-01T15:45:41,1675,1675,0,1.0,227,7.331
b172d003-1aea-4250-a26c-21690dd10e24,2026-07-01T15:45:41,1675,1675,0,1.0,227,7.331
b172d003-1aea-4250-a26c-21690dd10e24,2026-07-01T15:45:41,1675,1675,0,1.0,227,7.331
b172d003-1aea-4250-a26c-21690dd10e24,2026-07-01T15:45:41,1675,1675,0,1.0,227,7.331
b172d003-1aea-4250-a26c-21690dd10e24,2026-07-01T15:45:42,1673,1673,0,1.0,227,7.331
b172d003-1aea-4250-a26c-21690dd10e24,2026-07-01T15:45:42,1673,1673,0,1.0,227,7.331
b172d003-1aea-4250-a26c-21690dd10e24,2026-07-01T15:45:42,1673,1673,0,1.0,227,7.331
b172d003-1aea-4250-a26c-21690dd10e24,2026-07-01T15:45:42,1675,1675,0,1.0,227,7.331
b172d003-1aea-4250-a26c-21690dd10e24,2026-07-01T15:45:42,1675,1675,0,1.0,227,7.331
b172d003-1aea-4250-a26c-21690dd10e24,2026-07-01T15:45:42,1675,1675,0,1.0,227,7.331
b172d003-1aea-4250-a26c-21690dd10e24,2026-07-01T15:45:42,1675,1675,0,1.0,227,7.331
b172d003-1aea-4250-a26c-21690dd10e24,2026-07-01T15:45:42,1675,1675,0,1.0,227,7.331
b172d003-1aea-4250-a26c-21690dd10e24,2026-07-01T15:45:42,1675,1675,0,1.0,227,7.331
b172d003-1aea-4250-a26c-21690dd10e24,2026-07-01T15:45:42,1675,1675,0,1.0,227,7.331
b172d003-1aea-4250-a26c-21690dd10e24,2026-07-01T15:45:42,1675,1675,0,1.0,227,7.331
b172d003-1aea-4250-a26c-21690dd10e24,2026-07-01T15:45:42,1675,1675,0,1.0,227,7.331
b172d003-1aea-4250-a26c-21690dd10e24,2026-07-01T15:45:42,1673,1673,0,1.0,227,7.331
b172d003-1aea-4250-a26c-21690dd10e24,2026-07-01T15:45:42,1673,1673,0,1.0,227,7.331
b172d003-1aea-4250-a26c-21690dd10e24,2026-07-01T15:45:42,1673,1673,0,1.0,227,7.331
b172d003-1aea-4250-a26c-21690dd10e24,2026-07-01T15:45:43,1673,1673,0,1.0,227,7.331
b172d003-1aea-4250-a26c-21690dd10e24,2026-07-01T15:45:43,1673,1673,0,1.0,227,7.331
b172d003-1aea-4250-a26c-21690dd10e24,2026-07-01T15:45:43,1673,1673,0,1.0,227,7.331
b172d003-1aea-4250-a26c-21690dd10e24,2026-07-01T15:45:43,1673,1673,0,1.0,227,7.331
b172d003-1aea-4250-a26c-21690dd10e24,2026-07-01T15:45:43,1673,1673,0,1.0,227,7.331
b172d003-1aea-4250-a26c-21690dd10e24,2026-07-01T15:45:43,1673,1673,0,1.0,227,7.331
b172d003-1aea-4250-a26c-21690dd10e24,2026-07-01T15:45:43,1673,1673,0,1.0,227,7.331
b172d003-1aea-4250-a26c-21690dd10e24,2026-07-01T15:45:43,1673,1673,0,1.0,227,7.331
b172d003-1aea-4250-a26c-21690dd10e24,2026-07-01T15:45:43,1673,1673,0,1.0,227,7.331
b172d003-1aea-4250-a26c-21690dd10e24,2026-07-01T15:45:43,1673,1673,0,1.0,227,7.331
b172d003-1aea-4250-a26c-21690dd10e24,2026-07-01T15:45:43,1673,1673,0,1.0,227,7.331
b172d003-1aea-4250-a26c-21690dd10e24,2026-07-01T15:45:44,1673,1673,0,1.0,227,7.331
b172d003-1aea-4250-a26c-21690dd10e24,2026-07-01T15:45:44,1673,1673,0,1.0,227,7.331
b172d003-1aea-4250-a26c-21690dd10e24,2026-07-01T15:45:44,1673,1673,0,1.0,227,7.327
b172d003-1aea-4250-a26c-21690dd10e24,2026-07-01T15:45:44,1673,1673,0,1.0,227,7.327
b172d003-1aea-4250-a26c-21690dd10e24,2026-07-01T15:45:44,1673,1673,0,1.0,227,7.327
b172d003-1aea-4250-a26c-21690dd10e24,2026-07-01T15:45:44,1673,1673,0,1.0,227,7.327
b172d003-1aea-4250-a26c-21690dd10e24,2026-07-01T15:45:44,1673,1673,0,1.0,227,7.327
b172d003-1aea-4250-a26c-21690dd10e24,2026-07-01T15:45:44,1673,1673,0,1.0,227,7.327
b172d003-1aea-4250-a26c-21690dd10e24,2026-07-01T15:45:44,1673,1673,0,1.0,227,7.327
b172d003-1aea-4250-a26c-21690dd10e24,2026-07-01T15:45:44,1673,1673,0,1.0,227,7.327
b172d003-1aea-4250-a26c-21690dd10e24,2026-07-01T15:45:45,1673,1673,0,1.0,227,7.327
b172d003-1aea-4250-a26c-21690dd10e24,2026-07-01T15:45:45,1673,1673,0,1.0,227,7.327
b172d003-1aea-4250-a26c-21690dd10e24,2026-07-01T15:45:45,1673,1673,0,1.0,227,7.327
b172d003-1aea-4250-a26c-21690dd10e24,2026-07-01T15:45:45,1673,1673,0,1.0,227,7.327
b172d003-1aea-4250-a26c-21690dd10e24,2026-07-01T15:45:45,1673,1673,0,1.0,227,7.327
b172d003-1aea-4250-a26c-21690dd10e24,2026-07-01T15:45:45,1673,1673,0,1.0,227,7.327
b172d003-1aea-4250-a26c-21690dd10e24,2026-07-01T15:45:45,1673,1673,0,1.0,227,7.327
b172d003-1aea-4250-a26c-21690dd10e24,2026-07-01T15:45:45,1673,1673,0,1.0,227,7.327
b172d003-1aea-4250-a26c-21690dd10e24,2026-07-01T15:45:45,1673,1673,0,1.0,227,7.327
b172d003-1aea-4250-a26c-21690dd10e24,2026-07-01T15:45:46,1673,1673,0,1.0,227,7.327
b172d003-1aea-4250-a26c-21690dd10e24,2026-07-01T15:45:46,1673,1673,0,1.0,227,7.327
b172d003-1aea-4250-a26c-21690dd10e24,2026-07-01T15:45:46,1673,1673,0,1.0,227,7.327
b172d003-1aea-4250-a26c-21690dd10e24,2026-07-01T15:45:46,1673,1673,0,1.0,227,7.327
b172d003-1aea-4250-a26c-21690dd10e24,2026-07-01T15:45:46,1673,1673,0,1.0,227,7.327
b172d003-1aea-4250-a26c-21690dd10e24,2026-07-01T15:45:46,1673,1673,0,1.0,227,7.327
b172d003-1aea-4250-a26c-21690dd10e24,2026-07-01T15:45:46,1673,1673,0,1.0,227,7.327
b172d003-1aea-4250-a26c-21690dd10e24,2026-07-01T15:45:46,1673,1673,0,1.0,227,7.327
b172d003-1aea-4250-a26c-21690dd10e24,2026-07-01T15:45:46,1673,1673,0,1.0,227,7.327
b172d003-1aea-4250-a26c-21690dd10e24,2026-07-01T15:45:46,1673,1673,0,1.0,227,7.327
b172d003-1aea-4250-a26c-21690dd10e24,2026-07-01T15:45:46,1673,1673,0,1.0,227,7.327
b172d003-1aea-4250-a26c-21690dd10e24,2026-07-01T15:45:47,1675,1675,0,1.0,227,7.327
b172d003-1aea-4250-a26c-21690dd10e24,2026-07-01T15:45:47,1675,1675,0,1.0,227,7.327
b172d003-1aea-4250-a26c-21690dd10e24,2026-07-01T15:45:47,1675,1675,0,1.0,227,7.327
b172d003-1aea-4250-a26c-21690dd10e24,2026-07-01T15:45:47,1675,1675,0,1.0,227,7.327
b172d003-1aea-4250-a26c-21690dd10e24,2026-07-01T15:45:47,1675,1675,0,1.0,227,7.331
b172d003-1aea-4250-a26c-21690dd10e24,2026-07-01T15:45:47,1675,1675,0,1.0,227,7.331
b172d003-1aea-4250-a26c-21690dd10e24,2026-07-01T15:45:47,1673,1673,0,1.0,227,7.331
b172d003-1aea-4250-a26c-21690dd10e24,2026-07-01T15:45:47,1673,1673,0,1.0,227,7.331
b172d003-1aea-4250-a26c-21690dd10e24,2026-07-01T15:45:47,1673,1673,0,1.0,227,7.331
b172d003-1aea-4250-a26c-21690dd10e24,2026-07-01T15:45:47,1673,1673,0,1.0,227,7.331
b172d003-1aea-4250-a26c-21690dd10e24,2026-07-01T15:45:48,1673,1673,0,1.0,227,7.331
b172d003-1aea-4250-a26c-21690dd10e24,2026-07-01T15:45:48,1673,1673,0,1.0,227,7.331
b172d003-1aea-4250-a26c-21690dd10e24,2026-07-01T15:45:48,1673,1673,0,1.0,227,7.331
b172d003-1aea-4250-a26c-21690dd10e24,2026-07-01T15:45:48,1673,1673,0,1.0,227,7.331
b172d003-1aea-4250-a26c-21690dd10e24,2026-07-01T15:45:48,1673,1673,0,1.0,227,7.331
b172d003-1aea-4250-a26c-21690dd10e24,2026-07-01T15:45:48,1673,1673,0,1.0,227,7.331
b172d003-1aea-4250-a26c-21690dd10e24,2026-07-01T15:45:48,1673,1673,0,1.0,227,7.331
b172d003-1aea-4250-a26c-21690dd10e24,2026-07-01T15:45:48,1673,1673,0,1.0,227,7.331
b172d003-1aea-4250-a26c-21690dd10e24,2026-07-01T15:45:48,1673,1673,0,1.0,227,7.331
b172d003-1aea-4250-a26c-21690dd10e24,2026-07-01T15:45:48,1673,1673,0,1.0,227,7.331
b172d003-1aea-4250-a26c-21690dd10e24,2026-07-01T15:45:49,1673,1673,0,1.0,227,7.331
b172d003-1aea-4250-a26c-21690dd10e24,2026-07-01T15:45:49,1673,1673,0,1.0,227,7.331
b172d003-1aea-4250-a26c-21690dd10e24,2026-07-01T15:45:49,1673,1673,0,1.0,227,7.331
b172d003-1aea-4250-a26c-21690dd10e24,2026-07-01T15:45:49,1673,1673,0,1.0,227,7.331
b172d003-1aea-4250-a26c-21690dd10e24,2026-07-01T15:45:49,1675,1675,0,1.0,227,7.331
b172d003-1aea-4250-a26c-21690dd10e24,2026-07-01T15:45:49,1675,1675,0,1.0,227,7.331
b172d003-1aea-4250-a26c-21690dd10e24,2026-07-01T15:45:49,1676,1676,0,1.0,227,7.331
b172d003-1aea-4250-a26c-21690dd10e24,2026-07-01T15:45:49,1676,1676,0,1.0,227,7.331
b172d003-1aea-4250-a26c-21690dd10e24,2026-07-01T15:45:49,1676,1676,0,1.0,227,7.331
b172d003-1aea-4250-a26c-21690dd10e24,2026-07-01T15:45:49,1676,1676,0,1.0,227,7.331
b172d003-1aea-4250-a26c-21690dd10e24,2026-07-01T15:45:50,1676,1676,0,1.0,227,7.331
b172d003-1aea-4250-a26c-21690dd10e24,2026-07-01T15:45:50,1676,1676,0,1.0,227,7.331
b172d003-1aea-4250-a26c-21690dd10e24,2026-07-01T15:45:50,1676,1676,0,1.0,227,7.331
b172d003-1aea-4250-a26c-21690dd10e24,2026-07-01T15:45:50,1676,1676,0,1.0,227,7.331
b172d003-1aea-4250-a26c-21690dd10e24,2026-07-01T15:45:50,1676,1676,0,1.0,227,7.331
b172d003-1aea-4250-a26c-21690dd10e24,2026-07-01T15:45:50,1676,1676,0,1.0,227,7.331
b172d003-1aea-4250-a26c-21690dd10e24,2026-07-01T15:45:50,1671,1671,0,1.0,227,7.331
b172d003-1aea-4250-a26c-21690dd10e24,2026-07-01T15:45:50,1669,1669,0,1.0,227,7.331
b172d003-1aea-4250-a26c-21690dd10e24,2026-07-01T15:45:50,1669,1669,0,1.0,227,7.331
b172d003-1aea-4250-a26c-21690dd10e24,2026-07-01T15:45:51,1662,1667,132,1.0,227,7.331
b172d003-1aea-4250-a26c-21690dd10e24,2026-07-01T15:45:51,1662,1667,132,1.0,227,7.331
b172d003-1aea-4250-a26c-21690dd10e24,2026-07-01T15:45:51,1665,1667,75,1.0,227,7.331
b172d003-1aea-4250-a26c-21690dd10e24,2026-07-01T15:45:51,1665,1667,75,1.0,227,7.331
b172d003-1aea-4250-a26c-21690dd10e24,2026-07-01T15:45:51,1665,1667,75,1.0,227,7.331
b172d003-1aea-4250-a26c-21690dd10e24,2026-07-01T15:45:51,1667,1667,0,1.0,227,7.331
b172d003-1aea-4250-a26c-21690dd10e24,2026-07-01T15:45:51,1667,1667,0,1.0,227,7.331
b172d003-1aea-4250-a26c-21690dd10e24,2026-07-01T15:45:51,1669,1669,0,1.0,227,7.331
b172d003-1aea-4250-a26c-21690dd10e24,2026-07-01T15:45:51,1669,1669,0,1.0,227,7.331
b172d003-1aea-4250-a26c-21690dd10e24,2026-07-01T15:45:51,1669,1669,0,1.0,227,7.331
b172d003-1aea-4250-a26c-21690dd10e24,2026-07-01T15:45:51,1669,1669,0,1.0,227,7.331
b172d003-1aea-4250-a26c-21690dd10e24,2026-07-01T15:45:52,1669,1669,0,1.0,227,7.331
b172d003-1aea-4250-a26c-21690dd10e24,2026-07-01T15:45:52,1669,1669,0,1.0,227,7.331
b172d003-1aea-4250-a26c-21690dd10e24,2026-07-01T15:45:52,1669,1669,0,1.0,227,7.319
b172d003-1aea-4250-a26c-21690dd10e24,2026-07-01T15:45:52,1669,1669,0,1.0,227,7.319
b172d003-1aea-4250-a26c-21690dd10e24,2026-07-01T15:45:52,1669,1669,0,1.0,227,7.319
b172d003-1aea-4250-a26c-21690dd10e24,2026-07-01T15:45:52,1669,1669,0,1.0,227,7.319
b172d003-1aea-4250-a26c-21690dd10e24,2026-07-01T15:45:52,1667,1667,0,1.0,227,7.319
b172d003-1aea-4250-a26c-21690dd10e24,2026-07-01T15:45:52,1667,1667,0,1.0,227,7.319
b172d003-1aea-4250-a26c-21690dd10e24,2026-07-01T15:45:52,1667,1667,0,1.0,227,7.319
b172d003-1aea-4250-a26c-21690dd10e24,2026-07-01T15:45:52,1667,1667,0,1.0,227,7.319
b172d003-1aea-4250-a26c-21690dd10e24,2026-07-01T15:45:53,1667,1667,0,1.0,227,7.319
b172d003-1aea-4250-a26c-21690dd10e24,2026-07-01T15:45:53,1667,1667,0,1.0,227,7.319
b172d003-1aea-4250-a26c-21690dd10e24,2026-07-01T15:45:53,1667,1667,0,1.0,227,7.319
b172d003-1aea-4250-a26c-21690dd10e24,2026-07-01T15:45:53,1667,1667,0,1.0,227,7.319
b172d003-1aea-4250-a26c-21690dd10e24,2026-07-01T15:45:53,1669,1669,0,1.0,227,7.319
b172d003-1aea-4250-a26c-21690dd10e24,2026-07-01T15:45:53,1669,1669,0,1.0,227,7.319
b172d003-1aea-4250-a26c-21690dd10e24,2026-07-01T15:45:53,1669,1669,0,1.0,227,7.319
b172d003-1aea-4250-a26c-21690dd10e24,2026-07-01T15:45:53,1675,1675,0,1.0,227,7.327
b172d003-1aea-4250-a26c-21690dd10e24,2026-07-01T15:45:53,1675,1675,0,1.0,227,7.327
b172d003-1aea-4250-a26c-21690dd10e24,2026-07-01T15:45:53,1675,1675,0,1.0,227,7.327
b172d003-1aea-4250-a26c-21690dd10e24,2026-07-01T15:45:54,1675,1675,0,1.0,227,7.327
b172d003-1aea-4250-a26c-21690dd10e24,2026-07-01T15:45:54,1675,1675,0,1.0,227,7.327
b172d003-1aea-4250-a26c-21690dd10e24,2026-07-01T15:45:54,1675,1675,0,1.0,227,7.327
b172d003-1aea-4250-a26c-21690dd10e24,2026-07-01T15:45:54,1675,1675,0,1.0,227,7.327
b172d003-1aea-4250-a26c-21690dd10e24,2026-07-01T15:45:54,1675,1675,0,1.0,227,7.327
b172d003-1aea-4250-a26c-21690dd10e24,2026-07-01T15:45:54,1675,1675,0,1.0,227,7.327
b172d003-1aea-4250-a26c-21690dd10e24,2026-07-01T15:45:54,1675,1675,0,1.0,227,7.327
b172d003-1aea-4250-a26c-21690dd10e24,2026-07-01T15:45:54,1675,1675,0,1.0,227,7.327
b172d003-1aea-4250-a26c-21690dd10e24,2026-07-01T15:45:54,1675,1675,0,1.0,227,7.327
b172d003-1aea-4250-a26c-21690dd10e24,2026-07-01T15:45:54,1675,1675,0,1.0,227,7.327
b172d003-1aea-4250-a26c-21690dd10e24,2026-07-01T15:45:55,1675,1675,0,1.0,227,7.327
b172d003-1aea-4250-a26c-21690dd10e24,2026-07-01T15:45:55,1675,1675,0,1.0,227,7.327
b172d003-1aea-4250-a26c-21690dd10e24,2026-07-01T15:45:55,1675,1675,0,1.0,227,7.327
b172d003-1aea-4250-a26c-21690dd10e24,2026-07-01T15:45:55,1675,1675,0,1.0,227,7.327
b172d003-1aea-4250-a26c-21690dd10e24,2026-07-01T15:45:55,1675,1675,0,1.0,227,7.327
b172d003-1aea-4250-a26c-21690dd10e24,2026-07-01T15:45:55,1675,1675,0,1.0,227,7.327
b172d003-1aea-4250-a26c-21690dd10e24,2026-07-01T15:45:55,1675,1675,0,1.0,227,7.327
b172d003-1aea-4250-a26c-21690dd10e24,2026-07-01T15:45:55,1675,1675,0,1.0,227,7.327
b172d003-1aea-4250-a26c-21690dd10e24,2026-07-01T15:45:55,1675,1675,0,1.0,227,7.327
b172d003-1aea-4250-a26c-21690dd10e24,2026-07-01T15:45:55,1675,1675,0,1.0,227,7.327
b172d003-1aea-4250-a26c-21690dd10e24,2026-07-01T15:45:56,1673,1673,0,1.0,227,7.327
b172d003-1aea-4250-a26c-21690dd10e24,2026-07-01T15:45:56,1673,1673,0,1.0,227,7.327
b172d003-1aea-4250-a26c-21690dd10e24,2026-07-01T15:45:56,1675,1675,0,1.0,227,7.327
b172d003-1aea-4250-a26c-21690dd10e24,2026-07-01T15:45:56,1675,1675,0,1.0,227,7.327
b172d003-1aea-4250-a26c-21690dd10e24,2026-07-01T15:45:56,1675,1675,0,1.0,227,7.327
b172d003-1aea-4250-a26c-21690dd10e24,2026-07-01T15:45:56,1675,1675,0,1.0,227,7.327
b172d003-1aea-4250-a26c-21690dd10e24,2026-07-01T15:45:56,1675,1675,0,1.0,227,7.327
b172d003-1aea-4250-a26c-21690dd10e24,2026-07-01T15:45:56,1675,1675,0,1.0,227,7.327
b172d003-1aea-4250-a26c-21690dd10e24,2026-07-01T15:45:56,1675,1675,0,1.0,227,7.327
b172d003-1aea-4250-a26c-21690dd10e24,2026-07-01T15:45:56,1675,1675,0,1.0,227,7.327
b172d003-1aea-4250-a26c-21690dd10e24,2026-07-01T15:45:57,1675,1675,0,1.0,227,7.327
b172d003-1aea-4250-a26c-21690dd10e24,2026-07-01T15:45:57,1675,1675,0,1.0,227,7.327
b172d003-1aea-4250-a26c-21690dd10e24,2026-07-01T15:45:57,1675,1675,0,1.0,227,7.327
b172d003-1aea-4250-a26c-21690dd10e24,2026-07-01T15:45:57,1675,1675,0,1.0,227,7.327
b172d003-1aea-4250-a26c-21690dd10e24,2026-07-01T15:45:57,1673,1673,0,1.0,227,7.327
b172d003-1aea-4250-a26c-21690dd10e24,2026-07-01T15:45:57,1673,1673,0,1.0,227,7.327
b172d003-1aea-4250-a26c-21690dd10e24,2026-07-01T15:45:57,1673,1673,0,1.0,227,7.327
b172d003-1aea-4250-a26c-21690dd10e24,2026-07-01T15:45:57,1673,1673,0,1.0,227,7.327
b172d003-1aea-4250-a26c-21690dd10e24,2026-07-01T15:45:57,1675,1675,0,1.0,227,7.327
b172d003-1aea-4250-a26c-21690dd10e24,2026-07-01T15:45:57,1675,1675,0,1.0,227,7.327
b172d003-1aea-4250-a26c-21690dd10e24,2026-07-01T15:45:58,1675,1675,0,1.0,227,7.327
b172d003-1aea-4250-a26c-21690dd10e24,2026-07-01T15:45:58,1675,1675,0,1.0,227,7.327
b172d003-1aea-4250-a26c-21690dd10e24,2026-07-01T15:45:58,1675,1675,0,1.0,227,7.327
b172d003-1aea-4250-a26c-21690dd10e24,2026-07-01T15:45:58,1675,1675,0,1.0,227,7.327
b172d003-1aea-4250-a26c-21690dd10e24,2026-07-01T15:45:58,1675,1675,0,1.0,227,7.327
b172d003-1aea-4250-a26c-21690dd10e24,2026-07-01T15:45:58,1675,1675,0,1.0,227,7.327
b172d003-1aea-4250-a26c-21690dd10e24,2026-07-01T15:45:58,1675,1675,0,1.0,227,7.327
b172d003-1aea-4250-a26c-21690dd10e24,2026-07-01T15:45:58,1673,1673,0,1.0,227,7.327
b172d003-1aea-4250-a26c-21690dd10e24,2026-07-01T15:45:58,1673,1673,0,1.0,227,7.327
b172d003-1aea-4250-a26c-21690dd10e24,2026-07-01T15:45:59,1675,1675,0,1.0,227,7.327
b172d003-1aea-4250-a26c-21690dd10e24,2026-07-01T15:45:59,1675,1675,0,1.0,227,7.327
b172d003-1aea-4250-a26c-21690dd10e24,2026-07-01T15:45:59,1675,1675,0,1.0,227,7.327
b172d003-1aea-4250-a26c-21690dd10e24,2026-07-01T15:45:59,1673,1673,0,1.0,227,7.327
b172d003-1aea-4250-a26c-21690dd10e24,2026-07-01T15:45:59,1673,1673,0,1.0,227,7.327
b172d003-1aea-4250-a26c-21690dd10e24,2026-07-01T15:45:59,1673,1673,0,1.0,227,7.327
b172d003-1aea-4250-a26c-21690dd10e24,2026-07-01T15:45:59,1673,1673,0,1.0,227,7.327
b172d003-1aea-4250-a26c-21690dd10e24,2026-07-01T15:45:59,1673,1673,0,1.0,227,7.327
b172d003-1aea-4250-a26c-21690dd10e24,2026-07-01T15:45:59,1673,1673,0,1.0,227,7.327
b172d003-1aea-4250-a26c-21690dd10e24,2026-07-01T15:45:59,1673,1673,0,1.0,227,7.327
b172d003-1aea-4250-a26c-21690dd10e24,2026-07-01T15:45:59,1673,1673,0,1.0,227,7.327
b172d003-1aea-4250-a26c-21690dd10e24,2026-07-01T15:46:00,1673,1673,0,1.0,227,7.327
b172d003-1aea-4250-a26c-21690dd10e24,2026-07-01T15:46:00,1673,1673,0,1.0,227,7.327
b172d003-1aea-4250-a26c-21690dd10e24,2026-07-01T15:46:00,1673,1673,0,1.0,227,7.323
b172d003-1aea-4250-a26c-21690dd10e24,2026-07-01T15:46:00,1673,1673,0,1.0,227,7.323
b172d003-1aea-4250-a26c-21690dd10e24,2026-07-01T15:46:00,1673,1673,0,1.0,227,7.323
b172d003-1aea-4250-a26c-21690dd10e24,2026-07-01T15:46:00,1673,1673,0,1.0,227,7.323
b172d003-1aea-4250-a26c-21690dd10e24,2026-07-01T15:46:00,1673,1673,0,1.0,227,7.323
b172d003-1aea-4250-a26c-21690dd10e24,2026-07-01T15:46:00,1673,1673,0,1.0,227,7.323
b172d003-1aea-4250-a26c-21690dd10e24,2026-07-01T15:46:00,1673,1673,0,1.0,227,7.323
b172d003-1aea-4250-a26c-21690dd10e24,2026-07-01T15:46:00,1673,1673,0,1.0,227,7.323
b172d003-1aea-4250-a26c-21690dd10e24,2026-07-01T15:46:01,1673,1673,0,1.0,227,7.323
b172d003-1aea-4250-a26c-21690dd10e24,2026-07-01T15:46:01,1673,1673,0,1.0,227,7.323
b172d003-1aea-4250-a26c-21690dd10e24,2026-07-01T15:46:01,1673,1673,0,1.0,227,7.323
b172d003-1aea-4250-a26c-21690dd10e24,2026-07-01T15:46:01,1673,1673,0,1.0,227,7.323
b172d003-1aea-4250-a26c-21690dd10e24,2026-07-01T15:46:01,1675,1675,0,1.0,227,7.323
b172d003-1aea-4250-a26c-21690dd10e24,2026-07-01T15:46:01,1675,1675,0,1.0,227,7.323
b172d003-1aea-4250-a26c-21690dd10e24,2026-07-01T15:46:01,1675,1675,0,1.0,227,7.323
b172d003-1aea-4250-a26c-21690dd10e24,2026-07-01T15:46:01,1675,1675,0,1.0,227,7.323
b172d003-1aea-4250-a26c-21690dd10e24,2026-07-01T15:46:01,1675,1675,0,1.0,227,7.327
b172d003-1aea-4250-a26c-21690dd10e24,2026-07-01T15:46:01,1675,1675,0,1.0,227,7.327
b172d003-1aea-4250-a26c-21690dd10e24,2026-07-01T15:46:02,1675,1675,0,1.0,227,7.327
b172d003-1aea-4250-a26c-21690dd10e24,2026-07-01T15:46:02,1675,1675,0,1.0,227,7.327
b172d003-1aea-4250-a26c-21690dd10e24,2026-07-01T15:46:02,1675,1675,0,1.0,227,7.327
b172d003-1aea-4250-a26c-21690dd10e24,2026-07-01T15:46:02,1662,1663,0,1.0,227,7.327
b172d003-1aea-4250-a26c-21690dd10e24,2026-07-01T15:46:02,1662,1663,0,1.0,227,7.327
b172d003-1aea-4250-a26c-21690dd10e24,2026-07-01T15:46:02,361,1669,1630,0.22,228,7.327
b172d003-1aea-4250-a26c-21690dd10e24,2026-07-01T15:46:02,361,1669,1630,0.22,228,7.327
b172d003-1aea-4250-a26c-21690dd10e24,2026-07-01T15:46:02,23,1669,1669,0.01,228,7.327
b172d003-1aea-4250-a26c-21690dd10e24,2026-07-01T15:46:02,23,1669,1669,0.01,228,7.327
b172d003-1aea-4250-a26c-21690dd10e24,2026-07-01T15:46:03,4,1669,1669,0.0,228,7.327
b172d003-1aea-4250-a26c-21690dd10e24,2026-07-01T15:46:03,4,1669,1669,0.0,228,7.327
b172d003-1aea-4250-a26c-21690dd10e24,2026-07-01T15:46:03,4,1669,1669,0.0,228,7.327
b172d003-1aea-4250-a26c-21690dd10e24,2026-07-01T15:46:03,4,1669,1669,0.0,228,7.327
b172d003-1aea-4250-a26c-21690dd10e24,2026-07-01T15:46:03,4,1669,1669,0.0,228,7.327
b172d003-1aea-4250-a26c-21690dd10e24,2026-07-01T15:46:03,4,1669,1669,0.0,228,7.327
b172d003-1aea-4250-a26c-21690dd10e24,2026-07-01T15:46:03,4,1669,1669,0.0,228,7.327
b172d003-1aea-4250-a26c-21690dd10e24,2026-07-01T15:46:03,4,1669,1669,0.0,228,7.327
b172d003-1aea-4250-a26c-21690dd10e24,2026-07-01T15:46:03,4,1669,1669,0.0,228,7.327
b172d003-1aea-4250-a26c-21690dd10e24,2026-07-01T15:46:03,4,1669,1669,0.0,228,7.327
b172d003-1aea-4250-a26c-21690dd10e24,2026-07-01T15:46:03,4,1669,1669,0.0,228,7.327
b172d003-1aea-4250-a26c-21690dd10e24,2026-07-01T15:46:04,4,1669,1669,0.0,228,7.327
b172d003-1aea-4250-a26c-21690dd10e24,2026-07-01T15:46:04,4,10,9,0.45,228,0.043
b172d003-1aea-4250-a26c-21690dd10e24,2026-07-01T15:46:04,4,10,9,0.45,228,0.043
b172d003-1aea-4250-a26c-21690dd10e24,2026-07-01T15:46:04,4,10,9,0.45,228,0.043
b172d003-1aea-4250-a26c-21690dd10e24,2026-07-01T15:46:04,4,10,9,0.45,228,0.043
b172d003-1aea-4250-a26c-21690dd10e24,2026-07-01T15:46:04,4,10,9,0.45,228,0.043
b172d003-1aea-4250-a26c-21690dd10e24,2026-07-01T15:46:04,4,10,9,0.45,228,0.043
b172d003-1aea-4250-a26c-21690dd10e24,2026-07-01T15:46:04,4,10,9,0.45,228,0.043
b172d003-1aea-4250-a26c-21690dd10e24,2026-07-01T15:46:04,4,10,9,0.45,228,0.043
b172d003-1aea-4250-a26c-21690dd10e24,2026-07-01T15:46:04,4,10,9,0.45,228,0.043
b172d003-1aea-4250-a26c-21690dd10e24,2026-07-01T15:46:05,4,10,9,0.44,231,0.043
b172d003-1aea-4250-a26c-21690dd10e24,2026-07-01T15:46:05,4,10,9,0.44,231,0.043
b172d003-1aea-4250-a26c-21690dd10e24,2026-07-01T15:46:05,4,10,9,0.44,231,0.043
b172d003-1aea-4250-a26c-21690dd10e24,2026-07-01T15:46:05,4,10,9,0.44,231,0.043
b172d003-1aea-4250-a26c-21690dd10e24,2026-07-01T15:46:05,4,10,9,0.43,231,0.043
b172d003-1aea-4250-a26c-21690dd10e24,2026-07-01T15:46:05,4,10,9,0.43,231,0.043
b172d003-1aea-4250-a26c-21690dd10e24,2026-07-01T15:46:05,4,10,9,0.43,231,0.043
b172d003-1aea-4250-a26c-21690dd10e24,2026-07-01T15:46:05,4,10,9,0.43,231,0.043
b172d003-1aea-4250-a26c-21690dd10e24,2026-07-01T15:46:05,4,10,9,0.43,231,0.043
b172d003-1aea-4250-a26c-21690dd10e24,2026-07-01T15:46:06,4,10,9,0.43,231,0.043
b172d003-1aea-4250-a26c-21690dd10e24,2026-07-01T15:46:06,4,10,9,0.42,231,0.043
b172d003-1aea-4250-a26c-21690dd10e24,2026-07-01T15:46:06,4,10,9,0.42,231,0.043
b172d003-1aea-4250-a26c-21690dd10e24,2026-07-01T15:46:06,4,10,9,0.42,231,0.043
b172d003-1aea-4250-a26c-21690dd10e24,2026-07-01T15:46:06,4,10,9,0.42,231,0.043
b172d003-1aea-4250-a26c-21690dd10e24,2026-07-01T15:46:06,4,10,9,0.42,231,0.043
b172d003-1aea-4250-a26c-21690dd10e24,2026-07-01T15:46:06,4,10,9,0.42,231,0.043
b172d003-1aea-4250-a26c-21690dd10e24,2026-07-01T15:46:06,4,10,9,0.42,231,0.043
b172d003-1aea-4250-a26c-21690dd10e24,2026-07-01T15:46:06,4,10,9,0.42,231,0.043
b172d003-1aea-4250-a26c-21690dd10e24,2026-07-01T15:46:07,4,10,9,0.44,231,0.043
b172d003-1aea-4250-a26c-21690dd10e24,2026-07-01T15:46:07,4,10,9,0.44,231,0.043
b172d003-1aea-4250-a26c-21690dd10e24,2026-07-01T15:46:07,4,10,9,0.44,231,0.043
b172d003-1aea-4250-a26c-21690dd10e24,2026-07-01T15:46:07,4,10,9,0.44,231,0.043
b172d003-1aea-4250-a26c-21690dd10e24,2026-07-01T15:46:07,4,10,9,0.44,231,0.043
b172d003-1aea-4250-a26c-21690dd10e24,2026-07-01T15:46:07,4,10,9,0.44,231,0.043
b172d003-1aea-4250-a26c-21690dd10e24,2026-07-01T15:46:07,4,10,9,0.43,231,0.043
b172d003-1aea-4250-a26c-21690dd10e24,2026-07-01T15:46:07,4,10,9,0.43,231,0.043
b172d003-1aea-4250-a26c-21690dd10e24,2026-07-01T15:46:07,4,10,9,0.43,231,0.043
b172d003-1aea-4250-a26c-21690dd10e24,2026-07-01T15:46:08,4,10,9,0.44,231,0.043
b172d003-1aea-4250-a26c-21690dd10e24,2026-07-01T15:46:08,4,10,9,0.44,231,0.043
b172d003-1aea-4250-a26c-21690dd10e24,2026-07-01T15:46:08,4,10,9,0.44,231,0.043
b172d003-1aea-4250-a26c-21690dd10e24,2026-07-01T15:46:08,4,10,9,0.44,231,0.043
b172d003-1aea-4250-a26c-21690dd10e24,2026-07-01T15:46:08,4,10,9,0.44,231,0.043
b172d003-1aea-4250-a26c-21690dd10e24,2026-07-01T15:46:08,4,10,9,0.44,231,0.043
b172d003-1aea-4250-a26c-21690dd10e24,2026-07-01T15:46:08,4,10,9,0.44,231,0.043
b172d003-1aea-4250-a26c-21690dd10e24,2026-07-01T15:46:08,4,10,9,0.44,231,0.043
b172d003-1aea-4250-a26c-21690dd10e24,2026-07-01T15:46:08,4,10,9,0.44,231,0.043
b172d003-1aea-4250-a26c-21690dd10e24,2026-07-01T15:46:09,4,10,9,0.44,231,0.043
b172d003-1aea-4250-a26c-21690dd10e24,2026-07-01T15:46:09,4,10,9,0.44,231,0.043
b172d003-1aea-4250-a26c-21690dd10e24,2026-07-01T15:46:09,4,10,9,0.44,231,0.043
b172d003-1aea-4250-a26c-21690dd10e24,2026-07-01T15:46:09,4,10,9,0.44,231,0.043
b172d003-1aea-4250-a26c-21690dd10e24,2026-07-01T15:46:09,4,10,9,0.44,231,0.043
b172d003-1aea-4250-a26c-21690dd10e24,2026-07-01T15:46:09,4,10,9,0.44,231,0.043
b172d003-1aea-4250-a26c-21690dd10e24,2026-07-01T15:46:09,4,10,9,0.44,231,0.043
b172d003-1aea-4250-a26c-21690dd10e24,2026-07-01T15:46:09,4,10,9,0.44,231,0.043
b172d003-1aea-4250-a26c-21690dd10e24,2026-07-01T15:46:09,4,10,9,0.44,231,0.043
b172d003-1aea-4250-a26c-21690dd10e24,2026-07-01T15:46:09,4,10,9,0.44,231,0.043
b172d003-1aea-4250-a26c-21690dd10e24,2026-07-01T15:46:09,4,10,9,0.44,231,0.043
b172d003-1aea-4250-a26c-21690dd10e24,2026-07-01T15:46:09,4,10,9,0.44,231,0.043
b172d003-1aea-4250-a26c-21690dd10e24,2026-07-01T15:46:09,4,10,9,0.44,231,0.043
b172d003-1aea-4250-a26c-21690dd10e24,2026-07-01T15:46:10,5,10,9,0.45,231,0.043
b172d003-1aea-4250-a26c-21690dd10e24,2026-07-01T15:46:10,5,10,9,0.45,231,0.043
b172d003-1aea-4250-a26c-21690dd10e24,2026-07-01T15:46:10,5,10,9,0.45,231,0.043
b172d003-1aea-4250-a26c-21690dd10e24,2026-07-01T15:46:10,4,10,9,0.44,231,0.043
b172d003-1aea-4250-a26c-21690dd10e24,2026-07-01T15:46:10,4,10,9,0.44,231,0.043
b172d003-1aea-4250-a26c-21690dd10e24,2026-07-01T15:46:10,4,10,9,0.44,231,0.043
b172d003-1aea-4250-a26c-21690dd10e24,2026-07-01T15:46:10,5,10,9,0.45,231,0.043
b172d003-1aea-4250-a26c-21690dd10e24,2026-07-01T15:46:11,4,10,9,0.44,231,0.043
b172d003-1aea-4250-a26c-21690dd10e24,2026-07-01T15:46:11,4,10,9,0.44,231,0.043
b172d003-1aea-4250-a26c-21690dd10e24,2026-07-01T15:46:11,4,10,9,0.44,231,0.043
b172d003-1aea-4250-a26c-21690dd10e24,2026-07-01T15:46:11,4,10,9,0.44,231,0.043
b172d003-1aea-4250-a26c-21690dd10e24,2026-07-01T15:46:11,4,10,9,0.44,231,0.043
b172d003-1aea-4250-a26c-21690dd10e24,2026-07-01T15:46:11,4,10,9,0.44,231,0.043
b172d003-1aea-4250-a26c-21690dd10e24,2026-07-01T15:46:11,4,10,9,0.44,231,0.043
b172d003-1aea-4250-a26c-21690dd10e24,2026-07-01T15:46:11,4,10,9,0.44,231,0.043
b172d003-1aea-4250-a26c-21690dd10e24,2026-07-01T15:46:11,4,10,9,0.44,231,0.043
b172d003-1aea-4250-a26c-21690dd10e24,2026-07-01T15:46:11,4,10,9,0.44,231,0.043
b172d003-1aea-4250-a26c-21690dd10e24,2026-07-01T15:46:11,4,10,9,0.44,231,0.043
b172d003-1aea-4250-a26c-21690dd10e24,2026-07-01T15:46:11,4,10,9,0.44,231,0.043
b172d003-1aea-4250-a26c-21690dd10e24,2026-07-01T15:46:11,4,10,9,0.44,231,0.043
b172d003-1aea-4250-a26c-21690dd10e24,2026-07-01T15:46:12,4,10,9,0.44,231,0.043
b172d003-1aea-4250-a26c-21690dd10e24,2026-07-01T15:46:12,4,10,9,0.44,231,0.043
b172d003-1aea-4250-a26c-21690dd10e24,2026-07-01T15:46:12,4,10,9,0.43,231,0.043
b172d003-1aea-4250-a26c-21690dd10e24,2026-07-01T15:46:12,4,10,9,0.43,231,0.043
b172d003-1aea-4250-a26c-21690dd10e24,2026-07-01T15:46:12,4,10,9,0.43,231,0.043
b172d003-1aea-4250-a26c-21690dd10e24,2026-07-01T15:46:12,146,146,0,1.0,231,0.043
b172d003-1aea-4250-a26c-21690dd10e24,2026-07-01T15:46:12,146,146,0,1.0,231,0.043
b172d003-1aea-4250-a26c-21690dd10e24,2026-07-01T15:46:12,1675,1675,0,1.0,231,0.043
b172d003-1aea-4250-a26c-21690dd10e24,2026-07-01T15:46:12,1686,1686,0,1.0,231,0.043
b172d003-1aea-4250-a26c-21690dd10e24,2026-07-01T15:46:12,1686,1686,0,1.0,231,0.043
b172d003-1aea-4250-a26c-21690dd10e24,2026-07-01T15:46:13,1686,1706,262,0.99,231,7.378
b172d003-1aea-4250-a26c-21690dd10e24,2026-07-01T15:46:13,1686,1706,262,0.99,231,7.378
b172d003-1aea-4250-a26c-21690dd10e24,2026-07-01T15:46:13,1686,1706,262,0.99,231,7.378
b172d003-1aea-4250-a26c-21690dd10e24,2026-07-01T15:46:13,1686,1706,262,0.99,231,7.378
b172d003-1aea-4250-a26c-21690dd10e24,2026-07-01T15:46:13,1686,1706,262,0.99,231,7.378
b172d003-1aea-4250-a26c-21690dd10e24,2026-07-01T15:46:13,1684,1706,274,0.99,231,7.378
b172d003-1aea-4250-a26c-21690dd10e24,2026-07-01T15:46:13,1684,1706,274,0.99,231,7.378
b172d003-1aea-4250-a26c-21690dd10e24,2026-07-01T15:46:13,1684,1706,274,0.99,231,7.378
b172d003-1aea-4250-a26c-21690dd10e24,2026-07-01T15:46:13,1684,1706,274,0.99,231,7.378
b172d003-1aea-4250-a26c-21690dd10e24,2026-07-01T15:46:13,1684,1684,0,1.0,227,7.378
b172d003-1aea-4250-a26c-21690dd10e24,2026-07-01T15:46:13,1684,1684,0,1.0,227,7.378
b172d003-1aea-4250-a26c-21690dd10e24,2026-07-01T15:46:14,1682,1682,0,1.0,227,7.378
b172d003-1aea-4250-a26c-21690dd10e24,2026-07-01T15:46:14,1682,1682,0,1.0,227,7.378
b172d003-1aea-4250-a26c-21690dd10e24,2026-07-01T15:46:14,1682,1682,0,1.0,227,7.378
b172d003-1aea-4250-a26c-21690dd10e24,2026-07-01T15:46:14,1682,1682,0,1.0,227,7.378
b172d003-1aea-4250-a26c-21690dd10e24,2026-07-01T15:46:14,1682,1682,0,1.0,227,7.378
b172d003-1aea-4250-a26c-21690dd10e24,2026-07-01T15:46:14,1682,1682,0,1.0,227,7.378
b172d003-1aea-4250-a26c-21690dd10e24,2026-07-01T15:46:14,1680,1680,0,1.0,227,7.352
b172d003-1aea-4250-a26c-21690dd10e24,2026-07-01T15:46:14,1680,1680,0,1.0,227,7.352
b172d003-1aea-4250-a26c-21690dd10e24,2026-07-01T15:46:14,1680,1680,0,1.0,227,7.352
b172d003-1aea-4250-a26c-21690dd10e24,2026-07-01T15:46:14,1680,1680,0,1.0,227,7.352
b172d003-1aea-4250-a26c-21690dd10e24,2026-07-01T15:46:15,1680,1680,0,1.0,227,7.352
b172d003-1aea-4250-a26c-21690dd10e24,2026-07-01T15:46:15,1680,1680,0,1.0,227,7.352
b172d003-1aea-4250-a26c-21690dd10e24,2026-07-01T15:46:15,1680,1680,0,1.0,227,7.352
b172d003-1aea-4250-a26c-21690dd10e24,2026-07-01T15:46:15,1680,1680,0,1.0,227,7.352
b172d003-1aea-4250-a26c-21690dd10e24,2026-07-01T15:46:15,1680,1680,0,1.0,227,7.352
b172d003-1aea-4250-a26c-21690dd10e24,2026-07-01T15:46:15,1680,1680,0,1.0,227,7.352
b172d003-1aea-4250-a26c-21690dd10e24,2026-07-01T15:46:15,1680,1680,0,1.0,227,7.352
b172d003-1aea-4250-a26c-21690dd10e24,2026-07-01T15:46:15,1680,1680,0,1.0,227,7.352
b172d003-1aea-4250-a26c-21690dd10e24,2026-07-01T15:46:15,1680,1680,0,1.0,227,7.352
b172d003-1aea-4250-a26c-21690dd10e24,2026-07-01T15:46:15,1680,1680,0,1.0,227,7.352
b172d003-1aea-4250-a26c-21690dd10e24,2026-07-01T15:46:16,1680,1680,0,1.0,227,7.352
b172d003-1aea-4250-a26c-21690dd10e24,2026-07-01T15:46:16,1678,1678,0,1.0,227,7.344
b172d003-1aea-4250-a26c-21690dd10e24,2026-07-01T15:46:16,1678,1678,0,1.0,227,7.344
b172d003-1aea-4250-a26c-21690dd10e24,2026-07-01T15:46:16,1680,1680,0,1.0,227,7.344
b172d003-1aea-4250-a26c-21690dd10e24,2026-07-01T15:46:16,1680,1680,0,1.0,227,7.344
b172d003-1aea-4250-a26c-21690dd10e24,2026-07-01T15:46:16,1678,1678,0,1.0,227,7.344
b172d003-1aea-4250-a26c-21690dd10e24,2026-07-01T15:46:16,1678,1678,0,1.0,227,7.344
b172d003-1aea-4250-a26c-21690dd10e24,2026-07-01T15:46:16,1678,1678,0,1.0,227,7.344
b172d003-1aea-4250-a26c-21690dd10e24,2026-07-01T15:46:16,1678,1678,0,1.0,227,7.344
b172d003-1aea-4250-a26c-21690dd10e24,2026-07-01T15:46:16,1678,1678,0,1.0,227,7.344
b172d003-1aea-4250-a26c-21690dd10e24,2026-07-01T15:46:17,1678,1678,0,1.0,227,7.344
b172d003-1aea-4250-a26c-21690dd10e24,2026-07-01T15:46:17,1678,1678,0,1.0,227,7.344
b172d003-1aea-4250-a26c-21690dd10e24,2026-07-01T15:46:17,1678,1678,0,1.0,227,7.344
b172d003-1aea-4250-a26c-21690dd10e24,2026-07-01T15:46:17,1678,1678,0,1.0,227,7.344
b172d003-1aea-4250-a26c-21690dd10e24,2026-07-01T15:46:17,1678,1678,0,1.0,227,7.344
b172d003-1aea-4250-a26c-21690dd10e24,2026-07-01T15:46:17,1678,1678,0,1.0,227,7.344
b172d003-1aea-4250-a26c-21690dd10e24,2026-07-01T15:46:18,1676,1676,0,1.0,227,7.344
b172d003-1aea-4250-a26c-21690dd10e24,2026-07-01T15:46:18,1676,1676,0,1.0,227,7.344
b172d003-1aea-4250-a26c-21690dd10e24,2026-07-01T15:46:18,1676,1676,0,1.0,227,7.344
b172d003-1aea-4250-a26c-21690dd10e24,2026-07-01T15:46:18,1676,1676,0,1.0,227,7.344
b172d003-1aea-4250-a26c-21690dd10e24,2026-07-01T15:46:18,1676,1676,0,1.0,227,7.344
b172d003-1aea-4250-a26c-21690dd10e24,2026-07-01T15:46:18,1676,1676,0,1.0,227,7.344
b172d003-1aea-4250-a26c-21690dd10e24,2026-07-01T15:46:18,1676,1676,0,1.0,227,7.344
b172d003-1aea-4250-a26c-21690dd10e24,2026-07-01T15:46:18,1676,1676,0,1.0,227,7.344
b172d003-1aea-4250-a26c-21690dd10e24,2026-07-01T15:46:18,1676,1676,0,1.0,227,7.344
b172d003-1aea-4250-a26c-21690dd10e24,2026-07-01T15:46:18,1676,1676,0,1.0,227,7.344
b172d003-1aea-4250-a26c-21690dd10e24,2026-07-01T15:46:18,1676,1676,0,1.0,227,7.344
b172d003-1aea-4250-a26c-21690dd10e24,2026-07-01T15:46:19,1676,1676,0,1.0,227,7.344
b172d003-1aea-4250-a26c-21690dd10e24,2026-07-01T15:46:19,1676,1676,0,1.0,227,7.344
b172d003-1aea-4250-a26c-21690dd10e24,2026-07-01T15:46:19,1676,1676,0,1.0,227,7.344
b172d003-1aea-4250-a26c-21690dd10e24,2026-07-01T15:46:19,1676,1676,0,1.0,227,7.344
b172d003-1aea-4250-a26c-21690dd10e24,2026-07-01T15:46:19,1675,1675,0,1.0,227,7.331
b172d003-1aea-4250-a26c-21690dd10e24,2026-07-01T15:46:19,1675,1675,0,1.0,227,7.331
b172d003-1aea-4250-a26c-21690dd10e24,2026-07-01T15:46:19,1673,1673,0,1.0,227,7.331
b172d003-1aea-4250-a26c-21690dd10e24,2026-07-01T15:46:19,1673,1673,0,1.0,227,7.331
b172d003-1aea-4250-a26c-21690dd10e24,2026-07-01T15:46:19,1673,1673,0,1.0,227,7.331
b172d003-1aea-4250-a26c-21690dd10e24,2026-07-01T15:46:19,1673,1673,0,1.0,227,7.331
b172d003-1aea-4250-a26c-21690dd10e24,2026-07-01T15:46:20,1671,1671,0,1.0,227,7.331
b172d003-1aea-4250-a26c-21690dd10e24,2026-07-01T15:46:20,1671,1671,0,1.0,227,7.331
b172d003-1aea-4250-a26c-21690dd10e24,2026-07-01T15:46:20,1673,1673,0,1.0,227,7.331
b172d003-1aea-4250-a26c-21690dd10e24,2026-07-01T15:46:20,1673,1673,0,1.0,227,7.331
b172d003-1aea-4250-a26c-21690dd10e24,2026-07-01T15:46:21,1671,1671,0,1.0,227,7.327
b172d003-1aea-4250-a26c-21690dd10e24,2026-07-01T15:46:21,1671,1671,0,1.0,227,7.327
b172d003-1aea-4250-a26c-21690dd10e24,2026-07-01T15:46:21,1671,1671,0,1.0,227,7.327
b172d003-1aea-4250-a26c-21690dd10e24,2026-07-01T15:46:21,1671,1671,0,1.0,227,7.327
b172d003-1aea-4250-a26c-21690dd10e24,2026-07-01T15:46:21,1671,1671,0,1.0,227,7.327
b172d003-1aea-4250-a26c-21690dd10e24,2026-07-01T15:46:21,1671,1671,0,1.0,227,7.327
b172d003-1aea-4250-a26c-21690dd10e24,2026-07-01T15:46:21,1673,1673,0,1.0,227,7.327
b172d003-1aea-4250-a26c-21690dd10e24,2026-07-01T15:46:21,1673,1673,0,1.0,227,7.327
b172d003-1aea-4250-a26c-21690dd10e24,2026-07-01T15:46:21,1671,1671,0,1.0,227,7.327
b172d003-1aea-4250-a26c-21690dd10e24,2026-07-01T15:46:21,1671,1671,0,1.0,227,7.327
b172d003-1aea-4250-a26c-21690dd10e24,2026-07-01T15:46:22,1671,1671,0,1.0,227,7.327
b172d003-1aea-4250-a26c-21690dd10e24,2026-07-01T15:46:22,1671,1671,0,1.0,227,7.327
b172d003-1aea-4250-a26c-21690dd10e24,2026-07-01T15:46:22,1671,1671,0,1.0,227,7.327
b172d003-1aea-4250-a26c-21690dd10e24,2026-07-01T15:46:22,1671,1671,0,1.0,227,7.327
b172d003-1aea-4250-a26c-21690dd10e24,2026-07-01T15:46:22,1671,1671,0,1.0,227,7.327
b172d003-1aea-4250-a26c-21690dd10e24,2026-07-01T15:46:22,1671,1671,0,1.0,227,7.327
b172d003-1aea-4250-a26c-21690dd10e24,2026-07-01T15:46:22,1671,1671,0,1.0,227,7.323
b172d003-1aea-4250-a26c-21690dd10e24,2026-07-01T15:46:22,1671,1671,0,1.0,227,7.323
b172d003-1aea-4250-a26c-21690dd10e24,2026-07-01T15:46:22,1671,1671,0,1.0,227,7.323
b172d003-1aea-4250-a26c-21690dd10e24,2026-07-01T15:46:22,1671,1671,0,1.0,227,7.323
b172d003-1aea-4250-a26c-21690dd10e24,2026-07-01T15:46:22,1671,1671,0,1.0,227,7.323
b172d003-1aea-4250-a26c-21690dd10e24,2026-07-01T15:46:22,1671,1671,0,1.0,227,7.323
b172d003-1aea-4250-a26c-21690dd10e24,2026-07-01T15:46:23,1671,1671,0,1.0,227,7.323
b172d003-1aea-4250-a26c-21690dd10e24,2026-07-01T15:46:23,1671,1671,0,1.0,227,7.323
b172d003-1aea-4250-a26c-21690dd10e24,2026-07-01T15:46:23,1671,1671,0,1.0,227,7.323
b172d003-1aea-4250-a26c-21690dd10e24,2026-07-01T15:46:23,1671,1671,0,1.0,227,7.323
b172d003-1aea-4250-a26c-21690dd10e24,2026-07-01T15:46:23,1671,1671,0,1.0,227,7.323
b172d003-1aea-4250-a26c-21690dd10e24,2026-07-01T15:46:23,1671,1671,0,1.0,227,7.323
b172d003-1aea-4250-a26c-21690dd10e24,2026-07-01T15:46:23,1671,1671,0,1.0,227,7.323
b172d003-1aea-4250-a26c-21690dd10e24,2026-07-01T15:46:23,1671,1671,0,1.0,227,7.323
b172d003-1aea-4250-a26c-21690dd10e24,2026-07-01T15:46:23,1671,1671,0,1.0,227,7.323
b172d003-1aea-4250-a26c-21690dd10e24,2026-07-01T15:46:23,1671,1671,0,1.0,227,7.323
b172d003-1aea-4250-a26c-21690dd10e24,2026-07-01T15:46:24,1671,1671,0,1.0,227,7.323
b172d003-1aea-4250-a26c-21690dd10e24,2026-07-01T15:46:24,1671,1671,0,1.0,227,7.323
b172d003-1aea-4250-a26c-21690dd10e24,2026-07-01T15:46:24,1671,1671,0,1.0,227,7.323
b172d003-1aea-4250-a26c-21690dd10e24,2026-07-01T15:46:24,1671,1671,0,1.0,227,7.323
b172d003-1aea-4250-a26c-21690dd10e24,2026-07-01T15:46:24,1671,1671,0,1.0,227,7.323
b172d003-1aea-4250-a26c-21690dd10e24,2026-07-01T15:46:24,1671,1671,0,1.0,227,7.323
b172d003-1aea-4250-a26c-21690dd10e24,2026-07-01T15:46:24,1671,1671,0,1.0,227,7.323
b172d003-1aea-4250-a26c-21690dd10e24,2026-07-01T15:46:24,1671,1671,0,1.0,227,7.323
b172d003-1aea-4250-a26c-21690dd10e24,2026-07-01T15:46:24,1671,1671,0,1.0,227,7.323
b172d003-1aea-4250-a26c-21690dd10e24,2026-07-01T15:46:24,1671,1671,0,1.0,227,7.323
b172d003-1aea-4250-a26c-21690dd10e24,2026-07-01T15:46:24,1671,1671,0,1.0,227,7.323
b172d003-1aea-4250-a26c-21690dd10e24,2026-07-01T15:46:25,1671,1671,0,1.0,227,7.323
b172d003-1aea-4250-a26c-21690dd10e24,2026-07-01T15:46:25,1671,1671,0,1.0,227,7.323
b172d003-1aea-4250-a26c-21690dd10e24,2026-07-01T15:46:25,1671,1671,0,1.0,227,7.323
b172d003-1aea-4250-a26c-21690dd10e24,2026-07-01T15:46:25,1671,1671,0,1.0,227,7.323
b172d003-1aea-4250-a26c-21690dd10e24,2026-07-01T15:46:25,1671,1671,0,1.0,227,7.323
b172d003-1aea-4250-a26c-21690dd10e24,2026-07-01T15:46:25,1671,1671,0,1.0,227,7.323
b172d003-1aea-4250-a26c-21690dd10e24,2026-07-01T15:46:25,1671,1671,0,1.0,227,7.323
b172d003-1aea-4250-a26c-21690dd10e24,2026-07-01T15:46:25,1671,1671,0,1.0,227,7.323
b172d003-1aea-4250-a26c-21690dd10e24,2026-07-01T15:46:25,1671,1671,0,1.0,227,7.323
b172d003-1aea-4250-a26c-21690dd10e24,2026-07-01T15:46:25,1671,1671,0,1.0,227,7.323
b172d003-1aea-4250-a26c-21690dd10e24,2026-07-01T15:46:25,1671,1671,0,1.0,227,7.323
b172d003-1aea-4250-a26c-21690dd10e24,2026-07-01T15:46:25,1671,1671,0,1.0,227,7.323
b172d003-1aea-4250-a26c-21690dd10e24,2026-07-01T15:46:25,1671,1671,0,1.0,227,7.319
b172d003-1aea-4250-a26c-21690dd10e24,2026-07-01T15:46:25,1671,1671,0,1.0,227,7.319
b172d003-1aea-4250-a26c-21690dd10e24,2026-07-01T15:46:26,1671,1671,0,1.0,227,7.319
b172d003-1aea-4250-a26c-21690dd10e24,2026-07-01T15:46:26,1671,1671,0,1.0,227,7.319
b172d003-1aea-4250-a26c-21690dd10e24,2026-07-01T15:46:26,1671,1671,0,1.0,227,7.319
b172d003-1aea-4250-a26c-21690dd10e24,2026-07-01T15:46:26,1671,1671,0,1.0,227,7.319
b172d003-1aea-4250-a26c-21690dd10e24,2026-07-01T15:46:26,1671,1671,0,1.0,227,7.319
b172d003-1aea-4250-a26c-21690dd10e24,2026-07-01T15:46:26,1671,1671,0,1.0,227,7.319
b172d003-1aea-4250-a26c-21690dd10e24,2026-07-01T15:46:26,1671,1671,0,1.0,227,7.319
b172d003-1aea-4250-a26c-21690dd10e24,2026-07-01T15:46:27,1671,1671,0,1.0,227,7.319
b172d003-1aea-4250-a26c-21690dd10e24,2026-07-01T15:46:27,1671,1671,0,1.0,227,7.319
b172d003-1aea-4250-a26c-21690dd10e24,2026-07-01T15:46:27,1671,1671,0,1.0,227,7.319
b172d003-1aea-4250-a26c-21690dd10e24,2026-07-01T15:46:27,1669,1669,0,1.0,227,7.323
b172d003-1aea-4250-a26c-21690dd10e24,2026-07-01T15:46:27,1669,1669,0,1.0,227,7.323
b172d003-1aea-4250-a26c-21690dd10e24,2026-07-01T15:46:27,1669,1669,0,1.0,227,7.323
b172d003-1aea-4250-a26c-21690dd10e24,2026-07-01T15:46:27,1667,1667,0,1.0,227,7.323
b172d003-1aea-4250-a26c-21690dd10e24,2026-07-01T15:46:27,1667,1667,0,1.0,227,7.323
b172d003-1aea-4250-a26c-21690dd10e24,2026-07-01T15:46:27,1667,1667,0,1.0,227,7.323
b172d003-1aea-4250-a26c-21690dd10e24,2026-07-01T15:46:28,1667,1667,0,1.0,227,7.323
b172d003-1aea-4250-a26c-21690dd10e24,2026-07-01T15:46:28,1667,1667,0,1.0,227,7.323
b172d003-1aea-4250-a26c-21690dd10e24,2026-07-01T15:46:28,1667,1667,0,1.0,227,7.323
b172d003-1aea-4250-a26c-21690dd10e24,2026-07-01T15:46:28,1667,1667,0,1.0,227,7.323
b172d003-1aea-4250-a26c-21690dd10e24,2026-07-01T15:46:28,1667,1667,0,1.0,227,7.323
b172d003-1aea-4250-a26c-21690dd10e24,2026-07-01T15:46:28,1667,1667,0,1.0,227,7.323
b172d003-1aea-4250-a26c-21690dd10e24,2026-07-01T15:46:28,1667,1667,0,1.0,227,7.323
b172d003-1aea-4250-a26c-21690dd10e24,2026-07-01T15:46:28,1667,1667,0,1.0,227,7.323
b172d003-1aea-4250-a26c-21690dd10e24,2026-07-01T15:46:28,1667,1667,0,1.0,227,7.323
b172d003-1aea-4250-a26c-21690dd10e24,2026-07-01T15:46:28,1667,1667,0,1.0,227,7.323
b172d003-1aea-4250-a26c-21690dd10e24,2026-07-01T15:46:29,1667,1667,0,1.0,227,7.315
b172d003-1aea-4250-a26c-21690dd10e24,2026-07-01T15:46:29,1667,1667,0,1.0,227,7.315
b172d003-1aea-4250-a26c-21690dd10e24,2026-07-01T15:46:29,1665,1665,0,1.0,227,7.315
b172d003-1aea-4250-a26c-21690dd10e24,2026-07-01T15:46:29,1665,1665,0,1.0,227,7.315
b172d003-1aea-4250-a26c-21690dd10e24,2026-07-01T15:46:29,1665,1665,0,1.0,227,7.315
b172d003-1aea-4250-a26c-21690dd10e24,2026-07-01T15:46:29,1665,1665,0,1.0,227,7.315
b172d003-1aea-4250-a26c-21690dd10e24,2026-07-01T15:46:29,1665,1665,0,1.0,227,7.315
b172d003-1aea-4250-a26c-21690dd10e24,2026-07-01T15:46:29,1665,1665,0,1.0,227,7.315
b172d003-1aea-4250-a26c-21690dd10e24,2026-07-01T15:46:29,1665,1665,0,1.0,227,7.315
b172d003-1aea-4250-a26c-21690dd10e24,2026-07-01T15:46:29,1665,1665,0,1.0,226,7.315
b172d003-1aea-4250-a26c-21690dd10e24,2026-07-01T15:46:29,1665,1665,0,1.0,226,7.315
b172d003-1aea-4250-a26c-21690dd10e24,2026-07-01T15:46:29,1665,1665,0,1.0,226,7.315
b172d003-1aea-4250-a26c-21690dd10e24,2026-07-01T15:46:30,1665,1665,0,1.0,226,7.315
b172d003-1aea-4250-a26c-21690dd10e24,2026-07-01T15:46:30,1665,1665,0,1.0,226,7.315
b172d003-1aea-4250-a26c-21690dd10e24,2026-07-01T15:46:30,1665,1665,0,1.0,226,7.315
b172d003-1aea-4250-a26c-21690dd10e24,2026-07-01T15:46:30,1665,1665,0,1.0,226,7.315
b172d003-1aea-4250-a26c-21690dd10e24,2026-07-01T15:46:30,1665,1665,0,1.0,226,7.315
b172d003-1aea-4250-a26c-21690dd10e24,2026-07-01T15:46:30,1665,1665,0,1.0,226,7.315
b172d003-1aea-4250-a26c-21690dd10e24,2026-07-01T15:46:30,1665,1665,0,1.0,226,7.315
b172d003-1aea-4250-a26c-21690dd10e24,2026-07-01T15:46:30,1665,1665,0,1.0,226,7.306
b172d003-1aea-4250-a26c-21690dd10e24,2026-07-01T15:46:30,1665,1665,0,1.0,226,7.306
b172d003-1aea-4250-a26c-21690dd10e24,2026-07-01T15:46:30,1665,1665,0,1.0,226,7.306
b172d003-1aea-4250-a26c-21690dd10e24,2026-07-01T15:46:31,1665,1665,0,1.0,226,7.306
b172d003-1aea-4250-a26c-21690dd10e24,2026-07-01T15:46:31,1665,1665,0,1.0,226,7.306
b172d003-1aea-4250-a26c-21690dd10e24,2026-07-01T15:46:31,1665,1665,0,1.0,226,7.306
b172d003-1aea-4250-a26c-21690dd10e24,2026-07-01T15:46:31,1665,1665,0,1.0,226,7.306
b172d003-1aea-4250-a26c-21690dd10e24,2026-07-01T15:46:31,1667,1667,0,1.0,227,7.306
b172d003-1aea-4250-a26c-21690dd10e24,2026-07-01T15:46:31,1667,1667,0,1.0,227,7.306
b172d003-1aea-4250-a26c-21690dd10e24,2026-07-01T15:46:31,1667,1667,0,1.0,227,7.306
b172d003-1aea-4250-a26c-21690dd10e24,2026-07-01T15:46:31,1667,1667,0,1.0,227,7.306
b172d003-1aea-4250-a26c-21690dd10e24,2026-07-01T15:46:31,1667,1667,0,1.0,227,7.306
b172d003-1aea-4250-a26c-21690dd10e24,2026-07-01T15:46:32,1667,1667,0,1.0,227,7.306
b172d003-1aea-4250-a26c-21690dd10e24,2026-07-01T15:46:32,1667,1667,0,1.0,227,7.315
b172d003-1aea-4250-a26c-21690dd10e24,2026-07-01T15:46:33,1671,1671,0,1.0,226,7.315
b172d003-1aea-4250-a26c-21690dd10e24,2026-07-01T15:46:33,1671,1671,0,1.0,226,7.315
b172d003-1aea-4250-a26c-21690dd10e24,2026-07-01T15:46:33,1671,1671,0,1.0,226,7.315
b172d003-1aea-4250-a26c-21690dd10e24,2026-07-01T15:46:33,1671,1671,0,1.0,226,7.319
b172d003-1aea-4250-a26c-21690dd10e24,2026-07-01T15:46:33,1671,1671,0,1.0,226,7.319
b172d003-1aea-4250-a26c-21690dd10e24,2026-07-01T15:46:34,1671,1671,0,1.0,226,7.319
b172d003-1aea-4250-a26c-21690dd10e24,2026-07-01T15:46:34,1671,1671,0,1.0,226,7.319
b172d003-1aea-4250-a26c-21690dd10e24,2026-07-01T15:46:34,1671,1671,0,1.0,226,7.319
b172d003-1aea-4250-a26c-21690dd10e24,2026-07-01T15:46:34,1669,1669,0,1.0,226,7.319
b172d003-1aea-4250-a26c-21690dd10e24,2026-07-01T15:46:34,1671,1671,0,1.0,226,7.319
b172d003-1aea-4250-a26c-21690dd10e24,2026-07-01T15:46:34,1671,1671,0,1.0,226,7.319
b172d003-1aea-4250-a26c-21690dd10e24,2026-07-01T15:46:34,1671,1671,0,1.0,226,7.319
b172d003-1aea-4250-a26c-21690dd10e24,2026-07-01T15:46:34,1671,1671,0,1.0,227,7.319
b172d003-1aea-4250-a26c-21690dd10e24,2026-07-01T15:46:34,1671,1671,0,1.0,227,7.319
b172d003-1aea-4250-a26c-21690dd10e24,2026-07-01T15:46:34,1671,1671,0,1.0,227,7.319
b172d003-1aea-4250-a26c-21690dd10e24,2026-07-01T15:46:34,1671,1671,0,1.0,227,7.319
b172d003-1aea-4250-a26c-21690dd10e24,2026-07-01T15:46:34,1671,1671,0,1.0,227,7.319
b172d003-1aea-4250-a26c-21690dd10e24,2026-07-01T15:46:34,1671,1671,0,1.0,227,7.319
b172d003-1aea-4250-a26c-21690dd10e24,2026-07-01T15:46:35,1669,1669,0,1.0,227,7.319
b172d003-1aea-4250-a26c-21690dd10e24,2026-07-01T15:46:35,1669,1669,0,1.0,227,7.319
b172d003-1aea-4250-a26c-21690dd10e24,2026-07-01T15:46:35,1669,1669,0,1.0,227,7.319
b172d003-1aea-4250-a26c-21690dd10e24,2026-07-01T15:46:35,1669,1669,0,1.0,227,7.319
b172d003-1aea-4250-a26c-21690dd10e24,2026-07-01T15:46:35,1671,1671,0,1.0,227,7.315
b172d003-1aea-4250-a26c-21690dd10e24,2026-07-01T15:46:35,1671,1671,0,1.0,227,7.315
b172d003-1aea-4250-a26c-21690dd10e24,2026-07-01T15:46:35,1669,1669,0,1.0,227,7.315
b172d003-1aea-4250-a26c-21690dd10e24,2026-07-01T15:46:35,1669,1669,0,1.0,227,7.315
b172d003-1aea-4250-a26c-21690dd10e24,2026-07-01T15:46:35,1669,1669,0,1.0,227,7.315
b172d003-1aea-4250-a26c-21690dd10e24,2026-07-01T15:46:35,1669,1669,0,1.0,227,7.315
b172d003-1aea-4250-a26c-21690dd10e24,2026-07-01T15:46:35,1669,1669,0,1.0,227,7.315
b172d003-1aea-4250-a26c-21690dd10e24,2026-07-01T15:46:36,1669,1669,0,1.0,227,7.315
b172d003-1aea-4250-a26c-21690dd10e24,2026-07-01T15:46:36,1669,1669,0,1.0,227,7.315
b172d003-1aea-4250-a26c-21690dd10e24,2026-07-01T15:46:36,1669,1669,0,1.0,227,7.315
b172d003-1aea-4250-a26c-21690dd10e24,2026-07-01T15:46:36,1669,1669,0,1.0,227,7.315
b172d003-1aea-4250-a26c-21690dd10e24,2026-07-01T15:46:36,1669,1669,0,1.0,227,7.315
b172d003-1aea-4250-a26c-21690dd10e24,2026-07-01T15:46:36,1669,1669,0,1.0,227,7.315
b172d003-1aea-4250-a26c-21690dd10e24,2026-07-01T15:46:36,1669,1669,0,1.0,227,7.315
b172d003-1aea-4250-a26c-21690dd10e24,2026-07-01T15:46:36,1669,1669,0,1.0,227,7.315
b172d003-1aea-4250-a26c-21690dd10e24,2026-07-01T15:46:36,1669,1669,0,1.0,227,7.315
b172d003-1aea-4250-a26c-21690dd10e24,2026-07-01T15:46:36,1669,1669,0,1.0,227,7.315
b172d003-1aea-4250-a26c-21690dd10e24,2026-07-01T15:46:36,1669,1669,0,1.0,227,7.315
b172d003-1aea-4250-a26c-21690dd10e24,2026-07-01T15:46:36,1669,1669,0,1.0,227,7.315
b172d003-1aea-4250-a26c-21690dd10e24,2026-07-01T15:46:36,1669,1669,0,1.0,227,7.315
b172d003-1aea-4250-a26c-21690dd10e24,2026-07-01T15:46:37,1669,1669,0,1.0,227,7.315
b172d003-1aea-4250-a26c-21690dd10e24,2026-07-01T15:46:37,1669,1669,0,1.0,227,7.315
b172d003-1aea-4250-a26c-21690dd10e24,2026-07-01T15:46:37,1669,1669,0,1.0,227,7.315
b172d003-1aea-4250-a26c-21690dd10e24,2026-07-01T15:46:37,1667,1667,0,1.0,227,7.315
b172d003-1aea-4250-a26c-21690dd10e24,2026-07-01T15:46:37,1667,1667,0,1.0,227,7.315
b172d003-1aea-4250-a26c-21690dd10e24,2026-07-01T15:46:37,1667,1667,0,1.0,227,7.315
b172d003-1aea-4250-a26c-21690dd10e24,2026-07-01T15:46:37,1667,1667,0,1.0,227,7.315
b172d003-1aea-4250-a26c-21690dd10e24,2026-07-01T15:46:37,1669,1669,0,1.0,227,7.315
b172d003-1aea-4250-a26c-21690dd10e24,2026-07-01T15:46:37,1669,1669,0,1.0,227,7.315
b172d003-1aea-4250-a26c-21690dd10e24,2026-07-01T15:46:38,1669,1669,0,1.0,227,7.315
b172d003-1aea-4250-a26c-21690dd10e24,2026-07-01T15:46:38,1669,1669,0,1.0,227,7.315
b172d003-1aea-4250-a26c-21690dd10e24,2026-07-01T15:46:38,1669,1669,0,1.0,227,7.315
b172d003-1aea-4250-a26c-21690dd10e24,2026-07-01T15:46:38,1669,1669,0,1.0,227,7.315
b172d003-1aea-4250-a26c-21690dd10e24,2026-07-01T15:46:38,1669,1669,0,1.0,227,7.315
b172d003-1aea-4250-a26c-21690dd10e24,2026-07-01T15:46:38,1669,1669,0,1.0,227,7.315
b172d003-1aea-4250-a26c-21690dd10e24,2026-07-01T15:46:38,1008,1658,1316,0.61,227,7.315
b172d003-1aea-4250-a26c-21690dd10e24,2026-07-01T15:46:38,1008,1658,1316,0.61,227,7.315
b172d003-1aea-4250-a26c-21690dd10e24,2026-07-01T15:46:38,1008,1658,1316,0.61,227,7.315
b172d003-1aea-4250-a26c-21690dd10e24,2026-07-01T15:46:38,20,1658,1658,0.01,227,7.315
b172d003-1aea-4250-a26c-21690dd10e24,2026-07-01T15:46:38,20,1658,1658,0.01,227,7.315
b172d003-1aea-4250-a26c-21690dd10e24,2026-07-01T15:46:38,20,1658,1658,0.01,227,7.315
b172d003-1aea-4250-a26c-21690dd10e24,2026-07-01T15:46:39,20,1658,1658,0.01,227,7.315
b172d003-1aea-4250-a26c-21690dd10e24,2026-07-01T15:46:39,20,1658,1658,0.01,227,7.315
b172d003-1aea-4250-a26c-21690dd10e24,2026-07-01T15:46:39,20,1658,1658,0.01,227,7.315
b172d003-1aea-4250-a26c-21690dd10e24,2026-07-01T15:46:39,20,1658,1658,0.01,227,7.315
b172d003-1aea-4250-a26c-21690dd10e24,2026-07-01T15:46:39,2,1685,1685,0.0,230,7.315
b172d003-1aea-4250-a26c-21690dd10e24,2026-07-01T15:46:40,4,1685,1685,0.0,230,7.315
b172d003-1aea-4250-a26c-21690dd10e24,2026-07-01T15:46:40,4,1685,1685,0.0,230,7.315
b172d003-1aea-4250-a26c-21690dd10e24,2026-07-01T15:46:40,4,1685,1685,0.0,230,7.315
b172d003-1aea-4250-a26c-21690dd10e24,2026-07-01T15:46:40,4,1685,1685,0.0,230,7.315
b172d003-1aea-4250-a26c-21690dd10e24,2026-07-01T15:46:41,4,10,9,0.43,230,0.043
b172d003-1aea-4250-a26c-21690dd10e24,2026-07-01T15:46:41,4,10,9,0.43,230,0.043
b172d003-1aea-4250-a26c-21690dd10e24,2026-07-01T15:46:41,4,10,9,0.42,230,0.043
b172d003-1aea-4250-a26c-21690dd10e24,2026-07-01T15:46:41,4,10,9,0.42,230,0.043
b172d003-1aea-4250-a26c-21690dd10e24,2026-07-01T15:46:41,4,10,9,0.42,230,0.043
b172d003-1aea-4250-a26c-21690dd10e24,2026-07-01T15:46:41,4,10,9,0.42,230,0.043
b172d003-1aea-4250-a26c-21690dd10e24,2026-07-01T15:46:41,4,10,9,0.42,230,0.043
b172d003-1aea-4250-a26c-21690dd10e24,2026-07-01T15:46:41,4,10,9,0.42,230,0.043
b172d003-1aea-4250-a26c-21690dd10e24,2026-07-01T15:46:41,4,10,9,0.42,230,0.043
b172d003-1aea-4250-a26c-21690dd10e24,2026-07-01T15:46:41,4,10,9,0.42,230,0.043
b172d003-1aea-4250-a26c-21690dd10e24,2026-07-01T15:46:41,4,10,9,0.42,230,0.043
b172d003-1aea-4250-a26c-21690dd10e24,2026-07-01T15:46:42,4,10,9,0.44,230,0.043
b172d003-1aea-4250-a26c-21690dd10e24,2026-07-01T15:46:42,4,10,9,0.44,230,0.043
b172d003-1aea-4250-a26c-21690dd10e24,2026-07-01T15:46:42,4,10,9,0.44,230,0.043
b172d003-1aea-4250-a26c-21690dd10e24,2026-07-01T15:46:42,4,10,9,0.44,230,0.043
b172d003-1aea-4250-a26c-21690dd10e24,2026-07-01T15:46:42,4,10,9,0.44,230,0.043
b172d003-1aea-4250-a26c-21690dd10e24,2026-07-01T15:46:42,4,10,9,0.44,230,0.043
b172d003-1aea-4250-a26c-21690dd10e24,2026-07-01T15:46:42,4,10,9,0.44,230,0.043
b172d003-1aea-4250-a26c-21690dd10e24,2026-07-01T15:46:42,4,10,9,0.44,230,0.043
b172d003-1aea-4250-a26c-21690dd10e24,2026-07-01T15:46:42,4,10,9,0.42,230,0.043
b172d003-1aea-4250-a26c-21690dd10e24,2026-07-01T15:46:42,4,10,9,0.42,230,0.043
b172d003-1aea-4250-a26c-21690dd10e24,2026-07-01T15:46:42,4,10,9,0.42,230,0.043
b172d003-1aea-4250-a26c-21690dd10e24,2026-07-01T15:46:42,4,10,9,0.42,230,0.043
b172d003-1aea-4250-a26c-21690dd10e24,2026-07-01T15:46:43,4,10,9,0.43,230,0.043
b172d003-1aea-4250-a26c-21690dd10e24,2026-07-01T15:46:43,4,10,9,0.43,230,0.043
b172d003-1aea-4250-a26c-21690dd10e24,2026-07-01T15:46:43,4,10,9,0.43,230,0.043
b172d003-1aea-4250-a26c-21690dd10e24,2026-07-01T15:46:43,4,10,9,0.43,230,0.043
b172d003-1aea-4250-a26c-21690dd10e24,2026-07-01T15:46:43,4,10,9,0.43,230,0.043
b172d003-1aea-4250-a26c-21690dd10e24,2026-07-01T15:46:43,4,10,9,0.43,230,0.043
b172d003-1aea-4250-a26c-21690dd10e24,2026-07-01T15:46:43,4,10,9,0.43,230,0.043
b172d003-1aea-4250-a26c-21690dd10e24,2026-07-01T15:46:43,4,10,9,0.43,230,0.043
b172d003-1aea-4250-a26c-21690dd10e24,2026-07-01T15:46:43,4,10,9,0.43,230,0.043
b172d003-1aea-4250-a26c-21690dd10e24,2026-07-01T15:46:43,4,10,9,0.43,230,0.043
b172d003-1aea-4250-a26c-21690dd10e24,2026-07-01T15:46:44,4,10,9,0.42,230,0.043
b172d003-1aea-4250-a26c-21690dd10e24,2026-07-01T15:46:44,4,10,9,0.42,230,0.043
b172d003-1aea-4250-a26c-21690dd10e24,2026-07-01T15:46:44,4,10,9,0.42,230,0.043
b172d003-1aea-4250-a26c-21690dd10e24,2026-07-01T15:46:44,4,10,9,0.42,230,0.043
b172d003-1aea-4250-a26c-21690dd10e24,2026-07-01T15:46:44,4,10,9,0.42,230,0.043
b172d003-1aea-4250-a26c-21690dd10e24,2026-07-01T15:46:44,4,10,9,0.42,230,0.043
b172d003-1aea-4250-a26c-21690dd10e24,2026-07-01T15:46:44,4,10,9,0.43,230,0.043
b172d003-1aea-4250-a26c-21690dd10e24,2026-07-01T15:46:44,4,10,9,0.43,230,0.043
b172d003-1aea-4250-a26c-21690dd10e24,2026-07-01T15:46:44,4,10,9,0.43,230,0.043
b172d003-1aea-4250-a26c-21690dd10e24,2026-07-01T15:46:44,4,10,9,0.43,230,0.043
b172d003-1aea-4250-a26c-21690dd10e24,2026-07-01T15:46:44,4,10,9,0.43,230,0.043
b172d003-1aea-4250-a26c-21690dd10e24,2026-07-01T15:46:44,4,10,9,0.43,230,0.043
b172d003-1aea-4250-a26c-21690dd10e24,2026-07-01T15:46:44,4,10,9,0.43,230,0.043
b172d003-1aea-4250-a26c-21690dd10e24,2026-07-01T15:46:44,4,10,9,0.43,230,0.043
b172d003-1aea-4250-a26c-21690dd10e24,2026-07-01T15:46:45,4,10,9,0.42,230,0.043
b172d003-1aea-4250-a26c-21690dd10e24,2026-07-01T15:46:45,4,10,9,0.42,230,0.043
b172d003-1aea-4250-a26c-21690dd10e24,2026-07-01T15:46:45,4,10,9,0.42,230,0.043
b172d003-1aea-4250-a26c-21690dd10e24,2026-07-01T15:46:45,4,10,9,0.42,230,0.043
b172d003-1aea-4250-a26c-21690dd10e24,2026-07-01T15:46:45,4,10,9,0.42,230,0.043
b172d003-1aea-4250-a26c-21690dd10e24,2026-07-01T15:46:45,4,10,9,0.43,230,0.043
b172d003-1aea-4250-a26c-21690dd10e24,2026-07-01T15:46:45,4,10,9,0.43,230,0.043
b172d003-1aea-4250-a26c-21690dd10e24,2026-07-01T15:46:45,4,10,9,0.43,230,0.043
b172d003-1aea-4250-a26c-21690dd10e24,2026-07-01T15:46:45,4,10,9,0.43,230,0.043
b172d003-1aea-4250-a26c-21690dd10e24,2026-07-01T15:46:45,4,10,9,0.43,230,0.043
b172d003-1aea-4250-a26c-21690dd10e24,2026-07-01T15:46:45,4,10,9,0.42,230,0.043
b172d003-1aea-4250-a26c-21690dd10e24,2026-07-01T15:46:45,4,10,9,0.42,230,0.043
b172d003-1aea-4250-a26c-21690dd10e24,2026-07-01T15:46:46,4,10,9,0.42,230,0.043
b172d003-1aea-4250-a26c-21690dd10e24,2026-07-01T15:46:46,4,10,9,0.42,230,0.043
b172d003-1aea-4250-a26c-21690dd10e24,2026-07-01T15:46:46,4,10,9,0.43,230,0.043
b172d003-1aea-4250-a26c-21690dd10e24,2026-07-01T15:46:46,4,10,9,0.43,230,0.043
b172d003-1aea-4250-a26c-21690dd10e24,2026-07-01T15:46:46,4,10,9,0.43,230,0.043
b172d003-1aea-4250-a26c-21690dd10e24,2026-07-01T15:46:46,4,10,9,0.43,230,0.043
b172d003-1aea-4250-a26c-21690dd10e24,2026-07-01T15:46:46,4,10,9,0.43,230,0.043
b172d003-1aea-4250-a26c-21690dd10e24,2026-07-01T15:46:46,4,10,9,0.43,230,0.043
b172d003-1aea-4250-a26c-21690dd10e24,2026-07-01T15:46:46,4,10,9,0.43,230,0.043
b172d003-1aea-4250-a26c-21690dd10e24,2026-07-01T15:46:46,4,10,9,0.43,230,0.043
b172d003-1aea-4250-a26c-21690dd10e24,2026-07-01T15:46:46,4,10,9,0.43,230,0.043
b172d003-1aea-4250-a26c-21690dd10e24,2026-07-01T15:46:46,4,10,9,0.43,230,0.043
b172d003-1aea-4250-a26c-21690dd10e24,2026-07-01T15:46:47,4,10,9,0.43,230,0.043
b172d003-1aea-4250-a26c-21690dd10e24,2026-07-01T15:46:47,4,10,9,0.43,230,0.043
b172d003-1aea-4250-a26c-21690dd10e24,2026-07-01T15:46:47,4,10,9,0.43,230,0.043
b172d003-1aea-4250-a26c-21690dd10e24,2026-07-01T15:46:47,4,10,9,0.44,230,0.043
b172d003-1aea-4250-a26c-21690dd10e24,2026-07-01T15:46:47,4,10,9,0.44,230,0.043
b172d003-1aea-4250-a26c-21690dd10e24,2026-07-01T15:46:47,4,10,9,0.44,230,0.043
b172d003-1aea-4250-a26c-21690dd10e24,2026-07-01T15:46:47,4,10,9,0.44,230,0.043
b172d003-1aea-4250-a26c-21690dd10e24,2026-07-01T15:46:47,4,10,9,0.44,230,0.043
b172d003-1aea-4250-a26c-21690dd10e24,2026-07-01T15:46:47,4,10,9,0.44,230,0.043
b172d003-1aea-4250-a26c-21690dd10e24,2026-07-01T15:46:47,4,10,9,0.44,230,0.043
b172d003-1aea-4250-a26c-21690dd10e24,2026-07-01T15:46:47,4,10,9,0.42,230,0.043
b172d003-1aea-4250-a26c-21690dd10e24,2026-07-01T15:46:47,4,10,9,0.42,230,0.043
b172d003-1aea-4250-a26c-21690dd10e24,2026-07-01T15:46:47,4,10,9,0.42,230,0.043
b172d003-1aea-4250-a26c-21690dd10e24,2026-07-01T15:46:47,4,10,9,0.42,230,0.043
b172d003-1aea-4250-a26c-21690dd10e24,2026-07-01T15:46:47,4,10,9,0.42,230,0.043
b172d003-1aea-4250-a26c-21690dd10e24,2026-07-01T15:46:48,4,10,9,0.44,230,0.043
b172d003-1aea-4250-a26c-21690dd10e24,2026-07-01T15:46:48,4,10,9,0.44,230,0.043
b172d003-1aea-4250-a26c-21690dd10e24,2026-07-01T15:46:48,5,10,9,0.45,230,0.043
b172d003-1aea-4250-a26c-21690dd10e24,2026-07-01T15:46:48,5,10,9,0.45,230,0.043
b172d003-1aea-4250-a26c-21690dd10e24,2026-07-01T15:46:48,5,10,9,0.45,230,0.043
b172d003-1aea-4250-a26c-21690dd10e24,2026-07-01T15:46:48,4,10,9,0.42,230,0.043
b172d003-1aea-4250-a26c-21690dd10e24,2026-07-01T15:46:48,4,10,9,0.42,230,0.043
b172d003-1aea-4250-a26c-21690dd10e24,2026-07-01T15:46:48,4,10,9,0.42,230,0.043
b172d003-1aea-4250-a26c-21690dd10e24,2026-07-01T15:46:48,4,10,9,0.42,230,0.043
b172d003-1aea-4250-a26c-21690dd10e24,2026-07-01T15:46:48,4,10,9,0.42,230,0.043
b172d003-1aea-4250-a26c-21690dd10e24,2026-07-01T15:46:49,458,458,0,1.0,231,0.043
b172d003-1aea-4250-a26c-21690dd10e24,2026-07-01T15:46:49,458,458,0,1.0,231,0.043
b172d003-1aea-4250-a26c-21690dd10e24,2026-07-01T15:46:49,458,458,0,1.0,231,0.043
b172d003-1aea-4250-a26c-21690dd10e24,2026-07-01T15:46:49,1691,1691,0,1.0,231,0.043
b172d003-1aea-4250-a26c-21690dd10e24,2026-07-01T15:46:49,1691,1691,0,1.0,231,0.043
b172d003-1aea-4250-a26c-21690dd10e24,2026-07-01T15:46:49,1680,1680,0,1.0,231,0.043
b172d003-1aea-4250-a26c-21690dd10e24,2026-07-01T15:46:49,1680,1680,0,1.0,231,0.043
b172d003-1aea-4250-a26c-21690dd10e24,2026-07-01T15:46:49,1680,1680,0,1.0,231,0.043
b172d003-1aea-4250-a26c-21690dd10e24,2026-07-01T15:46:49,1680,1680,0,1.0,231,0.043
b172d003-1aea-4250-a26c-21690dd10e24,2026-07-01T15:46:49,1680,1680,0,1.0,231,0.043
b172d003-1aea-4250-a26c-21690dd10e24,2026-07-01T15:46:49,1680,1698,249,0.99,231,7.361
b172d003-1aea-4250-a26c-21690dd10e24,2026-07-01T15:46:49,1680,1698,249,0.99,231,7.361
b172d003-1aea-4250-a26c-21690dd10e24,2026-07-01T15:46:50,1678,1698,260,0.99,231,7.361
b172d003-1aea-4250-a26c-21690dd10e24,2026-07-01T15:46:50,1678,1698,260,0.99,231,7.361
b172d003-1aea-4250-a26c-21690dd10e24,2026-07-01T15:46:50,1676,1698,272,0.99,231,7.361
b172d003-1aea-4250-a26c-21690dd10e24,2026-07-01T15:46:50,1676,1698,272,0.99,231,7.361
b172d003-1aea-4250-a26c-21690dd10e24,2026-07-01T15:46:50,1676,1698,272,0.99,231,7.361
b172d003-1aea-4250-a26c-21690dd10e24,2026-07-01T15:46:50,1676,1698,272,0.99,231,7.361
b172d003-1aea-4250-a26c-21690dd10e24,2026-07-01T15:46:50,1676,1698,272,0.99,231,7.361
b172d003-1aea-4250-a26c-21690dd10e24,2026-07-01T15:46:50,1676,1698,272,0.99,231,7.361
b172d003-1aea-4250-a26c-21690dd10e24,2026-07-01T15:46:50,1676,1676,0,1.0,227,7.361
b172d003-1aea-4250-a26c-21690dd10e24,2026-07-01T15:46:50,1676,1676,0,1.0,227,7.361
b172d003-1aea-4250-a26c-21690dd10e24,2026-07-01T15:46:50,1676,1676,0,1.0,227,7.361
b172d003-1aea-4250-a26c-21690dd10e24,2026-07-01T15:46:50,1676,1676,0,1.0,227,7.361
b172d003-1aea-4250-a26c-21690dd10e24,2026-07-01T15:46:50,1676,1676,0,1.0,227,7.361
b172d003-1aea-4250-a26c-21690dd10e24,2026-07-01T15:46:51,1676,1676,0,1.0,227,7.361
b172d003-1aea-4250-a26c-21690dd10e24,2026-07-01T15:46:51,1676,1676,0,1.0,227,7.361
b172d003-1aea-4250-a26c-21690dd10e24,2026-07-01T15:46:51,1675,1675,0,1.0,227,7.361
b172d003-1aea-4250-a26c-21690dd10e24,2026-07-01T15:46:51,1675,1675,0,1.0,227,7.361
b172d003-1aea-4250-a26c-21690dd10e24,2026-07-01T15:46:51,1675,1675,0,1.0,227,7.34
b172d003-1aea-4250-a26c-21690dd10e24,2026-07-01T15:46:51,1675,1675,0,1.0,227,7.34
b172d003-1aea-4250-a26c-21690dd10e24,2026-07-01T15:46:51,1675,1675,0,1.0,227,7.34
b172d003-1aea-4250-a26c-21690dd10e24,2026-07-01T15:46:51,1675,1675,0,1.0,227,7.34
b172d003-1aea-4250-a26c-21690dd10e24,2026-07-01T15:46:51,1675,1675,0,1.0,227,7.34
b172d003-1aea-4250-a26c-21690dd10e24,2026-07-01T15:46:51,1675,1675,0,1.0,227,7.34
b172d003-1aea-4250-a26c-21690dd10e24,2026-07-01T15:46:52,1675,1675,0,1.0,227,7.34
b172d003-1aea-4250-a26c-21690dd10e24,2026-07-01T15:46:52,1675,1675,0,1.0,227,7.34
b172d003-1aea-4250-a26c-21690dd10e24,2026-07-01T15:46:52,1675,1675,0,1.0,227,7.34
b172d003-1aea-4250-a26c-21690dd10e24,2026-07-01T15:46:52,1675,1675,0,1.0,227,7.34
b172d003-1aea-4250-a26c-21690dd10e24,2026-07-01T15:46:52,1673,1673,0,1.0,227,7.34
b172d003-1aea-4250-a26c-21690dd10e24,2026-07-01T15:46:52,1673,1673,0,1.0,227,7.34
b172d003-1aea-4250-a26c-21690dd10e24,2026-07-01T15:46:52,1671,1671,0,1.0,227,7.34
b172d003-1aea-4250-a26c-21690dd10e24,2026-07-01T15:46:52,1671,1671,0,1.0,227,7.34
b172d003-1aea-4250-a26c-21690dd10e24,2026-07-01T15:46:52,1669,1669,0,1.0,227,7.34
b172d003-1aea-4250-a26c-21690dd10e24,2026-07-01T15:46:53,1671,1671,0,1.0,227,7.323
b172d003-1aea-4250-a26c-21690dd10e24,2026-07-01T15:46:53,1671,1671,0,1.0,227,7.323
b172d003-1aea-4250-a26c-21690dd10e24,2026-07-01T15:46:53,1669,1669,0,1.0,227,7.323
b172d003-1aea-4250-a26c-21690dd10e24,2026-07-01T15:46:53,1669,1669,0,1.0,227,7.323
b172d003-1aea-4250-a26c-21690dd10e24,2026-07-01T15:46:53,1669,1669,0,1.0,227,7.323
b172d003-1aea-4250-a26c-21690dd10e24,2026-07-01T15:46:53,1669,1669,0,1.0,227,7.323
b172d003-1aea-4250-a26c-21690dd10e24,2026-07-01T15:46:53,1669,1669,0,1.0,227,7.323
b172d003-1aea-4250-a26c-21690dd10e24,2026-07-01T15:46:53,1669,1669,0,1.0,227,7.323
b172d003-1aea-4250-a26c-21690dd10e24,2026-07-01T15:46:53,1669,1669,0,1.0,227,7.323
b172d003-1aea-4250-a26c-21690dd10e24,2026-07-01T15:46:53,1669,1669,0,1.0,227,7.323
b172d003-1aea-4250-a26c-21690dd10e24,2026-07-01T15:46:53,1669,1669,0,1.0,227,7.323
b172d003-1aea-4250-a26c-21690dd10e24,2026-07-01T15:46:54,1669,1669,0,1.0,227,7.323
b172d003-1aea-4250-a26c-21690dd10e24,2026-07-01T15:46:54,1669,1669,0,1.0,227,7.323
b172d003-1aea-4250-a26c-21690dd10e24,2026-07-01T15:46:54,1669,1669,0,1.0,227,7.323
b172d003-1aea-4250-a26c-21690dd10e24,2026-07-01T15:46:54,1669,1669,0,1.0,227,7.323
b172d003-1aea-4250-a26c-21690dd10e24,2026-07-01T15:46:54,1669,1669,0,1.0,227,7.323
b172d003-1aea-4250-a26c-21690dd10e24,2026-07-01T15:46:54,1669,1669,0,1.0,227,7.319
b172d003-1aea-4250-a26c-21690dd10e24,2026-07-01T15:46:54,1669,1669,0,1.0,227,7.319
b172d003-1aea-4250-a26c-21690dd10e24,2026-07-01T15:46:54,1669,1669,0,1.0,227,7.319
b172d003-1aea-4250-a26c-21690dd10e24,2026-07-01T15:46:54,1669,1669,0,1.0,227,7.319
b172d003-1aea-4250-a26c-21690dd10e24,2026-07-01T15:46:55,1671,1671,0,1.0,227,7.319
b172d003-1aea-4250-a26c-21690dd10e24,2026-07-01T15:46:55,1671,1671,0,1.0,227,7.319
b172d003-1aea-4250-a26c-21690dd10e24,2026-07-01T15:46:55,1671,1671,0,1.0,227,7.319
b172d003-1aea-4250-a26c-21690dd10e24,2026-07-01T15:46:55,1671,1671,0,1.0,227,7.319
b172d003-1aea-4250-a26c-21690dd10e24,2026-07-01T15:46:55,1671,1671,0,1.0,227,7.319
b172d003-1aea-4250-a26c-21690dd10e24,2026-07-01T15:46:55,1671,1671,0,1.0,227,7.319
b172d003-1aea-4250-a26c-21690dd10e24,2026-07-01T15:46:55,1671,1671,0,1.0,227,7.319
b172d003-1aea-4250-a26c-21690dd10e24,2026-07-01T15:46:55,1671,1671,0,1.0,227,7.319
b172d003-1aea-4250-a26c-21690dd10e24,2026-07-01T15:46:55,1671,1671,0,1.0,227,7.319
b172d003-1aea-4250-a26c-21690dd10e24,2026-07-01T15:46:55,1671,1671,0,1.0,227,7.319
b172d003-1aea-4250-a26c-21690dd10e24,2026-07-01T15:46:56,1671,1671,0,1.0,227,7.319
b172d003-1aea-4250-a26c-21690dd10e24,2026-07-01T15:46:56,1671,1671,0,1.0,227,7.319
b172d003-1aea-4250-a26c-21690dd10e24,2026-07-01T15:46:56,1671,1671,0,1.0,227,7.323
b172d003-1aea-4250-a26c-21690dd10e24,2026-07-01T15:46:56,1671,1671,0,1.0,227,7.323
b172d003-1aea-4250-a26c-21690dd10e24,2026-07-01T15:46:56,1671,1671,0,1.0,227,7.323
b172d003-1aea-4250-a26c-21690dd10e24,2026-07-01T15:46:56,1671,1671,0,1.0,227,7.323
b172d003-1aea-4250-a26c-21690dd10e24,2026-07-01T15:46:56,1671,1671,0,1.0,227,7.323
b172d003-1aea-4250-a26c-21690dd10e24,2026-07-01T15:46:56,1671,1671,0,1.0,227,7.323
b172d003-1aea-4250-a26c-21690dd10e24,2026-07-01T15:46:56,1671,1671,0,1.0,227,7.323
b172d003-1aea-4250-a26c-21690dd10e24,2026-07-01T15:46:56,1671,1671,0,1.0,227,7.323
b172d003-1aea-4250-a26c-21690dd10e24,2026-07-01T15:46:57,1671,1671,0,1.0,227,7.323
b172d003-1aea-4250-a26c-21690dd10e24,2026-07-01T15:46:57,1671,1671,0,1.0,227,7.323
b172d003-1aea-4250-a26c-21690dd10e24,2026-07-01T15:46:57,1671,1671,0,1.0,227,7.323
b172d003-1aea-4250-a26c-21690dd10e24,2026-07-01T15:46:57,1671,1671,0,1.0,227,7.323
b172d003-1aea-4250-a26c-21690dd10e24,2026-07-01T15:46:57,1671,1671,0,1.0,227,7.323
b172d003-1aea-4250-a26c-21690dd10e24,2026-07-01T15:46:57,1671,1671,0,1.0,227,7.323
b172d003-1aea-4250-a26c-21690dd10e24,2026-07-01T15:46:57,1671,1671,0,1.0,227,7.323
b172d003-1aea-4250-a26c-21690dd10e24,2026-07-01T15:46:57,1671,1671,0,1.0,227,7.323
b172d003-1aea-4250-a26c-21690dd10e24,2026-07-01T15:46:57,1671,1671,0,1.0,227,7.323
b172d003-1aea-4250-a26c-21690dd10e24,2026-07-01T15:46:57,1671,1671,0,1.0,227,7.323
b172d003-1aea-4250-a26c-21690dd10e24,2026-07-01T15:46:58,1671,1671,0,1.0,227,7.323
b172d003-1aea-4250-a26c-21690dd10e24,2026-07-01T15:46:58,1671,1671,0,1.0,227,7.323
b172d003-1aea-4250-a26c-21690dd10e24,2026-07-01T15:46:58,1671,1671,0,1.0,227,7.323
b172d003-1aea-4250-a26c-21690dd10e24,2026-07-01T15:46:58,1671,1671,0,1.0,227,7.323
b172d003-1aea-4250-a26c-21690dd10e24,2026-07-01T15:46:58,1671,1671,0,1.0,227,7.323
b172d003-1aea-4250-a26c-21690dd10e24,2026-07-01T15:46:58,1665,1665,0,1.0,227,7.323
b172d003-1aea-4250-a26c-21690dd10e24,2026-07-01T15:46:58,1665,1665,0,1.0,227,7.323
b172d003-1aea-4250-a26c-21690dd10e24,2026-07-01T15:46:58,1669,1669,0,1.0,227,7.323
b172d003-1aea-4250-a26c-21690dd10e24,2026-07-01T15:46:58,1669,1669,0,1.0,227,7.323
b172d003-1aea-4250-a26c-21690dd10e24,2026-07-01T15:46:58,1669,1669,0,1.0,227,7.323
b172d003-1aea-4250-a26c-21690dd10e24,2026-07-01T15:46:58,1669,1669,0,1.0,227,7.323
b172d003-1aea-4250-a26c-21690dd10e24,2026-07-01T15:46:59,1669,1669,0,1.0,227,7.323
b172d003-1aea-4250-a26c-21690dd10e24,2026-07-01T15:46:59,1669,1669,0,1.0,227,7.323
b172d003-1aea-4250-a26c-21690dd10e24,2026-07-01T15:46:59,1667,1667,0,1.0,227,7.323
b172d003-1aea-4250-a26c-21690dd10e24,2026-07-01T15:46:59,1667,1667,0,1.0,227,7.323
b172d003-1aea-4250-a26c-21690dd10e24,2026-07-01T15:46:59,1665,1665,0,1.0,227,7.31
b172d003-1aea-4250-a26c-21690dd10e24,2026-07-01T15:46:59,1665,1665,0,1.0,227,7.31
b172d003-1aea-4250-a26c-21690dd10e24,2026-07-01T15:46:59,1665,1665,0,1.0,227,7.31
b172d003-1aea-4250-a26c-21690dd10e24,2026-07-01T15:46:59,1665,1665,0,1.0,227,7.31
b172d003-1aea-4250-a26c-21690dd10e24,2026-07-01T15:46:59,1665,1665,0,1.0,227,7.31
b172d003-1aea-4250-a26c-21690dd10e24,2026-07-01T15:46:59,1665,1665,0,1.0,227,7.31
b172d003-1aea-4250-a26c-21690dd10e24,2026-07-01T15:47:00,1665,1665,0,1.0,227,7.31
b172d003-1aea-4250-a26c-21690dd10e24,2026-07-01T15:47:00,1665,1665,0,1.0,226,7.31
b172d003-1aea-4250-a26c-21690dd10e24,2026-07-01T15:47:00,1665,1665,0,1.0,226,7.31
b172d003-1aea-4250-a26c-21690dd10e24,2026-07-01T15:47:00,1665,1665,0,1.0,226,7.31
b172d003-1aea-4250-a26c-21690dd10e24,2026-07-01T15:47:00,1665,1665,0,1.0,226,7.31
b172d003-1aea-4250-a26c-21690dd10e24,2026-07-01T15:47:00,1665,1665,0,1.0,226,7.31
b172d003-1aea-4250-a26c-21690dd10e24,2026-07-01T15:47:00,1665,1665,0,1.0,226,7.31
b172d003-1aea-4250-a26c-21690dd10e24,2026-07-01T15:47:00,1665,1665,0,1.0,226,7.31
b172d003-1aea-4250-a26c-21690dd10e24,2026-07-01T15:47:00,1667,1667,0,1.0,226,7.31
b172d003-1aea-4250-a26c-21690dd10e24,2026-07-01T15:47:00,1667,1667,0,1.0,226,7.31
b172d003-1aea-4250-a26c-21690dd10e24,2026-07-01T15:47:01,1667,1667,0,1.0,226,7.315
b172d003-1aea-4250-a26c-21690dd10e24,2026-07-01T15:47:01,1667,1667,0,1.0,226,7.315
b172d003-1aea-4250-a26c-21690dd10e24,2026-07-01T15:47:01,1667,1667,0,1.0,226,7.315
b172d003-1aea-4250-a26c-21690dd10e24,2026-07-01T15:47:01,1667,1667,0,1.0,226,7.315
b172d003-1aea-4250-a26c-21690dd10e24,2026-07-01T15:47:01,1669,1669,0,1.0,226,7.315
b172d003-1aea-4250-a26c-21690dd10e24,2026-07-01T15:47:01,1669,1669,0,1.0,226,7.315
b172d003-1aea-4250-a26c-21690dd10e24,2026-07-01T15:47:01,1669,1669,0,1.0,226,7.315
b172d003-1aea-4250-a26c-21690dd10e24,2026-07-01T15:47:01,1669,1669,0,1.0,226,7.315
b172d003-1aea-4250-a26c-21690dd10e24,2026-07-01T15:47:01,1669,1669,0,1.0,227,7.315
b172d003-1aea-4250-a26c-21690dd10e24,2026-07-01T15:47:01,1669,1669,0,1.0,227,7.315
b172d003-1aea-4250-a26c-21690dd10e24,2026-07-01T15:47:02,1669,1669,0,1.0,227,7.315
b172d003-1aea-4250-a26c-21690dd10e24,2026-07-01T15:47:02,1669,1669,0,1.0,227,7.315
b172d003-1aea-4250-a26c-21690dd10e24,2026-07-01T15:47:02,1669,1669,0,1.0,227,7.315
b172d003-1aea-4250-a26c-21690dd10e24,2026-07-01T15:47:02,1669,1669,0,1.0,227,7.315
b172d003-1aea-4250-a26c-21690dd10e24,2026-07-01T15:47:02,1669,1669,0,1.0,227,7.315
b172d003-1aea-4250-a26c-21690dd10e24,2026-07-01T15:47:02,1669,1669,0,1.0,227,7.315
b172d003-1aea-4250-a26c-21690dd10e24,2026-07-01T15:47:02,1669,1669,0,1.0,227,7.319
b172d003-1aea-4250-a26c-21690dd10e24,2026-07-01T15:47:02,1669,1669,0,1.0,227,7.319
b172d003-1aea-4250-a26c-21690dd10e24,2026-07-01T15:47:02,1669,1669,0,1.0,227,7.319
b172d003-1aea-4250-a26c-21690dd10e24,2026-07-01T15:47:02,1669,1669,0,1.0,227,7.319
b172d003-1aea-4250-a26c-21690dd10e24,2026-07-01T15:47:03,1667,1667,0,1.0,227,7.319
b172d003-1aea-4250-a26c-21690dd10e24,2026-07-01T15:47:03,1667,1667,0,1.0,227,7.319
b172d003-1aea-4250-a26c-21690dd10e24,2026-07-01T15:47:03,1665,1665,0,1.0,227,7.319
b172d003-1aea-4250-a26c-21690dd10e24,2026-07-01T15:47:03,1665,1665,0,1.0,227,7.319
b172d003-1aea-4250-a26c-21690dd10e24,2026-07-01T15:47:03,1665,1665,0,1.0,227,7.319
b172d003-1aea-4250-a26c-21690dd10e24,2026-07-01T15:47:03,1665,1665,0,1.0,227,7.319
b172d003-1aea-4250-a26c-21690dd10e24,2026-07-01T15:47:03,1665,1665,0,1.0,227,7.319
b172d003-1aea-4250-a26c-21690dd10e24,2026-07-01T15:47:03,1665,1665,0,1.0,227,7.319
b172d003-1aea-4250-a26c-21690dd10e24,2026-07-01T15:47:03,1665,1665,0,1.0,227,7.319
b172d003-1aea-4250-a26c-21690dd10e24,2026-07-01T15:47:03,1665,1665,0,1.0,227,7.319
b172d003-1aea-4250-a26c-21690dd10e24,2026-07-01T15:47:04,1667,1667,0,1.0,227,7.319
b172d003-1aea-4250-a26c-21690dd10e24,2026-07-01T15:47:04,1667,1667,0,1.0,227,7.319
b172d003-1aea-4250-a26c-21690dd10e24,2026-07-01T15:47:04,1667,1667,0,1.0,227,7.315
b172d003-1aea-4250-a26c-21690dd10e24,2026-07-01T15:47:04,1667,1667,0,1.0,227,7.315
b172d003-1aea-4250-a26c-21690dd10e24,2026-07-01T15:47:04,1667,1667,0,1.0,227,7.315
b172d003-1aea-4250-a26c-21690dd10e24,2026-07-01T15:47:04,1667,1667,0,1.0,227,7.315
b172d003-1aea-4250-a26c-21690dd10e24,2026-07-01T15:47:04,1665,1665,0,1.0,227,7.315
b172d003-1aea-4250-a26c-21690dd10e24,2026-07-01T15:47:04,1665,1665,0,1.0,227,7.315
b172d003-1aea-4250-a26c-21690dd10e24,2026-07-01T15:47:04,1667,1667,0,1.0,227,7.315
b172d003-1aea-4250-a26c-21690dd10e24,2026-07-01T15:47:04,1667,1667,0,1.0,227,7.315
b172d003-1aea-4250-a26c-21690dd10e24,2026-07-01T15:47:05,1665,1665,0,1.0,226,7.315
b172d003-1aea-4250-a26c-21690dd10e24,2026-07-01T15:47:05,1665,1665,0,1.0,226,7.315
b172d003-1aea-4250-a26c-21690dd10e24,2026-07-01T15:47:05,1665,1665,0,1.0,226,7.315
b172d003-1aea-4250-a26c-21690dd10e24,2026-07-01T15:47:05,1665,1665,0,1.0,226,7.315
b172d003-1aea-4250-a26c-21690dd10e24,2026-07-01T15:47:05,1665,1665,0,1.0,226,7.315
b172d003-1aea-4250-a26c-21690dd10e24,2026-07-01T15:47:05,1665,1665,0,1.0,226,7.315
b172d003-1aea-4250-a26c-21690dd10e24,2026-07-01T15:47:05,1665,1665,0,1.0,226,7.315
b172d003-1aea-4250-a26c-21690dd10e24,2026-07-01T15:47:05,1665,1665,0,1.0,226,7.315
b172d003-1aea-4250-a26c-21690dd10e24,2026-07-01T15:47:05,1667,1667,0,1.0,226,7.31
b172d003-1aea-4250-a26c-21690dd10e24,2026-07-01T15:47:05,1667,1667,0,1.0,226,7.31
b172d003-1aea-4250-a26c-21690dd10e24,2026-07-01T15:47:06,1667,1667,0,1.0,226,7.31
b172d003-1aea-4250-a26c-21690dd10e24,2026-07-01T15:47:06,1667,1667,0,1.0,226,7.31
b172d003-1aea-4250-a26c-21690dd10e24,2026-07-01T15:47:06,1667,1667,0,1.0,226,7.31
b172d003-1aea-4250-a26c-21690dd10e24,2026-07-01T15:47:06,1667,1667,0,1.0,226,7.31
b172d003-1aea-4250-a26c-21690dd10e24,2026-07-01T15:47:06,1667,1667,0,1.0,226,7.31
b172d003-1aea-4250-a26c-21690dd10e24,2026-07-01T15:47:06,1667,1667,0,1.0,226,7.31
b172d003-1aea-4250-a26c-21690dd10e24,2026-07-01T15:47:06,1667,1667,0,1.0,227,7.31
b172d003-1aea-4250-a26c-21690dd10e24,2026-07-01T15:47:06,1667,1667,0,1.0,227,7.31
b172d003-1aea-4250-a26c-21690dd10e24,2026-07-01T15:47:06,1667,1667,0,1.0,227,7.31
b172d003-1aea-4250-a26c-21690dd10e24,2026-07-01T15:47:06,1667,1667,0,1.0,227,7.31
b172d003-1aea-4250-a26c-21690dd10e24,2026-07-01T15:47:07,1667,1667,0,1.0,227,7.31
b172d003-1aea-4250-a26c-21690dd10e24,2026-07-01T15:47:07,1667,1667,0,1.0,227,7.31
b172d003-1aea-4250-a26c-21690dd10e24,2026-07-01T15:47:07,1667,1667,0,1.0,227,7.31
b172d003-1aea-4250-a26c-21690dd10e24,2026-07-01T15:47:07,1667,1667,0,1.0,227,7.31
b172d003-1aea-4250-a26c-21690dd10e24,2026-07-01T15:47:07,1667,1667,0,1.0,227,7.31
b172d003-1aea-4250-a26c-21690dd10e24,2026-07-01T15:47:07,1667,1667,0,1.0,227,7.31
b172d003-1aea-4250-a26c-21690dd10e24,2026-07-01T15:47:07,1667,1667,0,1.0,227,7.31
b172d003-1aea-4250-a26c-21690dd10e24,2026-07-01T15:47:07,1667,1667,0,1.0,227,7.31
b172d003-1aea-4250-a26c-21690dd10e24,2026-07-01T15:47:07,1667,1667,0,1.0,227,7.31
b172d003-1aea-4250-a26c-21690dd10e24,2026-07-01T15:47:08,1667,1667,0,1.0,227,7.31
b172d003-1aea-4250-a26c-21690dd10e24,2026-07-01T15:47:08,1667,1667,0,1.0,227,7.31
b172d003-1aea-4250-a26c-21690dd10e24,2026-07-01T15:47:08,1667,1667,0,1.0,227,7.31
b172d003-1aea-4250-a26c-21690dd10e24,2026-07-01T15:47:08,1667,1667,0,1.0,227,7.31
b172d003-1aea-4250-a26c-21690dd10e24,2026-07-01T15:47:08,1667,1667,0,1.0,227,7.31
b172d003-1aea-4250-a26c-21690dd10e24,2026-07-01T15:47:08,1667,1667,0,1.0,227,7.31
b172d003-1aea-4250-a26c-21690dd10e24,2026-07-01T15:47:08,1667,1667,0,1.0,227,7.31
b172d003-1aea-4250-a26c-21690dd10e24,2026-07-01T15:47:08,1667,1667,0,1.0,227,7.31
b172d003-1aea-4250-a26c-21690dd10e24,2026-07-01T15:47:08,1667,1667,0,1.0,227,7.31
b172d003-1aea-4250-a26c-21690dd10e24,2026-07-01T15:47:08,1667,1667,0,1.0,227,7.31
b172d003-1aea-4250-a26c-21690dd10e24,2026-07-01T15:47:08,1667,1667,0,1.0,227,7.31
b172d003-1aea-4250-a26c-21690dd10e24,2026-07-01T15:47:09,1667,1667,0,1.0,227,7.31
b172d003-1aea-4250-a26c-21690dd10e24,2026-07-01T15:47:09,1667,1667,0,1.0,227,7.31
b172d003-1aea-4250-a26c-21690dd10e24,2026-07-01T15:47:09,1667,1667,0,1.0,227,7.31
b172d003-1aea-4250-a26c-21690dd10e24,2026-07-01T15:47:09,1667,1667,0,1.0,227,7.31
b172d003-1aea-4250-a26c-21690dd10e24,2026-07-01T15:47:09,1667,1667,0,1.0,227,7.31
b172d003-1aea-4250-a26c-21690dd10e24,2026-07-01T15:47:09,1667,1667,0,1.0,227,7.31
b172d003-1aea-4250-a26c-21690dd10e24,2026-07-01T15:47:09,1667,1667,0,1.0,227,7.31
b172d003-1aea-4250-a26c-21690dd10e24,2026-07-01T15:47:09,1667,1667,0,1.0,227,7.31
b172d003-1aea-4250-a26c-21690dd10e24,2026-07-01T15:47:09,1667,1667,0,1.0,227,7.31
b172d003-1aea-4250-a26c-21690dd10e24,2026-07-01T15:47:09,1667,1667,0,1.0,227,7.31
b172d003-1aea-4250-a26c-21690dd10e24,2026-07-01T15:47:10,1667,1667,0,1.0,227,7.31
b172d003-1aea-4250-a26c-21690dd10e24,2026-07-01T15:47:10,1667,1667,0,1.0,227,7.31
b172d003-1aea-4250-a26c-21690dd10e24,2026-07-01T15:47:10,1667,1667,0,1.0,227,7.31
b172d003-1aea-4250-a26c-21690dd10e24,2026-07-01T15:47:10,1667,1667,0,1.0,227,7.31
b172d003-1aea-4250-a26c-21690dd10e24,2026-07-01T15:47:10,1667,1667,0,1.0,227,7.31
b172d003-1aea-4250-a26c-21690dd10e24,2026-07-01T15:47:10,1667,1667,0,1.0,227,7.31
b172d003-1aea-4250-a26c-21690dd10e24,2026-07-01T15:47:10,1667,1667,0,1.0,227,7.31
b172d003-1aea-4250-a26c-21690dd10e24,2026-07-01T15:47:10,1667,1667,0,1.0,227,7.31
b172d003-1aea-4250-a26c-21690dd10e24,2026-07-01T15:47:10,1667,1667,0,1.0,227,7.31
b172d003-1aea-4250-a26c-21690dd10e24,2026-07-01T15:47:11,1667,1667,0,1.0,227,7.31
b172d003-1aea-4250-a26c-21690dd10e24,2026-07-01T15:47:11,1667,1667,0,1.0,227,7.31
b172d003-1aea-4250-a26c-21690dd10e24,2026-07-01T15:47:11,1667,1667,0,1.0,227,7.31
b172d003-1aea-4250-a26c-21690dd10e24,2026-07-01T15:47:11,1667,1667,0,1.0,227,7.31
b172d003-1aea-4250-a26c-21690dd10e24,2026-07-01T15:47:11,1667,1667,0,1.0,227,7.31
b172d003-1aea-4250-a26c-21690dd10e24,2026-07-01T15:47:11,1667,1667,0,1.0,227,7.31
b172d003-1aea-4250-a26c-21690dd10e24,2026-07-01T15:47:11,1667,1667,0,1.0,227,7.31
b172d003-1aea-4250-a26c-21690dd10e24,2026-07-01T15:47:11,1667,1667,0,1.0,227,7.31
b172d003-1aea-4250-a26c-21690dd10e24,2026-07-01T15:47:11,1667,1667,0,1.0,227,7.31
b172d003-1aea-4250-a26c-21690dd10e24,2026-07-01T15:47:11,1667,1667,0,1.0,227,7.31
b172d003-1aea-4250-a26c-21690dd10e24,2026-07-01T15:47:11,1667,1667,0,1.0,227,7.31
b172d003-1aea-4250-a26c-21690dd10e24,2026-07-01T15:47:12,1667,1667,0,1.0,227,7.31
b172d003-1aea-4250-a26c-21690dd10e24,2026-07-01T15:47:12,1667,1667,0,1.0,227,7.31
b172d003-1aea-4250-a26c-21690dd10e24,2026-07-01T15:47:12,1671,1671,0,1.0,227,7.315
b172d003-1aea-4250-a26c-21690dd10e24,2026-07-01T15:47:12,1671,1671,0,1.0,227,7.315
b172d003-1aea-4250-a26c-21690dd10e24,2026-07-01T15:47:12,1671,1671,0,1.0,227,7.315
b172d003-1aea-4250-a26c-21690dd10e24,2026-07-01T15:47:12,1671,1671,0,1.0,227,7.315
b172d003-1aea-4250-a26c-21690dd10e24,2026-07-01T15:47:12,1671,1671,0,1.0,227,7.315
b172d003-1aea-4250-a26c-21690dd10e24,2026-07-01T15:47:12,1671,1671,0,1.0,227,7.315
b172d003-1aea-4250-a26c-21690dd10e24,2026-07-01T15:47:12,1671,1671,0,1.0,227,7.315
b172d003-1aea-4250-a26c-21690dd10e24,2026-07-01T15:47:13,1671,1671,0,1.0,227,7.315
b172d003-1aea-4250-a26c-21690dd10e24,2026-07-01T15:47:13,1671,1671,0,1.0,227,7.315
b172d003-1aea-4250-a26c-21690dd10e24,2026-07-01T15:47:13,1671,1671,0,1.0,227,7.315
b172d003-1aea-4250-a26c-21690dd10e24,2026-07-01T15:47:13,1671,1671,0,1.0,227,7.315
b172d003-1aea-4250-a26c-21690dd10e24,2026-07-01T15:47:13,1671,1671,0,1.0,227,7.315
b172d003-1aea-4250-a26c-21690dd10e24,2026-07-01T15:47:13,1671,1671,0,1.0,227,7.315
b172d003-1aea-4250-a26c-21690dd10e24,2026-07-01T15:47:13,1671,1671,0,1.0,227,7.315
b172d003-1aea-4250-a26c-21690dd10e24,2026-07-01T15:47:13,1671,1671,0,1.0,227,7.315
b172d003-1aea-4250-a26c-21690dd10e24,2026-07-01T15:47:13,1671,1671,0,1.0,227,7.315
b172d003-1aea-4250-a26c-21690dd10e24,2026-07-01T15:47:13,1671,1671,0,1.0,227,7.319
b172d003-1aea-4250-a26c-21690dd10e24,2026-07-01T15:47:13,1671,1671,0,1.0,227,7.319
b172d003-1aea-4250-a26c-21690dd10e24,2026-07-01T15:47:14,1671,1671,0,1.0,227,7.319
b172d003-1aea-4250-a26c-21690dd10e24,2026-07-01T15:47:14,1671,1671,0,1.0,227,7.319
b172d003-1aea-4250-a26c-21690dd10e24,2026-07-01T15:47:14,1671,1671,0,1.0,227,7.319
b172d003-1aea-4250-a26c-21690dd10e24,2026-07-01T15:47:14,1671,1671,0,1.0,227,7.319
b172d003-1aea-4250-a26c-21690dd10e24,2026-07-01T15:47:14,1671,1671,0,1.0,227,7.319
b172d003-1aea-4250-a26c-21690dd10e24,2026-07-01T15:47:14,1671,1671,0,1.0,227,7.319
b172d003-1aea-4250-a26c-21690dd10e24,2026-07-01T15:47:14,1546,1658,600,0.93,227,7.319
b172d003-1aea-4250-a26c-21690dd10e24,2026-07-01T15:47:14,1546,1658,600,0.93,227,7.319
b172d003-1aea-4250-a26c-21690dd10e24,2026-07-01T15:47:14,123,1658,1654,0.07,227,7.319
b172d003-1aea-4250-a26c-21690dd10e24,2026-07-01T15:47:14,123,1658,1654,0.07,227,7.319
b172d003-1aea-4250-a26c-21690dd10e24,2026-07-01T15:47:15,14,1658,1658,0.01,227,7.319
b172d003-1aea-4250-a26c-21690dd10e24,2026-07-01T15:47:15,14,1658,1658,0.01,227,7.319
b172d003-1aea-4250-a26c-21690dd10e24,2026-07-01T15:47:15,14,1658,1658,0.01,227,7.319
b172d003-1aea-4250-a26c-21690dd10e24,2026-07-01T15:47:15,14,1658,1658,0.01,227,7.319
b172d003-1aea-4250-a26c-21690dd10e24,2026-07-01T15:47:15,3,1658,1659,0.0,227,7.319
b172d003-1aea-4250-a26c-21690dd10e24,2026-07-01T15:47:15,3,1658,1659,0.0,227,7.319
b172d003-1aea-4250-a26c-21690dd10e24,2026-07-01T15:47:15,3,1658,1659,0.0,227,7.319
b172d003-1aea-4250-a26c-21690dd10e24,2026-07-01T15:47:15,3,1658,1659,0.0,227,7.319
b172d003-1aea-4250-a26c-21690dd10e24,2026-07-01T15:47:15,4,1658,1659,0.0,227,7.319
b172d003-1aea-4250-a26c-21690dd10e24,2026-07-01T15:47:15,4,1658,1659,0.0,227,7.319
b172d003-1aea-4250-a26c-21690dd10e24,2026-07-01T15:47:16,4,1658,1659,0.0,227,7.319
b172d003-1aea-4250-a26c-21690dd10e24,2026-07-01T15:47:16,4,1658,1659,0.0,227,7.319
b172d003-1aea-4250-a26c-21690dd10e24,2026-07-01T15:47:16,4,10,9,0.44,227,0.043
b172d003-1aea-4250-a26c-21690dd10e24,2026-07-01T15:47:16,4,10,9,0.44,227,0.043
b172d003-1aea-4250-a26c-21690dd10e24,2026-07-01T15:47:16,4,10,9,0.45,227,0.043
b172d003-1aea-4250-a26c-21690dd10e24,2026-07-01T15:47:16,4,10,9,0.45,227,0.043
b172d003-1aea-4250-a26c-21690dd10e24,2026-07-01T15:47:16,4,10,9,0.45,227,0.043
b172d003-1aea-4250-a26c-21690dd10e24,2026-07-01T15:47:16,4,10,9,0.45,227,0.043
b172d003-1aea-4250-a26c-21690dd10e24,2026-07-01T15:47:16,4,10,9,0.43,227,0.043
b172d003-1aea-4250-a26c-21690dd10e24,2026-07-01T15:47:16,4,10,9,0.43,227,0.043
b172d003-1aea-4250-a26c-21690dd10e24,2026-07-01T15:47:17,4,10,9,0.42,230,0.043
b172d003-1aea-4250-a26c-21690dd10e24,2026-07-01T15:47:17,4,10,9,0.42,230,0.043
b172d003-1aea-4250-a26c-21690dd10e24,2026-07-01T15:47:17,4,10,9,0.44,230,0.043
b172d003-1aea-4250-a26c-21690dd10e24,2026-07-01T15:47:17,4,10,9,0.44,230,0.043
b172d003-1aea-4250-a26c-21690dd10e24,2026-07-01T15:47:17,4,10,9,0.44,230,0.043
b172d003-1aea-4250-a26c-21690dd10e24,2026-07-01T15:47:17,4,10,9,0.44,230,0.043
b172d003-1aea-4250-a26c-21690dd10e24,2026-07-01T15:47:17,4,10,9,0.44,230,0.043
b172d003-1aea-4250-a26c-21690dd10e24,2026-07-01T15:47:17,4,10,9,0.44,230,0.043
b172d003-1aea-4250-a26c-21690dd10e24,2026-07-01T15:47:17,4,10,9,0.42,230,0.043
b172d003-1aea-4250-a26c-21690dd10e24,2026-07-01T15:47:17,4,10,9,0.42,230,0.043
b172d003-1aea-4250-a26c-21690dd10e24,2026-07-01T15:47:18,4,10,9,0.42,230,0.043
b172d003-1aea-4250-a26c-21690dd10e24,2026-07-01T15:47:18,4,10,9,0.42,230,0.043
b172d003-1aea-4250-a26c-21690dd10e24,2026-07-01T15:47:18,4,10,9,0.43,230,0.043
b172d003-1aea-4250-a26c-21690dd10e24,2026-07-01T15:47:18,4,10,9,0.43,230,0.043
b172d003-1aea-4250-a26c-21690dd10e24,2026-07-01T15:47:18,4,10,9,0.43,230,0.043
b172d003-1aea-4250-a26c-21690dd10e24,2026-07-01T15:47:18,4,10,9,0.43,230,0.043
b172d003-1aea-4250-a26c-21690dd10e24,2026-07-01T15:47:18,4,10,9,0.44,230,0.042
b172d003-1aea-4250-a26c-21690dd10e24,2026-07-01T15:47:18,4,10,9,0.44,230,0.042
b172d003-1aea-4250-a26c-21690dd10e24,2026-07-01T15:47:18,4,10,9,0.44,230,0.042
b172d003-1aea-4250-a26c-21690dd10e24,2026-07-01T15:47:18,4,10,9,0.44,230,0.042
b172d003-1aea-4250-a26c-21690dd10e24,2026-07-01T15:47:19,4,10,9,0.44,230,0.042
b172d003-1aea-4250-a26c-21690dd10e24,2026-07-01T15:47:19,4,10,9,0.44,230,0.042
b172d003-1aea-4250-a26c-21690dd10e24,2026-07-01T15:47:19,4,10,9,0.43,230,0.042
b172d003-1aea-4250-a26c-21690dd10e24,2026-07-01T15:47:19,4,10,9,0.43,230,0.042
b172d003-1aea-4250-a26c-21690dd10e24,2026-07-01T15:47:19,4,10,9,0.43,231,0.042
b172d003-1aea-4250-a26c-21690dd10e24,2026-07-01T15:47:19,4,10,9,0.43,231,0.042
b172d003-1aea-4250-a26c-21690dd10e24,2026-07-01T15:47:19,4,10,9,0.45,231,0.042
b172d003-1aea-4250-a26c-21690dd10e24,2026-07-01T15:47:19,4,10,9,0.45,231,0.042
b172d003-1aea-4250-a26c-21690dd10e24,2026-07-01T15:47:19,4,10,9,0.45,231,0.042
b172d003-1aea-4250-a26c-21690dd10e24,2026-07-01T15:47:19,4,10,9,0.45,231,0.042
b172d003-1aea-4250-a26c-21690dd10e24,2026-07-01T15:47:20,4,10,9,0.44,231,0.042
b172d003-1aea-4250-a26c-21690dd10e24,2026-07-01T15:47:20,4,10,9,0.44,231,0.042
b172d003-1aea-4250-a26c-21690dd10e24,2026-07-01T15:47:20,4,10,9,0.44,231,0.042
b172d003-1aea-4250-a26c-21690dd10e24,2026-07-01T15:47:20,4,10,9,0.44,231,0.042
b172d003-1aea-4250-a26c-21690dd10e24,2026-07-01T15:47:20,4,10,9,0.44,231,0.042
b172d003-1aea-4250-a26c-21690dd10e24,2026-07-01T15:47:20,4,10,9,0.44,231,0.042
b172d003-1aea-4250-a26c-21690dd10e24,2026-07-01T15:47:20,4,10,9,0.43,231,0.042
b172d003-1aea-4250-a26c-21690dd10e24,2026-07-01T15:47:20,4,10,9,0.43,231,0.042
b172d003-1aea-4250-a26c-21690dd10e24,2026-07-01T15:47:20,4,10,9,0.43,231,0.042
b172d003-1aea-4250-a26c-21690dd10e24,2026-07-01T15:47:21,4,10,9,0.44,231,0.043
b172d003-1aea-4250-a26c-21690dd10e24,2026-07-01T15:47:21,4,10,9,0.44,231,0.043
b172d003-1aea-4250-a26c-21690dd10e24,2026-07-01T15:47:21,4,10,9,0.44,231,0.043
b172d003-1aea-4250-a26c-21690dd10e24,2026-07-01T15:47:21,4,10,9,0.44,231,0.043
b172d003-1aea-4250-a26c-21690dd10e24,2026-07-01T15:47:21,4,10,9,0.44,231,0.043
b172d003-1aea-4250-a26c-21690dd10e24,2026-07-01T15:47:21,4,10,9,0.44,231,0.043
b172d003-1aea-4250-a26c-21690dd10e24,2026-07-01T15:47:21,4,10,9,0.44,231,0.043
b172d003-1aea-4250-a26c-21690dd10e24,2026-07-01T15:47:21,5,10,9,0.45,231,0.043
b172d003-1aea-4250-a26c-21690dd10e24,2026-07-01T15:47:21,5,10,9,0.45,231,0.043
b172d003-1aea-4250-a26c-21690dd10e24,2026-07-01T15:47:21,5,10,9,0.45,231,0.043
b172d003-1aea-4250-a26c-21690dd10e24,2026-07-01T15:47:22,4,10,9,0.43,231,0.043
b172d003-1aea-4250-a26c-21690dd10e24,2026-07-01T15:47:22,4,10,9,0.43,231,0.043
b172d003-1aea-4250-a26c-21690dd10e24,2026-07-01T15:47:22,4,10,9,0.43,231,0.043
b172d003-1aea-4250-a26c-21690dd10e24,2026-07-01T15:47:22,4,10,9,0.43,231,0.043
b172d003-1aea-4250-a26c-21690dd10e24,2026-07-01T15:47:22,4,10,9,0.43,231,0.043
b172d003-1aea-4250-a26c-21690dd10e24,2026-07-01T15:47:22,4,10,9,0.42,231,0.043
b172d003-1aea-4250-a26c-21690dd10e24,2026-07-01T15:47:22,4,10,9,0.42,231,0.043
b172d003-1aea-4250-a26c-21690dd10e24,2026-07-01T15:47:22,4,10,9,0.42,231,0.043
b172d003-1aea-4250-a26c-21690dd10e24,2026-07-01T15:47:22,4,10,9,0.44,231,0.043
b172d003-1aea-4250-a26c-21690dd10e24,2026-07-01T15:47:22,4,10,9,0.44,231,0.043
b172d003-1aea-4250-a26c-21690dd10e24,2026-07-01T15:47:22,4,10,9,0.44,231,0.043
b172d003-1aea-4250-a26c-21690dd10e24,2026-07-01T15:47:23,4,10,9,0.44,231,0.043
b172d003-1aea-4250-a26c-21690dd10e24,2026-07-01T15:47:23,4,10,9,0.44,231,0.043
b172d003-1aea-4250-a26c-21690dd10e24,2026-07-01T15:47:23,4,10,9,0.42,231,0.043
b172d003-1aea-4250-a26c-21690dd10e24,2026-07-01T15:47:23,4,10,9,0.44,231,0.043
b172d003-1aea-4250-a26c-21690dd10e24,2026-07-01T15:47:23,4,10,9,0.44,231,0.043
b172d003-1aea-4250-a26c-21690dd10e24,2026-07-01T15:47:23,4,10,9,0.44,231,0.043
b172d003-1aea-4250-a26c-21690dd10e24,2026-07-01T15:47:23,4,10,9,0.44,231,0.043
b172d003-1aea-4250-a26c-21690dd10e24,2026-07-01T15:47:23,4,10,9,0.44,231,0.043
b172d003-1aea-4250-a26c-21690dd10e24,2026-07-01T15:47:23,4,10,9,0.43,231,0.043
b172d003-1aea-4250-a26c-21690dd10e24,2026-07-01T15:47:23,4,10,9,0.43,231,0.043
b172d003-1aea-4250-a26c-21690dd10e24,2026-07-01T15:47:24,4,10,9,0.43,231,0.043
b172d003-1aea-4250-a26c-21690dd10e24,2026-07-01T15:47:24,4,10,9,0.43,231,0.043
b172d003-1aea-4250-a26c-21690dd10e24,2026-07-01T15:47:24,4,10,9,0.42,231,0.043
b172d003-1aea-4250-a26c-21690dd10e24,2026-07-01T15:47:24,4,10,9,0.42,231,0.043
b172d003-1aea-4250-a26c-21690dd10e24,2026-07-01T15:47:24,4,10,9,0.42,231,0.043
b172d003-1aea-4250-a26c-21690dd10e24,2026-07-01T15:47:26,1678,1679,0,1.0,227,7.408
b172d003-1aea-4250-a26c-21690dd10e24,2026-07-01T15:47:26,1678,1679,0,1.0,227,7.408
b172d003-1aea-4250-a26c-21690dd10e24,2026-07-01T15:47:26,1678,1679,0,1.0,227,7.408
b172d003-1aea-4250-a26c-21690dd10e24,2026-07-01T15:47:26,1678,1678,0,1.0,227,7.352
b172d003-1aea-4250-a26c-21690dd10e24,2026-07-01T15:47:26,1678,1678,0,1.0,227,7.352
b172d003-1aea-4250-a26c-21690dd10e24,2026-07-01T15:47:26,1678,1678,0,1.0,227,7.352
b172d003-1aea-4250-a26c-21690dd10e24,2026-07-01T15:47:26,1678,1678,0,1.0,227,7.352
b172d003-1aea-4250-a26c-21690dd10e24,2026-07-01T15:47:26,1678,1678,0,1.0,227,7.352
b172d003-1aea-4250-a26c-21690dd10e24,2026-07-01T15:47:27,1676,1676,0,1.0,227,7.352
b172d003-1aea-4250-a26c-21690dd10e24,2026-07-01T15:47:27,1676,1676,0,1.0,227,7.352
b172d003-1aea-4250-a26c-21690dd10e24,2026-07-01T15:47:28,1673,1673,0,1.0,227,7.331
b172d003-1aea-4250-a26c-21690dd10e24,2026-07-01T15:47:28,1673,1673,0,1.0,227,7.331
b172d003-1aea-4250-a26c-21690dd10e24,2026-07-01T15:47:28,1673,1673,0,1.0,227,7.331
b172d003-1aea-4250-a26c-21690dd10e24,2026-07-01T15:47:28,1673,1673,0,1.0,227,7.331
b172d003-1aea-4250-a26c-21690dd10e24,2026-07-01T15:47:28,1673,1673,0,1.0,227,7.331
b172d003-1aea-4250-a26c-21690dd10e24,2026-07-01T15:47:28,1673,1673,0,1.0,227,7.331
b172d003-1aea-4250-a26c-21690dd10e24,2026-07-01T15:47:28,1673,1673,0,1.0,227,7.331
b172d003-1aea-4250-a26c-21690dd10e24,2026-07-01T15:47:28,1673,1673,0,1.0,227,7.331
b172d003-1aea-4250-a26c-21690dd10e24,2026-07-01T15:47:28,1673,1673,0,1.0,227,7.331
b172d003-1aea-4250-a26c-21690dd10e24,2026-07-01T15:47:29,1671,1671,0,1.0,227,7.331
b172d003-1aea-4250-a26c-21690dd10e24,2026-07-01T15:47:29,1671,1671,0,1.0,227,7.331
b172d003-1aea-4250-a26c-21690dd10e24,2026-07-01T15:47:29,1671,1671,0,1.0,227,7.331
b172d003-1aea-4250-a26c-21690dd10e24,2026-07-01T15:47:29,1671,1671,0,1.0,227,7.331
b172d003-1aea-4250-a26c-21690dd10e24,2026-07-01T15:47:29,1671,1671,0,1.0,227,7.331
b172d003-1aea-4250-a26c-21690dd10e24,2026-07-01T15:47:29,1671,1671,0,1.0,227,7.331
b172d003-1aea-4250-a26c-21690dd10e24,2026-07-01T15:47:29,1671,1671,0,1.0,227,7.331
b172d003-1aea-4250-a26c-21690dd10e24,2026-07-01T15:47:29,1669,1669,0,1.0,227,7.327
b172d003-1aea-4250-a26c-21690dd10e24,2026-07-01T15:47:30,1669,1669,0,1.0,227,7.327
b172d003-1aea-4250-a26c-21690dd10e24,2026-07-01T15:47:30,1669,1669,0,1.0,227,7.327
b172d003-1aea-4250-a26c-21690dd10e24,2026-07-01T15:47:30,1667,1667,0,1.0,227,7.327
b172d003-1aea-4250-a26c-21690dd10e24,2026-07-01T15:47:30,1667,1667,0,1.0,227,7.327
b172d003-1aea-4250-a26c-21690dd10e24,2026-07-01T15:47:30,1667,1667,0,1.0,227,7.327
b172d003-1aea-4250-a26c-21690dd10e24,2026-07-01T15:47:30,1667,1667,0,1.0,227,7.327
b172d003-1aea-4250-a26c-21690dd10e24,2026-07-01T15:47:30,1667,1667,0,1.0,227,7.327
b172d003-1aea-4250-a26c-21690dd10e24,2026-07-01T15:47:30,1667,1667,0,1.0,227,7.327
b172d003-1aea-4250-a26c-21690dd10e24,2026-07-01T15:47:31,1667,1667,0,1.0,227,7.327
b172d003-1aea-4250-a26c-21690dd10e24,2026-07-01T15:47:31,1667,1667,0,1.0,227,7.327
b172d003-1aea-4250-a26c-21690dd10e24,2026-07-01T15:47:31,1667,1667,0,1.0,227,7.327
b172d003-1aea-4250-a26c-21690dd10e24,2026-07-01T15:47:31,1667,1667,0,1.0,227,7.327
b172d003-1aea-4250-a26c-21690dd10e24,2026-07-01T15:47:31,1667,1667,0,1.0,227,7.327
b172d003-1aea-4250-a26c-21690dd10e24,2026-07-01T15:47:31,1667,1667,0,1.0,227,7.327
b172d003-1aea-4250-a26c-21690dd10e24,2026-07-01T15:47:31,1667,1667,0,1.0,227,7.327
b172d003-1aea-4250-a26c-21690dd10e24,2026-07-01T15:47:31,1669,1669,0,1.0,227,7.323
b172d003-1aea-4250-a26c-21690dd10e24,2026-07-01T15:47:31,1669,1669,0,1.0,227,7.323
b172d003-1aea-4250-a26c-21690dd10e24,2026-07-01T15:47:31,1669,1669,0,1.0,227,7.323
b172d003-1aea-4250-a26c-21690dd10e24,2026-07-01T15:47:31,1669,1669,0,1.0,227,7.323
b172d003-1aea-4250-a26c-21690dd10e24,2026-07-01T15:47:31,1669,1669,0,1.0,227,7.323
b172d003-1aea-4250-a26c-21690dd10e24,2026-07-01T15:47:31,1669,1669,0,1.0,227,7.323
b172d003-1aea-4250-a26c-21690dd10e24,2026-07-01T15:47:31,1669,1669,0,1.0,227,7.323
b172d003-1aea-4250-a26c-21690dd10e24,2026-07-01T15:47:31,1667,1667,0,1.0,227,7.323
b172d003-1aea-4250-a26c-21690dd10e24,2026-07-01T15:47:31,1667,1667,0,1.0,227,7.323
b172d003-1aea-4250-a26c-21690dd10e24,2026-07-01T15:47:32,1667,1667,0,1.0,227,7.323
b172d003-1aea-4250-a26c-21690dd10e24,2026-07-01T15:47:32,1667,1667,0,1.0,227,7.323
b172d003-1aea-4250-a26c-21690dd10e24,2026-07-01T15:47:32,1667,1667,0,1.0,227,7.323
b172d003-1aea-4250-a26c-21690dd10e24,2026-07-01T15:47:32,1667,1667,0,1.0,227,7.323
b172d003-1aea-4250-a26c-21690dd10e24,2026-07-01T15:47:32,1667,1667,0,1.0,227,7.323
b172d003-1aea-4250-a26c-21690dd10e24,2026-07-01T15:47:32,1667,1667,0,1.0,227,7.323
b172d003-1aea-4250-a26c-21690dd10e24,2026-07-01T15:47:32,1667,1667,0,1.0,227,7.323
b172d003-1aea-4250-a26c-21690dd10e24,2026-07-01T15:47:32,1669,1669,0,1.0,227,7.323
b172d003-1aea-4250-a26c-21690dd10e24,2026-07-01T15:47:32,1669,1669,0,1.0,227,7.323
b172d003-1aea-4250-a26c-21690dd10e24,2026-07-01T15:47:32,1667,1667,0,1.0,227,7.323
b172d003-1aea-4250-a26c-21690dd10e24,2026-07-01T15:47:32,1667,1667,0,1.0,227,7.323
b172d003-1aea-4250-a26c-21690dd10e24,2026-07-01T15:47:32,1667,1667,0,1.0,227,7.323
b172d003-1aea-4250-a26c-21690dd10e24,2026-07-01T15:47:32,1667,1667,0,1.0,227,7.323
b172d003-1aea-4250-a26c-21690dd10e24,2026-07-01T15:47:33,1667,1667,0,1.0,227,7.319
b172d003-1aea-4250-a26c-21690dd10e24,2026-07-01T15:47:33,1669,1669,0,1.0,227,7.319
b172d003-1aea-4250-a26c-21690dd10e24,2026-07-01T15:47:33,1669,1669,0,1.0,227,7.319
b172d003-1aea-4250-a26c-21690dd10e24,2026-07-01T15:47:33,1669,1669,0,1.0,227,7.319
b172d003-1aea-4250-a26c-21690dd10e24,2026-07-01T15:47:33,1669,1669,0,1.0,227,7.319
b172d003-1aea-4250-a26c-21690dd10e24,2026-07-01T15:47:33,1669,1669,0,1.0,227,7.319
b172d003-1aea-4250-a26c-21690dd10e24,2026-07-01T15:47:33,1669,1669,0,1.0,227,7.319
b172d003-1aea-4250-a26c-21690dd10e24,2026-07-01T15:47:33,1669,1669,0,1.0,227,7.319
b172d003-1aea-4250-a26c-21690dd10e24,2026-07-01T15:47:33,1669,1669,0,1.0,227,7.319
b172d003-1aea-4250-a26c-21690dd10e24,2026-07-01T15:47:33,1669,1669,0,1.0,227,7.319
b172d003-1aea-4250-a26c-21690dd10e24,2026-07-01T15:47:33,1669,1669,0,1.0,227,7.319
b172d003-1aea-4250-a26c-21690dd10e24,2026-07-01T15:47:34,1669,1669,0,1.0,227,7.319
b172d003-1aea-4250-a26c-21690dd10e24,2026-07-01T15:47:34,1669,1669,0,1.0,227,7.319
b172d003-1aea-4250-a26c-21690dd10e24,2026-07-01T15:47:34,1669,1669,0,1.0,227,7.319
b172d003-1aea-4250-a26c-21690dd10e24,2026-07-01T15:47:34,1669,1669,0,1.0,227,7.319
b172d003-1aea-4250-a26c-21690dd10e24,2026-07-01T15:47:34,1669,1669,0,1.0,227,7.319
b172d003-1aea-4250-a26c-21690dd10e24,2026-07-01T15:47:34,1667,1667,0,1.0,227,7.319
b172d003-1aea-4250-a26c-21690dd10e24,2026-07-01T15:47:34,1667,1667,0,1.0,227,7.319
b172d003-1aea-4250-a26c-21690dd10e24,2026-07-01T15:47:34,1667,1667,0,1.0,227,7.319
b172d003-1aea-4250-a26c-21690dd10e24,2026-07-01T15:47:34,1667,1667,0,1.0,227,7.319
b172d003-1aea-4250-a26c-21690dd10e24,2026-07-01T15:47:34,1671,1671,0,1.0,227,7.319
b172d003-1aea-4250-a26c-21690dd10e24,2026-07-01T15:47:34,1671,1671,0,1.0,227,7.319
b172d003-1aea-4250-a26c-21690dd10e24,2026-07-01T15:47:34,1671,1671,0,1.0,227,7.319
b172d003-1aea-4250-a26c-21690dd10e24,2026-07-01T15:47:35,1673,1673,0,1.0,227,7.319
b172d003-1aea-4250-a26c-21690dd10e24,2026-07-01T15:47:35,1673,1673,0,1.0,227,7.319
b172d003-1aea-4250-a26c-21690dd10e24,2026-07-01T15:47:35,1673,1673,0,1.0,227,7.319
b172d003-1aea-4250-a26c-21690dd10e24,2026-07-01T15:47:35,1673,1673,0,1.0,227,7.319
b172d003-1aea-4250-a26c-21690dd10e24,2026-07-01T15:47:35,1673,1673,0,1.0,227,7.319
b172d003-1aea-4250-a26c-21690dd10e24,2026-07-01T15:47:35,1673,1673,0,1.0,227,7.319
b172d003-1aea-4250-a26c-21690dd10e24,2026-07-01T15:47:35,1675,1675,0,1.0,227,7.319
b172d003-1aea-4250-a26c-21690dd10e24,2026-07-01T15:47:35,1673,1673,0,1.0,227,7.319
b172d003-1aea-4250-a26c-21690dd10e24,2026-07-01T15:47:35,1673,1673,0,1.0,227,7.319
b172d003-1aea-4250-a26c-21690dd10e24,2026-07-01T15:47:36,1675,1675,0,1.0,227,7.331
b172d003-1aea-4250-a26c-21690dd10e24,2026-07-01T15:47:36,1675,1675,0,1.0,227,7.331
b172d003-1aea-4250-a26c-21690dd10e24,2026-07-01T15:47:36,1675,1675,0,1.0,227,7.331
b172d003-1aea-4250-a26c-21690dd10e24,2026-07-01T15:47:36,1675,1675,0,1.0,227,7.331
b172d003-1aea-4250-a26c-21690dd10e24,2026-07-01T15:47:36,1675,1675,0,1.0,227,7.331
b172d003-1aea-4250-a26c-21690dd10e24,2026-07-01T15:47:36,1675,1675,0,1.0,227,7.331
b172d003-1aea-4250-a26c-21690dd10e24,2026-07-01T15:47:36,1675,1675,0,1.0,227,7.331
b172d003-1aea-4250-a26c-21690dd10e24,2026-07-01T15:47:37,1673,1673,0,1.0,227,7.331
b172d003-1aea-4250-a26c-21690dd10e24,2026-07-01T15:47:37,1673,1673,0,1.0,227,7.331
b172d003-1aea-4250-a26c-21690dd10e24,2026-07-01T15:47:37,1673,1673,0,1.0,227,7.331
b172d003-1aea-4250-a26c-21690dd10e24,2026-07-01T15:47:37,1673,1673,0,1.0,227,7.331
b172d003-1aea-4250-a26c-21690dd10e24,2026-07-01T15:47:37,1673,1673,0,1.0,227,7.331
b172d003-1aea-4250-a26c-21690dd10e24,2026-07-01T15:47:37,1673,1673,0,1.0,227,7.331
b172d003-1aea-4250-a26c-21690dd10e24,2026-07-01T15:47:37,1673,1673,0,1.0,227,7.331
b172d003-1aea-4250-a26c-21690dd10e24,2026-07-01T15:47:37,1673,1673,0,1.0,227,7.327
b172d003-1aea-4250-a26c-21690dd10e24,2026-07-01T15:47:37,1673,1673,0,1.0,227,7.327
b172d003-1aea-4250-a26c-21690dd10e24,2026-07-01T15:47:37,1673,1673,0,1.0,227,7.327
b172d003-1aea-4250-a26c-21690dd10e24,2026-07-01T15:47:38,1673,1673,0,1.0,227,7.327
b172d003-1aea-4250-a26c-21690dd10e24,2026-07-01T15:47:38,1673,1673,0,1.0,227,7.327
b172d003-1aea-4250-a26c-21690dd10e24,2026-07-01T15:47:38,1673,1673,0,1.0,227,7.327
b172d003-1aea-4250-a26c-21690dd10e24,2026-07-01T15:47:38,1673,1673,0,1.0,227,7.327
b172d003-1aea-4250-a26c-21690dd10e24,2026-07-01T15:47:38,1673,1673,0,1.0,227,7.327
b172d003-1aea-4250-a26c-21690dd10e24,2026-07-01T15:47:38,1673,1673,0,1.0,227,7.327
b172d003-1aea-4250-a26c-21690dd10e24,2026-07-01T15:47:38,1673,1673,0,1.0,227,7.327
b172d003-1aea-4250-a26c-21690dd10e24,2026-07-01T15:47:38,1673,1673,0,1.0,227,7.327
b172d003-1aea-4250-a26c-21690dd10e24,2026-07-01T15:47:38,1673,1673,0,1.0,227,7.327
b172d003-1aea-4250-a26c-21690dd10e24,2026-07-01T15:47:38,1673,1673,0,1.0,227,7.327
b172d003-1aea-4250-a26c-21690dd10e24,2026-07-01T15:47:38,1673,1673,0,1.0,227,7.327
b172d003-1aea-4250-a26c-21690dd10e24,2026-07-01T15:47:39,1673,1673,0,1.0,227,7.327
b172d003-1aea-4250-a26c-21690dd10e24,2026-07-01T15:47:39,1673,1673,0,1.0,227,7.327
b172d003-1aea-4250-a26c-21690dd10e24,2026-07-01T15:47:39,1673,1673,0,1.0,227,7.327
b172d003-1aea-4250-a26c-21690dd10e24,2026-07-01T15:47:39,1673,1673,0,1.0,227,7.327
b172d003-1aea-4250-a26c-21690dd10e24,2026-07-01T15:47:39,1673,1673,0,1.0,227,7.327
b172d003-1aea-4250-a26c-21690dd10e24,2026-07-01T15:47:39,1673,1673,0,1.0,227,7.327
b172d003-1aea-4250-a26c-21690dd10e24,2026-07-01T15:47:39,1673,1673,0,1.0,227,7.327
b172d003-1aea-4250-a26c-21690dd10e24,2026-07-01T15:47:39,1673,1673,0,1.0,227,7.327
b172d003-1aea-4250-a26c-21690dd10e24,2026-07-01T15:47:39,1673,1673,0,1.0,227,7.327
b172d003-1aea-4250-a26c-21690dd10e24,2026-07-01T15:47:39,1673,1673,0,1.0,227,7.327
b172d003-1aea-4250-a26c-21690dd10e24,2026-07-01T15:47:39,1673,1673,0,1.0,227,7.327
b172d003-1aea-4250-a26c-21690dd10e24,2026-07-01T15:47:39,1673,1673,0,1.0,227,7.327
b172d003-1aea-4250-a26c-21690dd10e24,2026-07-01T15:47:39,1673,1673,0,1.0,227,7.327
b172d003-1aea-4250-a26c-21690dd10e24,2026-07-01T15:47:39,1673,1673,0,1.0,227,7.327
b172d003-1aea-4250-a26c-21690dd10e24,2026-07-01T15:47:39,1673,1673,0,1.0,227,7.327
b172d003-1aea-4250-a26c-21690dd10e24,2026-07-01T15:47:40,1673,1673,0,1.0,227,7.327
b172d003-1aea-4250-a26c-21690dd10e24,2026-07-01T15:47:40,1673,1673,0,1.0,227,7.327
b172d003-1aea-4250-a26c-21690dd10e24,2026-07-01T15:47:40,1673,1673,0,1.0,227,7.327
b172d003-1aea-4250-a26c-21690dd10e24,2026-07-01T15:47:40,1673,1673,0,1.0,227,7.327
b172d003-1aea-4250-a26c-21690dd10e24,2026-07-01T15:47:40,1673,1673,0,1.0,227,7.327
b172d003-1aea-4250-a26c-21690dd10e24,2026-07-01T15:47:40,1673,1673,0,1.0,227,7.327
b172d003-1aea-4250-a26c-21690dd10e24,2026-07-01T15:47:40,1673,1673,0,1.0,227,7.327
b172d003-1aea-4250-a26c-21690dd10e24,2026-07-01T15:47:40,1673,1673,0,1.0,227,7.327
b172d003-1aea-4250-a26c-21690dd10e24,2026-07-01T15:47:40,1673,1673,0,1.0,227,7.327
b172d003-1aea-4250-a26c-21690dd10e24,2026-07-01T15:47:40,1673,1673,0,1.0,227,7.327
b172d003-1aea-4250-a26c-21690dd10e24,2026-07-01T15:47:40,1673,1673,0,1.0,227,7.327
b172d003-1aea-4250-a26c-21690dd10e24,2026-07-01T15:47:41,1673,1673,0,1.0,227,7.323
b172d003-1aea-4250-a26c-21690dd10e24,2026-07-01T15:47:41,1673,1673,0,1.0,227,7.323
b172d003-1aea-4250-a26c-21690dd10e24,2026-07-01T15:47:41,1673,1673,0,1.0,227,7.323
b172d003-1aea-4250-a26c-21690dd10e24,2026-07-01T15:47:41,1673,1673,0,1.0,227,7.323
b172d003-1aea-4250-a26c-21690dd10e24,2026-07-01T15:47:41,1673,1673,0,1.0,227,7.323
b172d003-1aea-4250-a26c-21690dd10e24,2026-07-01T15:47:41,1673,1673,0,1.0,227,7.323
b172d003-1aea-4250-a26c-21690dd10e24,2026-07-01T15:47:41,1673,1673,0,1.0,227,7.323
b172d003-1aea-4250-a26c-21690dd10e24,2026-07-01T15:47:41,1673,1673,0,1.0,227,7.323
b172d003-1aea-4250-a26c-21690dd10e24,2026-07-01T15:47:41,1673,1673,0,1.0,227,7.323
b172d003-1aea-4250-a26c-21690dd10e24,2026-07-01T15:47:41,1673,1673,0,1.0,227,7.323
b172d003-1aea-4250-a26c-21690dd10e24,2026-07-01T15:47:42,1673,1673,0,1.0,227,7.323
b172d003-1aea-4250-a26c-21690dd10e24,2026-07-01T15:47:42,1673,1673,0,1.0,227,7.323
b172d003-1aea-4250-a26c-21690dd10e24,2026-07-01T15:47:42,1671,1671,0,1.0,227,7.323
b172d003-1aea-4250-a26c-21690dd10e24,2026-07-01T15:47:42,1671,1671,0,1.0,227,7.323
b172d003-1aea-4250-a26c-21690dd10e24,2026-07-01T15:47:42,1671,1671,0,1.0,227,7.323
b172d003-1aea-4250-a26c-21690dd10e24,2026-07-01T15:47:42,1669,1669,0,1.0,227,7.323
b172d003-1aea-4250-a26c-21690dd10e24,2026-07-01T15:47:42,1669,1669,0,1.0,227,7.323
b172d003-1aea-4250-a26c-21690dd10e24,2026-07-01T15:47:43,1669,1669,0,1.0,227,7.323
b172d003-1aea-4250-a26c-21690dd10e24,2026-07-01T15:47:43,1669,1669,0,1.0,227,7.323
b172d003-1aea-4250-a26c-21690dd10e24,2026-07-01T15:47:43,1669,1669,0,1.0,227,7.323
b172d003-1aea-4250-a26c-21690dd10e24,2026-07-01T15:47:43,1667,1667,0,1.0,227,7.323
b172d003-1aea-4250-a26c-21690dd10e24,2026-07-01T15:47:43,1667,1667,0,1.0,227,7.323
b172d003-1aea-4250-a26c-21690dd10e24,2026-07-01T15:47:43,1667,1667,0,1.0,227,7.323
b172d003-1aea-4250-a26c-21690dd10e24,2026-07-01T15:47:43,1667,1667,0,1.0,227,7.323
b172d003-1aea-4250-a26c-21690dd10e24,2026-07-01T15:47:43,1665,1665,0,1.0,227,7.323
b172d003-1aea-4250-a26c-21690dd10e24,2026-07-01T15:47:43,1665,1665,0,1.0,227,7.323
b172d003-1aea-4250-a26c-21690dd10e24,2026-07-01T15:47:43,1665,1665,0,1.0,227,7.323
b172d003-1aea-4250-a26c-21690dd10e24,2026-07-01T15:47:43,1665,1665,0,1.0,227,7.323
b172d003-1aea-4250-a26c-21690dd10e24,2026-07-01T15:47:43,1665,1665,0,1.0,227,7.323
b172d003-1aea-4250-a26c-21690dd10e24,2026-07-01T15:47:43,1665,1665,0,1.0,227,7.323
b172d003-1aea-4250-a26c-21690dd10e24,2026-07-01T15:47:44,1667,1667,0,1.0,227,7.323
b172d003-1aea-4250-a26c-21690dd10e24,2026-07-01T15:47:44,1667,1667,0,1.0,227,7.323
b172d003-1aea-4250-a26c-21690dd10e24,2026-07-01T15:47:44,1667,1667,0,1.0,227,7.323
b172d003-1aea-4250-a26c-21690dd10e24,2026-07-01T15:47:44,1665,1665,0,1.0,227,7.315
b172d003-1aea-4250-a26c-21690dd10e24,2026-07-01T15:47:44,1665,1665,0,1.0,227,7.315
b172d003-1aea-4250-a26c-21690dd10e24,2026-07-01T15:47:44,1667,1667,0,1.0,227,7.315
b172d003-1aea-4250-a26c-21690dd10e24,2026-07-01T15:47:44,1667,1667,0,1.0,227,7.315
b172d003-1aea-4250-a26c-21690dd10e24,2026-07-01T15:47:44,1667,1667,0,1.0,227,7.315
b172d003-1aea-4250-a26c-21690dd10e24,2026-07-01T15:47:44,1667,1667,0,1.0,227,7.315
b172d003-1aea-4250-a26c-21690dd10e24,2026-07-01T15:47:44,1667,1667,0,1.0,227,7.315
b172d003-1aea-4250-a26c-21690dd10e24,2026-07-01T15:47:44,1667,1667,0,1.0,227,7.315
b172d003-1aea-4250-a26c-21690dd10e24,2026-07-01T15:47:44,1667,1667,0,1.0,227,7.315
b172d003-1aea-4250-a26c-21690dd10e24,2026-07-01T15:47:44,1667,1667,0,1.0,227,7.315
b172d003-1aea-4250-a26c-21690dd10e24,2026-07-01T15:47:45,1665,1665,0,1.0,226,7.315
b172d003-1aea-4250-a26c-21690dd10e24,2026-07-01T15:47:45,1665,1665,0,1.0,226,7.315
b172d003-1aea-4250-a26c-21690dd10e24,2026-07-01T15:47:45,1665,1665,0,1.0,226,7.315
b172d003-1aea-4250-a26c-21690dd10e24,2026-07-01T15:47:45,1665,1665,0,1.0,226,7.315
b172d003-1aea-4250-a26c-21690dd10e24,2026-07-01T15:47:45,1665,1665,0,1.0,226,7.315
b172d003-1aea-4250-a26c-21690dd10e24,2026-07-01T15:47:45,1667,1667,0,1.0,226,7.315
b172d003-1aea-4250-a26c-21690dd10e24,2026-07-01T15:47:45,1667,1667,0,1.0,226,7.315
b172d003-1aea-4250-a26c-21690dd10e24,2026-07-01T15:47:45,1667,1667,0,1.0,226,7.315
b172d003-1aea-4250-a26c-21690dd10e24,2026-07-01T15:47:45,1664,1664,0,1.0,226,7.315
b172d003-1aea-4250-a26c-21690dd10e24,2026-07-01T15:47:45,1664,1664,0,1.0,226,7.315
b172d003-1aea-4250-a26c-21690dd10e24,2026-07-01T15:47:45,1664,1664,0,1.0,226,7.315
b172d003-1aea-4250-a26c-21690dd10e24,2026-07-01T15:47:45,1662,1662,0,1.0,226,7.298
b172d003-1aea-4250-a26c-21690dd10e24,2026-07-01T15:47:45,1662,1662,0,1.0,226,7.298
b172d003-1aea-4250-a26c-21690dd10e24,2026-07-01T15:47:46,1662,1662,0,1.0,226,7.298
b172d003-1aea-4250-a26c-21690dd10e24,2026-07-01T15:47:46,1662,1662,0,1.0,226,7.298
b172d003-1aea-4250-a26c-21690dd10e24,2026-07-01T15:47:46,1662,1662,0,1.0,226,7.298
b172d003-1aea-4250-a26c-21690dd10e24,2026-07-01T15:47:46,1662,1662,0,1.0,226,7.298
b172d003-1aea-4250-a26c-21690dd10e24,2026-07-01T15:47:46,1660,1660,0,1.0,226,7.298
b172d003-1aea-4250-a26c-21690dd10e24,2026-07-01T15:47:46,1660,1660,0,1.0,226,7.298
b172d003-1aea-4250-a26c-21690dd10e24,2026-07-01T15:47:46,1660,1660,0,1.0,226,7.298
b172d003-1aea-4250-a26c-21690dd10e24,2026-07-01T15:47:46,1660,1660,0,1.0,226,7.298
b172d003-1aea-4250-a26c-21690dd10e24,2026-07-01T15:47:46,1662,1662,0,1.0,226,7.298
b172d003-1aea-4250-a26c-21690dd10e24,2026-07-01T15:47:46,1662,1662,0,1.0,226,7.298
b172d003-1aea-4250-a26c-21690dd10e24,2026-07-01T15:47:47,1660,1660,0,1.0,226,7.298
b172d003-1aea-4250-a26c-21690dd10e24,2026-07-01T15:47:47,1660,1660,0,1.0,226,7.298
b172d003-1aea-4250-a26c-21690dd10e24,2026-07-01T15:47:47,1660,1660,0,1.0,226,7.298
b172d003-1aea-4250-a26c-21690dd10e24,2026-07-01T15:47:47,1660,1660,0,1.0,226,7.298
b172d003-1aea-4250-a26c-21690dd10e24,2026-07-01T15:47:47,1660,1660,0,1.0,226,7.298
b172d003-1aea-4250-a26c-21690dd10e24,2026-07-01T15:47:47,1660,1660,0,1.0,226,7.294
b172d003-1aea-4250-a26c-21690dd10e24,2026-07-01T15:47:47,1660,1660,0,1.0,226,7.294
b172d003-1aea-4250-a26c-21690dd10e24,2026-07-01T15:47:47,1660,1660,0,1.0,226,7.294
b172d003-1aea-4250-a26c-21690dd10e24,2026-07-01T15:47:47,1660,1660,0,1.0,226,7.294
b172d003-1aea-4250-a26c-21690dd10e24,2026-07-01T15:47:47,1660,1660,0,1.0,226,7.294
b172d003-1aea-4250-a26c-21690dd10e24,2026-07-01T15:47:47,1662,1662,0,1.0,226,7.294
b172d003-1aea-4250-a26c-21690dd10e24,2026-07-01T15:47:47,1662,1662,0,1.0,226,7.294
b172d003-1aea-4250-a26c-21690dd10e24,2026-07-01T15:47:47,1662,1662,0,1.0,226,7.294
b172d003-1aea-4250-a26c-21690dd10e24,2026-07-01T15:47:48,1662,1662,0,1.0,226,7.294
b172d003-1aea-4250-a26c-21690dd10e24,2026-07-01T15:47:48,1662,1662,0,1.0,226,7.294
b172d003-1aea-4250-a26c-21690dd10e24,2026-07-01T15:47:48,1664,1664,0,1.0,226,7.294
b172d003-1aea-4250-a26c-21690dd10e24,2026-07-01T15:47:48,1664,1664,0,1.0,226,7.294
b172d003-1aea-4250-a26c-21690dd10e24,2026-07-01T15:47:48,1664,1664,0,1.0,226,7.294
b172d003-1aea-4250-a26c-21690dd10e24,2026-07-01T15:47:48,1665,1665,0,1.0,226,7.294
b172d003-1aea-4250-a26c-21690dd10e24,2026-07-01T15:47:48,1665,1665,0,1.0,226,7.294
b172d003-1aea-4250-a26c-21690dd10e24,2026-07-01T15:47:48,1665,1665,0,1.0,226,7.294
b172d003-1aea-4250-a26c-21690dd10e24,2026-07-01T15:47:48,1665,1665,0,1.0,226,7.294
b172d003-1aea-4250-a26c-21690dd10e24,2026-07-01T15:47:48,1665,1665,0,1.0,226,7.294
b172d003-1aea-4250-a26c-21690dd10e24,2026-07-01T15:47:48,1665,1665,0,1.0,226,7.294
b172d003-1aea-4250-a26c-21690dd10e24,2026-07-01T15:47:49,1665,1665,0,1.0,226,7.306
b172d003-1aea-4250-a26c-21690dd10e24,2026-07-01T15:47:49,1665,1665,0,1.0,226,7.306
b172d003-1aea-4250-a26c-21690dd10e24,2026-07-01T15:47:49,1664,1664,0,1.0,226,7.306
b172d003-1aea-4250-a26c-21690dd10e24,2026-07-01T15:47:49,1664,1664,0,1.0,226,7.306
b172d003-1aea-4250-a26c-21690dd10e24,2026-07-01T15:47:49,1664,1664,0,1.0,226,7.306
b172d003-1aea-4250-a26c-21690dd10e24,2026-07-01T15:47:49,1653,1653,0,1.0,226,7.306
b172d003-1aea-4250-a26c-21690dd10e24,2026-07-01T15:47:49,1653,1653,0,1.0,226,7.306
b172d003-1aea-4250-a26c-21690dd10e24,2026-07-01T15:47:49,301,1658,1631,0.18,227,7.306
b172d003-1aea-4250-a26c-21690dd10e24,2026-07-01T15:47:49,301,1658,1631,0.18,227,7.306
b172d003-1aea-4250-a26c-21690dd10e24,2026-07-01T15:47:50,14,1658,1658,0.01,227,7.306
b172d003-1aea-4250-a26c-21690dd10e24,2026-07-01T15:47:50,14,1658,1658,0.01,227,7.306
b172d003-1aea-4250-a26c-21690dd10e24,2026-07-01T15:47:50,3,1658,1659,0.0,227,7.306
b172d003-1aea-4250-a26c-21690dd10e24,2026-07-01T15:47:50,3,1658,1659,0.0,227,7.306
b172d003-1aea-4250-a26c-21690dd10e24,2026-07-01T15:47:50,3,1658,1659,0.0,227,7.306
b172d003-1aea-4250-a26c-21690dd10e24,2026-07-01T15:47:50,3,1658,1659,0.0,227,7.306
b172d003-1aea-4250-a26c-21690dd10e24,2026-07-01T15:47:50,3,1658,1659,0.0,227,7.306
b172d003-1aea-4250-a26c-21690dd10e24,2026-07-01T15:47:50,4,1658,1659,0.0,227,7.306
b172d003-1aea-4250-a26c-21690dd10e24,2026-07-01T15:47:50,4,1658,1659,0.0,227,7.306
b172d003-1aea-4250-a26c-21690dd10e24,2026-07-01T15:47:51,4,1658,1659,0.0,227,7.306
b172d003-1aea-4250-a26c-21690dd10e24,2026-07-01T15:47:51,4,1658,1659,0.0,227,7.306
b172d003-1aea-4250-a26c-21690dd10e24,2026-07-01T15:47:51,4,1658,1659,0.0,227,7.306
b172d003-1aea-4250-a26c-21690dd10e24,2026-07-01T15:47:51,4,1658,1659,0.0,227,7.306
b172d003-1aea-4250-a26c-21690dd10e24,2026-07-01T15:47:51,4,1658,1659,0.0,227,7.306
b172d003-1aea-4250-a26c-21690dd10e24,2026-07-01T15:47:51,4,10,9,0.43,227,0.043
b172d003-1aea-4250-a26c-21690dd10e24,2026-07-01T15:47:51,4,10,9,0.43,227,0.043
b172d003-1aea-4250-a26c-21690dd10e24,2026-07-01T15:47:51,4,10,9,0.43,227,0.043
b172d003-1aea-4250-a26c-21690dd10e24,2026-07-01T15:47:51,4,10,9,0.43,227,0.043
b172d003-1aea-4250-a26c-21690dd10e24,2026-07-01T15:47:51,4,10,9,0.44,227,0.043
b172d003-1aea-4250-a26c-21690dd10e24,2026-07-01T15:47:51,4,10,9,0.44,227,0.043
b172d003-1aea-4250-a26c-21690dd10e24,2026-07-01T15:47:52,4,10,9,0.44,227,0.043
b172d003-1aea-4250-a26c-21690dd10e24,2026-07-01T15:47:52,4,10,9,0.44,227,0.043
b172d003-1aea-4250-a26c-21690dd10e24,2026-07-01T15:47:52,4,10,9,0.42,230,0.043
b172d003-1aea-4250-a26c-21690dd10e24,2026-07-01T15:47:52,4,10,9,0.42,230,0.043
b172d003-1aea-4250-a26c-21690dd10e24,2026-07-01T15:47:52,4,10,9,0.42,230,0.043
b172d003-1aea-4250-a26c-21690dd10e24,2026-07-01T15:47:52,4,10,9,0.42,230,0.043
b172d003-1aea-4250-a26c-21690dd10e24,2026-07-01T15:47:52,4,10,9,0.43,230,0.043
b172d003-1aea-4250-a26c-21690dd10e24,2026-07-01T15:47:52,4,10,9,0.43,230,0.043
b172d003-1aea-4250-a26c-21690dd10e24,2026-07-01T15:47:52,4,10,9,0.43,230,0.043
b172d003-1aea-4250-a26c-21690dd10e24,2026-07-01T15:47:52,4,10,9,0.43,230,0.043
b172d003-1aea-4250-a26c-21690dd10e24,2026-07-01T15:47:52,4,10,9,0.43,230,0.043
b172d003-1aea-4250-a26c-21690dd10e24,2026-07-01T15:47:52,4,10,9,0.43,230,0.043
b172d003-1aea-4250-a26c-21690dd10e24,2026-07-01T15:47:52,4,10,9,0.43,230,0.043
b172d003-1aea-4250-a26c-21690dd10e24,2026-07-01T15:47:53,4,10,9,0.42,230,0.043
b172d003-1aea-4250-a26c-21690dd10e24,2026-07-01T15:47:53,4,10,9,0.42,230,0.043
b172d003-1aea-4250-a26c-21690dd10e24,2026-07-01T15:47:53,4,10,9,0.42,230,0.043
b172d003-1aea-4250-a26c-21690dd10e24,2026-07-01T15:47:53,4,10,9,0.42,230,0.043
b172d003-1aea-4250-a26c-21690dd10e24,2026-07-01T15:47:53,4,10,9,0.42,230,0.043
b172d003-1aea-4250-a26c-21690dd10e24,2026-07-01T15:47:53,4,10,9,0.45,230,0.043
b172d003-1aea-4250-a26c-21690dd10e24,2026-07-01T15:47:54,4,10,9,0.43,230,0.043
b172d003-1aea-4250-a26c-21690dd10e24,2026-07-01T15:47:54,4,10,9,0.43,230,0.043
b172d003-1aea-4250-a26c-21690dd10e24,2026-07-01T15:47:54,4,10,9,0.43,230,0.043
b172d003-1aea-4250-a26c-21690dd10e24,2026-07-01T15:47:55,4,10,9,0.45,230,0.043
b172d003-1aea-4250-a26c-21690dd10e24,2026-07-01T15:47:55,4,10,9,0.45,230,0.043
b172d003-1aea-4250-a26c-21690dd10e24,2026-07-01T15:47:55,4,10,9,0.45,230,0.043
b172d003-1aea-4250-a26c-21690dd10e24,2026-07-01T15:47:55,4,10,9,0.45,230,0.043
b172d003-1aea-4250-a26c-21690dd10e24,2026-07-01T15:47:55,4,10,9,0.45,230,0.043
b172d003-1aea-4250-a26c-21690dd10e24,2026-07-01T15:47:55,4,10,9,0.45,230,0.043
b172d003-1aea-4250-a26c-21690dd10e24,2026-07-01T15:47:55,4,10,9,0.41,230,0.043
b172d003-1aea-4250-a26c-21690dd10e24,2026-07-01T15:47:55,4,10,9,0.41,230,0.043
b172d003-1aea-4250-a26c-21690dd10e24,2026-07-01T15:47:56,4,10,9,0.42,230,0.043
b172d003-1aea-4250-a26c-21690dd10e24,2026-07-01T15:47:56,4,10,9,0.43,230,0.043
b172d003-1aea-4250-a26c-21690dd10e24,2026-07-01T15:47:56,4,10,9,0.43,230,0.043
b172d003-1aea-4250-a26c-21690dd10e24,2026-07-01T15:47:56,4,10,9,0.43,230,0.043
b172d003-1aea-4250-a26c-21690dd10e24,2026-07-01T15:47:56,4,10,9,0.43,230,0.043
b172d003-1aea-4250-a26c-21690dd10e24,2026-07-01T15:47:56,4,10,9,0.43,230,0.043
b172d003-1aea-4250-a26c-21690dd10e24,2026-07-01T15:47:57,4,10,9,0.43,230,0.043
b172d003-1aea-4250-a26c-21690dd10e24,2026-07-01T15:47:57,4,10,9,0.43,230,0.043
b172d003-1aea-4250-a26c-21690dd10e24,2026-07-01T15:47:57,4,10,9,0.43,230,0.043
b172d003-1aea-4250-a26c-21690dd10e24,2026-07-01T15:47:57,4,10,9,0.41,230,0.043
b172d003-1aea-4250-a26c-21690dd10e24,2026-07-01T15:47:57,4,10,9,0.41,230,0.043
b172d003-1aea-4250-a26c-21690dd10e24,2026-07-01T15:47:57,4,10,9,0.41,230,0.043
b172d003-1aea-4250-a26c-21690dd10e24,2026-07-01T15:47:57,4,10,9,0.41,230,0.043
b172d003-1aea-4250-a26c-21690dd10e24,2026-07-01T15:47:57,4,10,9,0.42,230,0.043
b172d003-1aea-4250-a26c-21690dd10e24,2026-07-01T15:47:57,4,10,9,0.42,230,0.043
b172d003-1aea-4250-a26c-21690dd10e24,2026-07-01T15:47:57,4,10,9,0.42,230,0.043
b172d003-1aea-4250-a26c-21690dd10e24,2026-07-01T15:47:57,4,10,9,0.45,230,0.043
b172d003-1aea-4250-a26c-21690dd10e24,2026-07-01T15:47:58,4,10,9,0.45,230,0.043
b172d003-1aea-4250-a26c-21690dd10e24,2026-07-01T15:47:58,4,10,9,0.45,230,0.043
b172d003-1aea-4250-a26c-21690dd10e24,2026-07-01T15:47:58,4,10,9,0.43,230,0.043
b172d003-1aea-4250-a26c-21690dd10e24,2026-07-01T15:47:58,4,10,9,0.43,230,0.043
b172d003-1aea-4250-a26c-21690dd10e24,2026-07-01T15:47:58,4,10,9,0.43,230,0.043
b172d003-1aea-4250-a26c-21690dd10e24,2026-07-01T15:47:58,4,10,9,0.43,230,0.043
b172d003-1aea-4250-a26c-21690dd10e24,2026-07-01T15:47:58,4,10,9,0.45,230,0.043
b172d003-1aea-4250-a26c-21690dd10e24,2026-07-01T15:47:58,4,10,9,0.45,230,0.043
b172d003-1aea-4250-a26c-21690dd10e24,2026-07-01T15:47:58,4,10,9,0.45,230,0.043
b172d003-1aea-4250-a26c-21690dd10e24,2026-07-01T15:47:58,4,10,9,0.45,230,0.043
b172d003-1aea-4250-a26c-21690dd10e24,2026-07-01T15:47:58,4,10,9,0.45,230,0.043
b172d003-1aea-4250-a26c-21690dd10e24,2026-07-01T15:47:58,4,10,9,0.45,230,0.043
b172d003-1aea-4250-a26c-21690dd10e24,2026-07-01T15:47:58,4,10,9,0.45,230,0.043
b172d003-1aea-4250-a26c-21690dd10e24,2026-07-01T15:47:59,4,10,9,0.43,230,0.043
b172d003-1aea-4250-a26c-21690dd10e24,2026-07-01T15:47:59,4,10,9,0.43,230,0.043
b172d003-1aea-4250-a26c-21690dd10e24,2026-07-01T15:47:59,310,310,0,1.0,230,0.043
b172d003-1aea-4250-a26c-21690dd10e24,2026-07-01T15:47:59,310,310,0,1.0,230,0.043
b172d003-1aea-4250-a26c-21690dd10e24,2026-07-01T15:47:59,310,310,0,1.0,230,0.043
b172d003-1aea-4250-a26c-21690dd10e24,2026-07-01T15:47:59,1697,1697,0,1.0,227,0.043
b172d003-1aea-4250-a26c-21690dd10e24,2026-07-01T15:47:59,1697,1697,0,1.0,227,0.043
b172d003-1aea-4250-a26c-21690dd10e24,2026-07-01T15:47:59,1676,1676,0,1.0,227,0.043
b172d003-1aea-4250-a26c-21690dd10e24,2026-07-01T15:47:59,1676,1676,0,1.0,227,0.043
b172d003-1aea-4250-a26c-21690dd10e24,2026-07-01T15:47:59,1676,1676,0,1.0,227,0.043
b172d003-1aea-4250-a26c-21690dd10e24,2026-07-01T15:47:59,1676,1676,0,1.0,227,0.043
b172d003-1aea-4250-a26c-21690dd10e24,2026-07-01T15:48:00,1676,1676,0,1.0,227,0.043
b172d003-1aea-4250-a26c-21690dd10e24,2026-07-01T15:48:00,1676,1676,0,1.0,227,0.043
b172d003-1aea-4250-a26c-21690dd10e24,2026-07-01T15:48:00,1676,1676,0,1.0,227,0.043
b172d003-1aea-4250-a26c-21690dd10e24,2026-07-01T15:48:00,1675,1675,0,1.0,227,7.352
b172d003-1aea-4250-a26c-21690dd10e24,2026-07-01T15:48:00,1675,1675,0,1.0,227,7.352
b172d003-1aea-4250-a26c-21690dd10e24,2026-07-01T15:48:00,1675,1675,0,1.0,227,7.352
b172d003-1aea-4250-a26c-21690dd10e24,2026-07-01T15:48:00,1675,1675,0,1.0,227,7.352
b172d003-1aea-4250-a26c-21690dd10e24,2026-07-01T15:48:00,1675,1675,0,1.0,227,7.352
b172d003-1aea-4250-a26c-21690dd10e24,2026-07-01T15:48:00,1675,1675,0,1.0,227,7.352
b172d003-1aea-4250-a26c-21690dd10e24,2026-07-01T15:48:00,1675,1675,0,1.0,227,7.352
b172d003-1aea-4250-a26c-21690dd10e24,2026-07-01T15:48:00,1675,1675,0,1.0,227,7.352
b172d003-1aea-4250-a26c-21690dd10e24,2026-07-01T15:48:01,1673,1673,0,1.0,226,7.352
b172d003-1aea-4250-a26c-21690dd10e24,2026-07-01T15:48:01,1673,1673,0,1.0,226,7.352
b172d003-1aea-4250-a26c-21690dd10e24,2026-07-01T15:48:01,1673,1673,0,1.0,226,7.352
b172d003-1aea-4250-a26c-21690dd10e24,2026-07-01T15:48:01,1673,1673,0,1.0,226,7.352
b172d003-1aea-4250-a26c-21690dd10e24,2026-07-01T15:48:01,1673,1673,0,1.0,226,7.352
b172d003-1aea-4250-a26c-21690dd10e24,2026-07-01T15:48:01,1673,1673,0,1.0,226,7.352
b172d003-1aea-4250-a26c-21690dd10e24,2026-07-01T15:48:01,1675,1675,0,1.0,226,7.352
b172d003-1aea-4250-a26c-21690dd10e24,2026-07-01T15:48:01,1675,1675,0,1.0,226,7.352
b172d003-1aea-4250-a26c-21690dd10e24,2026-07-01T15:48:01,1673,1673,0,1.0,226,7.352
b172d003-1aea-4250-a26c-21690dd10e24,2026-07-01T15:48:01,1673,1673,0,1.0,226,7.352
b172d003-1aea-4250-a26c-21690dd10e24,2026-07-01T15:48:01,1673,1673,0,1.0,226,7.336
b172d003-1aea-4250-a26c-21690dd10e24,2026-07-01T15:48:01,1673,1673,0,1.0,226,7.336
b172d003-1aea-4250-a26c-21690dd10e24,2026-07-01T15:48:01,1673,1673,0,1.0,226,7.336
b172d003-1aea-4250-a26c-21690dd10e24,2026-07-01T15:48:02,1673,1673,0,1.0,226,7.336
b172d003-1aea-4250-a26c-21690dd10e24,2026-07-01T15:48:02,1673,1673,0,1.0,226,7.336
b172d003-1aea-4250-a26c-21690dd10e24,2026-07-01T15:48:02,1673,1673,0,1.0,226,7.336
b172d003-1aea-4250-a26c-21690dd10e24,2026-07-01T15:48:02,1673,1673,0,1.0,226,7.336
b172d003-1aea-4250-a26c-21690dd10e24,2026-07-01T15:48:02,1671,1671,0,1.0,226,7.336
b172d003-1aea-4250-a26c-21690dd10e24,2026-07-01T15:48:02,1671,1671,0,1.0,226,7.336
b172d003-1aea-4250-a26c-21690dd10e24,2026-07-01T15:48:02,1671,1671,0,1.0,226,7.336
b172d003-1aea-4250-a26c-21690dd10e24,2026-07-01T15:48:02,1671,1671,0,1.0,226,7.336
b172d003-1aea-4250-a26c-21690dd10e24,2026-07-01T15:48:02,1671,1671,0,1.0,226,7.336
b172d003-1aea-4250-a26c-21690dd10e24,2026-07-01T15:48:02,1671,1671,0,1.0,226,7.336
b172d003-1aea-4250-a26c-21690dd10e24,2026-07-01T15:48:03,1671,1671,0,1.0,226,7.336
b172d003-1aea-4250-a26c-21690dd10e24,2026-07-01T15:48:03,1671,1671,0,1.0,226,7.336
b172d003-1aea-4250-a26c-21690dd10e24,2026-07-01T15:48:03,1671,1671,0,1.0,226,7.336
b172d003-1aea-4250-a26c-21690dd10e24,2026-07-01T15:48:03,1671,1671,0,1.0,226,7.336
b172d003-1aea-4250-a26c-21690dd10e24,2026-07-01T15:48:03,1671,1671,0,1.0,226,7.336
b172d003-1aea-4250-a26c-21690dd10e24,2026-07-01T15:48:03,1671,1671,0,1.0,226,7.336
b172d003-1aea-4250-a26c-21690dd10e24,2026-07-01T15:48:03,1671,1671,0,1.0,226,7.327
b172d003-1aea-4250-a26c-21690dd10e24,2026-07-01T15:48:03,1671,1671,0,1.0,226,7.327
b172d003-1aea-4250-a26c-21690dd10e24,2026-07-01T15:48:03,1671,1671,0,1.0,226,7.327
b172d003-1aea-4250-a26c-21690dd10e24,2026-07-01T15:48:03,1671,1671,0,1.0,226,7.327
b172d003-1aea-4250-a26c-21690dd10e24,2026-07-01T15:48:03,1671,1671,0,1.0,226,7.327
b172d003-1aea-4250-a26c-21690dd10e24,2026-07-01T15:48:03,1671,1671,0,1.0,226,7.327
b172d003-1aea-4250-a26c-21690dd10e24,2026-07-01T15:48:04,1671,1671,0,1.0,226,7.327
b172d003-1aea-4250-a26c-21690dd10e24,2026-07-01T15:48:04,1671,1671,0,1.0,226,7.327
b172d003-1aea-4250-a26c-21690dd10e24,2026-07-01T15:48:04,1671,1671,0,1.0,226,7.327
b172d003-1aea-4250-a26c-21690dd10e24,2026-07-01T15:48:04,1671,1671,0,1.0,227,7.327
b172d003-1aea-4250-a26c-21690dd10e24,2026-07-01T15:48:04,1671,1671,0,1.0,227,7.327
b172d003-1aea-4250-a26c-21690dd10e24,2026-07-01T15:48:04,1671,1671,0,1.0,227,7.327
b172d003-1aea-4250-a26c-21690dd10e24,2026-07-01T15:48:04,1671,1671,0,1.0,227,7.327
b172d003-1aea-4250-a26c-21690dd10e24,2026-07-01T15:48:04,1671,1671,0,1.0,227,7.327
b172d003-1aea-4250-a26c-21690dd10e24,2026-07-01T15:48:04,1671,1671,0,1.0,227,7.327
b172d003-1aea-4250-a26c-21690dd10e24,2026-07-01T15:48:04,1671,1671,0,1.0,227,7.327
b172d003-1aea-4250-a26c-21690dd10e24,2026-07-01T15:48:04,1671,1671,0,1.0,227,7.327
b172d003-1aea-4250-a26c-21690dd10e24,2026-07-01T15:48:04,1671,1671,0,1.0,227,7.327
b172d003-1aea-4250-a26c-21690dd10e24,2026-07-01T15:48:04,1671,1671,0,1.0,227,7.327
b172d003-1aea-4250-a26c-21690dd10e24,2026-07-01T15:48:05,1671,1671,0,1.0,227,7.327
b172d003-1aea-4250-a26c-21690dd10e24,2026-07-01T15:48:05,1671,1671,0,1.0,227,7.327
b172d003-1aea-4250-a26c-21690dd10e24,2026-07-01T15:48:05,1671,1671,0,1.0,227,7.327
b172d003-1aea-4250-a26c-21690dd10e24,2026-07-01T15:48:05,1671,1671,0,1.0,227,7.327
b172d003-1aea-4250-a26c-21690dd10e24,2026-07-01T15:48:05,1671,1671,0,1.0,227,7.327
b172d003-1aea-4250-a26c-21690dd10e24,2026-07-01T15:48:05,1671,1671,0,1.0,227,7.327
b172d003-1aea-4250-a26c-21690dd10e24,2026-07-01T15:48:05,1671,1671,0,1.0,227,7.327
b172d003-1aea-4250-a26c-21690dd10e24,2026-07-01T15:48:06,1671,1671,0,1.0,227,7.327
b172d003-1aea-4250-a26c-21690dd10e24,2026-07-01T15:48:06,1671,1671,0,1.0,227,7.327
b172d003-1aea-4250-a26c-21690dd10e24,2026-07-01T15:48:06,1669,1669,0,1.0,227,7.327
b172d003-1aea-4250-a26c-21690dd10e24,2026-07-01T15:48:06,1671,1671,0,1.0,227,7.323
b172d003-1aea-4250-a26c-21690dd10e24,2026-07-01T15:48:06,1671,1671,0,1.0,227,7.323
b172d003-1aea-4250-a26c-21690dd10e24,2026-07-01T15:48:06,1671,1671,0,1.0,227,7.323
b172d003-1aea-4250-a26c-21690dd10e24,2026-07-01T15:48:06,1671,1671,0,1.0,227,7.323
b172d003-1aea-4250-a26c-21690dd10e24,2026-07-01T15:48:07,1669,1669,0,1.0,227,7.323
b172d003-1aea-4250-a26c-21690dd10e24,2026-07-01T15:48:07,1669,1669,0,1.0,227,7.323
b172d003-1aea-4250-a26c-21690dd10e24,2026-07-01T15:48:07,1669,1669,0,1.0,227,7.323
b172d003-1aea-4250-a26c-21690dd10e24,2026-07-01T15:48:07,1669,1669,0,1.0,227,7.323
b172d003-1aea-4250-a26c-21690dd10e24,2026-07-01T15:48:07,1669,1669,0,1.0,227,7.323
b172d003-1aea-4250-a26c-21690dd10e24,2026-07-01T15:48:07,1669,1669,0,1.0,227,7.323
b172d003-1aea-4250-a26c-21690dd10e24,2026-07-01T15:48:07,1671,1671,0,1.0,227,7.323
b172d003-1aea-4250-a26c-21690dd10e24,2026-07-01T15:48:07,1671,1671,0,1.0,227,7.323
b172d003-1aea-4250-a26c-21690dd10e24,2026-07-01T15:48:08,1671,1671,0,1.0,227,7.323
b172d003-1aea-4250-a26c-21690dd10e24,2026-07-01T15:48:08,1671,1671,0,1.0,227,7.323
b172d003-1aea-4250-a26c-21690dd10e24,2026-07-01T15:48:08,1671,1671,0,1.0,227,7.323
b172d003-1aea-4250-a26c-21690dd10e24,2026-07-01T15:48:08,1671,1671,0,1.0,227,7.323
b172d003-1aea-4250-a26c-21690dd10e24,2026-07-01T15:48:08,1671,1671,0,1.0,227,7.323
b172d003-1aea-4250-a26c-21690dd10e24,2026-07-01T15:48:08,1669,1669,0,1.0,227,7.323
b172d003-1aea-4250-a26c-21690dd10e24,2026-07-01T15:48:08,1669,1669,0,1.0,227,7.323
b172d003-1aea-4250-a26c-21690dd10e24,2026-07-01T15:48:08,1669,1669,0,1.0,227,7.323
b172d003-1aea-4250-a26c-21690dd10e24,2026-07-01T15:48:08,1669,1669,0,1.0,227,7.323
b172d003-1aea-4250-a26c-21690dd10e24,2026-07-01T15:48:08,1669,1669,0,1.0,227,7.323
b172d003-1aea-4250-a26c-21690dd10e24,2026-07-01T15:48:09,1669,1669,0,1.0,227,7.323
b172d003-1aea-4250-a26c-21690dd10e24,2026-07-01T15:48:09,1669,1669,0,1.0,227,7.323
b172d003-1aea-4250-a26c-21690dd10e24,2026-07-01T15:48:09,1669,1669,0,1.0,227,7.323
b172d003-1aea-4250-a26c-21690dd10e24,2026-07-01T15:48:09,1669,1669,0,1.0,227,7.323
b172d003-1aea-4250-a26c-21690dd10e24,2026-07-01T15:48:09,1669,1669,0,1.0,227,7.323
b172d003-1aea-4250-a26c-21690dd10e24,2026-07-01T15:48:09,1669,1669,0,1.0,227,7.323
b172d003-1aea-4250-a26c-21690dd10e24,2026-07-01T15:48:09,1669,1669,0,1.0,227,7.323
b172d003-1aea-4250-a26c-21690dd10e24,2026-07-01T15:48:09,1667,1667,0,1.0,227,7.323
b172d003-1aea-4250-a26c-21690dd10e24,2026-07-01T15:48:09,1667,1667,0,1.0,227,7.323
b172d003-1aea-4250-a26c-21690dd10e24,2026-07-01T15:48:09,1667,1667,0,1.0,227,7.323
b172d003-1aea-4250-a26c-21690dd10e24,2026-07-01T15:48:09,1667,1667,0,1.0,227,7.315
b172d003-1aea-4250-a26c-21690dd10e24,2026-07-01T15:48:09,1667,1667,0,1.0,227,7.315
b172d003-1aea-4250-a26c-21690dd10e24,2026-07-01T15:48:10,1665,1665,0,1.0,227,7.315
b172d003-1aea-4250-a26c-21690dd10e24,2026-07-01T15:48:10,1665,1665,0,1.0,227,7.315
b172d003-1aea-4250-a26c-21690dd10e24,2026-07-01T15:48:10,1665,1665,0,1.0,227,7.315
b172d003-1aea-4250-a26c-21690dd10e24,2026-07-01T15:48:10,1665,1665,0,1.0,227,7.315
b172d003-1aea-4250-a26c-21690dd10e24,2026-07-01T15:48:10,1665,1665,0,1.0,227,7.315
b172d003-1aea-4250-a26c-21690dd10e24,2026-07-01T15:48:10,1664,1664,0,1.0,227,7.315
b172d003-1aea-4250-a26c-21690dd10e24,2026-07-01T15:48:10,1664,1664,0,1.0,227,7.315
b172d003-1aea-4250-a26c-21690dd10e24,2026-07-01T15:48:10,1664,1664,0,1.0,227,7.315
b172d003-1aea-4250-a26c-21690dd10e24,2026-07-01T15:48:10,1664,1664,0,1.0,226,7.315
b172d003-1aea-4250-a26c-21690dd10e24,2026-07-01T15:48:10,1664,1664,0,1.0,226,7.315
b172d003-1aea-4250-a26c-21690dd10e24,2026-07-01T15:48:10,1664,1664,0,1.0,226,7.315
b172d003-1aea-4250-a26c-21690dd10e24,2026-07-01T15:48:10,1664,1664,0,1.0,226,7.315
b172d003-1aea-4250-a26c-21690dd10e24,2026-07-01T15:48:10,1664,1664,0,1.0,226,7.315
b172d003-1aea-4250-a26c-21690dd10e24,2026-07-01T15:48:11,1664,1664,0,1.0,226,7.315
b172d003-1aea-4250-a26c-21690dd10e24,2026-07-01T15:48:11,1664,1664,0,1.0,226,7.315
b172d003-1aea-4250-a26c-21690dd10e24,2026-07-01T15:48:11,1664,1664,0,1.0,226,7.315
b172d003-1aea-4250-a26c-21690dd10e24,2026-07-01T15:48:11,1664,1664,0,1.0,226,7.315
b172d003-1aea-4250-a26c-21690dd10e24,2026-07-01T15:48:11,1664,1664,0,1.0,226,7.315
b172d003-1aea-4250-a26c-21690dd10e24,2026-07-01T15:48:11,1664,1664,0,1.0,226,7.315
b172d003-1aea-4250-a26c-21690dd10e24,2026-07-01T15:48:11,1664,1664,0,1.0,226,7.306
b172d003-1aea-4250-a26c-21690dd10e24,2026-07-01T15:48:11,1664,1664,0,1.0,226,7.306
b172d003-1aea-4250-a26c-21690dd10e24,2026-07-01T15:48:12,1660,1660,0,1.0,226,7.306
b172d003-1aea-4250-a26c-21690dd10e24,2026-07-01T15:48:12,1660,1660,0,1.0,226,7.306
b172d003-1aea-4250-a26c-21690dd10e24,2026-07-01T15:48:12,1660,1660,0,1.0,226,7.306
b172d003-1aea-4250-a26c-21690dd10e24,2026-07-01T15:48:12,1660,1660,0,1.0,226,7.306
b172d003-1aea-4250-a26c-21690dd10e24,2026-07-01T15:48:12,1660,1660,0,1.0,226,7.306
b172d003-1aea-4250-a26c-21690dd10e24,2026-07-01T15:48:12,1660,1660,0,1.0,226,7.306
b172d003-1aea-4250-a26c-21690dd10e24,2026-07-01T15:48:12,1660,1660,0,1.0,226,7.306
b172d003-1aea-4250-a26c-21690dd10e24,2026-07-01T15:48:12,1660,1660,0,1.0,226,7.306
b172d003-1aea-4250-a26c-21690dd10e24,2026-07-01T15:48:13,1662,1662,0,1.0,226,7.298
b172d003-1aea-4250-a26c-21690dd10e24,2026-07-01T15:48:13,1664,1664,0,1.0,226,7.298
b172d003-1aea-4250-a26c-21690dd10e24,2026-07-01T15:48:13,1664,1664,0,1.0,226,7.298
b172d003-1aea-4250-a26c-21690dd10e24,2026-07-01T15:48:13,1664,1664,0,1.0,226,7.298
b172d003-1aea-4250-a26c-21690dd10e24,2026-07-01T15:48:14,1664,1664,0,1.0,226,7.298
b172d003-1aea-4250-a26c-21690dd10e24,2026-07-01T15:48:15,1664,1664,0,1.0,226,7.302
b172d003-1aea-4250-a26c-21690dd10e24,2026-07-01T15:48:15,1664,1664,0,1.0,226,7.302
b172d003-1aea-4250-a26c-21690dd10e24,2026-07-01T15:48:15,1664,1664,0,1.0,226,7.302
b172d003-1aea-4250-a26c-21690dd10e24,2026-07-01T15:48:15,1664,1664,0,1.0,226,7.302
b172d003-1aea-4250-a26c-21690dd10e24,2026-07-01T15:48:15,1664,1664,0,1.0,226,7.302
b172d003-1aea-4250-a26c-21690dd10e24,2026-07-01T15:48:15,1664,1664,0,1.0,226,7.302
b172d003-1aea-4250-a26c-21690dd10e24,2026-07-01T15:48:16,1662,1662,0,1.0,226,7.302
b172d003-1aea-4250-a26c-21690dd10e24,2026-07-01T15:48:16,1662,1662,0,1.0,226,7.302
b172d003-1aea-4250-a26c-21690dd10e24,2026-07-01T15:48:16,1662,1662,0,1.0,226,7.302
b172d003-1aea-4250-a26c-21690dd10e24,2026-07-01T15:48:16,1662,1662,0,1.0,226,7.302
b172d003-1aea-4250-a26c-21690dd10e24,2026-07-01T15:48:16,1664,1664,0,1.0,226,7.302
b172d003-1aea-4250-a26c-21690dd10e24,2026-07-01T15:48:16,1664,1664,0,1.0,226,7.302
b172d003-1aea-4250-a26c-21690dd10e24,2026-07-01T15:48:16,1664,1664,0,1.0,226,7.302
b172d003-1aea-4250-a26c-21690dd10e24,2026-07-01T15:48:16,1664,1664,0,1.0,226,7.302
b172d003-1aea-4250-a26c-21690dd10e24,2026-07-01T15:48:16,1664,1664,0,1.0,226,7.302
b172d003-1aea-4250-a26c-21690dd10e24,2026-07-01T15:48:16,1664,1664,0,1.0,226,7.302
b172d003-1aea-4250-a26c-21690dd10e24,2026-07-01T15:48:17,1664,1664,0,1.0,226,7.302
b172d003-1aea-4250-a26c-21690dd10e24,2026-07-01T15:48:17,1664,1664,0,1.0,226,7.302
b172d003-1aea-4250-a26c-21690dd10e24,2026-07-01T15:48:17,1664,1664,0,1.0,226,7.302
b172d003-1aea-4250-a26c-21690dd10e24,2026-07-01T15:48:17,1664,1664,0,1.0,226,7.302
b172d003-1aea-4250-a26c-21690dd10e24,2026-07-01T15:48:17,1664,1664,0,1.0,226,7.302
b172d003-1aea-4250-a26c-21690dd10e24,2026-07-01T15:48:17,1664,1664,0,1.0,226,7.302
b172d003-1aea-4250-a26c-21690dd10e24,2026-07-01T15:48:17,1664,1664,0,1.0,226,7.302
b172d003-1aea-4250-a26c-21690dd10e24,2026-07-01T15:48:17,1664,1664,0,1.0,226,7.302
b172d003-1aea-4250-a26c-21690dd10e24,2026-07-01T15:48:17,1664,1664,0,1.0,226,7.302
b172d003-1aea-4250-a26c-21690dd10e24,2026-07-01T15:48:18,1664,1664,0,1.0,226,7.302
b172d003-1aea-4250-a26c-21690dd10e24,2026-07-01T15:48:18,1664,1664,0,1.0,226,7.302
b172d003-1aea-4250-a26c-21690dd10e24,2026-07-01T15:48:18,1664,1664,0,1.0,226,7.302
b172d003-1aea-4250-a26c-21690dd10e24,2026-07-01T15:48:18,1664,1664,0,1.0,226,7.302
b172d003-1aea-4250-a26c-21690dd10e24,2026-07-01T15:48:18,1664,1664,0,1.0,226,7.302
b172d003-1aea-4250-a26c-21690dd10e24,2026-07-01T15:48:18,1664,1664,0,1.0,226,7.302
b172d003-1aea-4250-a26c-21690dd10e24,2026-07-01T15:48:18,1664,1664,0,1.0,226,7.302
b172d003-1aea-4250-a26c-21690dd10e24,2026-07-01T15:48:18,1664,1664,0,1.0,226,7.302
b172d003-1aea-4250-a26c-21690dd10e24,2026-07-01T15:48:18,1664,1664,0,1.0,226,7.302
b172d003-1aea-4250-a26c-21690dd10e24,2026-07-01T15:48:18,1664,1664,0,1.0,226,7.302
b172d003-1aea-4250-a26c-21690dd10e24,2026-07-01T15:48:19,1664,1664,0,1.0,226,7.302
b172d003-1aea-4250-a26c-21690dd10e24,2026-07-01T15:48:19,1664,1664,0,1.0,226,7.302
b172d003-1aea-4250-a26c-21690dd10e24,2026-07-01T15:48:19,1664,1664,0,1.0,226,7.302
b172d003-1aea-4250-a26c-21690dd10e24,2026-07-01T15:48:19,1664,1664,0,1.0,226,7.306
b172d003-1aea-4250-a26c-21690dd10e24,2026-07-01T15:48:19,1664,1664,0,1.0,226,7.306
b172d003-1aea-4250-a26c-21690dd10e24,2026-07-01T15:48:19,1664,1664,0,1.0,226,7.306
b172d003-1aea-4250-a26c-21690dd10e24,2026-07-01T15:48:19,1665,1665,0,1.0,226,7.306
b172d003-1aea-4250-a26c-21690dd10e24,2026-07-01T15:48:19,1665,1665,0,1.0,226,7.306
b172d003-1aea-4250-a26c-21690dd10e24,2026-07-01T15:48:21,1664,1664,0,1.0,227,7.302
b172d003-1aea-4250-a26c-21690dd10e24,2026-07-01T15:48:21,1665,1665,0,1.0,227,7.302
b172d003-1aea-4250-a26c-21690dd10e24,2026-07-01T15:48:21,1665,1665,0,1.0,227,7.302
b172d003-1aea-4250-a26c-21690dd10e24,2026-07-01T15:48:21,1665,1665,0,1.0,227,7.302
b172d003-1aea-4250-a26c-21690dd10e24,2026-07-01T15:48:21,1665,1665,0,1.0,227,7.302
b172d003-1aea-4250-a26c-21690dd10e24,2026-07-01T15:48:21,1665,1665,0,1.0,227,7.302
b172d003-1aea-4250-a26c-21690dd10e24,2026-07-01T15:48:21,1665,1665,0,1.0,227,7.302
b172d003-1aea-4250-a26c-21690dd10e24,2026-07-01T15:48:21,1664,1664,0,1.0,226,7.302
b172d003-1aea-4250-a26c-21690dd10e24,2026-07-01T15:48:21,1664,1664,0,1.0,226,7.302
b172d003-1aea-4250-a26c-21690dd10e24,2026-07-01T15:48:22,1665,1665,0,1.0,226,7.302
b172d003-1aea-4250-a26c-21690dd10e24,2026-07-01T15:48:22,1665,1665,0,1.0,226,7.302
b172d003-1aea-4250-a26c-21690dd10e24,2026-07-01T15:48:22,1664,1664,0,1.0,226,7.302
b172d003-1aea-4250-a26c-21690dd10e24,2026-07-01T15:48:22,1664,1664,0,1.0,226,7.302
b172d003-1aea-4250-a26c-21690dd10e24,2026-07-01T15:48:22,1664,1664,0,1.0,226,7.302
b172d003-1aea-4250-a26c-21690dd10e24,2026-07-01T15:48:22,1664,1664,0,1.0,226,7.302
b172d003-1aea-4250-a26c-21690dd10e24,2026-07-01T15:48:22,1664,1664,0,1.0,226,7.302
b172d003-1aea-4250-a26c-21690dd10e24,2026-07-01T15:48:22,1664,1664,0,1.0,226,7.302
b172d003-1aea-4250-a26c-21690dd10e24,2026-07-01T15:48:23,1664,1664,0,1.0,226,7.302
b172d003-1aea-4250-a26c-21690dd10e24,2026-07-01T15:48:23,1664,1664,0,1.0,226,7.302
b172d003-1aea-4250-a26c-21690dd10e24,2026-07-01T15:48:23,1664,1664,0,1.0,226,7.302
b172d003-1aea-4250-a26c-21690dd10e24,2026-07-01T15:48:23,1664,1664,0,1.0,226,7.302
b172d003-1aea-4250-a26c-21690dd10e24,2026-07-01T15:48:23,925,1651,1368,0.56,226,7.302
b172d003-1aea-4250-a26c-21690dd10e24,2026-07-01T15:48:23,925,1651,1368,0.56,226,7.302
b172d003-1aea-4250-a26c-21690dd10e24,2026-07-01T15:48:23,24,1651,1651,0.01,226,7.302
b172d003-1aea-4250-a26c-21690dd10e24,2026-07-01T15:48:23,24,1651,1651,0.01,226,7.302
b172d003-1aea-4250-a26c-21690dd10e24,2026-07-01T15:48:23,24,1651,1651,0.01,226,7.302
b172d003-1aea-4250-a26c-21690dd10e24,2026-07-01T15:48:24,24,1651,1651,0.01,226,7.302
b172d003-1aea-4250-a26c-21690dd10e24,2026-07-01T15:48:24,24,1651,1651,0.01,226,7.302
b172d003-1aea-4250-a26c-21690dd10e24,2026-07-01T15:48:24,24,1651,1651,0.01,226,7.302
b172d003-1aea-4250-a26c-21690dd10e24,2026-07-01T15:48:24,2,1651,1651,0.0,226,7.302
b172d003-1aea-4250-a26c-21690dd10e24,2026-07-01T15:48:24,4,1651,1651,0.0,226,7.302
b172d003-1aea-4250-a26c-21690dd10e24,2026-07-01T15:48:24,4,1651,1651,0.0,226,7.302
b172d003-1aea-4250-a26c-21690dd10e24,2026-07-01T15:48:25,4,10,9,0.44,226,0.043
b172d003-1aea-4250-a26c-21690dd10e24,2026-07-01T15:48:25,4,10,9,0.44,226,0.043
b172d003-1aea-4250-a26c-21690dd10e24,2026-07-01T15:48:25,4,10,9,0.44,226,0.043
b172d003-1aea-4250-a26c-21690dd10e24,2026-07-01T15:48:25,4,10,9,0.44,226,0.043
b172d003-1aea-4250-a26c-21690dd10e24,2026-07-01T15:48:25,4,10,9,0.42,230,0.043
b172d003-1aea-4250-a26c-21690dd10e24,2026-07-01T15:48:25,4,10,9,0.42,230,0.043
b172d003-1aea-4250-a26c-21690dd10e24,2026-07-01T15:48:26,4,10,9,0.44,230,0.043
b172d003-1aea-4250-a26c-21690dd10e24,2026-07-01T15:48:26,4,10,9,0.44,230,0.043
b172d003-1aea-4250-a26c-21690dd10e24,2026-07-01T15:48:26,4,10,9,0.44,230,0.043
b172d003-1aea-4250-a26c-21690dd10e24,2026-07-01T15:48:26,4,10,9,0.43,230,0.043
b172d003-1aea-4250-a26c-21690dd10e24,2026-07-01T15:48:26,4,10,9,0.43,230,0.043
b172d003-1aea-4250-a26c-21690dd10e24,2026-07-01T15:48:26,4,10,9,0.43,230,0.043
b172d003-1aea-4250-a26c-21690dd10e24,2026-07-01T15:48:26,4,10,9,0.42,230,0.043
b172d003-1aea-4250-a26c-21690dd10e24,2026-07-01T15:48:27,4,10,9,0.42,230,0.043
b172d003-1aea-4250-a26c-21690dd10e24,2026-07-01T15:48:27,4,10,9,0.42,230,0.043
b172d003-1aea-4250-a26c-21690dd10e24,2026-07-01T15:48:27,4,10,9,0.42,230,0.043
b172d003-1aea-4250-a26c-21690dd10e24,2026-07-01T15:48:27,4,10,9,0.44,230,0.043
b172d003-1aea-4250-a26c-21690dd10e24,2026-07-01T15:48:27,4,10,9,0.44,230,0.043
b172d003-1aea-4250-a26c-21690dd10e24,2026-07-01T15:48:27,4,10,9,0.44,230,0.043
b172d003-1aea-4250-a26c-21690dd10e24,2026-07-01T15:48:27,4,10,9,0.44,230,0.043
b172d003-1aea-4250-a26c-21690dd10e24,2026-07-01T15:48:27,4,10,9,0.44,230,0.043
b172d003-1aea-4250-a26c-21690dd10e24,2026-07-01T15:48:27,4,10,9,0.44,230,0.043
b172d003-1aea-4250-a26c-21690dd10e24,2026-07-01T15:48:27,4,10,9,0.43,230,0.043
b172d003-1aea-4250-a26c-21690dd10e24,2026-07-01T15:48:28,4,10,9,0.43,230,0.043
b172d003-1aea-4250-a26c-21690dd10e24,2026-07-01T15:48:28,4,10,9,0.43,230,0.043
b172d003-1aea-4250-a26c-21690dd10e24,2026-07-01T15:48:28,4,10,9,0.44,230,0.043
b172d003-1aea-4250-a26c-21690dd10e24,2026-07-01T15:48:28,4,10,9,0.44,230,0.043
b172d003-1aea-4250-a26c-21690dd10e24,2026-07-01T15:48:28,4,10,9,0.44,230,0.043
b172d003-1aea-4250-a26c-21690dd10e24,2026-07-01T15:48:28,4,10,9,0.44,230,0.043
b172d003-1aea-4250-a26c-21690dd10e24,2026-07-01T15:48:28,4,10,9,0.44,230,0.043
b172d003-1aea-4250-a26c-21690dd10e24,2026-07-01T15:48:28,4,10,9,0.43,230,0.043
b172d003-1aea-4250-a26c-21690dd10e24,2026-07-01T15:48:28,4,10,9,0.43,230,0.043
b172d003-1aea-4250-a26c-21690dd10e24,2026-07-01T15:48:29,4,10,9,0.43,230,0.043
b172d003-1aea-4250-a26c-21690dd10e24,2026-07-01T15:48:29,4,10,9,0.43,230,0.043
b172d003-1aea-4250-a26c-21690dd10e24,2026-07-01T15:48:29,4,10,9,0.43,230,0.043
b172d003-1aea-4250-a26c-21690dd10e24,2026-07-01T15:48:29,4,10,9,0.43,230,0.043
b172d003-1aea-4250-a26c-21690dd10e24,2026-07-01T15:48:29,4,10,9,0.43,230,0.043
b172d003-1aea-4250-a26c-21690dd10e24,2026-07-01T15:48:29,4,10,9,0.43,230,0.043
b172d003-1aea-4250-a26c-21690dd10e24,2026-07-01T15:48:29,4,10,9,0.43,230,0.043
b172d003-1aea-4250-a26c-21690dd10e24,2026-07-01T15:48:29,4,10,9,0.43,230,0.043
b172d003-1aea-4250-a26c-21690dd10e24,2026-07-01T15:48:29,4,10,9,0.43,230,0.043
b172d003-1aea-4250-a26c-21690dd10e24,2026-07-01T15:48:29,4,10,9,0.43,230,0.043
b172d003-1aea-4250-a26c-21690dd10e24,2026-07-01T15:48:30,4,10,9,0.43,230,0.043
b172d003-1aea-4250-a26c-21690dd10e24,2026-07-01T15:48:30,4,10,9,0.43,230,0.043
b172d003-1aea-4250-a26c-21690dd10e24,2026-07-01T15:48:30,4,10,9,0.43,230,0.043
b172d003-1aea-4250-a26c-21690dd10e24,2026-07-01T15:48:30,4,10,9,0.43,230,0.043
b172d003-1aea-4250-a26c-21690dd10e24,2026-07-01T15:48:30,4,10,9,0.41,230,0.043
b172d003-1aea-4250-a26c-21690dd10e24,2026-07-01T15:48:30,4,10,9,0.41,230,0.043
b172d003-1aea-4250-a26c-21690dd10e24,2026-07-01T15:48:30,4,10,9,0.41,230,0.043
b172d003-1aea-4250-a26c-21690dd10e24,2026-07-01T15:48:30,4,10,9,0.41,230,0.043
b172d003-1aea-4250-a26c-21690dd10e24,2026-07-01T15:48:30,4,10,9,0.41,230,0.043
b172d003-1aea-4250-a26c-21690dd10e24,2026-07-01T15:48:30,4,10,9,0.41,230,0.043
b172d003-1aea-4250-a26c-21690dd10e24,2026-07-01T15:48:31,4,10,9,0.4,230,0.043
b172d003-1aea-4250-a26c-21690dd10e24,2026-07-01T15:48:31,4,10,9,0.4,230,0.043
b172d003-1aea-4250-a26c-21690dd10e24,2026-07-01T15:48:31,4,10,9,0.42,230,0.043
b172d003-1aea-4250-a26c-21690dd10e24,2026-07-01T15:48:31,4,10,9,0.42,230,0.043
b172d003-1aea-4250-a26c-21690dd10e24,2026-07-01T15:48:31,4,10,9,0.42,230,0.043
b172d003-1aea-4250-a26c-21690dd10e24,2026-07-01T15:48:31,4,10,9,0.42,230,0.043
b172d003-1aea-4250-a26c-21690dd10e24,2026-07-01T15:48:31,4,10,9,0.42,230,0.043
b172d003-1aea-4250-a26c-21690dd10e24,2026-07-01T15:48:31,4,10,9,0.42,230,0.043
b172d003-1aea-4250-a26c-21690dd10e24,2026-07-01T15:48:32,4,10,9,0.42,230,0.043
b172d003-1aea-4250-a26c-21690dd10e24,2026-07-01T15:48:32,4,10,9,0.42,230,0.043
b172d003-1aea-4250-a26c-21690dd10e24,2026-07-01T15:48:32,4,10,9,0.44,230,0.043
b172d003-1aea-4250-a26c-21690dd10e24,2026-07-01T15:48:32,4,10,9,0.44,230,0.043
b172d003-1aea-4250-a26c-21690dd10e24,2026-07-01T15:48:32,4,10,9,0.44,230,0.043
b172d003-1aea-4250-a26c-21690dd10e24,2026-07-01T15:48:32,4,10,9,0.44,230,0.043
b172d003-1aea-4250-a26c-21690dd10e24,2026-07-01T15:48:32,4,10,9,0.44,230,0.043
b172d003-1aea-4250-a26c-21690dd10e24,2026-07-01T15:48:32,4,10,9,0.42,230,0.043
b172d003-1aea-4250-a26c-21690dd10e24,2026-07-01T15:48:32,4,10,9,0.42,230,0.043
b172d003-1aea-4250-a26c-21690dd10e24,2026-07-01T15:48:33,53,53,0,1.0,230,0.043
b172d003-1aea-4250-a26c-21690dd10e24,2026-07-01T15:48:33,53,53,0,1.0,230,0.043
b172d003-1aea-4250-a26c-21690dd10e24,2026-07-01T15:48:33,1537,1537,0,1.0,230,0.043
b172d003-1aea-4250-a26c-21690dd10e24,2026-07-01T15:48:33,1537,1537,0,1.0,230,0.043
b172d003-1aea-4250-a26c-21690dd10e24,2026-07-01T15:48:33,1676,1676,0,1.0,230,0.043
b172d003-1aea-4250-a26c-21690dd10e24,2026-07-01T15:48:33,1676,1676,0,1.0,230,0.043
b172d003-1aea-4250-a26c-21690dd10e24,2026-07-01T15:48:33,1675,1675,0,1.0,230,0.043
b172d003-1aea-4250-a26c-21690dd10e24,2026-07-01T15:48:33,1675,1693,251,0.99,230,7.352
b172d003-1aea-4250-a26c-21690dd10e24,2026-07-01T15:48:34,1673,1693,263,0.99,230,7.352
b172d003-1aea-4250-a26c-21690dd10e24,2026-07-01T15:48:34,1673,1693,263,0.99,230,7.352
b172d003-1aea-4250-a26c-21690dd10e24,2026-07-01T15:48:34,1673,1693,263,0.99,230,7.352
b172d003-1aea-4250-a26c-21690dd10e24,2026-07-01T15:48:34,1673,1693,263,0.99,230,7.352
b172d003-1aea-4250-a26c-21690dd10e24,2026-07-01T15:48:34,1673,1693,263,0.99,230,7.352
b172d003-1aea-4250-a26c-21690dd10e24,2026-07-01T15:48:34,1673,1693,263,0.99,230,7.352
b172d003-1aea-4250-a26c-21690dd10e24,2026-07-01T15:48:34,1671,1671,0,1.0,226,7.352
b172d003-1aea-4250-a26c-21690dd10e24,2026-07-01T15:48:34,1671,1671,0,1.0,226,7.352
b172d003-1aea-4250-a26c-21690dd10e24,2026-07-01T15:48:34,1671,1671,0,1.0,226,7.352
b172d003-1aea-4250-a26c-21690dd10e24,2026-07-01T15:48:35,1671,1671,0,1.0,226,7.352
b172d003-1aea-4250-a26c-21690dd10e24,2026-07-01T15:48:35,1671,1671,0,1.0,226,7.352
b172d003-1aea-4250-a26c-21690dd10e24,2026-07-01T15:48:35,1671,1671,0,1.0,226,7.352
b172d003-1aea-4250-a26c-21690dd10e24,2026-07-01T15:48:35,1671,1671,0,1.0,226,7.336
b172d003-1aea-4250-a26c-21690dd10e24,2026-07-01T15:48:35,1671,1671,0,1.0,226,7.336
b172d003-1aea-4250-a26c-21690dd10e24,2026-07-01T15:48:35,1671,1671,0,1.0,226,7.336
b172d003-1aea-4250-a26c-21690dd10e24,2026-07-01T15:48:35,1671,1671,0,1.0,226,7.336
b172d003-1aea-4250-a26c-21690dd10e24,2026-07-01T15:48:36,1669,1669,0,1.0,226,7.336
b172d003-1aea-4250-a26c-21690dd10e24,2026-07-01T15:48:36,1671,1671,0,1.0,227,7.336
b172d003-1aea-4250-a26c-21690dd10e24,2026-07-01T15:48:36,1671,1671,0,1.0,227,7.336
b172d003-1aea-4250-a26c-21690dd10e24,2026-07-01T15:48:36,1671,1671,0,1.0,227,7.336
b172d003-1aea-4250-a26c-21690dd10e24,2026-07-01T15:48:36,1671,1671,0,1.0,227,7.336
b172d003-1aea-4250-a26c-21690dd10e24,2026-07-01T15:48:36,1671,1671,0,1.0,227,7.336
b172d003-1aea-4250-a26c-21690dd10e24,2026-07-01T15:48:36,1671,1671,0,1.0,227,7.336
b172d003-1aea-4250-a26c-21690dd10e24,2026-07-01T15:48:36,1671,1671,0,1.0,227,7.336
b172d003-1aea-4250-a26c-21690dd10e24,2026-07-01T15:48:37,1671,1671,0,1.0,227,7.327
b172d003-1aea-4250-a26c-21690dd10e24,2026-07-01T15:48:37,1671,1671,0,1.0,227,7.327
b172d003-1aea-4250-a26c-21690dd10e24,2026-07-01T15:48:37,1671,1671,0,1.0,227,7.327
b172d003-1aea-4250-a26c-21690dd10e24,2026-07-01T15:48:37,1671,1671,0,1.0,227,7.327
b172d003-1aea-4250-a26c-21690dd10e24,2026-07-01T15:48:37,1671,1671,0,1.0,227,7.327
b172d003-1aea-4250-a26c-21690dd10e24,2026-07-01T15:48:37,1671,1671,0,1.0,227,7.327
b172d003-1aea-4250-a26c-21690dd10e24,2026-07-01T15:48:37,1671,1671,0,1.0,227,7.327
b172d003-1aea-4250-a26c-21690dd10e24,2026-07-01T15:48:37,1671,1671,0,1.0,227,7.327
b172d003-1aea-4250-a26c-21690dd10e24,2026-07-01T15:48:38,1669,1669,0,1.0,227,7.327
b172d003-1aea-4250-a26c-21690dd10e24,2026-07-01T15:48:38,1669,1669,0,1.0,227,7.327
b172d003-1aea-4250-a26c-21690dd10e24,2026-07-01T15:48:38,1669,1669,0,1.0,227,7.327
b172d003-1aea-4250-a26c-21690dd10e24,2026-07-01T15:48:38,1669,1669,0,1.0,227,7.327
b172d003-1aea-4250-a26c-21690dd10e24,2026-07-01T15:48:38,1669,1669,0,1.0,227,7.327
b172d003-1aea-4250-a26c-21690dd10e24,2026-07-01T15:48:38,1669,1669,0,1.0,227,7.327
b172d003-1aea-4250-a26c-21690dd10e24,2026-07-01T15:48:38,1669,1669,0,1.0,227,7.323
b172d003-1aea-4250-a26c-21690dd10e24,2026-07-01T15:48:38,1669,1669,0,1.0,227,7.323
b172d003-1aea-4250-a26c-21690dd10e24,2026-07-01T15:48:38,1669,1669,0,1.0,227,7.323
b172d003-1aea-4250-a26c-21690dd10e24,2026-07-01T15:48:39,1669,1669,0,1.0,227,7.323
b172d003-1aea-4250-a26c-21690dd10e24,2026-07-01T15:48:39,1669,1669,0,1.0,227,7.323
b172d003-1aea-4250-a26c-21690dd10e24,2026-07-01T15:48:39,1669,1669,0,1.0,227,7.323
b172d003-1aea-4250-a26c-21690dd10e24,2026-07-01T15:48:39,1669,1669,0,1.0,227,7.323
b172d003-1aea-4250-a26c-21690dd10e24,2026-07-01T15:48:39,1669,1669,0,1.0,227,7.323
b172d003-1aea-4250-a26c-21690dd10e24,2026-07-01T15:48:39,1669,1669,0,1.0,227,7.323
b172d003-1aea-4250-a26c-21690dd10e24,2026-07-01T15:48:39,1669,1669,0,1.0,227,7.323
b172d003-1aea-4250-a26c-21690dd10e24,2026-07-01T15:48:39,1669,1669,0,1.0,227,7.323
b172d003-1aea-4250-a26c-21690dd10e24,2026-07-01T15:48:39,1669,1669,0,1.0,227,7.323
b172d003-1aea-4250-a26c-21690dd10e24,2026-07-01T15:48:40,1669,1669,0,1.0,227,7.323
b172d003-1aea-4250-a26c-21690dd10e24,2026-07-01T15:48:40,1669,1669,0,1.0,227,7.323
b172d003-1aea-4250-a26c-21690dd10e24,2026-07-01T15:48:40,1669,1669,0,1.0,227,7.319
b172d003-1aea-4250-a26c-21690dd10e24,2026-07-01T15:48:40,1669,1669,0,1.0,227,7.319
b172d003-1aea-4250-a26c-21690dd10e24,2026-07-01T15:48:40,1669,1669,0,1.0,227,7.319
b172d003-1aea-4250-a26c-21690dd10e24,2026-07-01T15:48:40,1669,1669,0,1.0,227,7.319
b172d003-1aea-4250-a26c-21690dd10e24,2026-07-01T15:48:40,1669,1669,0,1.0,227,7.319
b172d003-1aea-4250-a26c-21690dd10e24,2026-07-01T15:48:40,1667,1667,0,1.0,227,7.319
b172d003-1aea-4250-a26c-21690dd10e24,2026-07-01T15:48:41,1667,1667,0,1.0,227,7.319
b172d003-1aea-4250-a26c-21690dd10e24,2026-07-01T15:48:41,1667,1667,0,1.0,227,7.319
b172d003-1aea-4250-a26c-21690dd10e24,2026-07-01T15:48:41,1667,1667,0,1.0,227,7.319
b172d003-1aea-4250-a26c-21690dd10e24,2026-07-01T15:48:41,1667,1667,0,1.0,227,7.319
b172d003-1aea-4250-a26c-21690dd10e24,2026-07-01T15:48:41,1667,1667,0,1.0,227,7.319
b172d003-1aea-4250-a26c-21690dd10e24,2026-07-01T15:48:41,1671,1671,0,1.0,227,7.319
b172d003-1aea-4250-a26c-21690dd10e24,2026-07-01T15:48:41,1671,1671,0,1.0,227,7.319
b172d003-1aea-4250-a26c-21690dd10e24,2026-07-01T15:48:41,1671,1671,0,1.0,227,7.323
b172d003-1aea-4250-a26c-21690dd10e24,2026-07-01T15:48:41,1671,1671,0,1.0,227,7.323
b172d003-1aea-4250-a26c-21690dd10e24,2026-07-01T15:48:42,1671,1671,0,1.0,227,7.323
b172d003-1aea-4250-a26c-21690dd10e24,2026-07-01T15:48:42,1671,1671,0,1.0,227,7.323
b172d003-1aea-4250-a26c-21690dd10e24,2026-07-01T15:48:42,1671,1671,0,1.0,227,7.323
b172d003-1aea-4250-a26c-21690dd10e24,2026-07-01T15:48:42,1673,1673,0,1.0,227,7.323
b172d003-1aea-4250-a26c-21690dd10e24,2026-07-01T15:48:42,1673,1673,0,1.0,227,7.323
b172d003-1aea-4250-a26c-21690dd10e24,2026-07-01T15:48:42,1673,1673,0,1.0,227,7.323
b172d003-1aea-4250-a26c-21690dd10e24,2026-07-01T15:48:42,1671,1671,0,1.0,227,7.323
b172d003-1aea-4250-a26c-21690dd10e24,2026-07-01T15:48:42,1671,1671,0,1.0,227,7.323
b172d003-1aea-4250-a26c-21690dd10e24,2026-07-01T15:48:42,1671,1671,0,1.0,227,7.323
b172d003-1aea-4250-a26c-21690dd10e24,2026-07-01T15:48:42,1671,1671,0,1.0,227,7.323
b172d003-1aea-4250-a26c-21690dd10e24,2026-07-01T15:48:43,1671,1671,0,1.0,227,7.323
b172d003-1aea-4250-a26c-21690dd10e24,2026-07-01T15:48:43,1671,1671,0,1.0,227,7.323
b172d003-1aea-4250-a26c-21690dd10e24,2026-07-01T15:48:43,1671,1671,0,1.0,227,7.323
b172d003-1aea-4250-a26c-21690dd10e24,2026-07-01T15:48:43,1671,1671,0,1.0,227,7.323
b172d003-1aea-4250-a26c-21690dd10e24,2026-07-01T15:48:43,1671,1671,0,1.0,227,7.323
b172d003-1aea-4250-a26c-21690dd10e24,2026-07-01T15:48:43,1671,1671,0,1.0,227,7.323
b172d003-1aea-4250-a26c-21690dd10e24,2026-07-01T15:48:43,1671,1671,0,1.0,227,7.323
b172d003-1aea-4250-a26c-21690dd10e24,2026-07-01T15:48:43,1671,1671,0,1.0,227,7.323
b172d003-1aea-4250-a26c-21690dd10e24,2026-07-01T15:48:44,1671,1671,0,1.0,227,7.323
b172d003-1aea-4250-a26c-21690dd10e24,2026-07-01T15:48:44,1671,1671,0,1.0,227,7.323
b172d003-1aea-4250-a26c-21690dd10e24,2026-07-01T15:48:44,1669,1669,0,1.0,227,7.323
b172d003-1aea-4250-a26c-21690dd10e24,2026-07-01T15:48:44,1669,1669,0,1.0,227,7.323
b172d003-1aea-4250-a26c-21690dd10e24,2026-07-01T15:48:44,1669,1669,0,1.0,227,7.323
b172d003-1aea-4250-a26c-21690dd10e24,2026-07-01T15:48:44,1671,1671,0,1.0,227,7.323
b172d003-1aea-4250-a26c-21690dd10e24,2026-07-01T15:48:44,1671,1671,0,1.0,227,7.323
b172d003-1aea-4250-a26c-21690dd10e24,2026-07-01T15:48:44,1671,1671,0,1.0,227,7.323
b172d003-1aea-4250-a26c-21690dd10e24,2026-07-01T15:48:45,1671,1671,0,1.0,227,7.319
b172d003-1aea-4250-a26c-21690dd10e24,2026-07-01T15:48:45,1671,1671,0,1.0,227,7.319
b172d003-1aea-4250-a26c-21690dd10e24,2026-07-01T15:48:45,1671,1671,0,1.0,227,7.319
b172d003-1aea-4250-a26c-21690dd10e24,2026-07-01T15:48:45,1671,1671,0,1.0,227,7.319
b172d003-1aea-4250-a26c-21690dd10e24,2026-07-01T15:48:45,1671,1671,0,1.0,227,7.319
b172d003-1aea-4250-a26c-21690dd10e24,2026-07-01T15:48:45,1671,1671,0,1.0,227,7.319
b172d003-1aea-4250-a26c-21690dd10e24,2026-07-01T15:48:45,1671,1671,0,1.0,227,7.319
b172d003-1aea-4250-a26c-21690dd10e24,2026-07-01T15:48:45,1671,1671,0,1.0,227,7.319
b172d003-1aea-4250-a26c-21690dd10e24,2026-07-01T15:48:45,1671,1671,0,1.0,227,7.319
b172d003-1aea-4250-a26c-21690dd10e24,2026-07-01T15:48:45,1671,1671,0,1.0,227,7.319
b172d003-1aea-4250-a26c-21690dd10e24,2026-07-01T15:48:46,1671,1671,0,1.0,227,7.319
b172d003-1aea-4250-a26c-21690dd10e24,2026-07-01T15:48:46,1671,1671,0,1.0,227,7.319
b172d003-1aea-4250-a26c-21690dd10e24,2026-07-01T15:48:46,1671,1671,0,1.0,227,7.319
b172d003-1aea-4250-a26c-21690dd10e24,2026-07-01T15:48:46,1671,1671,0,1.0,227,7.319
b172d003-1aea-4250-a26c-21690dd10e24,2026-07-01T15:48:46,1671,1671,0,1.0,227,7.319
b172d003-1aea-4250-a26c-21690dd10e24,2026-07-01T15:48:46,1671,1671,0,1.0,227,7.323
b172d003-1aea-4250-a26c-21690dd10e24,2026-07-01T15:48:46,1671,1671,0,1.0,227,7.323
b172d003-1aea-4250-a26c-21690dd10e24,2026-07-01T15:48:46,1671,1671,0,1.0,227,7.323
b172d003-1aea-4250-a26c-21690dd10e24,2026-07-01T15:48:47,1669,1669,0,1.0,227,7.323
b172d003-1aea-4250-a26c-21690dd10e24,2026-07-01T15:48:47,1669,1669,0,1.0,227,7.323
b172d003-1aea-4250-a26c-21690dd10e24,2026-07-01T15:48:47,1669,1669,0,1.0,227,7.323
b172d003-1aea-4250-a26c-21690dd10e24,2026-07-01T15:48:47,1664,1664,0,1.0,227,7.323
b172d003-1aea-4250-a26c-21690dd10e24,2026-07-01T15:48:47,1664,1664,0,1.0,227,7.323
b172d003-1aea-4250-a26c-21690dd10e24,2026-07-01T15:48:47,1664,1664,0,1.0,227,7.323
b172d003-1aea-4250-a26c-21690dd10e24,2026-07-01T15:48:47,1664,1664,0,1.0,226,7.323
b172d003-1aea-4250-a26c-21690dd10e24,2026-07-01T15:48:47,1664,1664,0,1.0,226,7.323
b172d003-1aea-4250-a26c-21690dd10e24,2026-07-01T15:48:47,1664,1664,0,1.0,226,7.323
b172d003-1aea-4250-a26c-21690dd10e24,2026-07-01T15:48:47,1664,1664,0,1.0,226,7.323
b172d003-1aea-4250-a26c-21690dd10e24,2026-07-01T15:48:47,1664,1664,0,1.0,226,7.323
b172d003-1aea-4250-a26c-21690dd10e24,2026-07-01T15:48:47,1664,1664,0,1.0,226,7.323
b172d003-1aea-4250-a26c-21690dd10e24,2026-07-01T15:48:48,1660,1660,0,1.0,226,7.323
b172d003-1aea-4250-a26c-21690dd10e24,2026-07-01T15:48:48,1660,1660,0,1.0,226,7.323
b172d003-1aea-4250-a26c-21690dd10e24,2026-07-01T15:48:48,1660,1660,0,1.0,226,7.323
b172d003-1aea-4250-a26c-21690dd10e24,2026-07-01T15:48:48,1660,1660,0,1.0,226,7.323
b172d003-1aea-4250-a26c-21690dd10e24,2026-07-01T15:48:48,1656,1656,0,1.0,226,7.29
b172d003-1aea-4250-a26c-21690dd10e24,2026-07-01T15:48:48,1656,1656,0,1.0,226,7.29
b172d003-1aea-4250-a26c-21690dd10e24,2026-07-01T15:48:48,1656,1656,0,1.0,226,7.29
b172d003-1aea-4250-a26c-21690dd10e24,2026-07-01T15:48:48,1656,1656,0,1.0,226,7.29
b172d003-1aea-4250-a26c-21690dd10e24,2026-07-01T15:48:48,1656,1656,0,1.0,226,7.29
b172d003-1aea-4250-a26c-21690dd10e24,2026-07-01T15:48:48,1656,1656,0,1.0,226,7.29
b172d003-1aea-4250-a26c-21690dd10e24,2026-07-01T15:48:48,1656,1656,0,1.0,226,7.29
b172d003-1aea-4250-a26c-21690dd10e24,2026-07-01T15:48:48,1656,1656,0,1.0,226,7.29
b172d003-1aea-4250-a26c-21690dd10e24,2026-07-01T15:48:48,1656,1656,0,1.0,226,7.29
b172d003-1aea-4250-a26c-21690dd10e24,2026-07-01T15:48:48,1656,1656,0,1.0,226,7.29
b172d003-1aea-4250-a26c-21690dd10e24,2026-07-01T15:48:49,1656,1656,0,1.0,226,7.29
b172d003-1aea-4250-a26c-21690dd10e24,2026-07-01T15:48:49,1656,1656,0,1.0,226,7.29
b172d003-1aea-4250-a26c-21690dd10e24,2026-07-01T15:48:49,1656,1656,0,1.0,226,7.29
b172d003-1aea-4250-a26c-21690dd10e24,2026-07-01T15:48:49,1656,1656,0,1.0,226,7.29
b172d003-1aea-4250-a26c-21690dd10e24,2026-07-01T15:48:49,1656,1656,0,1.0,226,7.29
b172d003-1aea-4250-a26c-21690dd10e24,2026-07-01T15:48:49,1656,1656,0,1.0,226,7.29
b172d003-1aea-4250-a26c-21690dd10e24,2026-07-01T15:48:49,1656,1656,0,1.0,226,7.29
b172d003-1aea-4250-a26c-21690dd10e24,2026-07-01T15:48:49,1656,1656,0,1.0,226,7.29
b172d003-1aea-4250-a26c-21690dd10e24,2026-07-01T15:48:49,1656,1656,0,1.0,226,7.29
b172d003-1aea-4250-a26c-21690dd10e24,2026-07-01T15:48:49,1655,1655,0,1.0,226,7.285
b172d003-1aea-4250-a26c-21690dd10e24,2026-07-01T15:48:49,1655,1655,0,1.0,226,7.285
b172d003-1aea-4250-a26c-21690dd10e24,2026-07-01T15:48:49,1655,1655,0,1.0,226,7.285
b172d003-1aea-4250-a26c-21690dd10e24,2026-07-01T15:48:49,1655,1655,0,1.0,226,7.285
b172d003-1aea-4250-a26c-21690dd10e24,2026-07-01T15:48:50,1655,1655,0,1.0,226,7.285
b172d003-1aea-4250-a26c-21690dd10e24,2026-07-01T15:48:50,1655,1655,0,1.0,226,7.285
b172d003-1aea-4250-a26c-21690dd10e24,2026-07-01T15:48:50,1655,1655,0,1.0,226,7.285
b172d003-1aea-4250-a26c-21690dd10e24,2026-07-01T15:48:50,1655,1655,0,1.0,226,7.285
b172d003-1aea-4250-a26c-21690dd10e24,2026-07-01T15:48:50,1655,1655,0,1.0,226,7.285
b172d003-1aea-4250-a26c-21690dd10e24,2026-07-01T15:48:50,1655,1655,0,1.0,226,7.285
b172d003-1aea-4250-a26c-21690dd10e24,2026-07-01T15:48:50,1656,1656,0,1.0,226,7.285
b172d003-1aea-4250-a26c-21690dd10e24,2026-07-01T15:48:50,1656,1656,0,1.0,226,7.285
b172d003-1aea-4250-a26c-21690dd10e24,2026-07-01T15:48:50,1662,1662,0,1.0,226,7.285
b172d003-1aea-4250-a26c-21690dd10e24,2026-07-01T15:48:50,1662,1662,0,1.0,226,7.285
b172d003-1aea-4250-a26c-21690dd10e24,2026-07-01T15:48:50,1660,1660,0,1.0,226,7.285
b172d003-1aea-4250-a26c-21690dd10e24,2026-07-01T15:48:50,1660,1660,0,1.0,226,7.285
b172d003-1aea-4250-a26c-21690dd10e24,2026-07-01T15:48:51,1660,1660,0,1.0,226,7.285
b172d003-1aea-4250-a26c-21690dd10e24,2026-07-01T15:48:51,1660,1660,0,1.0,226,7.285
b172d003-1aea-4250-a26c-21690dd10e24,2026-07-01T15:48:51,1660,1660,0,1.0,226,7.285
b172d003-1aea-4250-a26c-21690dd10e24,2026-07-01T15:48:51,1660,1660,0,1.0,226,7.285
b172d003-1aea-4250-a26c-21690dd10e24,2026-07-01T15:48:51,1662,1662,0,1.0,226,7.285
b172d003-1aea-4250-a26c-21690dd10e24,2026-07-01T15:48:51,1662,1662,0,1.0,226,7.285
b172d003-1aea-4250-a26c-21690dd10e24,2026-07-01T15:48:51,1662,1662,0,1.0,226,7.298
b172d003-1aea-4250-a26c-21690dd10e24,2026-07-01T15:48:51,1662,1662,0,1.0,226,7.298
b172d003-1aea-4250-a26c-21690dd10e24,2026-07-01T15:48:51,1662,1662,0,1.0,226,7.298
b172d003-1aea-4250-a26c-21690dd10e24,2026-07-01T15:48:51,1662,1662,0,1.0,226,7.298
b172d003-1aea-4250-a26c-21690dd10e24,2026-07-01T15:48:51,1660,1660,0,1.0,226,7.298
b172d003-1aea-4250-a26c-21690dd10e24,2026-07-01T15:48:51,1660,1660,0,1.0,226,7.298
b172d003-1aea-4250-a26c-21690dd10e24,2026-07-01T15:48:51,1660,1660,0,1.0,226,7.298
b172d003-1aea-4250-a26c-21690dd10e24,2026-07-01T15:48:52,1662,1662,0,1.0,226,7.298
b172d003-1aea-4250-a26c-21690dd10e24,2026-07-01T15:48:52,1662,1662,0,1.0,226,7.298
b172d003-1aea-4250-a26c-21690dd10e24,2026-07-01T15:48:52,1662,1662,0,1.0,226,7.298
b172d003-1aea-4250-a26c-21690dd10e24,2026-07-01T15:48:52,1662,1662,0,1.0,226,7.298
b172d003-1aea-4250-a26c-21690dd10e24,2026-07-01T15:48:52,1662,1662,0,1.0,226,7.298
b172d003-1aea-4250-a26c-21690dd10e24,2026-07-01T15:48:52,1662,1662,0,1.0,226,7.298
b172d003-1aea-4250-a26c-21690dd10e24,2026-07-01T15:48:52,1662,1662,0,1.0,226,7.298
b172d003-1aea-4250-a26c-21690dd10e24,2026-07-01T15:48:52,1662,1662,0,1.0,226,7.298
b172d003-1aea-4250-a26c-21690dd10e24,2026-07-01T15:48:52,1662,1662,0,1.0,226,7.298
b172d003-1aea-4250-a26c-21690dd10e24,2026-07-01T15:48:52,1662,1662,0,1.0,226,7.298
b172d003-1aea-4250-a26c-21690dd10e24,2026-07-01T15:48:52,1662,1662,0,1.0,226,7.298
b172d003-1aea-4250-a26c-21690dd10e24,2026-07-01T15:48:52,1662,1662,0,1.0,226,7.298
b172d003-1aea-4250-a26c-21690dd10e24,2026-07-01T15:48:52,1662,1662,0,1.0,226,7.298
b172d003-1aea-4250-a26c-21690dd10e24,2026-07-01T15:48:53,1662,1662,0,1.0,226,7.302
b172d003-1aea-4250-a26c-21690dd10e24,2026-07-01T15:48:53,1662,1662,0,1.0,226,7.302
b172d003-1aea-4250-a26c-21690dd10e24,2026-07-01T15:48:53,1660,1660,0,1.0,226,7.302
b172d003-1aea-4250-a26c-21690dd10e24,2026-07-01T15:48:53,1660,1660,0,1.0,226,7.302
b172d003-1aea-4250-a26c-21690dd10e24,2026-07-01T15:48:53,1660,1660,0,1.0,226,7.302
b172d003-1aea-4250-a26c-21690dd10e24,2026-07-01T15:48:53,1660,1660,0,1.0,226,7.302
b172d003-1aea-4250-a26c-21690dd10e24,2026-07-01T15:48:53,1660,1660,0,1.0,226,7.302
b172d003-1aea-4250-a26c-21690dd10e24,2026-07-01T15:48:55,1662,1662,0,1.0,226,7.298
b172d003-1aea-4250-a26c-21690dd10e24,2026-07-01T15:48:55,1662,1662,0,1.0,226,7.298
b172d003-1aea-4250-a26c-21690dd10e24,2026-07-01T15:48:55,1662,1662,0,1.0,226,7.298
b172d003-1aea-4250-a26c-21690dd10e24,2026-07-01T15:48:55,1662,1662,0,1.0,226,7.298
b172d003-1aea-4250-a26c-21690dd10e24,2026-07-01T15:48:55,1664,1664,0,1.0,227,7.298
b172d003-1aea-4250-a26c-21690dd10e24,2026-07-01T15:48:55,1664,1664,0,1.0,227,7.298
b172d003-1aea-4250-a26c-21690dd10e24,2026-07-01T15:48:56,1662,1662,0,1.0,227,7.298
b172d003-1aea-4250-a26c-21690dd10e24,2026-07-01T15:48:56,1662,1662,0,1.0,227,7.298
b172d003-1aea-4250-a26c-21690dd10e24,2026-07-01T15:48:56,1662,1662,0,1.0,227,7.298
b172d003-1aea-4250-a26c-21690dd10e24,2026-07-01T15:48:56,1662,1662,0,1.0,227,7.298
b172d003-1aea-4250-a26c-21690dd10e24,2026-07-01T15:48:56,1662,1662,0,1.0,227,7.298
b172d003-1aea-4250-a26c-21690dd10e24,2026-07-01T15:48:56,1662,1662,0,1.0,227,7.298
b172d003-1aea-4250-a26c-21690dd10e24,2026-07-01T15:48:57,1664,1664,0,1.0,226,7.298
b172d003-1aea-4250-a26c-21690dd10e24,2026-07-01T15:48:57,1664,1664,0,1.0,226,7.298
b172d003-1aea-4250-a26c-21690dd10e24,2026-07-01T15:48:57,1664,1664,0,1.0,226,7.298
b172d003-1aea-4250-a26c-21690dd10e24,2026-07-01T15:48:57,1665,1665,0,1.0,226,7.298
b172d003-1aea-4250-a26c-21690dd10e24,2026-07-01T15:48:57,1665,1665,0,1.0,226,7.298
b172d003-1aea-4250-a26c-21690dd10e24,2026-07-01T15:48:57,1665,1665,0,1.0,226,7.298
b172d003-1aea-4250-a26c-21690dd10e24,2026-07-01T15:48:57,1665,1665,0,1.0,226,7.298
b172d003-1aea-4250-a26c-21690dd10e24,2026-07-01T15:48:57,1665,1665,0,1.0,226,7.306
b172d003-1aea-4250-a26c-21690dd10e24,2026-07-01T15:48:57,1665,1665,0,1.0,226,7.306
b172d003-1aea-4250-a26c-21690dd10e24,2026-07-01T15:48:58,1245,1652,1085,0.75,226,7.306
b172d003-1aea-4250-a26c-21690dd10e24,2026-07-01T15:48:58,35,1652,1652,0.02,226,7.306
b172d003-1aea-4250-a26c-21690dd10e24,2026-07-01T15:48:58,35,1652,1652,0.02,226,7.306
b172d003-1aea-4250-a26c-21690dd10e24,2026-07-01T15:48:58,35,1652,1652,0.02,226,7.306
b172d003-1aea-4250-a26c-21690dd10e24,2026-07-01T15:48:58,22,1652,1652,0.01,226,7.306
b172d003-1aea-4250-a26c-21690dd10e24,2026-07-01T15:48:58,22,1652,1652,0.01,226,7.306
b172d003-1aea-4250-a26c-21690dd10e24,2026-07-01T15:48:58,22,1683,1682,0.01,230,7.306
b172d003-1aea-4250-a26c-21690dd10e24,2026-07-01T15:48:58,22,1683,1682,0.01,230,7.306
b172d003-1aea-4250-a26c-21690dd10e24,2026-07-01T15:48:58,22,1683,1682,0.01,230,7.306
b172d003-1aea-4250-a26c-21690dd10e24,2026-07-01T15:48:58,22,1683,1682,0.01,230,7.306
b172d003-1aea-4250-a26c-21690dd10e24,2026-07-01T15:48:58,22,1683,1682,0.01,230,7.306
b172d003-1aea-4250-a26c-21690dd10e24,2026-07-01T15:48:59,2,1683,1683,0.0,230,7.306
b172d003-1aea-4250-a26c-21690dd10e24,2026-07-01T15:48:59,2,1683,1683,0.0,230,7.306
b172d003-1aea-4250-a26c-21690dd10e24,2026-07-01T15:48:59,4,1683,1683,0.0,230,7.306
b172d003-1aea-4250-a26c-21690dd10e24,2026-07-01T15:48:59,4,1683,1683,0.0,230,7.306
b172d003-1aea-4250-a26c-21690dd10e24,2026-07-01T15:48:59,4,1683,1683,0.0,230,7.306
b172d003-1aea-4250-a26c-21690dd10e24,2026-07-01T15:48:59,4,1683,1683,0.0,230,7.306
b172d003-1aea-4250-a26c-21690dd10e24,2026-07-01T15:48:59,4,1683,1683,0.0,230,7.306
b172d003-1aea-4250-a26c-21690dd10e24,2026-07-01T15:48:59,4,1683,1683,0.0,230,7.306
b172d003-1aea-4250-a26c-21690dd10e24,2026-07-01T15:49:00,4,1683,1683,0.0,230,7.306
b172d003-1aea-4250-a26c-21690dd10e24,2026-07-01T15:49:00,4,1683,1683,0.0,230,7.306
b172d003-1aea-4250-a26c-21690dd10e24,2026-07-01T15:49:00,4,1683,1683,0.0,230,7.306
b172d003-1aea-4250-a26c-21690dd10e24,2026-07-01T15:49:00,4,10,9,0.42,230,0.043
b172d003-1aea-4250-a26c-21690dd10e24,2026-07-01T15:49:00,4,10,9,0.42,230,0.043
b172d003-1aea-4250-a26c-21690dd10e24,2026-07-01T15:49:00,4,10,9,0.42,230,0.043
b172d003-1aea-4250-a26c-21690dd10e24,2026-07-01T15:49:00,4,10,9,0.42,230,0.043
b172d003-1aea-4250-a26c-21690dd10e24,2026-07-01T15:49:00,4,10,9,0.42,230,0.043
b172d003-1aea-4250-a26c-21690dd10e24,2026-07-01T15:49:00,4,10,9,0.42,230,0.043
b172d003-1aea-4250-a26c-21690dd10e24,2026-07-01T15:49:00,4,10,9,0.42,230,0.043
b172d003-1aea-4250-a26c-21690dd10e24,2026-07-01T15:49:00,4,10,9,0.42,230,0.043
b172d003-1aea-4250-a26c-21690dd10e24,2026-07-01T15:49:00,4,10,9,0.43,230,0.043
b172d003-1aea-4250-a26c-21690dd10e24,2026-07-01T15:49:00,4,10,9,0.43,230,0.043
b172d003-1aea-4250-a26c-21690dd10e24,2026-07-01T15:49:00,4,10,9,0.43,230,0.043
b172d003-1aea-4250-a26c-21690dd10e24,2026-07-01T15:49:01,4,10,9,0.42,230,0.043
b172d003-1aea-4250-a26c-21690dd10e24,2026-07-01T15:49:01,4,10,9,0.42,230,0.043
b172d003-1aea-4250-a26c-21690dd10e24,2026-07-01T15:49:01,4,10,9,0.42,230,0.043
b172d003-1aea-4250-a26c-21690dd10e24,2026-07-01T15:49:01,4,10,9,0.42,230,0.043
b172d003-1aea-4250-a26c-21690dd10e24,2026-07-01T15:49:01,4,10,9,0.42,230,0.043
b172d003-1aea-4250-a26c-21690dd10e24,2026-07-01T15:49:01,4,10,9,0.42,230,0.043
b172d003-1aea-4250-a26c-21690dd10e24,2026-07-01T15:49:01,4,10,9,0.42,230,0.043
b172d003-1aea-4250-a26c-21690dd10e24,2026-07-01T15:49:01,4,10,9,0.42,230,0.043
b172d003-1aea-4250-a26c-21690dd10e24,2026-07-01T15:49:01,4,10,9,0.42,230,0.043
b172d003-1aea-4250-a26c-21690dd10e24,2026-07-01T15:49:01,4,10,9,0.42,230,0.043
b172d003-1aea-4250-a26c-21690dd10e24,2026-07-01T15:49:01,4,10,9,0.42,230,0.043
b172d003-1aea-4250-a26c-21690dd10e24,2026-07-01T15:49:01,4,10,9,0.42,230,0.043
b172d003-1aea-4250-a26c-21690dd10e24,2026-07-01T15:49:01,4,10,9,0.42,230,0.043
b172d003-1aea-4250-a26c-21690dd10e24,2026-07-01T15:49:01,4,10,9,0.42,230,0.043
b172d003-1aea-4250-a26c-21690dd10e24,2026-07-01T15:49:01,4,10,9,0.42,230,0.043
b172d003-1aea-4250-a26c-21690dd10e24,2026-07-01T15:49:02,4,10,9,0.42,230,0.043
b172d003-1aea-4250-a26c-21690dd10e24,2026-07-01T15:49:02,4,10,9,0.42,230,0.043
b172d003-1aea-4250-a26c-21690dd10e24,2026-07-01T15:49:02,4,10,9,0.41,230,0.043
b172d003-1aea-4250-a26c-21690dd10e24,2026-07-01T15:49:02,4,10,9,0.41,230,0.043
b172d003-1aea-4250-a26c-21690dd10e24,2026-07-01T15:49:02,4,10,9,0.41,230,0.043
b172d003-1aea-4250-a26c-21690dd10e24,2026-07-01T15:49:02,4,10,9,0.41,230,0.043
b172d003-1aea-4250-a26c-21690dd10e24,2026-07-01T15:49:02,4,10,9,0.43,230,0.042
b172d003-1aea-4250-a26c-21690dd10e24,2026-07-01T15:49:02,4,10,9,0.43,230,0.042
b172d003-1aea-4250-a26c-21690dd10e24,2026-07-01T15:49:02,4,10,9,0.43,230,0.042
b172d003-1aea-4250-a26c-21690dd10e24,2026-07-01T15:49:02,4,10,9,0.43,230,0.042
b172d003-1aea-4250-a26c-21690dd10e24,2026-07-01T15:49:03,4,10,9,0.43,230,0.042
b172d003-1aea-4250-a26c-21690dd10e24,2026-07-01T15:49:03,4,10,9,0.43,230,0.042
b172d003-1aea-4250-a26c-21690dd10e24,2026-07-01T15:49:03,4,10,9,0.43,230,0.042
b172d003-1aea-4250-a26c-21690dd10e24,2026-07-01T15:49:03,4,10,9,0.43,230,0.042
b172d003-1aea-4250-a26c-21690dd10e24,2026-07-01T15:49:03,4,10,9,0.43,230,0.042
b172d003-1aea-4250-a26c-21690dd10e24,2026-07-01T15:49:03,4,10,9,0.44,230,0.042
b172d003-1aea-4250-a26c-21690dd10e24,2026-07-01T15:49:03,4,10,9,0.44,230,0.042
b172d003-1aea-4250-a26c-21690dd10e24,2026-07-01T15:49:03,4,10,9,0.44,230,0.042
b172d003-1aea-4250-a26c-21690dd10e24,2026-07-01T15:49:04,4,10,9,0.43,230,0.042
b172d003-1aea-4250-a26c-21690dd10e24,2026-07-01T15:49:04,4,10,9,0.43,230,0.042
b172d003-1aea-4250-a26c-21690dd10e24,2026-07-01T15:49:04,4,10,9,0.43,230,0.042
b172d003-1aea-4250-a26c-21690dd10e24,2026-07-01T15:49:04,4,10,9,0.43,230,0.042
b172d003-1aea-4250-a26c-21690dd10e24,2026-07-01T15:49:04,4,10,9,0.43,230,0.042
b172d003-1aea-4250-a26c-21690dd10e24,2026-07-01T15:49:04,4,10,9,0.43,230,0.042
b172d003-1aea-4250-a26c-21690dd10e24,2026-07-01T15:49:05,4,10,9,0.44,230,0.042
b172d003-1aea-4250-a26c-21690dd10e24,2026-07-01T15:49:05,4,10,9,0.44,230,0.042
b172d003-1aea-4250-a26c-21690dd10e24,2026-07-01T15:49:05,4,10,9,0.44,230,0.042
b172d003-1aea-4250-a26c-21690dd10e24,2026-07-01T15:49:05,4,10,9,0.44,230,0.042
b172d003-1aea-4250-a26c-21690dd10e24,2026-07-01T15:49:06,4,10,9,0.45,230,0.042
b172d003-1aea-4250-a26c-21690dd10e24,2026-07-01T15:49:06,4,10,9,0.45,230,0.042
b172d003-1aea-4250-a26c-21690dd10e24,2026-07-01T15:49:06,4,10,9,0.45,230,0.042
b172d003-1aea-4250-a26c-21690dd10e24,2026-07-01T15:49:06,4,10,9,0.45,230,0.042
b172d003-1aea-4250-a26c-21690dd10e24,2026-07-01T15:49:06,4,10,9,0.45,230,0.042
b172d003-1aea-4250-a26c-21690dd10e24,2026-07-01T15:49:06,4,10,9,0.45,230,0.042
b172d003-1aea-4250-a26c-21690dd10e24,2026-07-01T15:49:06,4,10,9,0.45,230,0.042
b172d003-1aea-4250-a26c-21690dd10e24,2026-07-01T15:49:06,4,10,9,0.45,230,0.042
b172d003-1aea-4250-a26c-21690dd10e24,2026-07-01T15:49:06,4,10,9,0.45,230,0.042
b172d003-1aea-4250-a26c-21690dd10e24,2026-07-01T15:49:06,4,10,9,0.44,230,0.042
b172d003-1aea-4250-a26c-21690dd10e24,2026-07-01T15:49:06,4,10,9,0.44,230,0.042
b172d003-1aea-4250-a26c-21690dd10e24,2026-07-01T15:49:07,4,10,9,0.44,230,0.042
b172d003-1aea-4250-a26c-21690dd10e24,2026-07-01T15:49:07,4,10,9,0.44,230,0.042
b172d003-1aea-4250-a26c-21690dd10e24,2026-07-01T15:49:07,203,203,0,1.0,230,0.132
b172d003-1aea-4250-a26c-21690dd10e24,2026-07-01T15:49:07,203,203,0,1.0,230,0.132
b172d003-1aea-4250-a26c-21690dd10e24,2026-07-01T15:49:07,1697,1697,0,1.0,230,0.132
b172d003-1aea-4250-a26c-21690dd10e24,2026-07-01T15:49:07,1697,1697,0,1.0,230,0.132
b172d003-1aea-4250-a26c-21690dd10e24,2026-07-01T15:49:07,1678,1678,0,1.0,230,0.132
b172d003-1aea-4250-a26c-21690dd10e24,2026-07-01T15:49:07,1678,1678,0,1.0,230,0.132
b172d003-1aea-4250-a26c-21690dd10e24,2026-07-01T15:49:07,1678,1678,0,1.0,230,0.132
b172d003-1aea-4250-a26c-21690dd10e24,2026-07-01T15:49:07,1678,1678,0,1.0,230,0.132
b172d003-1aea-4250-a26c-21690dd10e24,2026-07-01T15:49:08,1678,1678,0,1.0,227,0.132
b172d003-1aea-4250-a26c-21690dd10e24,2026-07-01T15:49:08,1678,1678,0,1.0,227,0.132
b172d003-1aea-4250-a26c-21690dd10e24,2026-07-01T15:49:08,1678,1678,0,1.0,227,0.132
b172d003-1aea-4250-a26c-21690dd10e24,2026-07-01T15:49:08,1678,1678,0,1.0,227,0.132
b172d003-1aea-4250-a26c-21690dd10e24,2026-07-01T15:49:08,1678,1678,0,1.0,227,0.132
b172d003-1aea-4250-a26c-21690dd10e24,2026-07-01T15:49:08,1678,1678,0,1.0,227,0.132
b172d003-1aea-4250-a26c-21690dd10e24,2026-07-01T15:49:08,1678,1678,0,1.0,227,0.132
b172d003-1aea-4250-a26c-21690dd10e24,2026-07-01T15:49:08,1678,1678,0,1.0,227,0.132
b172d003-1aea-4250-a26c-21690dd10e24,2026-07-01T15:49:08,1676,1676,0,1.0,227,7.348
b172d003-1aea-4250-a26c-21690dd10e24,2026-07-01T15:49:08,1676,1676,0,1.0,227,7.348
b172d003-1aea-4250-a26c-21690dd10e24,2026-07-01T15:49:08,1676,1676,0,1.0,227,7.348
b172d003-1aea-4250-a26c-21690dd10e24,2026-07-01T15:49:08,1676,1676,0,1.0,227,7.348
b172d003-1aea-4250-a26c-21690dd10e24,2026-07-01T15:49:09,1676,1676,0,1.0,227,7.348
b172d003-1aea-4250-a26c-21690dd10e24,2026-07-01T15:49:09,1675,1675,0,1.0,227,7.348
b172d003-1aea-4250-a26c-21690dd10e24,2026-07-01T15:49:09,1675,1675,0,1.0,227,7.348
b172d003-1aea-4250-a26c-21690dd10e24,2026-07-01T15:49:09,1675,1675,0,1.0,227,7.348
b172d003-1aea-4250-a26c-21690dd10e24,2026-07-01T15:49:09,1675,1675,0,1.0,227,7.348
b172d003-1aea-4250-a26c-21690dd10e24,2026-07-01T15:49:09,1675,1675,0,1.0,227,7.348
b172d003-1aea-4250-a26c-21690dd10e24,2026-07-01T15:49:09,1675,1675,0,1.0,227,7.348
b172d003-1aea-4250-a26c-21690dd10e24,2026-07-01T15:49:09,1675,1675,0,1.0,227,7.348
b172d003-1aea-4250-a26c-21690dd10e24,2026-07-01T15:49:09,1675,1675,0,1.0,227,7.348
b172d003-1aea-4250-a26c-21690dd10e24,2026-07-01T15:49:09,1675,1675,0,1.0,227,7.348
b172d003-1aea-4250-a26c-21690dd10e24,2026-07-01T15:49:09,1673,1673,0,1.0,227,7.348
b172d003-1aea-4250-a26c-21690dd10e24,2026-07-01T15:49:09,1673,1673,0,1.0,227,7.348
b172d003-1aea-4250-a26c-21690dd10e24,2026-07-01T15:49:09,1673,1673,0,1.0,227,7.348
b172d003-1aea-4250-a26c-21690dd10e24,2026-07-01T15:49:10,1673,1673,0,1.0,227,7.348
b172d003-1aea-4250-a26c-21690dd10e24,2026-07-01T15:49:10,1673,1673,0,1.0,227,7.348
b172d003-1aea-4250-a26c-21690dd10e24,2026-07-01T15:49:10,1673,1673,0,1.0,227,7.348
b172d003-1aea-4250-a26c-21690dd10e24,2026-07-01T15:49:10,1673,1673,0,1.0,227,7.348
b172d003-1aea-4250-a26c-21690dd10e24,2026-07-01T15:49:10,1673,1673,0,1.0,227,7.348
b172d003-1aea-4250-a26c-21690dd10e24,2026-07-01T15:49:10,1673,1673,0,1.0,227,7.331
b172d003-1aea-4250-a26c-21690dd10e24,2026-07-01T15:49:10,1673,1673,0,1.0,227,7.331
b172d003-1aea-4250-a26c-21690dd10e24,2026-07-01T15:49:10,1673,1673,0,1.0,227,7.331
b172d003-1aea-4250-a26c-21690dd10e24,2026-07-01T15:49:10,1673,1673,0,1.0,227,7.331
b172d003-1aea-4250-a26c-21690dd10e24,2026-07-01T15:49:10,1669,1669,0,1.0,227,7.331
b172d003-1aea-4250-a26c-21690dd10e24,2026-07-01T15:49:10,1669,1669,0,1.0,227,7.331
b172d003-1aea-4250-a26c-21690dd10e24,2026-07-01T15:49:10,1669,1669,0,1.0,227,7.331
b172d003-1aea-4250-a26c-21690dd10e24,2026-07-01T15:49:11,1669,1669,0,1.0,227,7.331
b172d003-1aea-4250-a26c-21690dd10e24,2026-07-01T15:49:11,1669,1669,0,1.0,227,7.331
b172d003-1aea-4250-a26c-21690dd10e24,2026-07-01T15:49:11,1669,1669,0,1.0,226,7.331
b172d003-1aea-4250-a26c-21690dd10e24,2026-07-01T15:49:11,1669,1669,0,1.0,226,7.331
b172d003-1aea-4250-a26c-21690dd10e24,2026-07-01T15:49:11,1669,1669,0,1.0,226,7.331
b172d003-1aea-4250-a26c-21690dd10e24,2026-07-01T15:49:11,1669,1669,0,1.0,226,7.331
b172d003-1aea-4250-a26c-21690dd10e24,2026-07-01T15:49:11,1669,1669,0,1.0,226,7.331
b172d003-1aea-4250-a26c-21690dd10e24,2026-07-01T15:49:11,1669,1669,0,1.0,226,7.331
b172d003-1aea-4250-a26c-21690dd10e24,2026-07-01T15:49:11,1669,1669,0,1.0,226,7.331
b172d003-1aea-4250-a26c-21690dd10e24,2026-07-01T15:49:11,1664,1664,0,1.0,226,7.331
b172d003-1aea-4250-a26c-21690dd10e24,2026-07-01T15:49:11,1664,1664,0,1.0,226,7.331
b172d003-1aea-4250-a26c-21690dd10e24,2026-07-01T15:49:12,1665,1665,0,1.0,226,7.315
b172d003-1aea-4250-a26c-21690dd10e24,2026-07-01T15:49:12,1665,1665,0,1.0,226,7.315
b172d003-1aea-4250-a26c-21690dd10e24,2026-07-01T15:49:12,1665,1665,0,1.0,226,7.315
b172d003-1aea-4250-a26c-21690dd10e24,2026-07-01T15:49:12,1665,1665,0,1.0,226,7.315
b172d003-1aea-4250-a26c-21690dd10e24,2026-07-01T15:49:12,1665,1665,0,1.0,226,7.315
b172d003-1aea-4250-a26c-21690dd10e24,2026-07-01T15:49:12,1665,1665,0,1.0,226,7.315
b172d003-1aea-4250-a26c-21690dd10e24,2026-07-01T15:49:12,1667,1667,0,1.0,226,7.315
b172d003-1aea-4250-a26c-21690dd10e24,2026-07-01T15:49:12,1667,1667,0,1.0,226,7.315
b172d003-1aea-4250-a26c-21690dd10e24,2026-07-01T15:49:12,1667,1667,0,1.0,226,7.315
b172d003-1aea-4250-a26c-21690dd10e24,2026-07-01T15:49:12,1667,1667,0,1.0,226,7.315
b172d003-1aea-4250-a26c-21690dd10e24,2026-07-01T15:49:12,1669,1669,0,1.0,226,7.315
b172d003-1aea-4250-a26c-21690dd10e24,2026-07-01T15:49:12,1669,1669,0,1.0,227,7.315
b172d003-1aea-4250-a26c-21690dd10e24,2026-07-01T15:49:12,1669,1669,0,1.0,227,7.315
b172d003-1aea-4250-a26c-21690dd10e24,2026-07-01T15:49:12,1669,1669,0,1.0,227,7.315
b172d003-1aea-4250-a26c-21690dd10e24,2026-07-01T15:49:13,1667,1667,0,1.0,227,7.315
b172d003-1aea-4250-a26c-21690dd10e24,2026-07-01T15:49:13,1667,1667,0,1.0,227,7.315
b172d003-1aea-4250-a26c-21690dd10e24,2026-07-01T15:49:13,1667,1667,0,1.0,227,7.315
b172d003-1aea-4250-a26c-21690dd10e24,2026-07-01T15:49:13,1667,1667,0,1.0,227,7.315
b172d003-1aea-4250-a26c-21690dd10e24,2026-07-01T15:49:13,1667,1667,0,1.0,227,7.315
b172d003-1aea-4250-a26c-21690dd10e24,2026-07-01T15:49:13,1667,1667,0,1.0,227,7.315
b172d003-1aea-4250-a26c-21690dd10e24,2026-07-01T15:49:13,1667,1667,0,1.0,227,7.315
b172d003-1aea-4250-a26c-21690dd10e24,2026-07-01T15:49:13,1667,1667,0,1.0,227,7.315
b172d003-1aea-4250-a26c-21690dd10e24,2026-07-01T15:49:13,1667,1667,0,1.0,227,7.319
b172d003-1aea-4250-a26c-21690dd10e24,2026-07-01T15:49:13,1667,1667,0,1.0,227,7.319
b172d003-1aea-4250-a26c-21690dd10e24,2026-07-01T15:49:13,1667,1667,0,1.0,227,7.319
b172d003-1aea-4250-a26c-21690dd10e24,2026-07-01T15:49:13,1667,1667,0,1.0,227,7.319
b172d003-1aea-4250-a26c-21690dd10e24,2026-07-01T15:49:13,1667,1667,0,1.0,227,7.319
b172d003-1aea-4250-a26c-21690dd10e24,2026-07-01T15:49:14,1667,1667,0,1.0,227,7.319
b172d003-1aea-4250-a26c-21690dd10e24,2026-07-01T15:49:14,1667,1667,0,1.0,227,7.319
b172d003-1aea-4250-a26c-21690dd10e24,2026-07-01T15:49:14,1667,1667,0,1.0,227,7.319
b172d003-1aea-4250-a26c-21690dd10e24,2026-07-01T15:49:14,1667,1667,0,1.0,227,7.319
b172d003-1aea-4250-a26c-21690dd10e24,2026-07-01T15:49:14,1667,1667,0,1.0,227,7.319
b172d003-1aea-4250-a26c-21690dd10e24,2026-07-01T15:49:14,1667,1667,0,1.0,226,7.319
b172d003-1aea-4250-a26c-21690dd10e24,2026-07-01T15:49:14,1667,1667,0,1.0,226,7.319
b172d003-1aea-4250-a26c-21690dd10e24,2026-07-01T15:49:14,1667,1667,0,1.0,226,7.319
b172d003-1aea-4250-a26c-21690dd10e24,2026-07-01T15:49:14,1667,1667,0,1.0,226,7.319
b172d003-1aea-4250-a26c-21690dd10e24,2026-07-01T15:49:14,1667,1667,0,1.0,226,7.319
b172d003-1aea-4250-a26c-21690dd10e24,2026-07-01T15:49:14,1665,1665,0,1.0,226,7.319
b172d003-1aea-4250-a26c-21690dd10e24,2026-07-01T15:49:14,1665,1665,0,1.0,226,7.319
b172d003-1aea-4250-a26c-21690dd10e24,2026-07-01T15:49:15,1665,1665,0,1.0,226,7.319
b172d003-1aea-4250-a26c-21690dd10e24,2026-07-01T15:49:15,1665,1665,0,1.0,226,7.319
b172d003-1aea-4250-a26c-21690dd10e24,2026-07-01T15:49:15,1665,1665,0,1.0,226,7.315
b172d003-1aea-4250-a26c-21690dd10e24,2026-07-01T15:49:15,1665,1665,0,1.0,226,7.315
b172d003-1aea-4250-a26c-21690dd10e24,2026-07-01T15:49:15,1665,1665,0,1.0,226,7.315
b172d003-1aea-4250-a26c-21690dd10e24,2026-07-01T15:49:15,1667,1667,0,1.0,226,7.315
b172d003-1aea-4250-a26c-21690dd10e24,2026-07-01T15:49:15,1667,1667,0,1.0,226,7.315
b172d003-1aea-4250-a26c-21690dd10e24,2026-07-01T15:49:15,1667,1667,0,1.0,226,7.315
b172d003-1aea-4250-a26c-21690dd10e24,2026-07-01T15:49:15,1665,1665,0,1.0,226,7.315
b172d003-1aea-4250-a26c-21690dd10e24,2026-07-01T15:49:15,1665,1665,0,1.0,226,7.315
b172d003-1aea-4250-a26c-21690dd10e24,2026-07-01T15:49:15,1665,1665,0,1.0,226,7.315
b172d003-1aea-4250-a26c-21690dd10e24,2026-07-01T15:49:15,1665,1665,0,1.0,226,7.315
b172d003-1aea-4250-a26c-21690dd10e24,2026-07-01T15:49:15,1665,1665,0,1.0,226,7.315
b172d003-1aea-4250-a26c-21690dd10e24,2026-07-01T15:49:15,1665,1665,0,1.0,226,7.315
b172d003-1aea-4250-a26c-21690dd10e24,2026-07-01T15:49:16,1665,1665,0,1.0,226,7.315
b172d003-1aea-4250-a26c-21690dd10e24,2026-07-01T15:49:16,1665,1665,0,1.0,226,7.315
b172d003-1aea-4250-a26c-21690dd10e24,2026-07-01T15:49:16,1665,1665,0,1.0,226,7.315
b172d003-1aea-4250-a26c-21690dd10e24,2026-07-01T15:49:16,1665,1665,0,1.0,226,7.315
b172d003-1aea-4250-a26c-21690dd10e24,2026-07-01T15:49:16,1665,1665,0,1.0,226,7.315
b172d003-1aea-4250-a26c-21690dd10e24,2026-07-01T15:49:16,1665,1665,0,1.0,226,7.315
b172d003-1aea-4250-a26c-21690dd10e24,2026-07-01T15:49:16,1665,1665,0,1.0,226,7.315
b172d003-1aea-4250-a26c-21690dd10e24,2026-07-01T15:49:16,1665,1665,0,1.0,226,7.315
b172d003-1aea-4250-a26c-21690dd10e24,2026-07-01T15:49:16,1667,1667,0,1.0,226,7.315
b172d003-1aea-4250-a26c-21690dd10e24,2026-07-01T15:49:16,1667,1667,0,1.0,226,7.315
b172d003-1aea-4250-a26c-21690dd10e24,2026-07-01T15:49:16,1667,1667,0,1.0,226,7.315
b172d003-1aea-4250-a26c-21690dd10e24,2026-07-01T15:49:16,1667,1667,0,1.0,226,7.315
b172d003-1aea-4250-a26c-21690dd10e24,2026-07-01T15:49:16,1665,1665,0,1.0,226,7.315
b172d003-1aea-4250-a26c-21690dd10e24,2026-07-01T15:49:16,1665,1665,0,1.0,226,7.315
b172d003-1aea-4250-a26c-21690dd10e24,2026-07-01T15:49:17,1665,1665,0,1.0,226,7.315
b172d003-1aea-4250-a26c-21690dd10e24,2026-07-01T15:49:17,1665,1665,0,1.0,226,7.315
b172d003-1aea-4250-a26c-21690dd10e24,2026-07-01T15:49:17,1665,1665,0,1.0,226,7.315
b172d003-1aea-4250-a26c-21690dd10e24,2026-07-01T15:49:17,1665,1665,0,1.0,226,7.315
b172d003-1aea-4250-a26c-21690dd10e24,2026-07-01T15:49:17,1665,1665,0,1.0,226,7.315
b172d003-1aea-4250-a26c-21690dd10e24,2026-07-01T15:49:17,1665,1665,0,1.0,226,7.315
b172d003-1aea-4250-a26c-21690dd10e24,2026-07-01T15:49:17,1665,1665,0,1.0,226,7.315
b172d003-1aea-4250-a26c-21690dd10e24,2026-07-01T15:49:17,1665,1665,0,1.0,226,7.315
b172d003-1aea-4250-a26c-21690dd10e24,2026-07-01T15:49:17,1665,1665,0,1.0,226,7.315
b172d003-1aea-4250-a26c-21690dd10e24,2026-07-01T15:49:17,1665,1665,0,1.0,226,7.315
b172d003-1aea-4250-a26c-21690dd10e24,2026-07-01T15:49:17,1665,1665,0,1.0,226,7.315
b172d003-1aea-4250-a26c-21690dd10e24,2026-07-01T15:49:17,1665,1665,0,1.0,226,7.315
b172d003-1aea-4250-a26c-21690dd10e24,2026-07-01T15:49:17,1665,1665,0,1.0,226,7.315
b172d003-1aea-4250-a26c-21690dd10e24,2026-07-01T15:49:18,1665,1665,0,1.0,226,7.315
b172d003-1aea-4250-a26c-21690dd10e24,2026-07-01T15:49:18,1665,1665,0,1.0,226,7.315
b172d003-1aea-4250-a26c-21690dd10e24,2026-07-01T15:49:18,1665,1665,0,1.0,226,7.315
b172d003-1aea-4250-a26c-21690dd10e24,2026-07-01T15:49:18,1665,1665,0,1.0,226,7.315
b172d003-1aea-4250-a26c-21690dd10e24,2026-07-01T15:49:18,1665,1665,0,1.0,226,7.315
b172d003-1aea-4250-a26c-21690dd10e24,2026-07-01T15:49:18,1665,1665,0,1.0,226,7.315
b172d003-1aea-4250-a26c-21690dd10e24,2026-07-01T15:49:18,1665,1665,0,1.0,226,7.31
b172d003-1aea-4250-a26c-21690dd10e24,2026-07-01T15:49:18,1665,1665,0,1.0,226,7.31
b172d003-1aea-4250-a26c-21690dd10e24,2026-07-01T15:49:18,1665,1665,0,1.0,226,7.31
b172d003-1aea-4250-a26c-21690dd10e24,2026-07-01T15:49:18,1665,1665,0,1.0,226,7.31
b172d003-1aea-4250-a26c-21690dd10e24,2026-07-01T15:49:18,1665,1665,0,1.0,226,7.31
b172d003-1aea-4250-a26c-21690dd10e24,2026-07-01T15:49:18,1665,1665,0,1.0,226,7.31
b172d003-1aea-4250-a26c-21690dd10e24,2026-07-01T15:49:19,1665,1665,0,1.0,226,7.31
b172d003-1aea-4250-a26c-21690dd10e24,2026-07-01T15:49:19,1665,1665,0,1.0,226,7.31
b172d003-1aea-4250-a26c-21690dd10e24,2026-07-01T15:49:19,1664,1664,0,1.0,226,7.31
b172d003-1aea-4250-a26c-21690dd10e24,2026-07-01T15:49:19,1664,1664,0,1.0,226,7.31
b172d003-1aea-4250-a26c-21690dd10e24,2026-07-01T15:49:19,1665,1665,0,1.0,226,7.31
b172d003-1aea-4250-a26c-21690dd10e24,2026-07-01T15:49:19,1665,1665,0,1.0,226,7.31
b172d003-1aea-4250-a26c-21690dd10e24,2026-07-01T15:49:19,1665,1665,0,1.0,226,7.31
b172d003-1aea-4250-a26c-21690dd10e24,2026-07-01T15:49:19,1665,1665,0,1.0,226,7.31
b172d003-1aea-4250-a26c-21690dd10e24,2026-07-01T15:49:19,1665,1665,0,1.0,226,7.31
b172d003-1aea-4250-a26c-21690dd10e24,2026-07-01T15:49:19,1665,1665,0,1.0,226,7.31
b172d003-1aea-4250-a26c-21690dd10e24,2026-07-01T15:49:19,1665,1665,0,1.0,226,7.31
b172d003-1aea-4250-a26c-21690dd10e24,2026-07-01T15:49:19,1665,1665,0,1.0,226,7.31
b172d003-1aea-4250-a26c-21690dd10e24,2026-07-01T15:49:20,1665,1665,0,1.0,226,7.31
b172d003-1aea-4250-a26c-21690dd10e24,2026-07-01T15:49:20,1665,1665,0,1.0,226,7.31
b172d003-1aea-4250-a26c-21690dd10e24,2026-07-01T15:49:20,1665,1665,0,1.0,226,7.31
b172d003-1aea-4250-a26c-21690dd10e24,2026-07-01T15:49:20,1665,1665,0,1.0,226,7.31
b172d003-1aea-4250-a26c-21690dd10e24,2026-07-01T15:49:20,1665,1665,0,1.0,226,7.31
b172d003-1aea-4250-a26c-21690dd10e24,2026-07-01T15:49:20,1665,1665,0,1.0,226,7.31
b172d003-1aea-4250-a26c-21690dd10e24,2026-07-01T15:49:20,1665,1665,0,1.0,226,7.31
b172d003-1aea-4250-a26c-21690dd10e24,2026-07-01T15:49:20,1665,1665,0,1.0,226,7.31
b172d003-1aea-4250-a26c-21690dd10e24,2026-07-01T15:49:20,1665,1665,0,1.0,226,7.31
b172d003-1aea-4250-a26c-21690dd10e24,2026-07-01T15:49:20,1665,1665,0,1.0,227,7.31
b172d003-1aea-4250-a26c-21690dd10e24,2026-07-01T15:49:20,1665,1665,0,1.0,227,7.31
b172d003-1aea-4250-a26c-21690dd10e24,2026-07-01T15:49:21,1665,1665,0,1.0,227,7.31
b172d003-1aea-4250-a26c-21690dd10e24,2026-07-01T15:49:21,1665,1665,0,1.0,227,7.31
b172d003-1aea-4250-a26c-21690dd10e24,2026-07-01T15:49:21,1665,1665,0,1.0,227,7.31
b172d003-1aea-4250-a26c-21690dd10e24,2026-07-01T15:49:21,1665,1665,0,1.0,227,7.31
b172d003-1aea-4250-a26c-21690dd10e24,2026-07-01T15:49:21,1665,1665,0,1.0,227,7.31
b172d003-1aea-4250-a26c-21690dd10e24,2026-07-01T15:49:21,1665,1665,0,1.0,227,7.31
b172d003-1aea-4250-a26c-21690dd10e24,2026-07-01T15:49:21,1665,1665,0,1.0,227,7.31
b172d003-1aea-4250-a26c-21690dd10e24,2026-07-01T15:49:21,1665,1665,0,1.0,227,7.315
b172d003-1aea-4250-a26c-21690dd10e24,2026-07-01T15:49:21,1665,1665,0,1.0,227,7.315
b172d003-1aea-4250-a26c-21690dd10e24,2026-07-01T15:49:21,1665,1665,0,1.0,227,7.315
b172d003-1aea-4250-a26c-21690dd10e24,2026-07-01T15:49:21,1665,1665,0,1.0,227,7.315
b172d003-1aea-4250-a26c-21690dd10e24,2026-07-01T15:49:21,1665,1665,0,1.0,227,7.315
b172d003-1aea-4250-a26c-21690dd10e24,2026-07-01T15:49:21,1665,1665,0,1.0,227,7.315
b172d003-1aea-4250-a26c-21690dd10e24,2026-07-01T15:49:22,1665,1665,0,1.0,227,7.315
b172d003-1aea-4250-a26c-21690dd10e24,2026-07-01T15:49:22,1665,1665,0,1.0,227,7.315
b172d003-1aea-4250-a26c-21690dd10e24,2026-07-01T15:49:22,1665,1665,0,1.0,227,7.315
b172d003-1aea-4250-a26c-21690dd10e24,2026-07-01T15:49:22,1665,1665,0,1.0,227,7.315
b172d003-1aea-4250-a26c-21690dd10e24,2026-07-01T15:49:22,1665,1665,0,1.0,227,7.315
b172d003-1aea-4250-a26c-21690dd10e24,2026-07-01T15:49:22,1665,1665,0,1.0,227,7.315
b172d003-1aea-4250-a26c-21690dd10e24,2026-07-01T15:49:22,1665,1665,0,1.0,227,7.315
b172d003-1aea-4250-a26c-21690dd10e24,2026-07-01T15:49:22,1664,1664,0,1.0,227,7.315
b172d003-1aea-4250-a26c-21690dd10e24,2026-07-01T15:49:22,1664,1664,0,1.0,227,7.315
b172d003-1aea-4250-a26c-21690dd10e24,2026-07-01T15:49:22,1664,1664,0,1.0,227,7.315
b172d003-1aea-4250-a26c-21690dd10e24,2026-07-01T15:49:22,1664,1664,0,1.0,227,7.315
b172d003-1aea-4250-a26c-21690dd10e24,2026-07-01T15:49:22,1664,1664,0,1.0,227,7.315
b172d003-1aea-4250-a26c-21690dd10e24,2026-07-01T15:49:23,1664,1664,0,1.0,227,7.315
b172d003-1aea-4250-a26c-21690dd10e24,2026-07-01T15:49:23,1664,1664,0,1.0,227,7.315
b172d003-1aea-4250-a26c-21690dd10e24,2026-07-01T15:49:23,1664,1664,0,1.0,227,7.315
b172d003-1aea-4250-a26c-21690dd10e24,2026-07-01T15:49:23,1662,1662,0,1.0,227,7.306
b172d003-1aea-4250-a26c-21690dd10e24,2026-07-01T15:49:23,1662,1662,0,1.0,227,7.306
b172d003-1aea-4250-a26c-21690dd10e24,2026-07-01T15:49:23,1662,1662,0,1.0,227,7.306
b172d003-1aea-4250-a26c-21690dd10e24,2026-07-01T15:49:23,1662,1662,0,1.0,227,7.306
b172d003-1aea-4250-a26c-21690dd10e24,2026-07-01T15:49:23,1662,1662,0,1.0,227,7.306
b172d003-1aea-4250-a26c-21690dd10e24,2026-07-01T15:49:23,1662,1662,0,1.0,227,7.306
b172d003-1aea-4250-a26c-21690dd10e24,2026-07-01T15:49:23,1662,1662,0,1.0,227,7.306
b172d003-1aea-4250-a26c-21690dd10e24,2026-07-01T15:49:23,1662,1662,0,1.0,227,7.306
b172d003-1aea-4250-a26c-21690dd10e24,2026-07-01T15:49:23,1662,1662,0,1.0,227,7.306
b172d003-1aea-4250-a26c-21690dd10e24,2026-07-01T15:49:23,1662,1662,0,1.0,227,7.306
b172d003-1aea-4250-a26c-21690dd10e24,2026-07-01T15:49:23,1662,1662,0,1.0,227,7.306
b172d003-1aea-4250-a26c-21690dd10e24,2026-07-01T15:49:24,1662,1662,0,1.0,226,7.306
b172d003-1aea-4250-a26c-21690dd10e24,2026-07-01T15:49:24,1665,1665,0,1.0,226,7.306
b172d003-1aea-4250-a26c-21690dd10e24,2026-07-01T15:49:24,1665,1665,0,1.0,226,7.306
b172d003-1aea-4250-a26c-21690dd10e24,2026-07-01T15:49:24,1665,1665,0,1.0,226,7.306
b172d003-1aea-4250-a26c-21690dd10e24,2026-07-01T15:49:24,1665,1665,0,1.0,226,7.306
b172d003-1aea-4250-a26c-21690dd10e24,2026-07-01T15:49:24,1665,1665,0,1.0,226,7.306
b172d003-1aea-4250-a26c-21690dd10e24,2026-07-01T15:49:24,1665,1665,0,1.0,226,7.306
b172d003-1aea-4250-a26c-21690dd10e24,2026-07-01T15:49:24,1667,1667,0,1.0,226,7.306
b172d003-1aea-4250-a26c-21690dd10e24,2026-07-01T15:49:24,1667,1667,0,1.0,226,7.306
b172d003-1aea-4250-a26c-21690dd10e24,2026-07-01T15:49:24,1665,1665,0,1.0,226,7.31
b172d003-1aea-4250-a26c-21690dd10e24,2026-07-01T15:49:24,1665,1665,0,1.0,226,7.31
b172d003-1aea-4250-a26c-21690dd10e24,2026-07-01T15:49:24,1665,1665,0,1.0,226,7.31
b172d003-1aea-4250-a26c-21690dd10e24,2026-07-01T15:49:25,1665,1665,0,1.0,226,7.31
b172d003-1aea-4250-a26c-21690dd10e24,2026-07-01T15:49:25,1665,1665,0,1.0,226,7.31
b172d003-1aea-4250-a26c-21690dd10e24,2026-07-01T15:49:25,1665,1665,0,1.0,226,7.31
b172d003-1aea-4250-a26c-21690dd10e24,2026-07-01T15:49:25,1665,1665,0,1.0,226,7.31
b172d003-1aea-4250-a26c-21690dd10e24,2026-07-01T15:49:25,1665,1665,0,1.0,226,7.31
b172d003-1aea-4250-a26c-21690dd10e24,2026-07-01T15:49:25,1665,1665,0,1.0,226,7.31
b172d003-1aea-4250-a26c-21690dd10e24,2026-07-01T15:49:25,1665,1665,0,1.0,226,7.31
b172d003-1aea-4250-a26c-21690dd10e24,2026-07-01T15:49:25,1665,1665,0,1.0,226,7.31
b172d003-1aea-4250-a26c-21690dd10e24,2026-07-01T15:49:25,1665,1665,0,1.0,226,7.31
b172d003-1aea-4250-a26c-21690dd10e24,2026-07-01T15:49:25,1665,1665,0,1.0,226,7.31
b172d003-1aea-4250-a26c-21690dd10e24,2026-07-01T15:49:25,1667,1667,0,1.0,227,7.31
b172d003-1aea-4250-a26c-21690dd10e24,2026-07-01T15:49:25,1667,1667,0,1.0,227,7.31
b172d003-1aea-4250-a26c-21690dd10e24,2026-07-01T15:49:25,1667,1667,0,1.0,227,7.31
b172d003-1aea-4250-a26c-21690dd10e24,2026-07-01T15:49:25,1665,1665,0,1.0,227,7.31
b172d003-1aea-4250-a26c-21690dd10e24,2026-07-01T15:49:25,1665,1665,0,1.0,227,7.31
b172d003-1aea-4250-a26c-21690dd10e24,2026-07-01T15:49:26,1665,1665,0,1.0,227,7.31
b172d003-1aea-4250-a26c-21690dd10e24,2026-07-01T15:49:26,1665,1665,0,1.0,227,7.31
b172d003-1aea-4250-a26c-21690dd10e24,2026-07-01T15:49:26,1665,1665,0,1.0,227,7.31
b172d003-1aea-4250-a26c-21690dd10e24,2026-07-01T15:49:26,1665,1665,0,1.0,227,7.31
b172d003-1aea-4250-a26c-21690dd10e24,2026-07-01T15:49:28,1664,1664,0,1.0,227,7.306
b172d003-1aea-4250-a26c-21690dd10e24,2026-07-01T15:49:28,1664,1664,0,1.0,227,7.306
b172d003-1aea-4250-a26c-21690dd10e24,2026-07-01T15:49:28,1664,1664,0,1.0,227,7.306
b172d003-1aea-4250-a26c-21690dd10e24,2026-07-01T15:49:28,1664,1664,0,1.0,227,7.306
b172d003-1aea-4250-a26c-21690dd10e24,2026-07-01T15:49:28,1665,1665,0,1.0,227,7.306
b172d003-1aea-4250-a26c-21690dd10e24,2026-07-01T15:49:28,1665,1665,0,1.0,227,7.306
b172d003-1aea-4250-a26c-21690dd10e24,2026-07-01T15:49:28,1664,1664,0,1.0,227,7.306
b172d003-1aea-4250-a26c-21690dd10e24,2026-07-01T15:49:28,1664,1664,0,1.0,227,7.306
b172d003-1aea-4250-a26c-21690dd10e24,2026-07-01T15:49:28,1664,1664,0,1.0,227,7.306
b172d003-1aea-4250-a26c-21690dd10e24,2026-07-01T15:49:29,1664,1664,0,1.0,227,7.306
b172d003-1aea-4250-a26c-21690dd10e24,2026-07-01T15:49:29,1664,1664,0,1.0,227,7.306
b172d003-1aea-4250-a26c-21690dd10e24,2026-07-01T15:49:29,1664,1664,0,1.0,227,7.306
b172d003-1aea-4250-a26c-21690dd10e24,2026-07-01T15:49:29,1662,1662,0,1.0,227,7.306
b172d003-1aea-4250-a26c-21690dd10e24,2026-07-01T15:49:29,1662,1662,0,1.0,227,7.306
b172d003-1aea-4250-a26c-21690dd10e24,2026-07-01T15:49:29,1662,1662,0,1.0,227,7.306
b172d003-1aea-4250-a26c-21690dd10e24,2026-07-01T15:49:29,1662,1662,0,1.0,227,7.306
b172d003-1aea-4250-a26c-21690dd10e24,2026-07-01T15:49:29,1662,1662,0,1.0,227,7.306
b172d003-1aea-4250-a26c-21690dd10e24,2026-07-01T15:49:29,1662,1662,0,1.0,227,7.298
b172d003-1aea-4250-a26c-21690dd10e24,2026-07-01T15:49:29,1662,1662,0,1.0,227,7.298
b172d003-1aea-4250-a26c-21690dd10e24,2026-07-01T15:49:29,1660,1660,0,1.0,227,7.298
b172d003-1aea-4250-a26c-21690dd10e24,2026-07-01T15:49:29,1660,1660,0,1.0,227,7.298
b172d003-1aea-4250-a26c-21690dd10e24,2026-07-01T15:49:30,1660,1660,0,1.0,227,7.298
b172d003-1aea-4250-a26c-21690dd10e24,2026-07-01T15:49:30,1660,1660,0,1.0,227,7.298
b172d003-1aea-4250-a26c-21690dd10e24,2026-07-01T15:49:30,1660,1660,0,1.0,227,7.298
b172d003-1aea-4250-a26c-21690dd10e24,2026-07-01T15:49:30,1660,1660,0,1.0,227,7.298
b172d003-1aea-4250-a26c-21690dd10e24,2026-07-01T15:49:30,1660,1660,0,1.0,227,7.298
b172d003-1aea-4250-a26c-21690dd10e24,2026-07-01T15:49:30,1658,1658,0,1.0,226,7.298
b172d003-1aea-4250-a26c-21690dd10e24,2026-07-01T15:49:30,1658,1658,0,1.0,226,7.298
b172d003-1aea-4250-a26c-21690dd10e24,2026-07-01T15:49:30,1658,1658,0,1.0,226,7.298
b172d003-1aea-4250-a26c-21690dd10e24,2026-07-01T15:49:30,1660,1660,0,1.0,226,7.298
b172d003-1aea-4250-a26c-21690dd10e24,2026-07-01T15:49:30,1660,1660,0,1.0,226,7.298
b172d003-1aea-4250-a26c-21690dd10e24,2026-07-01T15:49:30,1660,1660,0,1.0,226,7.298
b172d003-1aea-4250-a26c-21690dd10e24,2026-07-01T15:49:30,1658,1658,0,1.0,226,7.298
b172d003-1aea-4250-a26c-21690dd10e24,2026-07-01T15:49:30,1658,1658,0,1.0,226,7.298
b172d003-1aea-4250-a26c-21690dd10e24,2026-07-01T15:49:30,1658,1658,0,1.0,226,7.298
b172d003-1aea-4250-a26c-21690dd10e24,2026-07-01T15:49:31,1660,1660,0,1.0,226,7.298
b172d003-1aea-4250-a26c-21690dd10e24,2026-07-01T15:49:31,1660,1660,0,1.0,226,7.298
b172d003-1aea-4250-a26c-21690dd10e24,2026-07-01T15:49:31,1660,1660,0,1.0,226,7.298
b172d003-1aea-4250-a26c-21690dd10e24,2026-07-01T15:49:31,1660,1660,0,1.0,226,7.298
b172d003-1aea-4250-a26c-21690dd10e24,2026-07-01T15:49:31,1660,1660,0,1.0,226,7.294
b172d003-1aea-4250-a26c-21690dd10e24,2026-07-01T15:49:31,1660,1660,0,1.0,226,7.294
b172d003-1aea-4250-a26c-21690dd10e24,2026-07-01T15:49:31,1660,1660,0,1.0,226,7.294
b172d003-1aea-4250-a26c-21690dd10e24,2026-07-01T15:49:31,1660,1660,0,1.0,226,7.294
b172d003-1aea-4250-a26c-21690dd10e24,2026-07-01T15:49:31,1660,1660,0,1.0,226,7.294
b172d003-1aea-4250-a26c-21690dd10e24,2026-07-01T15:49:31,1660,1660,0,1.0,226,7.294
b172d003-1aea-4250-a26c-21690dd10e24,2026-07-01T15:49:31,1660,1660,0,1.0,226,7.294
b172d003-1aea-4250-a26c-21690dd10e24,2026-07-01T15:49:31,1660,1660,0,1.0,226,7.294
b172d003-1aea-4250-a26c-21690dd10e24,2026-07-01T15:49:31,1662,1662,0,1.0,226,7.294
b172d003-1aea-4250-a26c-21690dd10e24,2026-07-01T15:49:31,1662,1662,0,1.0,226,7.294
b172d003-1aea-4250-a26c-21690dd10e24,2026-07-01T15:49:31,1662,1662,0,1.0,226,7.294
b172d003-1aea-4250-a26c-21690dd10e24,2026-07-01T15:49:32,1660,1660,0,1.0,226,7.294
b172d003-1aea-4250-a26c-21690dd10e24,2026-07-01T15:49:32,1660,1660,0,1.0,226,7.294
b172d003-1aea-4250-a26c-21690dd10e24,2026-07-01T15:49:32,1660,1660,0,1.0,226,7.294
b172d003-1aea-4250-a26c-21690dd10e24,2026-07-01T15:49:32,887,1649,1391,0.54,226,7.294
b172d003-1aea-4250-a26c-21690dd10e24,2026-07-01T15:49:32,887,1649,1391,0.54,226,7.294
b172d003-1aea-4250-a26c-21690dd10e24,2026-07-01T15:49:32,12,1649,1649,0.01,226,7.294
b172d003-1aea-4250-a26c-21690dd10e24,2026-07-01T15:49:32,12,1649,1649,0.01,226,7.294
b172d003-1aea-4250-a26c-21690dd10e24,2026-07-01T15:49:33,4,1649,1649,0.0,226,7.294
b172d003-1aea-4250-a26c-21690dd10e24,2026-07-01T15:49:33,4,1649,1649,0.0,226,7.294
b172d003-1aea-4250-a26c-21690dd10e24,2026-07-01T15:49:34,4,10,9,0.42,226,0.044
b172d003-1aea-4250-a26c-21690dd10e24,2026-07-01T15:49:34,4,10,9,0.42,230,0.044
b172d003-1aea-4250-a26c-21690dd10e24,2026-07-01T15:49:34,4,10,9,0.42,230,0.044
b172d003-1aea-4250-a26c-21690dd10e24,2026-07-01T15:49:34,4,10,9,0.42,230,0.044
b172d003-1aea-4250-a26c-21690dd10e24,2026-07-01T15:49:34,4,10,9,0.42,230,0.044
b172d003-1aea-4250-a26c-21690dd10e24,2026-07-01T15:49:34,4,10,9,0.42,230,0.044
b172d003-1aea-4250-a26c-21690dd10e24,2026-07-01T15:49:34,4,10,9,0.42,230,0.044
b172d003-1aea-4250-a26c-21690dd10e24,2026-07-01T15:49:34,4,10,9,0.42,230,0.044
b172d003-1aea-4250-a26c-21690dd10e24,2026-07-01T15:49:34,4,10,9,0.42,230,0.044
b172d003-1aea-4250-a26c-21690dd10e24,2026-07-01T15:49:35,4,10,9,0.43,230,0.044
b172d003-1aea-4250-a26c-21690dd10e24,2026-07-01T15:49:35,4,10,9,0.43,230,0.044
b172d003-1aea-4250-a26c-21690dd10e24,2026-07-01T15:49:35,4,10,9,0.43,230,0.044
b172d003-1aea-4250-a26c-21690dd10e24,2026-07-01T15:49:35,4,10,9,0.42,230,0.044
b172d003-1aea-4250-a26c-21690dd10e24,2026-07-01T15:49:35,4,10,9,0.42,230,0.044
b172d003-1aea-4250-a26c-21690dd10e24,2026-07-01T15:49:35,4,10,9,0.42,230,0.044
b172d003-1aea-4250-a26c-21690dd10e24,2026-07-01T15:49:35,4,10,9,0.42,230,0.044
b172d003-1aea-4250-a26c-21690dd10e24,2026-07-01T15:49:35,4,10,9,0.42,230,0.044
b172d003-1aea-4250-a26c-21690dd10e24,2026-07-01T15:49:35,4,10,9,0.42,230,0.044
b172d003-1aea-4250-a26c-21690dd10e24,2026-07-01T15:49:35,4,10,9,0.42,230,0.044
b172d003-1aea-4250-a26c-21690dd10e24,2026-07-01T15:49:35,4,10,9,0.42,230,0.044
b172d003-1aea-4250-a26c-21690dd10e24,2026-07-01T15:49:35,4,10,9,0.42,230,0.044
b172d003-1aea-4250-a26c-21690dd10e24,2026-07-01T15:49:36,4,10,9,0.45,230,0.042
b172d003-1aea-4250-a26c-21690dd10e24,2026-07-01T15:49:36,4,10,9,0.45,230,0.042
b172d003-1aea-4250-a26c-21690dd10e24,2026-07-01T15:49:36,4,10,9,0.45,230,0.042
b172d003-1aea-4250-a26c-21690dd10e24,2026-07-01T15:49:36,4,10,9,0.46,230,0.042
b172d003-1aea-4250-a26c-21690dd10e24,2026-07-01T15:49:36,4,10,9,0.46,230,0.042
b172d003-1aea-4250-a26c-21690dd10e24,2026-07-01T15:49:36,4,10,9,0.45,230,0.042
b172d003-1aea-4250-a26c-21690dd10e24,2026-07-01T15:49:36,4,10,9,0.45,230,0.042
b172d003-1aea-4250-a26c-21690dd10e24,2026-07-01T15:49:36,4,10,9,0.44,231,0.042
b172d003-1aea-4250-a26c-21690dd10e24,2026-07-01T15:49:36,4,10,9,0.44,231,0.042
b172d003-1aea-4250-a26c-21690dd10e24,2026-07-01T15:49:37,4,10,9,0.43,231,0.042
b172d003-1aea-4250-a26c-21690dd10e24,2026-07-01T15:49:37,4,10,9,0.43,231,0.042
b172d003-1aea-4250-a26c-21690dd10e24,2026-07-01T15:49:37,4,10,9,0.43,231,0.042
b172d003-1aea-4250-a26c-21690dd10e24,2026-07-01T15:49:37,4,10,9,0.43,231,0.042
b172d003-1aea-4250-a26c-21690dd10e24,2026-07-01T15:49:37,4,10,9,0.44,231,0.042
b172d003-1aea-4250-a26c-21690dd10e24,2026-07-01T15:49:37,4,10,9,0.44,231,0.042
b172d003-1aea-4250-a26c-21690dd10e24,2026-07-01T15:49:37,4,10,9,0.44,231,0.042
b172d003-1aea-4250-a26c-21690dd10e24,2026-07-01T15:49:37,4,10,9,0.44,231,0.042
b172d003-1aea-4250-a26c-21690dd10e24,2026-07-01T15:49:37,4,10,9,0.44,231,0.042
b172d003-1aea-4250-a26c-21690dd10e24,2026-07-01T15:49:37,4,10,9,0.44,231,0.042
b172d003-1aea-4250-a26c-21690dd10e24,2026-07-01T15:49:37,4,10,9,0.42,231,0.042
b172d003-1aea-4250-a26c-21690dd10e24,2026-07-01T15:49:38,4,10,9,0.42,231,0.042
b172d003-1aea-4250-a26c-21690dd10e24,2026-07-01T15:49:38,4,10,9,0.42,231,0.042
b172d003-1aea-4250-a26c-21690dd10e24,2026-07-01T15:49:38,4,10,9,0.45,231,0.042
b172d003-1aea-4250-a26c-21690dd10e24,2026-07-01T15:49:38,4,10,9,0.45,231,0.042
b172d003-1aea-4250-a26c-21690dd10e24,2026-07-01T15:49:38,4,10,9,0.45,231,0.042
b172d003-1aea-4250-a26c-21690dd10e24,2026-07-01T15:49:38,4,10,9,0.44,231,0.042
b172d003-1aea-4250-a26c-21690dd10e24,2026-07-01T15:49:38,4,10,9,0.44,231,0.042
b172d003-1aea-4250-a26c-21690dd10e24,2026-07-01T15:49:38,4,10,9,0.44,231,0.042
b172d003-1aea-4250-a26c-21690dd10e24,2026-07-01T15:49:38,4,10,9,0.44,231,0.042
b172d003-1aea-4250-a26c-21690dd10e24,2026-07-01T15:49:38,4,10,9,0.42,231,0.042
b172d003-1aea-4250-a26c-21690dd10e24,2026-07-01T15:49:38,4,10,9,0.42,231,0.042
b172d003-1aea-4250-a26c-21690dd10e24,2026-07-01T15:49:38,4,10,9,0.42,231,0.042
b172d003-1aea-4250-a26c-21690dd10e24,2026-07-01T15:49:39,4,10,9,0.42,231,0.042
b172d003-1aea-4250-a26c-21690dd10e24,2026-07-01T15:49:39,4,10,9,0.42,231,0.042
b172d003-1aea-4250-a26c-21690dd10e24,2026-07-01T15:49:39,4,10,9,0.43,230,0.042
b172d003-1aea-4250-a26c-21690dd10e24,2026-07-01T15:49:39,4,10,9,0.43,230,0.042
b172d003-1aea-4250-a26c-21690dd10e24,2026-07-01T15:49:39,4,10,9,0.43,230,0.042
b172d003-1aea-4250-a26c-21690dd10e24,2026-07-01T15:49:39,4,10,9,0.43,230,0.042
b172d003-1aea-4250-a26c-21690dd10e24,2026-07-01T15:49:39,4,10,9,0.43,230,0.042
b172d003-1aea-4250-a26c-21690dd10e24,2026-07-01T15:49:39,4,10,9,0.43,230,0.042
b172d003-1aea-4250-a26c-21690dd10e24,2026-07-01T15:49:39,4,10,9,0.43,230,0.042
b172d003-1aea-4250-a26c-21690dd10e24,2026-07-01T15:49:39,4,10,9,0.43,230,0.042
b172d003-1aea-4250-a26c-21690dd10e24,2026-07-01T15:49:40,4,10,9,0.43,230,0.042
b172d003-1aea-4250-a26c-21690dd10e24,2026-07-01T15:49:40,4,10,9,0.43,230,0.042
b172d003-1aea-4250-a26c-21690dd10e24,2026-07-01T15:49:40,4,10,9,0.43,230,0.042
b172d003-1aea-4250-a26c-21690dd10e24,2026-07-01T15:49:40,4,10,9,0.43,230,0.042
b172d003-1aea-4250-a26c-21690dd10e24,2026-07-01T15:49:40,4,10,9,0.42,230,0.042
b172d003-1aea-4250-a26c-21690dd10e24,2026-07-01T15:49:40,4,10,9,0.42,230,0.042
b172d003-1aea-4250-a26c-21690dd10e24,2026-07-01T15:49:40,4,10,9,0.42,230,0.042
b172d003-1aea-4250-a26c-21690dd10e24,2026-07-01T15:49:40,4,10,9,0.43,230,0.042
b172d003-1aea-4250-a26c-21690dd10e24,2026-07-01T15:49:40,4,10,9,0.43,230,0.042
b172d003-1aea-4250-a26c-21690dd10e24,2026-07-01T15:49:40,4,10,9,0.43,230,0.042
b172d003-1aea-4250-a26c-21690dd10e24,2026-07-01T15:49:40,4,10,9,0.43,230,0.042
b172d003-1aea-4250-a26c-21690dd10e24,2026-07-01T15:49:41,4,10,9,0.42,230,0.042
b172d003-1aea-4250-a26c-21690dd10e24,2026-07-01T15:49:41,4,10,9,0.42,230,0.042
b172d003-1aea-4250-a26c-21690dd10e24,2026-07-01T15:49:41,4,10,9,0.42,230,0.042
b172d003-1aea-4250-a26c-21690dd10e24,2026-07-01T15:49:41,4,10,9,0.42,230,0.042
b172d003-1aea-4250-a26c-21690dd10e24,2026-07-01T15:49:41,4,10,9,0.44,230,0.042
b172d003-1aea-4250-a26c-21690dd10e24,2026-07-01T15:49:41,4,10,9,0.44,230,0.042
b172d003-1aea-4250-a26c-21690dd10e24,2026-07-01T15:49:41,4,10,9,0.44,230,0.042
b172d003-1aea-4250-a26c-21690dd10e24,2026-07-01T15:49:41,4,10,9,0.44,230,0.042
b172d003-1aea-4250-a26c-21690dd10e24,2026-07-01T15:49:41,4,10,9,0.44,230,0.042
b172d003-1aea-4250-a26c-21690dd10e24,2026-07-01T15:49:41,4,10,9,0.43,230,0.042
b172d003-1aea-4250-a26c-21690dd10e24,2026-07-01T15:49:42,1689,1689,0,1.0,230,0.042
b172d003-1aea-4250-a26c-21690dd10e24,2026-07-01T15:49:42,1689,1689,0,1.0,230,0.042
b172d003-1aea-4250-a26c-21690dd10e24,2026-07-01T15:49:42,1689,1689,0,1.0,230,0.042
b172d003-1aea-4250-a26c-21690dd10e24,2026-07-01T15:49:42,1682,1697,227,0.99,230,7.369
b172d003-1aea-4250-a26c-21690dd10e24,2026-07-01T15:49:42,1682,1697,227,0.99,230,7.369
b172d003-1aea-4250-a26c-21690dd10e24,2026-07-01T15:49:42,1680,1697,241,0.99,230,7.369
b172d003-1aea-4250-a26c-21690dd10e24,2026-07-01T15:49:42,1680,1697,241,0.99,230,7.369
b172d003-1aea-4250-a26c-21690dd10e24,2026-07-01T15:49:42,1680,1697,241,0.99,230,7.369
b172d003-1aea-4250-a26c-21690dd10e24,2026-07-01T15:49:42,1680,1697,241,0.99,230,7.369
b172d003-1aea-4250-a26c-21690dd10e24,2026-07-01T15:49:43,1680,1697,241,0.99,230,7.369
b172d003-1aea-4250-a26c-21690dd10e24,2026-07-01T15:49:43,1680,1697,241,0.99,230,7.369
b172d003-1aea-4250-a26c-21690dd10e24,2026-07-01T15:49:43,1678,1678,0,1.0,227,7.369
b172d003-1aea-4250-a26c-21690dd10e24,2026-07-01T15:49:43,1678,1678,0,1.0,227,7.369
b172d003-1aea-4250-a26c-21690dd10e24,2026-07-01T15:49:43,1678,1678,0,1.0,227,7.369
b172d003-1aea-4250-a26c-21690dd10e24,2026-07-01T15:49:43,1678,1678,0,1.0,227,7.369
b172d003-1aea-4250-a26c-21690dd10e24,2026-07-01T15:49:43,1676,1676,0,1.0,227,7.369
b172d003-1aea-4250-a26c-21690dd10e24,2026-07-01T15:49:43,1676,1676,0,1.0,227,7.369
b172d003-1aea-4250-a26c-21690dd10e24,2026-07-01T15:49:44,1676,1676,0,1.0,227,7.348
b172d003-1aea-4250-a26c-21690dd10e24,2026-07-01T15:49:44,1676,1676,0,1.0,227,7.348
b172d003-1aea-4250-a26c-21690dd10e24,2026-07-01T15:49:44,1676,1676,0,1.0,227,7.348
b172d003-1aea-4250-a26c-21690dd10e24,2026-07-01T15:49:44,1676,1676,0,1.0,227,7.348
b172d003-1aea-4250-a26c-21690dd10e24,2026-07-01T15:49:44,1676,1676,0,1.0,227,7.348
b172d003-1aea-4250-a26c-21690dd10e24,2026-07-01T15:49:44,1676,1676,0,1.0,227,7.348
b172d003-1aea-4250-a26c-21690dd10e24,2026-07-01T15:49:44,1676,1676,0,1.0,227,7.348
b172d003-1aea-4250-a26c-21690dd10e24,2026-07-01T15:49:44,1676,1676,0,1.0,227,7.348
b172d003-1aea-4250-a26c-21690dd10e24,2026-07-01T15:49:44,1675,1675,0,1.0,227,7.348
b172d003-1aea-4250-a26c-21690dd10e24,2026-07-01T15:49:44,1675,1675,0,1.0,227,7.348
b172d003-1aea-4250-a26c-21690dd10e24,2026-07-01T15:49:44,1675,1675,0,1.0,227,7.348
b172d003-1aea-4250-a26c-21690dd10e24,2026-07-01T15:49:44,1675,1675,0,1.0,227,7.348
b172d003-1aea-4250-a26c-21690dd10e24,2026-07-01T15:49:44,1675,1675,0,1.0,227,7.348
b172d003-1aea-4250-a26c-21690dd10e24,2026-07-01T15:49:45,1675,1675,0,1.0,227,7.348
b172d003-1aea-4250-a26c-21690dd10e24,2026-07-01T15:49:45,1675,1675,0,1.0,227,7.348
b172d003-1aea-4250-a26c-21690dd10e24,2026-07-01T15:49:45,1675,1675,0,1.0,227,7.348
b172d003-1aea-4250-a26c-21690dd10e24,2026-07-01T15:49:45,1673,1673,0,1.0,227,7.348
b172d003-1aea-4250-a26c-21690dd10e24,2026-07-01T15:49:45,1673,1673,0,1.0,227,7.348
b172d003-1aea-4250-a26c-21690dd10e24,2026-07-01T15:49:45,1673,1673,0,1.0,227,7.348
b172d003-1aea-4250-a26c-21690dd10e24,2026-07-01T15:49:45,1673,1673,0,1.0,227,7.348
b172d003-1aea-4250-a26c-21690dd10e24,2026-07-01T15:49:45,1673,1673,0,1.0,227,7.336
b172d003-1aea-4250-a26c-21690dd10e24,2026-07-01T15:49:46,1673,1673,0,1.0,227,7.336
b172d003-1aea-4250-a26c-21690dd10e24,2026-07-01T15:49:46,1673,1673,0,1.0,227,7.336
b172d003-1aea-4250-a26c-21690dd10e24,2026-07-01T15:49:46,1673,1673,0,1.0,227,7.336
b172d003-1aea-4250-a26c-21690dd10e24,2026-07-01T15:49:46,1673,1673,0,1.0,227,7.336
b172d003-1aea-4250-a26c-21690dd10e24,2026-07-01T15:49:46,1673,1673,0,1.0,227,7.336
b172d003-1aea-4250-a26c-21690dd10e24,2026-07-01T15:49:46,1673,1673,0,1.0,227,7.336
b172d003-1aea-4250-a26c-21690dd10e24,2026-07-01T15:49:46,1673,1673,0,1.0,227,7.336
b172d003-1aea-4250-a26c-21690dd10e24,2026-07-01T15:49:46,1673,1673,0,1.0,227,7.336
b172d003-1aea-4250-a26c-21690dd10e24,2026-07-01T15:49:46,1673,1673,0,1.0,227,7.336
b172d003-1aea-4250-a26c-21690dd10e24,2026-07-01T15:49:47,1673,1673,0,1.0,227,7.336
b172d003-1aea-4250-a26c-21690dd10e24,2026-07-01T15:49:47,1673,1673,0,1.0,227,7.331
b172d003-1aea-4250-a26c-21690dd10e24,2026-07-01T15:49:47,1673,1673,0,1.0,227,7.331
b172d003-1aea-4250-a26c-21690dd10e24,2026-07-01T15:49:47,1673,1673,0,1.0,227,7.331
b172d003-1aea-4250-a26c-21690dd10e24,2026-07-01T15:49:47,1673,1673,0,1.0,227,7.331
b172d003-1aea-4250-a26c-21690dd10e24,2026-07-01T15:49:47,1673,1673,0,1.0,227,7.331
b172d003-1aea-4250-a26c-21690dd10e24,2026-07-01T15:49:47,1673,1673,0,1.0,227,7.331
b172d003-1aea-4250-a26c-21690dd10e24,2026-07-01T15:49:47,1673,1673,0,1.0,227,7.331
b172d003-1aea-4250-a26c-21690dd10e24,2026-07-01T15:49:48,1673,1673,0,1.0,227,7.331
b172d003-1aea-4250-a26c-21690dd10e24,2026-07-01T15:49:48,1673,1673,0,1.0,227,7.331
b172d003-1aea-4250-a26c-21690dd10e24,2026-07-01T15:49:48,1673,1673,0,1.0,227,7.331
b172d003-1aea-4250-a26c-21690dd10e24,2026-07-01T15:49:48,1673,1673,0,1.0,227,7.331
b172d003-1aea-4250-a26c-21690dd10e24,2026-07-01T15:49:48,1673,1673,0,1.0,227,7.331
b172d003-1aea-4250-a26c-21690dd10e24,2026-07-01T15:49:48,1673,1673,0,1.0,227,7.331
b172d003-1aea-4250-a26c-21690dd10e24,2026-07-01T15:49:48,1673,1673,0,1.0,227,7.331
b172d003-1aea-4250-a26c-21690dd10e24,2026-07-01T15:49:48,1673,1673,0,1.0,227,7.331
b172d003-1aea-4250-a26c-21690dd10e24,2026-07-01T15:49:48,1673,1673,0,1.0,227,7.331
b172d003-1aea-4250-a26c-21690dd10e24,2026-07-01T15:49:48,1673,1673,0,1.0,227,7.331
b172d003-1aea-4250-a26c-21690dd10e24,2026-07-01T15:49:48,1673,1673,0,1.0,227,7.331
b172d003-1aea-4250-a26c-21690dd10e24,2026-07-01T15:49:49,1673,1673,0,1.0,227,7.331
b172d003-1aea-4250-a26c-21690dd10e24,2026-07-01T15:49:49,1673,1673,0,1.0,227,7.331
b172d003-1aea-4250-a26c-21690dd10e24,2026-07-01T15:49:49,1673,1673,0,1.0,227,7.331
b172d003-1aea-4250-a26c-21690dd10e24,2026-07-01T15:49:49,1673,1673,0,1.0,227,7.331
b172d003-1aea-4250-a26c-21690dd10e24,2026-07-01T15:49:49,1673,1673,0,1.0,227,7.331
b172d003-1aea-4250-a26c-21690dd10e24,2026-07-01T15:49:49,1673,1673,0,1.0,227,7.331
b172d003-1aea-4250-a26c-21690dd10e24,2026-07-01T15:49:49,1673,1673,0,1.0,227,7.331
b172d003-1aea-4250-a26c-21690dd10e24,2026-07-01T15:49:49,1673,1673,0,1.0,227,7.331
b172d003-1aea-4250-a26c-21690dd10e24,2026-07-01T15:49:49,1673,1673,0,1.0,227,7.331
b172d003-1aea-4250-a26c-21690dd10e24,2026-07-01T15:49:49,1673,1673,0,1.0,227,7.331
b172d003-1aea-4250-a26c-21690dd10e24,2026-07-01T15:49:50,1673,1673,0,1.0,227,7.331
b172d003-1aea-4250-a26c-21690dd10e24,2026-07-01T15:49:50,1673,1673,0,1.0,227,7.331
b172d003-1aea-4250-a26c-21690dd10e24,2026-07-01T15:49:50,1671,1671,0,1.0,227,7.331
b172d003-1aea-4250-a26c-21690dd10e24,2026-07-01T15:49:50,1671,1671,0,1.0,227,7.331
b172d003-1aea-4250-a26c-21690dd10e24,2026-07-01T15:49:50,1671,1671,0,1.0,227,7.323
b172d003-1aea-4250-a26c-21690dd10e24,2026-07-01T15:49:50,1671,1671,0,1.0,227,7.323
b172d003-1aea-4250-a26c-21690dd10e24,2026-07-01T15:49:50,1671,1671,0,1.0,227,7.323
b172d003-1aea-4250-a26c-21690dd10e24,2026-07-01T15:49:50,1671,1671,0,1.0,227,7.323
b172d003-1aea-4250-a26c-21690dd10e24,2026-07-01T15:49:50,1671,1671,0,1.0,227,7.323
b172d003-1aea-4250-a26c-21690dd10e24,2026-07-01T15:49:50,1671,1671,0,1.0,227,7.323
b172d003-1aea-4250-a26c-21690dd10e24,2026-07-01T15:49:51,1671,1671,0,1.0,227,7.323
b172d003-1aea-4250-a26c-21690dd10e24,2026-07-01T15:49:51,1671,1671,0,1.0,227,7.323
b172d003-1aea-4250-a26c-21690dd10e24,2026-07-01T15:49:51,1671,1671,0,1.0,227,7.323
b172d003-1aea-4250-a26c-21690dd10e24,2026-07-01T15:49:51,1671,1671,0,1.0,227,7.323
b172d003-1aea-4250-a26c-21690dd10e24,2026-07-01T15:49:51,1673,1673,0,1.0,227,7.323
b172d003-1aea-4250-a26c-21690dd10e24,2026-07-01T15:49:51,1673,1673,0,1.0,227,7.323
b172d003-1aea-4250-a26c-21690dd10e24,2026-07-01T15:49:51,1671,1671,0,1.0,227,7.323
b172d003-1aea-4250-a26c-21690dd10e24,2026-07-01T15:49:51,1671,1671,0,1.0,227,7.323
b172d003-1aea-4250-a26c-21690dd10e24,2026-07-01T15:49:51,1671,1671,0,1.0,227,7.323
b172d003-1aea-4250-a26c-21690dd10e24,2026-07-01T15:49:51,1671,1671,0,1.0,227,7.323
b172d003-1aea-4250-a26c-21690dd10e24,2026-07-01T15:49:51,1671,1671,0,1.0,227,7.323
b172d003-1aea-4250-a26c-21690dd10e24,2026-07-01T15:49:52,1671,1671,0,1.0,227,7.327
b172d003-1aea-4250-a26c-21690dd10e24,2026-07-01T15:49:52,1671,1671,0,1.0,227,7.327
b172d003-1aea-4250-a26c-21690dd10e24,2026-07-01T15:49:52,1671,1671,0,1.0,227,7.327
b172d003-1aea-4250-a26c-21690dd10e24,2026-07-01T15:49:52,1671,1671,0,1.0,227,7.327
b172d003-1aea-4250-a26c-21690dd10e24,2026-07-01T15:49:52,1671,1671,0,1.0,227,7.327
b172d003-1aea-4250-a26c-21690dd10e24,2026-07-01T15:49:52,1671,1671,0,1.0,227,7.327
b172d003-1aea-4250-a26c-21690dd10e24,2026-07-01T15:49:52,1671,1671,0,1.0,227,7.327
b172d003-1aea-4250-a26c-21690dd10e24,2026-07-01T15:49:52,1671,1671,0,1.0,227,7.327
b172d003-1aea-4250-a26c-21690dd10e24,2026-07-01T15:49:52,1671,1671,0,1.0,227,7.327
b172d003-1aea-4250-a26c-21690dd10e24,2026-07-01T15:49:52,1671,1671,0,1.0,227,7.327
b172d003-1aea-4250-a26c-21690dd10e24,2026-07-01T15:49:52,1671,1671,0,1.0,227,7.327
b172d003-1aea-4250-a26c-21690dd10e24,2026-07-01T15:49:52,1671,1671,0,1.0,227,7.327
b172d003-1aea-4250-a26c-21690dd10e24,2026-07-01T15:49:53,1671,1671,0,1.0,227,7.327
b172d003-1aea-4250-a26c-21690dd10e24,2026-07-01T15:49:53,1671,1671,0,1.0,227,7.327
b172d003-1aea-4250-a26c-21690dd10e24,2026-07-01T15:49:53,1671,1671,0,1.0,227,7.327
b172d003-1aea-4250-a26c-21690dd10e24,2026-07-01T15:49:53,1671,1671,0,1.0,227,7.327
b172d003-1aea-4250-a26c-21690dd10e24,2026-07-01T15:49:53,1671,1671,0,1.0,227,7.327
b172d003-1aea-4250-a26c-21690dd10e24,2026-07-01T15:49:53,1671,1671,0,1.0,227,7.327
b172d003-1aea-4250-a26c-21690dd10e24,2026-07-01T15:49:53,1671,1671,0,1.0,227,7.327
b172d003-1aea-4250-a26c-21690dd10e24,2026-07-01T15:49:53,1671,1671,0,1.0,227,7.327
b172d003-1aea-4250-a26c-21690dd10e24,2026-07-01T15:49:53,1671,1671,0,1.0,227,7.323
b172d003-1aea-4250-a26c-21690dd10e24,2026-07-01T15:49:53,1671,1671,0,1.0,227,7.323
b172d003-1aea-4250-a26c-21690dd10e24,2026-07-01T15:49:53,1671,1671,0,1.0,227,7.323
b172d003-1aea-4250-a26c-21690dd10e24,2026-07-01T15:49:53,1671,1671,0,1.0,227,7.323
b172d003-1aea-4250-a26c-21690dd10e24,2026-07-01T15:49:54,1671,1671,0,1.0,227,7.323
b172d003-1aea-4250-a26c-21690dd10e24,2026-07-01T15:49:54,1671,1671,0,1.0,227,7.323
b172d003-1aea-4250-a26c-21690dd10e24,2026-07-01T15:49:54,1667,1667,0,1.0,227,7.323
b172d003-1aea-4250-a26c-21690dd10e24,2026-07-01T15:49:54,1667,1667,0,1.0,227,7.323
b172d003-1aea-4250-a26c-21690dd10e24,2026-07-01T15:49:54,1667,1667,0,1.0,227,7.323
b172d003-1aea-4250-a26c-21690dd10e24,2026-07-01T15:49:54,1667,1667,0,1.0,227,7.323
b172d003-1aea-4250-a26c-21690dd10e24,2026-07-01T15:49:54,1667,1667,0,1.0,227,7.323
b172d003-1aea-4250-a26c-21690dd10e24,2026-07-01T15:49:54,1667,1667,0,1.0,227,7.323
b172d003-1aea-4250-a26c-21690dd10e24,2026-07-01T15:49:54,1667,1667,0,1.0,227,7.323
b172d003-1aea-4250-a26c-21690dd10e24,2026-07-01T15:49:54,1667,1667,0,1.0,227,7.323
b172d003-1aea-4250-a26c-21690dd10e24,2026-07-01T15:49:54,1669,1669,0,1.0,227,7.323
b172d003-1aea-4250-a26c-21690dd10e24,2026-07-01T15:49:54,1669,1669,0,1.0,227,7.323
b172d003-1aea-4250-a26c-21690dd10e24,2026-07-01T15:49:55,1669,1669,0,1.0,227,7.323
b172d003-1aea-4250-a26c-21690dd10e24,2026-07-01T15:49:55,1669,1669,0,1.0,227,7.323
b172d003-1aea-4250-a26c-21690dd10e24,2026-07-01T15:49:55,1669,1669,0,1.0,227,7.323
b172d003-1aea-4250-a26c-21690dd10e24,2026-07-01T15:49:55,1671,1671,0,1.0,227,7.319
b172d003-1aea-4250-a26c-21690dd10e24,2026-07-01T15:49:55,1671,1671,0,1.0,227,7.319
b172d003-1aea-4250-a26c-21690dd10e24,2026-07-01T15:49:55,1671,1671,0,1.0,227,7.319
b172d003-1aea-4250-a26c-21690dd10e24,2026-07-01T15:49:55,1671,1671,0,1.0,227,7.319
b172d003-1aea-4250-a26c-21690dd10e24,2026-07-01T15:49:55,1671,1671,0,1.0,227,7.319
b172d003-1aea-4250-a26c-21690dd10e24,2026-07-01T15:49:55,1671,1671,0,1.0,227,7.319
b172d003-1aea-4250-a26c-21690dd10e24,2026-07-01T15:49:55,1671,1671,0,1.0,227,7.319
b172d003-1aea-4250-a26c-21690dd10e24,2026-07-01T15:49:55,1671,1671,0,1.0,227,7.319
b172d003-1aea-4250-a26c-21690dd10e24,2026-07-01T15:49:55,1671,1671,0,1.0,227,7.319
b172d003-1aea-4250-a26c-21690dd10e24,2026-07-01T15:49:55,1671,1671,0,1.0,227,7.319
b172d003-1aea-4250-a26c-21690dd10e24,2026-07-01T15:49:56,1671,1671,0,1.0,227,7.319
b172d003-1aea-4250-a26c-21690dd10e24,2026-07-01T15:49:56,1671,1671,0,1.0,227,7.319
b172d003-1aea-4250-a26c-21690dd10e24,2026-07-01T15:49:56,1671,1671,0,1.0,227,7.319
b172d003-1aea-4250-a26c-21690dd10e24,2026-07-01T15:49:56,1671,1671,0,1.0,227,7.319
b172d003-1aea-4250-a26c-21690dd10e24,2026-07-01T15:49:56,1671,1671,0,1.0,227,7.319
b172d003-1aea-4250-a26c-21690dd10e24,2026-07-01T15:49:56,1671,1671,0,1.0,227,7.319
b172d003-1aea-4250-a26c-21690dd10e24,2026-07-01T15:49:56,1671,1671,0,1.0,227,7.319
b172d003-1aea-4250-a26c-21690dd10e24,2026-07-01T15:49:56,1671,1671,0,1.0,227,7.319
b172d003-1aea-4250-a26c-21690dd10e24,2026-07-01T15:49:56,1671,1671,0,1.0,227,7.319
b172d003-1aea-4250-a26c-21690dd10e24,2026-07-01T15:49:56,1671,1671,0,1.0,227,7.319
b172d003-1aea-4250-a26c-21690dd10e24,2026-07-01T15:49:56,1671,1671,0,1.0,227,7.319
b172d003-1aea-4250-a26c-21690dd10e24,2026-07-01T15:49:56,1671,1671,0,1.0,227,7.323
b172d003-1aea-4250-a26c-21690dd10e24,2026-07-01T15:49:56,1671,1671,0,1.0,227,7.323
b172d003-1aea-4250-a26c-21690dd10e24,2026-07-01T15:49:57,1671,1671,0,1.0,227,7.323
b172d003-1aea-4250-a26c-21690dd10e24,2026-07-01T15:49:57,1671,1671,0,1.0,227,7.323
b172d003-1aea-4250-a26c-21690dd10e24,2026-07-01T15:49:57,1671,1671,0,1.0,227,7.323
b172d003-1aea-4250-a26c-21690dd10e24,2026-07-01T15:49:57,1671,1671,0,1.0,227,7.323
b172d003-1aea-4250-a26c-21690dd10e24,2026-07-01T15:49:57,1671,1671,0,1.0,227,7.323
b172d003-1aea-4250-a26c-21690dd10e24,2026-07-01T15:49:57,1671,1671,0,1.0,227,7.323
b172d003-1aea-4250-a26c-21690dd10e24,2026-07-01T15:49:57,1671,1671,0,1.0,227,7.323
b172d003-1aea-4250-a26c-21690dd10e24,2026-07-01T15:49:57,1671,1671,0,1.0,227,7.323
b172d003-1aea-4250-a26c-21690dd10e24,2026-07-01T15:49:57,1671,1671,0,1.0,227,7.323
b172d003-1aea-4250-a26c-21690dd10e24,2026-07-01T15:49:57,1671,1671,0,1.0,227,7.323
b172d003-1aea-4250-a26c-21690dd10e24,2026-07-01T15:49:58,1671,1671,0,1.0,227,7.323
b172d003-1aea-4250-a26c-21690dd10e24,2026-07-01T15:49:58,1671,1671,0,1.0,227,7.323
b172d003-1aea-4250-a26c-21690dd10e24,2026-07-01T15:49:58,1671,1671,0,1.0,227,7.323
b172d003-1aea-4250-a26c-21690dd10e24,2026-07-01T15:49:58,1671,1671,0,1.0,227,7.323
b172d003-1aea-4250-a26c-21690dd10e24,2026-07-01T15:49:58,1671,1671,0,1.0,227,7.323
b172d003-1aea-4250-a26c-21690dd10e24,2026-07-01T15:49:58,1671,1671,0,1.0,227,7.323
b172d003-1aea-4250-a26c-21690dd10e24,2026-07-01T15:49:58,1671,1671,0,1.0,227,7.323
b172d003-1aea-4250-a26c-21690dd10e24,2026-07-01T15:49:58,1671,1671,0,1.0,227,7.323
b172d003-1aea-4250-a26c-21690dd10e24,2026-07-01T15:49:58,1673,1673,0,1.0,227,7.323
b172d003-1aea-4250-a26c-21690dd10e24,2026-07-01T15:49:58,1673,1673,0,1.0,227,7.323
b172d003-1aea-4250-a26c-21690dd10e24,2026-07-01T15:49:58,1671,1671,0,1.0,227,7.323
b172d003-1aea-4250-a26c-21690dd10e24,2026-07-01T15:49:58,1671,1671,0,1.0,227,7.323
b172d003-1aea-4250-a26c-21690dd10e24,2026-07-01T15:49:58,1671,1671,0,1.0,227,7.323
b172d003-1aea-4250-a26c-21690dd10e24,2026-07-01T15:49:59,1671,1671,0,1.0,227,7.323
b172d003-1aea-4250-a26c-21690dd10e24,2026-07-01T15:49:59,1671,1671,0,1.0,227,7.323
b172d003-1aea-4250-a26c-21690dd10e24,2026-07-01T15:49:59,1669,1669,0,1.0,227,7.323
b172d003-1aea-4250-a26c-21690dd10e24,2026-07-01T15:49:59,1669,1669,0,1.0,227,7.323
b172d003-1aea-4250-a26c-21690dd10e24,2026-07-01T15:49:59,1669,1669,0,1.0,227,7.323
b172d003-1aea-4250-a26c-21690dd10e24,2026-07-01T15:49:59,1667,1667,0,1.0,227,7.323
b172d003-1aea-4250-a26c-21690dd10e24,2026-07-01T15:49:59,1667,1667,0,1.0,227,7.323
b172d003-1aea-4250-a26c-21690dd10e24,2026-07-01T15:49:59,1667,1667,0,1.0,227,7.323
b172d003-1aea-4250-a26c-21690dd10e24,2026-07-01T15:49:59,1667,1667,0,1.0,227,7.323
b172d003-1aea-4250-a26c-21690dd10e24,2026-07-01T15:49:59,1667,1667,0,1.0,227,7.323
b172d003-1aea-4250-a26c-21690dd10e24,2026-07-01T15:49:59,1667,1667,0,1.0,227,7.323
b172d003-1aea-4250-a26c-21690dd10e24,2026-07-01T15:49:59,1667,1667,0,1.0,227,7.323
b172d003-1aea-4250-a26c-21690dd10e24,2026-07-01T15:49:59,1667,1667,0,1.0,227,7.323
b172d003-1aea-4250-a26c-21690dd10e24,2026-07-01T15:49:59,1667,1667,0,1.0,227,7.323
b172d003-1aea-4250-a26c-21690dd10e24,2026-07-01T15:50:00,1667,1667,0,1.0,227,7.315
b172d003-1aea-4250-a26c-21690dd10e24,2026-07-01T15:50:00,1667,1667,0,1.0,227,7.315
b172d003-1aea-4250-a26c-21690dd10e24,2026-07-01T15:50:00,1667,1667,0,1.0,227,7.315
b172d003-1aea-4250-a26c-21690dd10e24,2026-07-01T15:50:00,1667,1667,0,1.0,227,7.315
b172d003-1aea-4250-a26c-21690dd10e24,2026-07-01T15:50:00,1667,1667,0,1.0,227,7.315
b172d003-1aea-4250-a26c-21690dd10e24,2026-07-01T15:50:00,1667,1667,0,1.0,227,7.315
b172d003-1aea-4250-a26c-21690dd10e24,2026-07-01T15:50:00,1669,1669,0,1.0,227,7.315
b172d003-1aea-4250-a26c-21690dd10e24,2026-07-01T15:50:00,1669,1669,0,1.0,227,7.315
b172d003-1aea-4250-a26c-21690dd10e24,2026-07-01T15:50:00,1669,1669,0,1.0,227,7.315
b172d003-1aea-4250-a26c-21690dd10e24,2026-07-01T15:50:00,1669,1669,0,1.0,227,7.315
b172d003-1aea-4250-a26c-21690dd10e24,2026-07-01T15:50:00,1669,1669,0,1.0,227,7.315
b172d003-1aea-4250-a26c-21690dd10e24,2026-07-01T15:50:00,1669,1669,0,1.0,227,7.315
b172d003-1aea-4250-a26c-21690dd10e24,2026-07-01T15:50:00,1669,1669,0,1.0,227,7.315
b172d003-1aea-4250-a26c-21690dd10e24,2026-07-01T15:50:01,1669,1669,0,1.0,227,7.315
b172d003-1aea-4250-a26c-21690dd10e24,2026-07-01T15:50:01,1669,1669,0,1.0,227,7.315
b172d003-1aea-4250-a26c-21690dd10e24,2026-07-01T15:50:01,1669,1669,0,1.0,227,7.315
b172d003-1aea-4250-a26c-21690dd10e24,2026-07-01T15:50:01,1669,1669,0,1.0,227,7.315
b172d003-1aea-4250-a26c-21690dd10e24,2026-07-01T15:50:01,1669,1669,0,1.0,227,7.315
b172d003-1aea-4250-a26c-21690dd10e24,2026-07-01T15:50:01,1669,1669,0,1.0,227,7.315
b172d003-1aea-4250-a26c-21690dd10e24,2026-07-01T15:50:01,1669,1669,0,1.0,227,7.315
b172d003-1aea-4250-a26c-21690dd10e24,2026-07-01T15:50:01,1669,1669,0,1.0,227,7.315
b172d003-1aea-4250-a26c-21690dd10e24,2026-07-01T15:50:01,1669,1669,0,1.0,227,7.315
b172d003-1aea-4250-a26c-21690dd10e24,2026-07-01T15:50:01,1669,1669,0,1.0,227,7.319
b172d003-1aea-4250-a26c-21690dd10e24,2026-07-01T15:50:01,1669,1669,0,1.0,227,7.319
b172d003-1aea-4250-a26c-21690dd10e24,2026-07-01T15:50:01,1671,1671,0,1.0,227,7.319
b172d003-1aea-4250-a26c-21690dd10e24,2026-07-01T15:50:02,1671,1671,0,1.0,227,7.319
b172d003-1aea-4250-a26c-21690dd10e24,2026-07-01T15:50:02,1671,1671,0,1.0,227,7.319
b172d003-1aea-4250-a26c-21690dd10e24,2026-07-01T15:50:02,1671,1671,0,1.0,227,7.319
b172d003-1aea-4250-a26c-21690dd10e24,2026-07-01T15:50:02,1671,1671,0,1.0,227,7.319
b172d003-1aea-4250-a26c-21690dd10e24,2026-07-01T15:50:02,1671,1671,0,1.0,227,7.319
b172d003-1aea-4250-a26c-21690dd10e24,2026-07-01T15:50:02,1671,1671,0,1.0,227,7.319
b172d003-1aea-4250-a26c-21690dd10e24,2026-07-01T15:50:02,1671,1671,0,1.0,227,7.319
b172d003-1aea-4250-a26c-21690dd10e24,2026-07-01T15:50:02,1671,1671,0,1.0,227,7.319
b172d003-1aea-4250-a26c-21690dd10e24,2026-07-01T15:50:02,1671,1671,0,1.0,227,7.319
b172d003-1aea-4250-a26c-21690dd10e24,2026-07-01T15:50:02,1671,1671,0,1.0,227,7.319
b172d003-1aea-4250-a26c-21690dd10e24,2026-07-01T15:50:02,1671,1671,0,1.0,227,7.319
b172d003-1aea-4250-a26c-21690dd10e24,2026-07-01T15:50:02,1671,1671,0,1.0,227,7.319
b172d003-1aea-4250-a26c-21690dd10e24,2026-07-01T15:50:02,1671,1671,0,1.0,227,7.319
b172d003-1aea-4250-a26c-21690dd10e24,2026-07-01T15:50:03,1671,1671,0,1.0,227,7.319
b172d003-1aea-4250-a26c-21690dd10e24,2026-07-01T15:50:03,1671,1671,0,1.0,227,7.319
b172d003-1aea-4250-a26c-21690dd10e24,2026-07-01T15:50:03,1671,1671,0,1.0,227,7.319
b172d003-1aea-4250-a26c-21690dd10e24,2026-07-01T15:50:03,1671,1671,0,1.0,227,7.319
b172d003-1aea-4250-a26c-21690dd10e24,2026-07-01T15:50:03,1671,1671,0,1.0,227,7.323
b172d003-1aea-4250-a26c-21690dd10e24,2026-07-01T15:50:03,1673,1673,0,1.0,227,7.323
b172d003-1aea-4250-a26c-21690dd10e24,2026-07-01T15:50:03,1673,1673,0,1.0,227,7.323
b172d003-1aea-4250-a26c-21690dd10e24,2026-07-01T15:50:03,1673,1673,0,1.0,227,7.323
b172d003-1aea-4250-a26c-21690dd10e24,2026-07-01T15:50:03,1673,1673,0,1.0,227,7.323
b172d003-1aea-4250-a26c-21690dd10e24,2026-07-01T15:50:03,1673,1673,0,1.0,227,7.323
b172d003-1aea-4250-a26c-21690dd10e24,2026-07-01T15:50:03,1673,1673,0,1.0,227,7.323
b172d003-1aea-4250-a26c-21690dd10e24,2026-07-01T15:50:03,1673,1673,0,1.0,227,7.323
b172d003-1aea-4250-a26c-21690dd10e24,2026-07-01T15:50:03,1673,1673,0,1.0,227,7.323
b172d003-1aea-4250-a26c-21690dd10e24,2026-07-01T15:50:04,1673,1673,0,1.0,227,7.323
b172d003-1aea-4250-a26c-21690dd10e24,2026-07-01T15:50:04,1673,1673,0,1.0,227,7.323
b172d003-1aea-4250-a26c-21690dd10e24,2026-07-01T15:50:04,1671,1671,0,1.0,227,7.323
b172d003-1aea-4250-a26c-21690dd10e24,2026-07-01T15:50:04,1671,1671,0,1.0,227,7.323
b172d003-1aea-4250-a26c-21690dd10e24,2026-07-01T15:50:04,1671,1671,0,1.0,227,7.323
b172d003-1aea-4250-a26c-21690dd10e24,2026-07-01T15:50:04,1671,1671,0,1.0,227,7.323
b172d003-1aea-4250-a26c-21690dd10e24,2026-07-01T15:50:04,1671,1671,0,1.0,227,7.323
b172d003-1aea-4250-a26c-21690dd10e24,2026-07-01T15:50:04,1671,1671,0,1.0,227,7.323
b172d003-1aea-4250-a26c-21690dd10e24,2026-07-01T15:50:04,1671,1671,0,1.0,227,7.323
b172d003-1aea-4250-a26c-21690dd10e24,2026-07-01T15:50:04,1671,1671,0,1.0,227,7.323
b172d003-1aea-4250-a26c-21690dd10e24,2026-07-01T15:50:04,1671,1671,0,1.0,227,7.319
b172d003-1aea-4250-a26c-21690dd10e24,2026-07-01T15:50:04,1671,1671,0,1.0,227,7.319
b172d003-1aea-4250-a26c-21690dd10e24,2026-07-01T15:50:04,1671,1671,0,1.0,227,7.319
b172d003-1aea-4250-a26c-21690dd10e24,2026-07-01T15:50:05,1673,1673,0,1.0,227,7.319
b172d003-1aea-4250-a26c-21690dd10e24,2026-07-01T15:50:05,1673,1673,0,1.0,227,7.319
b172d003-1aea-4250-a26c-21690dd10e24,2026-07-01T15:50:05,1673,1673,0,1.0,227,7.319
b172d003-1aea-4250-a26c-21690dd10e24,2026-07-01T15:50:05,1671,1671,0,1.0,227,7.319
b172d003-1aea-4250-a26c-21690dd10e24,2026-07-01T15:50:05,1671,1671,0,1.0,227,7.319
b172d003-1aea-4250-a26c-21690dd10e24,2026-07-01T15:50:05,1673,1673,0,1.0,227,7.319
b172d003-1aea-4250-a26c-21690dd10e24,2026-07-01T15:50:05,1673,1673,0,1.0,227,7.319
b172d003-1aea-4250-a26c-21690dd10e24,2026-07-01T15:50:05,1671,1671,0,1.0,227,7.319
b172d003-1aea-4250-a26c-21690dd10e24,2026-07-01T15:50:05,1671,1671,0,1.0,227,7.319
b172d003-1aea-4250-a26c-21690dd10e24,2026-07-01T15:50:05,1671,1671,0,1.0,227,7.319
b172d003-1aea-4250-a26c-21690dd10e24,2026-07-01T15:50:05,1671,1671,0,1.0,227,7.319
b172d003-1aea-4250-a26c-21690dd10e24,2026-07-01T15:50:05,1671,1671,0,1.0,227,7.319
b172d003-1aea-4250-a26c-21690dd10e24,2026-07-01T15:50:06,1671,1671,0,1.0,227,7.319
b172d003-1aea-4250-a26c-21690dd10e24,2026-07-01T15:50:06,1671,1671,0,1.0,227,7.319
b172d003-1aea-4250-a26c-21690dd10e24,2026-07-01T15:50:06,1671,1671,0,1.0,227,7.319
b172d003-1aea-4250-a26c-21690dd10e24,2026-07-01T15:50:06,1671,1671,0,1.0,227,7.319
b172d003-1aea-4250-a26c-21690dd10e24,2026-07-01T15:50:06,1671,1671,0,1.0,227,7.319
b172d003-1aea-4250-a26c-21690dd10e24,2026-07-01T15:50:06,1671,1671,0,1.0,227,7.319
b172d003-1aea-4250-a26c-21690dd10e24,2026-07-01T15:50:06,1671,1671,0,1.0,227,7.319
b172d003-1aea-4250-a26c-21690dd10e24,2026-07-01T15:50:06,836,1661,1436,0.5,227,7.319
b172d003-1aea-4250-a26c-21690dd10e24,2026-07-01T15:50:06,836,1661,1436,0.5,227,7.319
b172d003-1aea-4250-a26c-21690dd10e24,2026-07-01T15:50:06,836,1661,1436,0.5,227,7.319
b172d003-1aea-4250-a26c-21690dd10e24,2026-07-01T15:50:06,19,1661,1661,0.01,227,7.319
b172d003-1aea-4250-a26c-21690dd10e24,2026-07-01T15:50:06,19,1661,1661,0.01,227,7.319
b172d003-1aea-4250-a26c-21690dd10e24,2026-07-01T15:50:07,19,1661,1661,0.01,227,7.319
b172d003-1aea-4250-a26c-21690dd10e24,2026-07-01T15:50:07,19,1661,1661,0.01,227,7.319
b172d003-1aea-4250-a26c-21690dd10e24,2026-07-01T15:50:07,19,1688,1688,0.01,231,7.319
b172d003-1aea-4250-a26c-21690dd10e24,2026-07-01T15:50:07,19,1688,1688,0.01,231,7.319
b172d003-1aea-4250-a26c-21690dd10e24,2026-07-01T15:50:07,19,1688,1688,0.01,231,7.319
b172d003-1aea-4250-a26c-21690dd10e24,2026-07-01T15:50:07,19,1688,1688,0.01,231,7.319
b172d003-1aea-4250-a26c-21690dd10e24,2026-07-01T15:50:07,2,1688,1689,0.0,231,7.319
b172d003-1aea-4250-a26c-21690dd10e24,2026-07-01T15:50:07,2,1688,1689,0.0,231,7.319
b172d003-1aea-4250-a26c-21690dd10e24,2026-07-01T15:50:07,2,1688,1689,0.0,231,7.319
b172d003-1aea-4250-a26c-21690dd10e24,2026-07-01T15:50:07,2,1688,1689,0.0,231,7.319
b172d003-1aea-4250-a26c-21690dd10e24,2026-07-01T15:50:07,4,1688,1689,0.0,231,7.319
b172d003-1aea-4250-a26c-21690dd10e24,2026-07-01T15:50:07,4,1688,1689,0.0,231,7.319
b172d003-1aea-4250-a26c-21690dd10e24,2026-07-01T15:50:07,4,1688,1689,0.0,231,7.319
b172d003-1aea-4250-a26c-21690dd10e24,2026-07-01T15:50:08,4,1688,1689,0.0,231,7.319
b172d003-1aea-4250-a26c-21690dd10e24,2026-07-01T15:50:08,4,1688,1689,0.0,231,7.319
b172d003-1aea-4250-a26c-21690dd10e24,2026-07-01T15:50:08,4,1688,1689,0.0,231,7.319
b172d003-1aea-4250-a26c-21690dd10e24,2026-07-01T15:50:08,4,1688,1689,0.0,231,7.319
b172d003-1aea-4250-a26c-21690dd10e24,2026-07-01T15:50:09,4,10,9,0.42,231,0.043
b172d003-1aea-4250-a26c-21690dd10e24,2026-07-01T15:50:09,4,10,9,0.42,231,0.043
b172d003-1aea-4250-a26c-21690dd10e24,2026-07-01T15:50:09,4,10,9,0.42,231,0.043
b172d003-1aea-4250-a26c-21690dd10e24,2026-07-01T15:50:09,4,10,9,0.43,231,0.043
b172d003-1aea-4250-a26c-21690dd10e24,2026-07-01T15:50:09,4,10,9,0.41,231,0.043
b172d003-1aea-4250-a26c-21690dd10e24,2026-07-01T15:50:09,4,10,9,0.41,231,0.043
b172d003-1aea-4250-a26c-21690dd10e24,2026-07-01T15:50:09,4,10,9,0.41,231,0.043
b172d003-1aea-4250-a26c-21690dd10e24,2026-07-01T15:50:10,4,10,9,0.41,231,0.043
b172d003-1aea-4250-a26c-21690dd10e24,2026-07-01T15:50:10,4,10,9,0.41,231,0.043
b172d003-1aea-4250-a26c-21690dd10e24,2026-07-01T15:50:10,4,10,9,0.44,231,0.043
b172d003-1aea-4250-a26c-21690dd10e24,2026-07-01T15:50:10,4,10,9,0.44,231,0.043
b172d003-1aea-4250-a26c-21690dd10e24,2026-07-01T15:50:10,4,10,9,0.44,231,0.043
b172d003-1aea-4250-a26c-21690dd10e24,2026-07-01T15:50:10,4,10,9,0.44,231,0.043
b172d003-1aea-4250-a26c-21690dd10e24,2026-07-01T15:50:10,4,10,9,0.44,231,0.043
b172d003-1aea-4250-a26c-21690dd10e24,2026-07-01T15:50:10,4,10,9,0.43,231,0.043
b172d003-1aea-4250-a26c-21690dd10e24,2026-07-01T15:50:10,4,10,9,0.43,231,0.043
b172d003-1aea-4250-a26c-21690dd10e24,2026-07-01T15:50:10,4,10,9,0.43,231,0.043
b172d003-1aea-4250-a26c-21690dd10e24,2026-07-01T15:50:10,4,10,9,0.43,231,0.043
b172d003-1aea-4250-a26c-21690dd10e24,2026-07-01T15:50:10,4,10,9,0.43,231,0.043
b172d003-1aea-4250-a26c-21690dd10e24,2026-07-01T15:50:11,4,10,9,0.42,231,0.043
b172d003-1aea-4250-a26c-21690dd10e24,2026-07-01T15:50:11,4,10,9,0.42,231,0.043
b172d003-1aea-4250-a26c-21690dd10e24,2026-07-01T15:50:11,4,10,9,0.42,231,0.043
b172d003-1aea-4250-a26c-21690dd10e24,2026-07-01T15:50:11,4,10,9,0.42,231,0.043
b172d003-1aea-4250-a26c-21690dd10e24,2026-07-01T15:50:11,4,10,9,0.42,231,0.043
b172d003-1aea-4250-a26c-21690dd10e24,2026-07-01T15:50:11,4,10,9,0.43,231,0.043
b172d003-1aea-4250-a26c-21690dd10e24,2026-07-01T15:50:11,4,10,9,0.43,231,0.043
b172d003-1aea-4250-a26c-21690dd10e24,2026-07-01T15:50:11,4,10,9,0.43,231,0.043
b172d003-1aea-4250-a26c-21690dd10e24,2026-07-01T15:50:11,4,10,9,0.43,231,0.043
b172d003-1aea-4250-a26c-21690dd10e24,2026-07-01T15:50:11,4,10,9,0.43,231,0.043
b172d003-1aea-4250-a26c-21690dd10e24,2026-07-01T15:50:11,4,10,9,0.43,231,0.043
b172d003-1aea-4250-a26c-21690dd10e24,2026-07-01T15:50:12,4,10,9,0.43,231,0.043
b172d003-1aea-4250-a26c-21690dd10e24,2026-07-01T15:50:12,4,10,9,0.43,231,0.043
b172d003-1aea-4250-a26c-21690dd10e24,2026-07-01T15:50:12,4,10,9,0.43,231,0.043
b172d003-1aea-4250-a26c-21690dd10e24,2026-07-01T15:50:12,4,10,9,0.43,231,0.043
b172d003-1aea-4250-a26c-21690dd10e24,2026-07-01T15:50:12,4,10,9,0.43,231,0.043
b172d003-1aea-4250-a26c-21690dd10e24,2026-07-01T15:50:12,4,10,9,0.43,231,0.043
b172d003-1aea-4250-a26c-21690dd10e24,2026-07-01T15:50:12,4,10,9,0.43,231,0.043
b172d003-1aea-4250-a26c-21690dd10e24,2026-07-01T15:50:12,4,10,9,0.43,231,0.043
b172d003-1aea-4250-a26c-21690dd10e24,2026-07-01T15:50:12,4,10,9,0.43,231,0.043
b172d003-1aea-4250-a26c-21690dd10e24,2026-07-01T15:50:12,4,10,9,0.44,231,0.043
b172d003-1aea-4250-a26c-21690dd10e24,2026-07-01T15:50:12,4,10,9,0.44,231,0.043
b172d003-1aea-4250-a26c-21690dd10e24,2026-07-01T15:50:12,4,10,9,0.44,231,0.043
b172d003-1aea-4250-a26c-21690dd10e24,2026-07-01T15:50:12,4,10,9,0.44,231,0.043
b172d003-1aea-4250-a26c-21690dd10e24,2026-07-01T15:50:13,4,10,9,0.43,231,0.043
b172d003-1aea-4250-a26c-21690dd10e24,2026-07-01T15:50:13,4,10,9,0.43,231,0.043
b172d003-1aea-4250-a26c-21690dd10e24,2026-07-01T15:50:13,4,10,9,0.43,231,0.043
b172d003-1aea-4250-a26c-21690dd10e24,2026-07-01T15:50:13,4,10,9,0.43,231,0.043
b172d003-1aea-4250-a26c-21690dd10e24,2026-07-01T15:50:13,4,10,9,0.43,231,0.043
b172d003-1aea-4250-a26c-21690dd10e24,2026-07-01T15:50:13,4,10,9,0.43,231,0.043
b172d003-1aea-4250-a26c-21690dd10e24,2026-07-01T15:50:13,4,10,9,0.43,231,0.043
b172d003-1aea-4250-a26c-21690dd10e24,2026-07-01T15:50:13,4,10,9,0.43,231,0.043
b172d003-1aea-4250-a26c-21690dd10e24,2026-07-01T15:50:13,4,10,9,0.43,231,0.043
b172d003-1aea-4250-a26c-21690dd10e24,2026-07-01T15:50:13,4,10,9,0.44,231,0.043
b172d003-1aea-4250-a26c-21690dd10e24,2026-07-01T15:50:13,4,10,9,0.44,231,0.043
b172d003-1aea-4250-a26c-21690dd10e24,2026-07-01T15:50:13,4,10,9,0.44,231,0.043
b172d003-1aea-4250-a26c-21690dd10e24,2026-07-01T15:50:14,4,10,9,0.44,231,0.043
b172d003-1aea-4250-a26c-21690dd10e24,2026-07-01T15:50:14,4,10,9,0.44,231,0.043
b172d003-1aea-4250-a26c-21690dd10e24,2026-07-01T15:50:14,4,10,9,0.44,231,0.043
b172d003-1aea-4250-a26c-21690dd10e24,2026-07-01T15:50:14,4,10,9,0.44,231,0.043
b172d003-1aea-4250-a26c-21690dd10e24,2026-07-01T15:50:14,4,10,9,0.44,231,0.043
b172d003-1aea-4250-a26c-21690dd10e24,2026-07-01T15:50:14,4,10,9,0.44,231,0.043
b172d003-1aea-4250-a26c-21690dd10e24,2026-07-01T15:50:14,4,10,9,0.44,231,0.043
b172d003-1aea-4250-a26c-21690dd10e24,2026-07-01T15:50:14,4,10,9,0.44,231,0.043
b172d003-1aea-4250-a26c-21690dd10e24,2026-07-01T15:50:14,4,10,9,0.42,231,0.043
b172d003-1aea-4250-a26c-21690dd10e24,2026-07-01T15:50:14,4,10,9,0.42,231,0.043
b172d003-1aea-4250-a26c-21690dd10e24,2026-07-01T15:50:14,4,10,9,0.42,231,0.043
b172d003-1aea-4250-a26c-21690dd10e24,2026-07-01T15:50:15,4,10,9,0.42,231,0.043
b172d003-1aea-4250-a26c-21690dd10e24,2026-07-01T15:50:15,4,10,9,0.42,231,0.043
b172d003-1aea-4250-a26c-21690dd10e24,2026-07-01T15:50:15,4,10,9,0.42,231,0.043
b172d003-1aea-4250-a26c-21690dd10e24,2026-07-01T15:50:15,4,10,9,0.42,231,0.043
b172d003-1aea-4250-a26c-21690dd10e24,2026-07-01T15:50:15,4,10,9,0.42,231,0.043
b172d003-1aea-4250-a26c-21690dd10e24,2026-07-01T15:50:15,4,10,9,0.42,231,0.043
b172d003-1aea-4250-a26c-21690dd10e24,2026-07-01T15:50:15,4,10,9,0.42,231,0.043
b172d003-1aea-4250-a26c-21690dd10e24,2026-07-01T15:50:15,4,10,9,0.42,231,0.043
b172d003-1aea-4250-a26c-21690dd10e24,2026-07-01T15:50:15,4,10,9,0.42,231,0.043
b172d003-1aea-4250-a26c-21690dd10e24,2026-07-01T15:50:15,4,10,9,0.42,231,0.043
b172d003-1aea-4250-a26c-21690dd10e24,2026-07-01T15:50:15,4,10,9,0.42,231,0.043
b172d003-1aea-4250-a26c-21690dd10e24,2026-07-01T15:50:15,4,10,9,0.42,231,0.043
b172d003-1aea-4250-a26c-21690dd10e24,2026-07-01T15:50:15,4,10,9,0.42,231,0.043
b172d003-1aea-4250-a26c-21690dd10e24,2026-07-01T15:50:16,4,10,9,0.43,231,0.043
b172d003-1aea-4250-a26c-21690dd10e24,2026-07-01T15:50:16,4,10,9,0.43,231,0.043
b172d003-1aea-4250-a26c-21690dd10e24,2026-07-01T15:50:16,4,10,9,0.43,231,0.043
b172d003-1aea-4250-a26c-21690dd10e24,2026-07-01T15:50:16,4,10,9,0.41,231,0.043
b172d003-1aea-4250-a26c-21690dd10e24,2026-07-01T15:50:16,4,10,9,0.41,231,0.043
b172d003-1aea-4250-a26c-21690dd10e24,2026-07-01T15:50:16,14,14,0,1.0,231,0.043
b172d003-1aea-4250-a26c-21690dd10e24,2026-07-01T15:50:16,14,14,0,1.0,231,0.043
b172d003-1aea-4250-a26c-21690dd10e24,2026-07-01T15:50:16,1406,1406,0,1.0,231,0.043
b172d003-1aea-4250-a26c-21690dd10e24,2026-07-01T15:50:16,1689,1689,0,1.0,227,0.043
b172d003-1aea-4250-a26c-21690dd10e24,2026-07-01T15:50:16,1689,1689,0,1.0,227,0.043
b172d003-1aea-4250-a26c-21690dd10e24,2026-07-01T15:50:17,1686,1686,0,1.0,227,0.043
b172d003-1aea-4250-a26c-21690dd10e24,2026-07-01T15:50:17,1686,1686,0,1.0,227,0.043
b172d003-1aea-4250-a26c-21690dd10e24,2026-07-01T15:50:17,1684,1684,0,1.0,227,0.043
b172d003-1aea-4250-a26c-21690dd10e24,2026-07-01T15:50:17,1684,1684,0,1.0,227,0.043
