run_id,Time,Power,ApparentPower,ReactivePower,Factor,Voltage,Current
12e6bf3a-6b0d-4e38-83da-d34dbd3bf4f2,2026-07-01T14:58:20,1665,1665,0,1.0,227,7.315
12e6bf3a-6b0d-4e38-83da-d34dbd3bf4f2,2026-07-01T14:58:20,1665,1665,0,1.0,227,7.315
12e6bf3a-6b0d-4e38-83da-d34dbd3bf4f2,2026-07-01T14:58:20,1665,1665,0,1.0,227,7.315
12e6bf3a-6b0d-4e38-83da-d34dbd3bf4f2,2026-07-01T14:58:20,1665,1665,0,1.0,227,7.315
12e6bf3a-6b0d-4e38-83da-d34dbd3bf4f2,2026-07-01T14:58:20,1665,1665,0,1.0,227,7.315
12e6bf3a-6b0d-4e38-83da-d34dbd3bf4f2,2026-07-01T14:58:20,1665,1665,0,1.0,226,7.315
12e6bf3a-6b0d-4e38-83da-d34dbd3bf4f2,2026-07-01T14:58:20,1665,1665,0,1.0,226,7.315
12e6bf3a-6b0d-4e38-83da-d34dbd3bf4f2,2026-07-01T14:58:21,1665,1665,0,1.0,226,7.315
12e6bf3a-6b0d-4e38-83da-d34dbd3bf4f2,2026-07-01T14:58:21,1665,1665,0,1.0,226,7.315
12e6bf3a-6b0d-4e38-83da-d34dbd3bf4f2,2026-07-01T14:58:21,1665,1665,0,1.0,226,7.315
12e6bf3a-6b0d-4e38-83da-d34dbd3bf4f2,2026-07-01T14:58:21,1665,1665,0,1.0,226,7.315
12e6bf3a-6b0d-4e38-83da-d34dbd3bf4f2,2026-07-01T14:58:21,1665,1665,0,1.0,226,7.315
12e6bf3a-6b0d-4e38-83da-d34dbd3bf4f2,2026-07-01T14:58:21,1665,1665,0,1.0,226,7.315
12e6bf3a-6b0d-4e38-83da-d34dbd3bf4f2,2026-07-01T14:58:21,1665,1665,0,1.0,226,7.31
12e6bf3a-6b0d-4e38-83da-d34dbd3bf4f2,2026-07-01T14:58:21,1665,1665,0,1.0,226,7.31
12e6bf3a-6b0d-4e38-83da-d34dbd3bf4f2,2026-07-01T14:58:21,1665,1665,0,1.0,226,7.31
12e6bf3a-6b0d-4e38-83da-d34dbd3bf4f2,2026-07-01T14:58:21,1665,1665,0,1.0,226,7.31
12e6bf3a-6b0d-4e38-83da-d34dbd3bf4f2,2026-07-01T14:58:22,1664,1664,0,1.0,226,7.31
12e6bf3a-6b0d-4e38-83da-d34dbd3bf4f2,2026-07-01T14:58:22,1664,1664,0,1.0,226,7.31
12e6bf3a-6b0d-4e38-83da-d34dbd3bf4f2,2026-07-01T14:58:22,1665,1665,0,1.0,226,7.31
12e6bf3a-6b0d-4e38-83da-d34dbd3bf4f2,2026-07-01T14:58:22,1664,1664,0,1.0,226,7.31
12e6bf3a-6b0d-4e38-83da-d34dbd3bf4f2,2026-07-01T14:58:22,1664,1664,0,1.0,226,7.31
12e6bf3a-6b0d-4e38-83da-d34dbd3bf4f2,2026-07-01T14:58:22,1664,1664,0,1.0,226,7.31
12e6bf3a-6b0d-4e38-83da-d34dbd3bf4f2,2026-07-01T14:58:22,1664,1664,0,1.0,226,7.31
12e6bf3a-6b0d-4e38-83da-d34dbd3bf4f2,2026-07-01T14:58:22,1664,1664,0,1.0,226,7.31
12e6bf3a-6b0d-4e38-83da-d34dbd3bf4f2,2026-07-01T14:58:22,1664,1664,0,1.0,226,7.31
12e6bf3a-6b0d-4e38-83da-d34dbd3bf4f2,2026-07-01T14:58:23,1664,1664,0,1.0,226,7.31
12e6bf3a-6b0d-4e38-83da-d34dbd3bf4f2,2026-07-01T14:58:23,1664,1664,0,1.0,226,7.31
12e6bf3a-6b0d-4e38-83da-d34dbd3bf4f2,2026-07-01T14:58:23,1664,1664,0,1.0,226,7.306
12e6bf3a-6b0d-4e38-83da-d34dbd3bf4f2,2026-07-01T14:58:23,1664,1664,0,1.0,226,7.306
12e6bf3a-6b0d-4e38-83da-d34dbd3bf4f2,2026-07-01T14:58:23,1664,1664,0,1.0,226,7.306
12e6bf3a-6b0d-4e38-83da-d34dbd3bf4f2,2026-07-01T14:58:23,1664,1664,0,1.0,226,7.306
12e6bf3a-6b0d-4e38-83da-d34dbd3bf4f2,2026-07-01T14:58:23,1664,1664,0,1.0,226,7.306
12e6bf3a-6b0d-4e38-83da-d34dbd3bf4f2,2026-07-01T14:58:23,1664,1664,0,1.0,226,7.306
12e6bf3a-6b0d-4e38-83da-d34dbd3bf4f2,2026-07-01T14:58:23,1664,1664,0,1.0,226,7.306
12e6bf3a-6b0d-4e38-83da-d34dbd3bf4f2,2026-07-01T14:58:23,1664,1664,0,1.0,226,7.306
12e6bf3a-6b0d-4e38-83da-d34dbd3bf4f2,2026-07-01T14:58:24,1664,1664,0,1.0,227,7.306
12e6bf3a-6b0d-4e38-83da-d34dbd3bf4f2,2026-07-01T14:58:24,1664,1664,0,1.0,227,7.306
12e6bf3a-6b0d-4e38-83da-d34dbd3bf4f2,2026-07-01T14:58:24,1665,1665,0,1.0,227,7.306
12e6bf3a-6b0d-4e38-83da-d34dbd3bf4f2,2026-07-01T14:58:24,1664,1664,0,1.0,227,7.306
12e6bf3a-6b0d-4e38-83da-d34dbd3bf4f2,2026-07-01T14:58:24,1664,1664,0,1.0,227,7.306
12e6bf3a-6b0d-4e38-83da-d34dbd3bf4f2,2026-07-01T14:58:24,1664,1664,0,1.0,227,7.306
12e6bf3a-6b0d-4e38-83da-d34dbd3bf4f2,2026-07-01T14:58:24,1664,1664,0,1.0,227,7.31
12e6bf3a-6b0d-4e38-83da-d34dbd3bf4f2,2026-07-01T14:58:24,1664,1664,0,1.0,227,7.31
12e6bf3a-6b0d-4e38-83da-d34dbd3bf4f2,2026-07-01T14:58:25,1665,1665,0,1.0,227,7.31
12e6bf3a-6b0d-4e38-83da-d34dbd3bf4f2,2026-07-01T14:58:25,1665,1665,0,1.0,227,7.31
12e6bf3a-6b0d-4e38-83da-d34dbd3bf4f2,2026-07-01T14:58:25,1664,1664,0,1.0,227,7.31
12e6bf3a-6b0d-4e38-83da-d34dbd3bf4f2,2026-07-01T14:58:25,1664,1664,0,1.0,227,7.31
12e6bf3a-6b0d-4e38-83da-d34dbd3bf4f2,2026-07-01T14:58:25,1664,1664,0,1.0,227,7.31
12e6bf3a-6b0d-4e38-83da-d34dbd3bf4f2,2026-07-01T14:58:25,1664,1664,0,1.0,227,7.31
12e6bf3a-6b0d-4e38-83da-d34dbd3bf4f2,2026-07-01T14:58:25,1664,1664,0,1.0,226,7.31
12e6bf3a-6b0d-4e38-83da-d34dbd3bf4f2,2026-07-01T14:58:25,1664,1664,0,1.0,226,7.31
12e6bf3a-6b0d-4e38-83da-d34dbd3bf4f2,2026-07-01T14:58:25,1664,1664,0,1.0,226,7.31
12e6bf3a-6b0d-4e38-83da-d34dbd3bf4f2,2026-07-01T14:58:25,1664,1664,0,1.0,226,7.31
12e6bf3a-6b0d-4e38-83da-d34dbd3bf4f2,2026-07-01T14:58:28,1664,1664,0,1.0,226,7.31
12e6bf3a-6b0d-4e38-83da-d34dbd3bf4f2,2026-07-01T14:58:28,1664,1664,0,1.0,226,7.31
12e6bf3a-6b0d-4e38-83da-d34dbd3bf4f2,2026-07-01T14:58:28,1664,1664,0,1.0,226,7.31
12e6bf3a-6b0d-4e38-83da-d34dbd3bf4f2,2026-07-01T14:58:28,1664,1664,0,1.0,226,7.31
12e6bf3a-6b0d-4e38-83da-d34dbd3bf4f2,2026-07-01T14:58:28,1664,1664,0,1.0,226,7.31
12e6bf3a-6b0d-4e38-83da-d34dbd3bf4f2,2026-07-01T14:58:30,1664,1664,0,1.0,227,7.31
12e6bf3a-6b0d-4e38-83da-d34dbd3bf4f2,2026-07-01T14:58:30,1664,1664,0,1.0,227,7.31
12e6bf3a-6b0d-4e38-83da-d34dbd3bf4f2,2026-07-01T14:58:30,1664,1664,0,1.0,227,7.31
12e6bf3a-6b0d-4e38-83da-d34dbd3bf4f2,2026-07-01T14:58:30,1664,1664,0,1.0,227,7.31
12e6bf3a-6b0d-4e38-83da-d34dbd3bf4f2,2026-07-01T14:58:31,1664,1664,0,1.0,227,7.31
12e6bf3a-6b0d-4e38-83da-d34dbd3bf4f2,2026-07-01T14:58:31,1664,1664,0,1.0,227,7.31
12e6bf3a-6b0d-4e38-83da-d34dbd3bf4f2,2026-07-01T14:58:31,1664,1664,0,1.0,227,7.31
12e6bf3a-6b0d-4e38-83da-d34dbd3bf4f2,2026-07-01T14:58:31,1664,1664,0,1.0,227,7.31
12e6bf3a-6b0d-4e38-83da-d34dbd3bf4f2,2026-07-01T14:58:31,1664,1664,0,1.0,227,7.31
12e6bf3a-6b0d-4e38-83da-d34dbd3bf4f2,2026-07-01T14:58:31,1664,1664,0,1.0,227,7.31
12e6bf3a-6b0d-4e38-83da-d34dbd3bf4f2,2026-07-01T14:58:31,1664,1664,0,1.0,227,7.31
12e6bf3a-6b0d-4e38-83da-d34dbd3bf4f2,2026-07-01T14:58:31,1664,1664,0,1.0,227,7.31
12e6bf3a-6b0d-4e38-83da-d34dbd3bf4f2,2026-07-01T14:58:31,1664,1664,0,1.0,227,7.31
12e6bf3a-6b0d-4e38-83da-d34dbd3bf4f2,2026-07-01T14:58:31,1664,1664,0,1.0,227,7.31
12e6bf3a-6b0d-4e38-83da-d34dbd3bf4f2,2026-07-01T14:58:32,1664,1664,0,1.0,227,7.31
12e6bf3a-6b0d-4e38-83da-d34dbd3bf4f2,2026-07-01T14:58:32,1664,1664,0,1.0,227,7.31
12e6bf3a-6b0d-4e38-83da-d34dbd3bf4f2,2026-07-01T14:58:32,1664,1664,0,1.0,227,7.31
12e6bf3a-6b0d-4e38-83da-d34dbd3bf4f2,2026-07-01T14:58:32,1664,1664,0,1.0,227,7.31
12e6bf3a-6b0d-4e38-83da-d34dbd3bf4f2,2026-07-01T14:58:32,1664,1664,0,1.0,227,7.31
12e6bf3a-6b0d-4e38-83da-d34dbd3bf4f2,2026-07-01T14:58:34,1662,1662,0,1.0,227,7.306
12e6bf3a-6b0d-4e38-83da-d34dbd3bf4f2,2026-07-01T14:58:34,1662,1662,0,1.0,227,7.306
12e6bf3a-6b0d-4e38-83da-d34dbd3bf4f2,2026-07-01T14:58:35,1662,1662,0,1.0,227,7.306
12e6bf3a-6b0d-4e38-83da-d34dbd3bf4f2,2026-07-01T14:58:35,1662,1662,0,1.0,227,7.306
12e6bf3a-6b0d-4e38-83da-d34dbd3bf4f2,2026-07-01T14:58:35,1662,1662,0,1.0,227,7.306
12e6bf3a-6b0d-4e38-83da-d34dbd3bf4f2,2026-07-01T14:58:35,1662,1662,0,1.0,227,7.306
12e6bf3a-6b0d-4e38-83da-d34dbd3bf4f2,2026-07-01T14:58:35,1662,1662,0,1.0,227,7.306
12e6bf3a-6b0d-4e38-83da-d34dbd3bf4f2,2026-07-01T14:58:35,1662,1662,0,1.0,227,7.306
12e6bf3a-6b0d-4e38-83da-d34dbd3bf4f2,2026-07-01T14:58:35,1662,1662,0,1.0,227,7.306
12e6bf3a-6b0d-4e38-83da-d34dbd3bf4f2,2026-07-01T14:58:35,1662,1662,0,1.0,227,7.306
12e6bf3a-6b0d-4e38-83da-d34dbd3bf4f2,2026-07-01T14:58:35,1662,1662,0,1.0,227,7.306
12e6bf3a-6b0d-4e38-83da-d34dbd3bf4f2,2026-07-01T14:58:35,1662,1662,0,1.0,227,7.306
12e6bf3a-6b0d-4e38-83da-d34dbd3bf4f2,2026-07-01T14:58:36,1664,1664,0,1.0,227,7.306
12e6bf3a-6b0d-4e38-83da-d34dbd3bf4f2,2026-07-01T14:58:36,1664,1664,0,1.0,227,7.306
12e6bf3a-6b0d-4e38-83da-d34dbd3bf4f2,2026-07-01T14:58:36,1662,1662,0,1.0,227,7.306
12e6bf3a-6b0d-4e38-83da-d34dbd3bf4f2,2026-07-01T14:58:36,1662,1662,0,1.0,227,7.306
12e6bf3a-6b0d-4e38-83da-d34dbd3bf4f2,2026-07-01T14:58:36,1662,1662,0,1.0,227,7.306
12e6bf3a-6b0d-4e38-83da-d34dbd3bf4f2,2026-07-01T14:58:36,1662,1662,0,1.0,227,7.306
12e6bf3a-6b0d-4e38-83da-d34dbd3bf4f2,2026-07-01T14:58:36,1662,1662,0,1.0,227,7.306
12e6bf3a-6b0d-4e38-83da-d34dbd3bf4f2,2026-07-01T14:58:36,1662,1662,0,1.0,227,7.306
12e6bf3a-6b0d-4e38-83da-d34dbd3bf4f2,2026-07-01T14:58:36,1095,1656,1242,0.66,227,7.306
12e6bf3a-6b0d-4e38-83da-d34dbd3bf4f2,2026-07-01T14:58:36,1095,1656,1242,0.66,227,7.306
12e6bf3a-6b0d-4e38-83da-d34dbd3bf4f2,2026-07-01T14:58:37,18,1656,1655,0.01,227,7.306
12e6bf3a-6b0d-4e38-83da-d34dbd3bf4f2,2026-07-01T14:58:37,18,1656,1655,0.01,227,7.306
12e6bf3a-6b0d-4e38-83da-d34dbd3bf4f2,2026-07-01T14:58:37,18,1656,1655,0.01,227,7.306
12e6bf3a-6b0d-4e38-83da-d34dbd3bf4f2,2026-07-01T14:58:37,18,1656,1655,0.01,227,7.306
12e6bf3a-6b0d-4e38-83da-d34dbd3bf4f2,2026-07-01T14:58:37,18,1656,1655,0.01,227,7.306
12e6bf3a-6b0d-4e38-83da-d34dbd3bf4f2,2026-07-01T14:58:37,3,1656,1656,0.0,227,7.306
12e6bf3a-6b0d-4e38-83da-d34dbd3bf4f2,2026-07-01T14:58:37,3,1656,1656,0.0,227,7.306
12e6bf3a-6b0d-4e38-83da-d34dbd3bf4f2,2026-07-01T14:58:37,5,1656,1656,0.0,227,7.306
12e6bf3a-6b0d-4e38-83da-d34dbd3bf4f2,2026-07-01T14:58:37,5,1656,1656,0.0,227,7.306
12e6bf3a-6b0d-4e38-83da-d34dbd3bf4f2,2026-07-01T14:58:38,5,1656,1656,0.0,227,7.306
12e6bf3a-6b0d-4e38-83da-d34dbd3bf4f2,2026-07-01T14:58:38,5,1656,1656,0.0,227,7.306
12e6bf3a-6b0d-4e38-83da-d34dbd3bf4f2,2026-07-01T14:58:38,5,1656,1656,0.0,227,7.306
12e6bf3a-6b0d-4e38-83da-d34dbd3bf4f2,2026-07-01T14:58:38,5,1656,1656,0.0,227,7.306
12e6bf3a-6b0d-4e38-83da-d34dbd3bf4f2,2026-07-01T14:58:38,5,10,9,0.48,227,0.044
12e6bf3a-6b0d-4e38-83da-d34dbd3bf4f2,2026-07-01T14:58:38,5,10,9,0.48,227,0.044
12e6bf3a-6b0d-4e38-83da-d34dbd3bf4f2,2026-07-01T14:58:38,5,10,9,0.47,227,0.044
12e6bf3a-6b0d-4e38-83da-d34dbd3bf4f2,2026-07-01T14:58:38,5,10,9,0.47,227,0.044
12e6bf3a-6b0d-4e38-83da-d34dbd3bf4f2,2026-07-01T14:58:38,5,10,9,0.47,227,0.044
12e6bf3a-6b0d-4e38-83da-d34dbd3bf4f2,2026-07-01T14:58:38,5,10,9,0.47,227,0.044
12e6bf3a-6b0d-4e38-83da-d34dbd3bf4f2,2026-07-01T14:58:39,5,10,9,0.47,227,0.044
12e6bf3a-6b0d-4e38-83da-d34dbd3bf4f2,2026-07-01T14:58:39,5,10,9,0.46,230,0.044
12e6bf3a-6b0d-4e38-83da-d34dbd3bf4f2,2026-07-01T14:58:39,5,10,9,0.46,230,0.044
12e6bf3a-6b0d-4e38-83da-d34dbd3bf4f2,2026-07-01T14:58:39,5,10,9,0.46,230,0.044
12e6bf3a-6b0d-4e38-83da-d34dbd3bf4f2,2026-07-01T14:58:39,4,10,9,0.43,230,0.044
12e6bf3a-6b0d-4e38-83da-d34dbd3bf4f2,2026-07-01T14:58:39,4,10,9,0.43,230,0.044
12e6bf3a-6b0d-4e38-83da-d34dbd3bf4f2,2026-07-01T14:58:39,5,10,9,0.45,230,0.044
12e6bf3a-6b0d-4e38-83da-d34dbd3bf4f2,2026-07-01T14:58:39,5,10,9,0.45,230,0.044
12e6bf3a-6b0d-4e38-83da-d34dbd3bf4f2,2026-07-01T14:58:40,5,10,9,0.45,230,0.044
12e6bf3a-6b0d-4e38-83da-d34dbd3bf4f2,2026-07-01T14:58:40,5,10,9,0.45,230,0.044
12e6bf3a-6b0d-4e38-83da-d34dbd3bf4f2,2026-07-01T14:58:40,5,10,9,0.45,230,0.044
12e6bf3a-6b0d-4e38-83da-d34dbd3bf4f2,2026-07-01T14:58:40,5,10,9,0.45,230,0.044
12e6bf3a-6b0d-4e38-83da-d34dbd3bf4f2,2026-07-01T14:58:40,5,10,9,0.45,230,0.044
12e6bf3a-6b0d-4e38-83da-d34dbd3bf4f2,2026-07-01T14:58:42,5,10,9,0.45,230,0.045
12e6bf3a-6b0d-4e38-83da-d34dbd3bf4f2,2026-07-01T14:58:44,5,10,9,0.43,230,0.045
12e6bf3a-6b0d-4e38-83da-d34dbd3bf4f2,2026-07-01T14:58:44,5,10,9,0.43,230,0.045
12e6bf3a-6b0d-4e38-83da-d34dbd3bf4f2,2026-07-01T14:58:45,5,10,9,0.45,230,0.045
12e6bf3a-6b0d-4e38-83da-d34dbd3bf4f2,2026-07-01T14:58:45,5,10,9,0.45,230,0.045
12e6bf3a-6b0d-4e38-83da-d34dbd3bf4f2,2026-07-01T14:58:45,5,10,9,0.45,230,0.045
12e6bf3a-6b0d-4e38-83da-d34dbd3bf4f2,2026-07-01T14:58:45,5,10,9,0.45,230,0.045
12e6bf3a-6b0d-4e38-83da-d34dbd3bf4f2,2026-07-01T14:58:45,5,10,9,0.46,230,0.045
12e6bf3a-6b0d-4e38-83da-d34dbd3bf4f2,2026-07-01T14:58:45,5,10,9,0.46,230,0.045
12e6bf3a-6b0d-4e38-83da-d34dbd3bf4f2,2026-07-01T14:58:45,5,10,9,0.45,230,0.045
12e6bf3a-6b0d-4e38-83da-d34dbd3bf4f2,2026-07-01T14:58:45,5,10,9,0.45,230,0.045
12e6bf3a-6b0d-4e38-83da-d34dbd3bf4f2,2026-07-01T14:58:45,5,10,9,0.45,230,0.045
12e6bf3a-6b0d-4e38-83da-d34dbd3bf4f2,2026-07-01T14:58:45,5,10,9,0.45,230,0.045
12e6bf3a-6b0d-4e38-83da-d34dbd3bf4f2,2026-07-01T14:58:46,5,10,9,0.47,230,0.045
12e6bf3a-6b0d-4e38-83da-d34dbd3bf4f2,2026-07-01T14:58:46,5,10,9,0.47,230,0.045
12e6bf3a-6b0d-4e38-83da-d34dbd3bf4f2,2026-07-01T14:58:46,5,10,9,0.47,230,0.045
12e6bf3a-6b0d-4e38-83da-d34dbd3bf4f2,2026-07-01T14:58:46,5,10,9,0.47,230,0.045
12e6bf3a-6b0d-4e38-83da-d34dbd3bf4f2,2026-07-01T14:58:46,5,10,9,0.46,230,0.045
12e6bf3a-6b0d-4e38-83da-d34dbd3bf4f2,2026-07-01T14:58:46,5,10,9,0.46,230,0.045
12e6bf3a-6b0d-4e38-83da-d34dbd3bf4f2,2026-07-01T14:58:46,5,10,9,0.46,230,0.045
12e6bf3a-6b0d-4e38-83da-d34dbd3bf4f2,2026-07-01T14:58:46,5,10,9,0.46,230,0.045
12e6bf3a-6b0d-4e38-83da-d34dbd3bf4f2,2026-07-01T14:58:46,5,10,9,0.46,230,0.045
12e6bf3a-6b0d-4e38-83da-d34dbd3bf4f2,2026-07-01T14:58:47,5,10,9,0.46,230,0.045
12e6bf3a-6b0d-4e38-83da-d34dbd3bf4f2,2026-07-01T14:58:47,5,10,9,0.46,230,0.045
12e6bf3a-6b0d-4e38-83da-d34dbd3bf4f2,2026-07-01T14:58:47,489,489,0,1.0,230,0.581
12e6bf3a-6b0d-4e38-83da-d34dbd3bf4f2,2026-07-01T14:58:47,489,489,0,1.0,230,0.581
12e6bf3a-6b0d-4e38-83da-d34dbd3bf4f2,2026-07-01T14:58:47,1686,1686,0,1.0,230,0.581
12e6bf3a-6b0d-4e38-83da-d34dbd3bf4f2,2026-07-01T14:58:47,1686,1686,0,1.0,230,0.581
12e6bf3a-6b0d-4e38-83da-d34dbd3bf4f2,2026-07-01T14:58:47,1667,1667,0,1.0,230,0.581
12e6bf3a-6b0d-4e38-83da-d34dbd3bf4f2,2026-07-01T14:58:47,1667,1667,0,1.0,230,0.581
12e6bf3a-6b0d-4e38-83da-d34dbd3bf4f2,2026-07-01T14:58:47,1667,1667,0,1.0,230,0.581
12e6bf3a-6b0d-4e38-83da-d34dbd3bf4f2,2026-07-01T14:58:47,1667,1667,0,1.0,230,0.581
12e6bf3a-6b0d-4e38-83da-d34dbd3bf4f2,2026-07-01T14:58:48,1667,1667,0,1.0,226,0.581
12e6bf3a-6b0d-4e38-83da-d34dbd3bf4f2,2026-07-01T14:58:48,1667,1667,0,1.0,226,0.581
12e6bf3a-6b0d-4e38-83da-d34dbd3bf4f2,2026-07-01T14:58:48,1667,1667,0,1.0,226,0.581
12e6bf3a-6b0d-4e38-83da-d34dbd3bf4f2,2026-07-01T14:58:48,1667,1667,0,1.0,226,0.581
12e6bf3a-6b0d-4e38-83da-d34dbd3bf4f2,2026-07-01T14:58:48,1665,1665,0,1.0,226,0.581
12e6bf3a-6b0d-4e38-83da-d34dbd3bf4f2,2026-07-01T14:58:48,1665,1665,0,1.0,226,0.581
12e6bf3a-6b0d-4e38-83da-d34dbd3bf4f2,2026-07-01T14:58:48,1665,1665,0,1.0,226,0.581
12e6bf3a-6b0d-4e38-83da-d34dbd3bf4f2,2026-07-01T14:58:48,1665,1665,0,1.0,226,7.323
12e6bf3a-6b0d-4e38-83da-d34dbd3bf4f2,2026-07-01T14:58:48,1665,1665,0,1.0,226,7.323
12e6bf3a-6b0d-4e38-83da-d34dbd3bf4f2,2026-07-01T14:58:49,1665,1665,0,1.0,226,7.323
12e6bf3a-6b0d-4e38-83da-d34dbd3bf4f2,2026-07-01T14:58:49,1665,1665,0,1.0,226,7.323
12e6bf3a-6b0d-4e38-83da-d34dbd3bf4f2,2026-07-01T14:58:49,1665,1665,0,1.0,226,7.323
12e6bf3a-6b0d-4e38-83da-d34dbd3bf4f2,2026-07-01T14:58:49,1665,1665,0,1.0,226,7.323
12e6bf3a-6b0d-4e38-83da-d34dbd3bf4f2,2026-07-01T14:58:49,1664,1664,0,1.0,226,7.323
12e6bf3a-6b0d-4e38-83da-d34dbd3bf4f2,2026-07-01T14:58:49,1664,1664,0,1.0,226,7.323
12e6bf3a-6b0d-4e38-83da-d34dbd3bf4f2,2026-07-01T14:58:49,1664,1664,0,1.0,226,7.323
12e6bf3a-6b0d-4e38-83da-d34dbd3bf4f2,2026-07-01T14:58:49,1664,1664,0,1.0,226,7.323
12e6bf3a-6b0d-4e38-83da-d34dbd3bf4f2,2026-07-01T14:58:49,1664,1664,0,1.0,226,7.323
12e6bf3a-6b0d-4e38-83da-d34dbd3bf4f2,2026-07-01T14:58:49,1664,1664,0,1.0,226,7.323
12e6bf3a-6b0d-4e38-83da-d34dbd3bf4f2,2026-07-01T14:58:50,1662,1662,0,1.0,226,7.323
12e6bf3a-6b0d-4e38-83da-d34dbd3bf4f2,2026-07-01T14:58:50,1662,1662,0,1.0,226,7.323
12e6bf3a-6b0d-4e38-83da-d34dbd3bf4f2,2026-07-01T14:58:50,1662,1662,0,1.0,226,7.323
12e6bf3a-6b0d-4e38-83da-d34dbd3bf4f2,2026-07-01T14:58:50,1662,1662,0,1.0,226,7.323
12e6bf3a-6b0d-4e38-83da-d34dbd3bf4f2,2026-07-01T14:58:50,1662,1662,0,1.0,226,7.315
12e6bf3a-6b0d-4e38-83da-d34dbd3bf4f2,2026-07-01T14:58:51,1660,1660,0,1.0,226,7.315
12e6bf3a-6b0d-4e38-83da-d34dbd3bf4f2,2026-07-01T14:58:51,1660,1660,0,1.0,226,7.315
12e6bf3a-6b0d-4e38-83da-d34dbd3bf4f2,2026-07-01T14:58:51,1660,1660,0,1.0,226,7.315
12e6bf3a-6b0d-4e38-83da-d34dbd3bf4f2,2026-07-01T14:58:51,1660,1660,0,1.0,226,7.315
12e6bf3a-6b0d-4e38-83da-d34dbd3bf4f2,2026-07-01T14:58:52,1658,1658,0,1.0,226,7.306
12e6bf3a-6b0d-4e38-83da-d34dbd3bf4f2,2026-07-01T14:58:52,1658,1658,0,1.0,226,7.306
12e6bf3a-6b0d-4e38-83da-d34dbd3bf4f2,2026-07-01T14:58:52,1658,1658,0,1.0,226,7.306
12e6bf3a-6b0d-4e38-83da-d34dbd3bf4f2,2026-07-01T14:58:53,1658,1658,0,1.0,226,7.306
12e6bf3a-6b0d-4e38-83da-d34dbd3bf4f2,2026-07-01T14:58:53,1658,1658,0,1.0,226,7.306
12e6bf3a-6b0d-4e38-83da-d34dbd3bf4f2,2026-07-01T14:58:53,1658,1658,0,1.0,226,7.306
12e6bf3a-6b0d-4e38-83da-d34dbd3bf4f2,2026-07-01T14:58:53,1658,1658,0,1.0,226,7.31
12e6bf3a-6b0d-4e38-83da-d34dbd3bf4f2,2026-07-01T14:58:53,1658,1658,0,1.0,226,7.31
12e6bf3a-6b0d-4e38-83da-d34dbd3bf4f2,2026-07-01T14:58:53,1660,1660,0,1.0,226,7.31
12e6bf3a-6b0d-4e38-83da-d34dbd3bf4f2,2026-07-01T14:58:53,1660,1660,0,1.0,226,7.31
12e6bf3a-6b0d-4e38-83da-d34dbd3bf4f2,2026-07-01T14:58:54,1660,1660,0,1.0,226,7.31
12e6bf3a-6b0d-4e38-83da-d34dbd3bf4f2,2026-07-01T14:58:54,1660,1660,0,1.0,226,7.31
12e6bf3a-6b0d-4e38-83da-d34dbd3bf4f2,2026-07-01T14:58:54,1660,1660,0,1.0,226,7.31
12e6bf3a-6b0d-4e38-83da-d34dbd3bf4f2,2026-07-01T14:58:54,1660,1660,0,1.0,226,7.31
12e6bf3a-6b0d-4e38-83da-d34dbd3bf4f2,2026-07-01T14:58:54,1660,1660,0,1.0,226,7.31
12e6bf3a-6b0d-4e38-83da-d34dbd3bf4f2,2026-07-01T14:58:54,1660,1660,0,1.0,226,7.31
12e6bf3a-6b0d-4e38-83da-d34dbd3bf4f2,2026-07-01T14:58:54,1660,1660,0,1.0,226,7.31
12e6bf3a-6b0d-4e38-83da-d34dbd3bf4f2,2026-07-01T14:58:54,1660,1660,0,1.0,226,7.31
12e6bf3a-6b0d-4e38-83da-d34dbd3bf4f2,2026-07-01T14:58:54,1660,1660,0,1.0,226,7.31
12e6bf3a-6b0d-4e38-83da-d34dbd3bf4f2,2026-07-01T14:58:55,1660,1660,0,1.0,226,7.31
12e6bf3a-6b0d-4e38-83da-d34dbd3bf4f2,2026-07-01T14:58:55,1660,1660,0,1.0,226,7.31
12e6bf3a-6b0d-4e38-83da-d34dbd3bf4f2,2026-07-01T14:58:55,1660,1660,0,1.0,226,7.306
12e6bf3a-6b0d-4e38-83da-d34dbd3bf4f2,2026-07-01T14:58:55,1660,1660,0,1.0,226,7.306
12e6bf3a-6b0d-4e38-83da-d34dbd3bf4f2,2026-07-01T14:58:55,1660,1660,0,1.0,226,7.306
12e6bf3a-6b0d-4e38-83da-d34dbd3bf4f2,2026-07-01T14:58:55,1660,1660,0,1.0,226,7.306
12e6bf3a-6b0d-4e38-83da-d34dbd3bf4f2,2026-07-01T14:58:55,1660,1660,0,1.0,226,7.306
12e6bf3a-6b0d-4e38-83da-d34dbd3bf4f2,2026-07-01T14:58:55,1660,1660,0,1.0,226,7.306
12e6bf3a-6b0d-4e38-83da-d34dbd3bf4f2,2026-07-01T14:58:55,1660,1660,0,1.0,226,7.306
12e6bf3a-6b0d-4e38-83da-d34dbd3bf4f2,2026-07-01T14:58:55,1660,1660,0,1.0,226,7.306
12e6bf3a-6b0d-4e38-83da-d34dbd3bf4f2,2026-07-01T14:58:56,1660,1660,0,1.0,226,7.306
12e6bf3a-6b0d-4e38-83da-d34dbd3bf4f2,2026-07-01T14:58:56,1660,1660,0,1.0,226,7.306
12e6bf3a-6b0d-4e38-83da-d34dbd3bf4f2,2026-07-01T14:58:56,1660,1660,0,1.0,226,7.306
12e6bf3a-6b0d-4e38-83da-d34dbd3bf4f2,2026-07-01T14:58:56,1660,1660,0,1.0,226,7.306
12e6bf3a-6b0d-4e38-83da-d34dbd3bf4f2,2026-07-01T14:58:56,1660,1660,0,1.0,226,7.306
12e6bf3a-6b0d-4e38-83da-d34dbd3bf4f2,2026-07-01T14:58:56,1660,1660,0,1.0,226,7.306
12e6bf3a-6b0d-4e38-83da-d34dbd3bf4f2,2026-07-01T14:58:56,1660,1660,0,1.0,226,7.306
12e6bf3a-6b0d-4e38-83da-d34dbd3bf4f2,2026-07-01T14:58:56,1660,1660,0,1.0,226,7.306
12e6bf3a-6b0d-4e38-83da-d34dbd3bf4f2,2026-07-01T14:58:56,1660,1660,0,1.0,226,7.306
12e6bf3a-6b0d-4e38-83da-d34dbd3bf4f2,2026-07-01T14:58:56,1660,1660,0,1.0,226,7.306
12e6bf3a-6b0d-4e38-83da-d34dbd3bf4f2,2026-07-01T14:58:57,1660,1660,0,1.0,226,7.306
12e6bf3a-6b0d-4e38-83da-d34dbd3bf4f2,2026-07-01T14:58:57,1660,1660,0,1.0,226,7.306
12e6bf3a-6b0d-4e38-83da-d34dbd3bf4f2,2026-07-01T14:58:57,1660,1660,0,1.0,226,7.306
12e6bf3a-6b0d-4e38-83da-d34dbd3bf4f2,2026-07-01T14:58:57,1660,1660,0,1.0,226,7.306
12e6bf3a-6b0d-4e38-83da-d34dbd3bf4f2,2026-07-01T14:58:57,1660,1660,0,1.0,226,7.306
12e6bf3a-6b0d-4e38-83da-d34dbd3bf4f2,2026-07-01T14:58:57,1660,1660,0,1.0,226,7.306
12e6bf3a-6b0d-4e38-83da-d34dbd3bf4f2,2026-07-01T14:58:57,1660,1660,0,1.0,226,7.306
12e6bf3a-6b0d-4e38-83da-d34dbd3bf4f2,2026-07-01T14:58:57,1660,1660,0,1.0,226,7.306
12e6bf3a-6b0d-4e38-83da-d34dbd3bf4f2,2026-07-01T14:58:57,1660,1660,0,1.0,226,7.306
12e6bf3a-6b0d-4e38-83da-d34dbd3bf4f2,2026-07-01T14:58:57,1660,1660,0,1.0,226,7.306
12e6bf3a-6b0d-4e38-83da-d34dbd3bf4f2,2026-07-01T14:58:58,1660,1660,0,1.0,226,7.306
12e6bf3a-6b0d-4e38-83da-d34dbd3bf4f2,2026-07-01T14:58:58,1660,1660,0,1.0,226,7.306
12e6bf3a-6b0d-4e38-83da-d34dbd3bf4f2,2026-07-01T14:58:58,1660,1660,0,1.0,226,7.306
12e6bf3a-6b0d-4e38-83da-d34dbd3bf4f2,2026-07-01T14:58:58,1660,1660,0,1.0,226,7.306
12e6bf3a-6b0d-4e38-83da-d34dbd3bf4f2,2026-07-01T14:58:58,1660,1660,0,1.0,226,7.306
12e6bf3a-6b0d-4e38-83da-d34dbd3bf4f2,2026-07-01T14:58:58,1660,1660,0,1.0,226,7.306
12e6bf3a-6b0d-4e38-83da-d34dbd3bf4f2,2026-07-01T14:58:58,1660,1660,0,1.0,226,7.306
12e6bf3a-6b0d-4e38-83da-d34dbd3bf4f2,2026-07-01T14:58:58,1660,1660,0,1.0,226,7.306
12e6bf3a-6b0d-4e38-83da-d34dbd3bf4f2,2026-07-01T14:58:58,1660,1660,0,1.0,226,7.306
12e6bf3a-6b0d-4e38-83da-d34dbd3bf4f2,2026-07-01T14:58:58,1660,1660,0,1.0,226,7.306
12e6bf3a-6b0d-4e38-83da-d34dbd3bf4f2,2026-07-01T14:58:59,1660,1660,0,1.0,226,7.306
12e6bf3a-6b0d-4e38-83da-d34dbd3bf4f2,2026-07-01T14:58:59,1660,1660,0,1.0,226,7.306
12e6bf3a-6b0d-4e38-83da-d34dbd3bf4f2,2026-07-01T14:58:59,1660,1660,0,1.0,226,7.306
12e6bf3a-6b0d-4e38-83da-d34dbd3bf4f2,2026-07-01T14:58:59,1660,1660,0,1.0,226,7.306
12e6bf3a-6b0d-4e38-83da-d34dbd3bf4f2,2026-07-01T14:58:59,1660,1660,0,1.0,226,7.306
12e6bf3a-6b0d-4e38-83da-d34dbd3bf4f2,2026-07-01T14:58:59,1660,1660,0,1.0,226,7.306
12e6bf3a-6b0d-4e38-83da-d34dbd3bf4f2,2026-07-01T14:58:59,1660,1660,0,1.0,226,7.306
12e6bf3a-6b0d-4e38-83da-d34dbd3bf4f2,2026-07-01T14:58:59,1660,1660,0,1.0,226,7.306
12e6bf3a-6b0d-4e38-83da-d34dbd3bf4f2,2026-07-01T14:58:59,1660,1660,0,1.0,226,7.306
12e6bf3a-6b0d-4e38-83da-d34dbd3bf4f2,2026-07-01T14:58:59,1660,1660,0,1.0,226,7.306
12e6bf3a-6b0d-4e38-83da-d34dbd3bf4f2,2026-07-01T14:59:00,1662,1662,0,1.0,226,7.306
12e6bf3a-6b0d-4e38-83da-d34dbd3bf4f2,2026-07-01T14:59:00,1660,1660,0,1.0,226,7.306
12e6bf3a-6b0d-4e38-83da-d34dbd3bf4f2,2026-07-01T14:59:00,1660,1660,0,1.0,226,7.306
12e6bf3a-6b0d-4e38-83da-d34dbd3bf4f2,2026-07-01T14:59:00,1660,1660,0,1.0,226,7.306
12e6bf3a-6b0d-4e38-83da-d34dbd3bf4f2,2026-07-01T14:59:00,1660,1660,0,1.0,226,7.306
12e6bf3a-6b0d-4e38-83da-d34dbd3bf4f2,2026-07-01T14:59:00,1662,1662,0,1.0,226,7.306
12e6bf3a-6b0d-4e38-83da-d34dbd3bf4f2,2026-07-01T14:59:00,1662,1662,0,1.0,226,7.306
12e6bf3a-6b0d-4e38-83da-d34dbd3bf4f2,2026-07-01T14:59:00,1662,1662,0,1.0,226,7.306
12e6bf3a-6b0d-4e38-83da-d34dbd3bf4f2,2026-07-01T14:59:00,1662,1662,0,1.0,226,7.306
12e6bf3a-6b0d-4e38-83da-d34dbd3bf4f2,2026-07-01T14:59:01,1662,1662,0,1.0,226,7.306
12e6bf3a-6b0d-4e38-83da-d34dbd3bf4f2,2026-07-01T14:59:01,1662,1662,0,1.0,226,7.306
12e6bf3a-6b0d-4e38-83da-d34dbd3bf4f2,2026-07-01T14:59:01,1662,1662,0,1.0,226,7.306
12e6bf3a-6b0d-4e38-83da-d34dbd3bf4f2,2026-07-01T14:59:01,1662,1662,0,1.0,226,7.306
12e6bf3a-6b0d-4e38-83da-d34dbd3bf4f2,2026-07-01T14:59:01,1664,1664,0,1.0,226,7.306
12e6bf3a-6b0d-4e38-83da-d34dbd3bf4f2,2026-07-01T14:59:01,1664,1664,0,1.0,226,7.306
12e6bf3a-6b0d-4e38-83da-d34dbd3bf4f2,2026-07-01T14:59:01,1664,1664,0,1.0,226,7.315
12e6bf3a-6b0d-4e38-83da-d34dbd3bf4f2,2026-07-01T14:59:01,1664,1664,0,1.0,226,7.315
12e6bf3a-6b0d-4e38-83da-d34dbd3bf4f2,2026-07-01T14:59:01,1664,1664,0,1.0,226,7.315
12e6bf3a-6b0d-4e38-83da-d34dbd3bf4f2,2026-07-01T14:59:01,1664,1664,0,1.0,226,7.315
12e6bf3a-6b0d-4e38-83da-d34dbd3bf4f2,2026-07-01T14:59:02,1664,1664,0,1.0,226,7.315
12e6bf3a-6b0d-4e38-83da-d34dbd3bf4f2,2026-07-01T14:59:02,1664,1664,0,1.0,226,7.315
12e6bf3a-6b0d-4e38-83da-d34dbd3bf4f2,2026-07-01T14:59:02,1664,1664,0,1.0,226,7.315
12e6bf3a-6b0d-4e38-83da-d34dbd3bf4f2,2026-07-01T14:59:02,1664,1664,0,1.0,226,7.315
12e6bf3a-6b0d-4e38-83da-d34dbd3bf4f2,2026-07-01T14:59:02,1664,1664,0,1.0,226,7.315
12e6bf3a-6b0d-4e38-83da-d34dbd3bf4f2,2026-07-01T14:59:02,1664,1664,0,1.0,226,7.315
12e6bf3a-6b0d-4e38-83da-d34dbd3bf4f2,2026-07-01T14:59:02,1662,1662,0,1.0,226,7.315
12e6bf3a-6b0d-4e38-83da-d34dbd3bf4f2,2026-07-01T14:59:02,1662,1662,0,1.0,226,7.315
12e6bf3a-6b0d-4e38-83da-d34dbd3bf4f2,2026-07-01T14:59:02,1662,1662,0,1.0,226,7.315
12e6bf3a-6b0d-4e38-83da-d34dbd3bf4f2,2026-07-01T14:59:03,1662,1662,0,1.0,226,7.315
12e6bf3a-6b0d-4e38-83da-d34dbd3bf4f2,2026-07-01T14:59:03,1662,1662,0,1.0,226,7.315
12e6bf3a-6b0d-4e38-83da-d34dbd3bf4f2,2026-07-01T14:59:03,1662,1662,0,1.0,226,7.306
12e6bf3a-6b0d-4e38-83da-d34dbd3bf4f2,2026-07-01T14:59:03,1662,1662,0,1.0,226,7.306
12e6bf3a-6b0d-4e38-83da-d34dbd3bf4f2,2026-07-01T14:59:03,1662,1662,0,1.0,226,7.306
12e6bf3a-6b0d-4e38-83da-d34dbd3bf4f2,2026-07-01T14:59:03,1662,1662,0,1.0,226,7.306
12e6bf3a-6b0d-4e38-83da-d34dbd3bf4f2,2026-07-01T14:59:03,1662,1662,0,1.0,226,7.306
12e6bf3a-6b0d-4e38-83da-d34dbd3bf4f2,2026-07-01T14:59:03,1662,1662,0,1.0,226,7.306
12e6bf3a-6b0d-4e38-83da-d34dbd3bf4f2,2026-07-01T14:59:03,1662,1662,0,1.0,226,7.306
12e6bf3a-6b0d-4e38-83da-d34dbd3bf4f2,2026-07-01T14:59:03,1662,1662,0,1.0,226,7.306
12e6bf3a-6b0d-4e38-83da-d34dbd3bf4f2,2026-07-01T14:59:04,1662,1662,0,1.0,226,7.306
12e6bf3a-6b0d-4e38-83da-d34dbd3bf4f2,2026-07-01T14:59:04,1662,1662,0,1.0,226,7.306
12e6bf3a-6b0d-4e38-83da-d34dbd3bf4f2,2026-07-01T14:59:04,1662,1662,0,1.0,226,7.306
12e6bf3a-6b0d-4e38-83da-d34dbd3bf4f2,2026-07-01T14:59:04,1662,1662,0,1.0,226,7.306
12e6bf3a-6b0d-4e38-83da-d34dbd3bf4f2,2026-07-01T14:59:04,1662,1662,0,1.0,226,7.306
12e6bf3a-6b0d-4e38-83da-d34dbd3bf4f2,2026-07-01T14:59:04,1664,1664,0,1.0,226,7.306
12e6bf3a-6b0d-4e38-83da-d34dbd3bf4f2,2026-07-01T14:59:04,1664,1664,0,1.0,226,7.306
12e6bf3a-6b0d-4e38-83da-d34dbd3bf4f2,2026-07-01T14:59:04,1664,1664,0,1.0,226,7.306
12e6bf3a-6b0d-4e38-83da-d34dbd3bf4f2,2026-07-01T14:59:04,1662,1662,0,1.0,226,7.31
12e6bf3a-6b0d-4e38-83da-d34dbd3bf4f2,2026-07-01T14:59:05,1662,1662,0,1.0,226,7.31
12e6bf3a-6b0d-4e38-83da-d34dbd3bf4f2,2026-07-01T14:59:05,1662,1662,0,1.0,226,7.31
12e6bf3a-6b0d-4e38-83da-d34dbd3bf4f2,2026-07-01T14:59:05,1662,1662,0,1.0,226,7.31
12e6bf3a-6b0d-4e38-83da-d34dbd3bf4f2,2026-07-01T14:59:05,1662,1662,0,1.0,226,7.31
12e6bf3a-6b0d-4e38-83da-d34dbd3bf4f2,2026-07-01T14:59:05,1662,1662,0,1.0,226,7.31
12e6bf3a-6b0d-4e38-83da-d34dbd3bf4f2,2026-07-01T14:59:05,1662,1662,0,1.0,226,7.31
12e6bf3a-6b0d-4e38-83da-d34dbd3bf4f2,2026-07-01T14:59:05,1662,1662,0,1.0,226,7.31
12e6bf3a-6b0d-4e38-83da-d34dbd3bf4f2,2026-07-01T14:59:05,1662,1662,0,1.0,226,7.31
12e6bf3a-6b0d-4e38-83da-d34dbd3bf4f2,2026-07-01T14:59:05,1662,1662,0,1.0,226,7.31
12e6bf3a-6b0d-4e38-83da-d34dbd3bf4f2,2026-07-01T14:59:05,1662,1662,0,1.0,226,7.31
12e6bf3a-6b0d-4e38-83da-d34dbd3bf4f2,2026-07-01T14:59:06,1664,1664,0,1.0,226,7.31
12e6bf3a-6b0d-4e38-83da-d34dbd3bf4f2,2026-07-01T14:59:06,1664,1664,0,1.0,226,7.31
12e6bf3a-6b0d-4e38-83da-d34dbd3bf4f2,2026-07-01T14:59:06,1664,1664,0,1.0,226,7.31
12e6bf3a-6b0d-4e38-83da-d34dbd3bf4f2,2026-07-01T14:59:06,1664,1664,0,1.0,226,7.31
12e6bf3a-6b0d-4e38-83da-d34dbd3bf4f2,2026-07-01T14:59:06,1664,1664,0,1.0,226,7.315
12e6bf3a-6b0d-4e38-83da-d34dbd3bf4f2,2026-07-01T14:59:06,1664,1664,0,1.0,226,7.315
12e6bf3a-6b0d-4e38-83da-d34dbd3bf4f2,2026-07-01T14:59:06,1664,1664,0,1.0,226,7.315
12e6bf3a-6b0d-4e38-83da-d34dbd3bf4f2,2026-07-01T14:59:06,1664,1664,0,1.0,226,7.315
12e6bf3a-6b0d-4e38-83da-d34dbd3bf4f2,2026-07-01T14:59:06,1664,1664,0,1.0,226,7.315
12e6bf3a-6b0d-4e38-83da-d34dbd3bf4f2,2026-07-01T14:59:06,1664,1664,0,1.0,226,7.315
12e6bf3a-6b0d-4e38-83da-d34dbd3bf4f2,2026-07-01T14:59:07,1664,1664,0,1.0,226,7.315
12e6bf3a-6b0d-4e38-83da-d34dbd3bf4f2,2026-07-01T14:59:07,1664,1664,0,1.0,226,7.315
12e6bf3a-6b0d-4e38-83da-d34dbd3bf4f2,2026-07-01T14:59:07,1664,1664,0,1.0,226,7.315
12e6bf3a-6b0d-4e38-83da-d34dbd3bf4f2,2026-07-01T14:59:07,1664,1664,0,1.0,226,7.315
12e6bf3a-6b0d-4e38-83da-d34dbd3bf4f2,2026-07-01T14:59:07,1664,1664,0,1.0,226,7.315
12e6bf3a-6b0d-4e38-83da-d34dbd3bf4f2,2026-07-01T14:59:07,1664,1664,0,1.0,226,7.315
12e6bf3a-6b0d-4e38-83da-d34dbd3bf4f2,2026-07-01T14:59:07,1664,1664,0,1.0,226,7.315
12e6bf3a-6b0d-4e38-83da-d34dbd3bf4f2,2026-07-01T14:59:07,1664,1664,0,1.0,226,7.315
12e6bf3a-6b0d-4e38-83da-d34dbd3bf4f2,2026-07-01T14:59:07,1664,1664,0,1.0,226,7.315
12e6bf3a-6b0d-4e38-83da-d34dbd3bf4f2,2026-07-01T14:59:08,1664,1664,0,1.0,226,7.31
12e6bf3a-6b0d-4e38-83da-d34dbd3bf4f2,2026-07-01T14:59:08,1664,1664,0,1.0,226,7.31
12e6bf3a-6b0d-4e38-83da-d34dbd3bf4f2,2026-07-01T14:59:08,1664,1664,0,1.0,226,7.31
12e6bf3a-6b0d-4e38-83da-d34dbd3bf4f2,2026-07-01T14:59:08,1664,1664,0,1.0,226,7.31
12e6bf3a-6b0d-4e38-83da-d34dbd3bf4f2,2026-07-01T14:59:08,1662,1662,0,1.0,226,7.31
12e6bf3a-6b0d-4e38-83da-d34dbd3bf4f2,2026-07-01T14:59:08,1662,1662,0,1.0,226,7.31
12e6bf3a-6b0d-4e38-83da-d34dbd3bf4f2,2026-07-01T14:59:08,1662,1662,0,1.0,226,7.31
12e6bf3a-6b0d-4e38-83da-d34dbd3bf4f2,2026-07-01T14:59:08,1662,1662,0,1.0,226,7.31
12e6bf3a-6b0d-4e38-83da-d34dbd3bf4f2,2026-07-01T14:59:08,1662,1662,0,1.0,226,7.31
12e6bf3a-6b0d-4e38-83da-d34dbd3bf4f2,2026-07-01T14:59:08,1662,1662,0,1.0,226,7.31
12e6bf3a-6b0d-4e38-83da-d34dbd3bf4f2,2026-07-01T14:59:09,1664,1664,0,1.0,226,7.31
12e6bf3a-6b0d-4e38-83da-d34dbd3bf4f2,2026-07-01T14:59:09,1664,1664,0,1.0,226,7.31
12e6bf3a-6b0d-4e38-83da-d34dbd3bf4f2,2026-07-01T14:59:09,1665,1665,0,1.0,226,7.31
12e6bf3a-6b0d-4e38-83da-d34dbd3bf4f2,2026-07-01T14:59:09,1665,1665,0,1.0,226,7.31
12e6bf3a-6b0d-4e38-83da-d34dbd3bf4f2,2026-07-01T14:59:09,1664,1664,0,1.0,226,7.31
12e6bf3a-6b0d-4e38-83da-d34dbd3bf4f2,2026-07-01T14:59:09,1664,1664,0,1.0,226,7.31
12e6bf3a-6b0d-4e38-83da-d34dbd3bf4f2,2026-07-01T14:59:09,1664,1664,0,1.0,226,7.315
12e6bf3a-6b0d-4e38-83da-d34dbd3bf4f2,2026-07-01T14:59:09,1664,1664,0,1.0,226,7.315
12e6bf3a-6b0d-4e38-83da-d34dbd3bf4f2,2026-07-01T14:59:09,1664,1664,0,1.0,226,7.315
12e6bf3a-6b0d-4e38-83da-d34dbd3bf4f2,2026-07-01T14:59:09,1664,1664,0,1.0,226,7.315
12e6bf3a-6b0d-4e38-83da-d34dbd3bf4f2,2026-07-01T14:59:10,1665,1665,0,1.0,226,7.315
12e6bf3a-6b0d-4e38-83da-d34dbd3bf4f2,2026-07-01T14:59:10,1665,1665,0,1.0,226,7.315
12e6bf3a-6b0d-4e38-83da-d34dbd3bf4f2,2026-07-01T14:59:10,1664,1664,0,1.0,226,7.315
12e6bf3a-6b0d-4e38-83da-d34dbd3bf4f2,2026-07-01T14:59:10,1665,1665,0,1.0,227,7.315
12e6bf3a-6b0d-4e38-83da-d34dbd3bf4f2,2026-07-01T14:59:10,1665,1665,0,1.0,227,7.315
12e6bf3a-6b0d-4e38-83da-d34dbd3bf4f2,2026-07-01T14:59:10,1664,1664,0,1.0,227,7.315
12e6bf3a-6b0d-4e38-83da-d34dbd3bf4f2,2026-07-01T14:59:10,1664,1664,0,1.0,227,7.315
12e6bf3a-6b0d-4e38-83da-d34dbd3bf4f2,2026-07-01T14:59:10,1664,1664,0,1.0,227,7.315
12e6bf3a-6b0d-4e38-83da-d34dbd3bf4f2,2026-07-01T14:59:11,1664,1664,0,1.0,227,7.315
12e6bf3a-6b0d-4e38-83da-d34dbd3bf4f2,2026-07-01T14:59:11,1664,1664,0,1.0,227,7.315
12e6bf3a-6b0d-4e38-83da-d34dbd3bf4f2,2026-07-01T14:59:11,1664,1664,0,1.0,227,7.315
12e6bf3a-6b0d-4e38-83da-d34dbd3bf4f2,2026-07-01T14:59:11,1664,1664,0,1.0,227,7.315
12e6bf3a-6b0d-4e38-83da-d34dbd3bf4f2,2026-07-01T14:59:11,1664,1664,0,1.0,227,7.315
12e6bf3a-6b0d-4e38-83da-d34dbd3bf4f2,2026-07-01T14:59:11,1664,1664,0,1.0,227,7.315
12e6bf3a-6b0d-4e38-83da-d34dbd3bf4f2,2026-07-01T14:59:11,1664,1664,0,1.0,227,7.315
12e6bf3a-6b0d-4e38-83da-d34dbd3bf4f2,2026-07-01T14:59:11,1664,1664,0,1.0,227,7.315
12e6bf3a-6b0d-4e38-83da-d34dbd3bf4f2,2026-07-01T14:59:11,1664,1664,0,1.0,227,7.315
12e6bf3a-6b0d-4e38-83da-d34dbd3bf4f2,2026-07-01T14:59:11,1664,1664,0,1.0,227,7.315
12e6bf3a-6b0d-4e38-83da-d34dbd3bf4f2,2026-07-01T14:59:12,1664,1664,0,1.0,227,7.315
12e6bf3a-6b0d-4e38-83da-d34dbd3bf4f2,2026-07-01T14:59:12,1664,1664,0,1.0,227,7.315
12e6bf3a-6b0d-4e38-83da-d34dbd3bf4f2,2026-07-01T14:59:12,1664,1664,0,1.0,227,7.315
12e6bf3a-6b0d-4e38-83da-d34dbd3bf4f2,2026-07-01T14:59:12,1664,1664,0,1.0,227,7.315
12e6bf3a-6b0d-4e38-83da-d34dbd3bf4f2,2026-07-01T14:59:12,1664,1664,0,1.0,227,7.315
12e6bf3a-6b0d-4e38-83da-d34dbd3bf4f2,2026-07-01T14:59:12,1664,1664,0,1.0,227,7.315
12e6bf3a-6b0d-4e38-83da-d34dbd3bf4f2,2026-07-01T14:59:14,1665,1665,0,1.0,226,7.315
12e6bf3a-6b0d-4e38-83da-d34dbd3bf4f2,2026-07-01T14:59:16,1665,1665,0,1.0,227,7.315
12e6bf3a-6b0d-4e38-83da-d34dbd3bf4f2,2026-07-01T14:59:17,1665,1665,0,1.0,227,7.315
12e6bf3a-6b0d-4e38-83da-d34dbd3bf4f2,2026-07-01T14:59:17,1665,1665,0,1.0,227,7.315
12e6bf3a-6b0d-4e38-83da-d34dbd3bf4f2,2026-07-01T14:59:17,1665,1665,0,1.0,227,7.315
12e6bf3a-6b0d-4e38-83da-d34dbd3bf4f2,2026-07-01T14:59:17,1665,1665,0,1.0,227,7.315
12e6bf3a-6b0d-4e38-83da-d34dbd3bf4f2,2026-07-01T14:59:17,1665,1665,0,1.0,227,7.315
12e6bf3a-6b0d-4e38-83da-d34dbd3bf4f2,2026-07-01T14:59:17,1665,1665,0,1.0,227,7.315
12e6bf3a-6b0d-4e38-83da-d34dbd3bf4f2,2026-07-01T14:59:17,1667,1667,0,1.0,227,7.319
12e6bf3a-6b0d-4e38-83da-d34dbd3bf4f2,2026-07-01T14:59:17,1667,1667,0,1.0,227,7.319
12e6bf3a-6b0d-4e38-83da-d34dbd3bf4f2,2026-07-01T14:59:17,1665,1665,0,1.0,227,7.319
12e6bf3a-6b0d-4e38-83da-d34dbd3bf4f2,2026-07-01T14:59:17,1665,1665,0,1.0,227,7.319
12e6bf3a-6b0d-4e38-83da-d34dbd3bf4f2,2026-07-01T14:59:18,1665,1665,0,1.0,227,7.319
12e6bf3a-6b0d-4e38-83da-d34dbd3bf4f2,2026-07-01T14:59:18,1665,1665,0,1.0,227,7.319
12e6bf3a-6b0d-4e38-83da-d34dbd3bf4f2,2026-07-01T14:59:18,1665,1665,0,1.0,227,7.319
12e6bf3a-6b0d-4e38-83da-d34dbd3bf4f2,2026-07-01T14:59:18,1665,1665,0,1.0,227,7.319
12e6bf3a-6b0d-4e38-83da-d34dbd3bf4f2,2026-07-01T14:59:18,1667,1667,0,1.0,227,7.319
12e6bf3a-6b0d-4e38-83da-d34dbd3bf4f2,2026-07-01T14:59:18,1667,1667,0,1.0,227,7.319
12e6bf3a-6b0d-4e38-83da-d34dbd3bf4f2,2026-07-01T14:59:18,1662,1662,0,1.0,227,7.319
12e6bf3a-6b0d-4e38-83da-d34dbd3bf4f2,2026-07-01T14:59:18,1662,1662,0,1.0,227,7.319
12e6bf3a-6b0d-4e38-83da-d34dbd3bf4f2,2026-07-01T14:59:18,1662,1662,0,1.0,227,7.319
12e6bf3a-6b0d-4e38-83da-d34dbd3bf4f2,2026-07-01T14:59:18,1662,1662,0,1.0,227,7.319
12e6bf3a-6b0d-4e38-83da-d34dbd3bf4f2,2026-07-01T14:59:19,1664,1664,0,1.0,227,7.319
12e6bf3a-6b0d-4e38-83da-d34dbd3bf4f2,2026-07-01T14:59:19,1664,1664,0,1.0,227,7.319
12e6bf3a-6b0d-4e38-83da-d34dbd3bf4f2,2026-07-01T14:59:19,1664,1664,0,1.0,227,7.31
12e6bf3a-6b0d-4e38-83da-d34dbd3bf4f2,2026-07-01T14:59:19,1664,1664,0,1.0,227,7.31
12e6bf3a-6b0d-4e38-83da-d34dbd3bf4f2,2026-07-01T14:59:19,1665,1665,0,1.0,227,7.31
12e6bf3a-6b0d-4e38-83da-d34dbd3bf4f2,2026-07-01T14:59:19,1665,1665,0,1.0,227,7.31
12e6bf3a-6b0d-4e38-83da-d34dbd3bf4f2,2026-07-01T14:59:19,1664,1664,0,1.0,227,7.31
12e6bf3a-6b0d-4e38-83da-d34dbd3bf4f2,2026-07-01T14:59:19,1664,1664,0,1.0,227,7.31
12e6bf3a-6b0d-4e38-83da-d34dbd3bf4f2,2026-07-01T14:59:19,1664,1664,0,1.0,227,7.31
12e6bf3a-6b0d-4e38-83da-d34dbd3bf4f2,2026-07-01T14:59:20,1664,1664,0,1.0,226,7.31
12e6bf3a-6b0d-4e38-83da-d34dbd3bf4f2,2026-07-01T14:59:20,1664,1664,0,1.0,226,7.31
12e6bf3a-6b0d-4e38-83da-d34dbd3bf4f2,2026-07-01T14:59:20,1665,1665,0,1.0,226,7.31
12e6bf3a-6b0d-4e38-83da-d34dbd3bf4f2,2026-07-01T14:59:20,1665,1665,0,1.0,226,7.31
12e6bf3a-6b0d-4e38-83da-d34dbd3bf4f2,2026-07-01T14:59:20,1664,1664,0,1.0,226,7.31
12e6bf3a-6b0d-4e38-83da-d34dbd3bf4f2,2026-07-01T14:59:20,1664,1664,0,1.0,226,7.31
12e6bf3a-6b0d-4e38-83da-d34dbd3bf4f2,2026-07-01T14:59:20,1664,1664,0,1.0,226,7.31
12e6bf3a-6b0d-4e38-83da-d34dbd3bf4f2,2026-07-01T14:59:20,1664,1664,0,1.0,226,7.31
12e6bf3a-6b0d-4e38-83da-d34dbd3bf4f2,2026-07-01T14:59:20,1664,1664,0,1.0,226,7.315
12e6bf3a-6b0d-4e38-83da-d34dbd3bf4f2,2026-07-01T14:59:20,1664,1664,0,1.0,226,7.315
12e6bf3a-6b0d-4e38-83da-d34dbd3bf4f2,2026-07-01T14:59:22,1049,1654,1279,0.63,226,7.315
12e6bf3a-6b0d-4e38-83da-d34dbd3bf4f2,2026-07-01T14:59:22,25,1654,1654,0.01,226,7.315
12e6bf3a-6b0d-4e38-83da-d34dbd3bf4f2,2026-07-01T14:59:22,25,1654,1654,0.01,226,7.315
12e6bf3a-6b0d-4e38-83da-d34dbd3bf4f2,2026-07-01T14:59:22,25,1654,1654,0.01,226,7.315
12e6bf3a-6b0d-4e38-83da-d34dbd3bf4f2,2026-07-01T14:59:22,25,1654,1654,0.01,226,7.315
12e6bf3a-6b0d-4e38-83da-d34dbd3bf4f2,2026-07-01T14:59:22,25,1654,1654,0.01,226,7.315
12e6bf3a-6b0d-4e38-83da-d34dbd3bf4f2,2026-07-01T14:59:22,2,1654,1654,0.0,226,7.315
12e6bf3a-6b0d-4e38-83da-d34dbd3bf4f2,2026-07-01T14:59:22,2,1654,1654,0.0,226,7.315
12e6bf3a-6b0d-4e38-83da-d34dbd3bf4f2,2026-07-01T14:59:23,2,1654,1654,0.0,226,7.315
12e6bf3a-6b0d-4e38-83da-d34dbd3bf4f2,2026-07-01T14:59:23,2,1654,1654,0.0,226,7.315
12e6bf3a-6b0d-4e38-83da-d34dbd3bf4f2,2026-07-01T14:59:23,5,12,11,0.38,226,0.054
12e6bf3a-6b0d-4e38-83da-d34dbd3bf4f2,2026-07-01T14:59:23,5,12,11,0.38,226,0.054
12e6bf3a-6b0d-4e38-83da-d34dbd3bf4f2,2026-07-01T14:59:23,5,12,11,0.38,226,0.054
12e6bf3a-6b0d-4e38-83da-d34dbd3bf4f2,2026-07-01T14:59:23,5,12,11,0.38,226,0.054
12e6bf3a-6b0d-4e38-83da-d34dbd3bf4f2,2026-07-01T14:59:23,5,12,11,0.38,226,0.054
12e6bf3a-6b0d-4e38-83da-d34dbd3bf4f2,2026-07-01T14:59:23,5,12,11,0.38,226,0.054
12e6bf3a-6b0d-4e38-83da-d34dbd3bf4f2,2026-07-01T14:59:23,5,12,11,0.38,226,0.054
12e6bf3a-6b0d-4e38-83da-d34dbd3bf4f2,2026-07-01T14:59:23,5,12,11,0.38,226,0.054
12e6bf3a-6b0d-4e38-83da-d34dbd3bf4f2,2026-07-01T14:59:24,5,12,12,0.37,230,0.054
12e6bf3a-6b0d-4e38-83da-d34dbd3bf4f2,2026-07-01T14:59:24,5,12,12,0.37,230,0.054
12e6bf3a-6b0d-4e38-83da-d34dbd3bf4f2,2026-07-01T14:59:24,5,12,12,0.37,230,0.054
12e6bf3a-6b0d-4e38-83da-d34dbd3bf4f2,2026-07-01T14:59:24,5,12,12,0.37,230,0.054
12e6bf3a-6b0d-4e38-83da-d34dbd3bf4f2,2026-07-01T14:59:24,5,12,12,0.37,230,0.054
12e6bf3a-6b0d-4e38-83da-d34dbd3bf4f2,2026-07-01T14:59:24,5,12,12,0.37,230,0.054
12e6bf3a-6b0d-4e38-83da-d34dbd3bf4f2,2026-07-01T14:59:24,5,12,12,0.37,230,0.054
12e6bf3a-6b0d-4e38-83da-d34dbd3bf4f2,2026-07-01T14:59:24,5,12,12,0.37,230,0.054
12e6bf3a-6b0d-4e38-83da-d34dbd3bf4f2,2026-07-01T14:59:24,5,12,12,0.37,230,0.054
12e6bf3a-6b0d-4e38-83da-d34dbd3bf4f2,2026-07-01T14:59:25,5,12,12,0.37,230,0.054
12e6bf3a-6b0d-4e38-83da-d34dbd3bf4f2,2026-07-01T14:59:25,5,12,12,0.37,230,0.054
12e6bf3a-6b0d-4e38-83da-d34dbd3bf4f2,2026-07-01T14:59:25,5,12,12,0.37,230,0.054
12e6bf3a-6b0d-4e38-83da-d34dbd3bf4f2,2026-07-01T14:59:25,5,12,12,0.37,230,0.054
12e6bf3a-6b0d-4e38-83da-d34dbd3bf4f2,2026-07-01T14:59:25,5,12,12,0.37,230,0.054
12e6bf3a-6b0d-4e38-83da-d34dbd3bf4f2,2026-07-01T14:59:25,5,12,12,0.37,230,0.054
12e6bf3a-6b0d-4e38-83da-d34dbd3bf4f2,2026-07-01T14:59:25,4,10,9,0.42,230,0.045
12e6bf3a-6b0d-4e38-83da-d34dbd3bf4f2,2026-07-01T14:59:25,4,10,9,0.42,230,0.045
12e6bf3a-6b0d-4e38-83da-d34dbd3bf4f2,2026-07-01T14:59:25,5,10,9,0.43,230,0.045
12e6bf3a-6b0d-4e38-83da-d34dbd3bf4f2,2026-07-01T14:59:25,5,10,9,0.43,230,0.045
12e6bf3a-6b0d-4e38-83da-d34dbd3bf4f2,2026-07-01T14:59:26,5,10,9,0.43,230,0.045
12e6bf3a-6b0d-4e38-83da-d34dbd3bf4f2,2026-07-01T14:59:26,5,10,9,0.43,230,0.045
12e6bf3a-6b0d-4e38-83da-d34dbd3bf4f2,2026-07-01T14:59:26,5,10,9,0.43,230,0.045
12e6bf3a-6b0d-4e38-83da-d34dbd3bf4f2,2026-07-01T14:59:26,5,10,9,0.43,230,0.045
12e6bf3a-6b0d-4e38-83da-d34dbd3bf4f2,2026-07-01T14:59:26,5,10,9,0.43,230,0.045
12e6bf3a-6b0d-4e38-83da-d34dbd3bf4f2,2026-07-01T14:59:26,5,10,9,0.43,230,0.045
12e6bf3a-6b0d-4e38-83da-d34dbd3bf4f2,2026-07-01T14:59:26,5,10,9,0.43,230,0.045
12e6bf3a-6b0d-4e38-83da-d34dbd3bf4f2,2026-07-01T14:59:26,5,10,9,0.43,230,0.045
12e6bf3a-6b0d-4e38-83da-d34dbd3bf4f2,2026-07-01T14:59:29,5,10,9,0.44,230,0.045
12e6bf3a-6b0d-4e38-83da-d34dbd3bf4f2,2026-07-01T14:59:29,5,10,9,0.44,230,0.045
12e6bf3a-6b0d-4e38-83da-d34dbd3bf4f2,2026-07-01T14:59:29,5,10,9,0.44,230,0.045
12e6bf3a-6b0d-4e38-83da-d34dbd3bf4f2,2026-07-01T14:59:29,5,10,9,0.44,230,0.045
12e6bf3a-6b0d-4e38-83da-d34dbd3bf4f2,2026-07-01T14:59:29,5,10,9,0.44,230,0.045
12e6bf3a-6b0d-4e38-83da-d34dbd3bf4f2,2026-07-01T14:59:30,5,10,9,0.44,230,0.045
12e6bf3a-6b0d-4e38-83da-d34dbd3bf4f2,2026-07-01T14:59:30,5,10,9,0.44,230,0.045
12e6bf3a-6b0d-4e38-83da-d34dbd3bf4f2,2026-07-01T14:59:30,567,567,0,1.0,230,0.142
12e6bf3a-6b0d-4e38-83da-d34dbd3bf4f2,2026-07-01T14:59:30,567,567,0,1.0,230,0.142
12e6bf3a-6b0d-4e38-83da-d34dbd3bf4f2,2026-07-01T14:59:30,1675,1675,0,1.0,230,0.142
12e6bf3a-6b0d-4e38-83da-d34dbd3bf4f2,2026-07-01T14:59:30,1675,1675,0,1.0,230,0.142
12e6bf3a-6b0d-4e38-83da-d34dbd3bf4f2,2026-07-01T14:59:30,1667,1667,0,1.0,230,0.142
12e6bf3a-6b0d-4e38-83da-d34dbd3bf4f2,2026-07-01T14:59:30,1667,1667,0,1.0,230,0.142
12e6bf3a-6b0d-4e38-83da-d34dbd3bf4f2,2026-07-01T14:59:30,1667,1667,0,1.0,230,0.142
12e6bf3a-6b0d-4e38-83da-d34dbd3bf4f2,2026-07-01T14:59:30,1667,1667,0,1.0,230,0.142
12e6bf3a-6b0d-4e38-83da-d34dbd3bf4f2,2026-07-01T14:59:31,1667,1667,0,1.0,226,0.142
12e6bf3a-6b0d-4e38-83da-d34dbd3bf4f2,2026-07-01T14:59:31,1667,1667,0,1.0,226,0.142
12e6bf3a-6b0d-4e38-83da-d34dbd3bf4f2,2026-07-01T14:59:31,1667,1667,0,1.0,226,0.142
12e6bf3a-6b0d-4e38-83da-d34dbd3bf4f2,2026-07-01T14:59:31,1667,1667,0,1.0,226,0.142
12e6bf3a-6b0d-4e38-83da-d34dbd3bf4f2,2026-07-01T14:59:31,1667,1667,0,1.0,226,0.142
12e6bf3a-6b0d-4e38-83da-d34dbd3bf4f2,2026-07-01T14:59:31,1667,1667,0,1.0,226,0.142
12e6bf3a-6b0d-4e38-83da-d34dbd3bf4f2,2026-07-01T14:59:31,1665,1665,0,1.0,226,0.142
12e6bf3a-6b0d-4e38-83da-d34dbd3bf4f2,2026-07-01T14:59:31,1665,1665,0,1.0,226,0.142
12e6bf3a-6b0d-4e38-83da-d34dbd3bf4f2,2026-07-01T14:59:31,1665,1665,0,1.0,226,7.327
12e6bf3a-6b0d-4e38-83da-d34dbd3bf4f2,2026-07-01T14:59:31,1665,1665,0,1.0,226,7.327
12e6bf3a-6b0d-4e38-83da-d34dbd3bf4f2,2026-07-01T14:59:32,1665,1665,0,1.0,226,7.327
12e6bf3a-6b0d-4e38-83da-d34dbd3bf4f2,2026-07-01T14:59:32,1665,1665,0,1.0,226,7.327
12e6bf3a-6b0d-4e38-83da-d34dbd3bf4f2,2026-07-01T14:59:32,1665,1665,0,1.0,226,7.327
12e6bf3a-6b0d-4e38-83da-d34dbd3bf4f2,2026-07-01T14:59:32,1664,1664,0,1.0,226,7.327
12e6bf3a-6b0d-4e38-83da-d34dbd3bf4f2,2026-07-01T14:59:32,1664,1664,0,1.0,226,7.327
12e6bf3a-6b0d-4e38-83da-d34dbd3bf4f2,2026-07-01T14:59:32,1664,1664,0,1.0,226,7.327
12e6bf3a-6b0d-4e38-83da-d34dbd3bf4f2,2026-07-01T14:59:32,1664,1664,0,1.0,226,7.327
12e6bf3a-6b0d-4e38-83da-d34dbd3bf4f2,2026-07-01T14:59:32,1664,1664,0,1.0,226,7.327
12e6bf3a-6b0d-4e38-83da-d34dbd3bf4f2,2026-07-01T14:59:32,1664,1664,0,1.0,226,7.327
12e6bf3a-6b0d-4e38-83da-d34dbd3bf4f2,2026-07-01T14:59:33,1664,1664,0,1.0,226,7.327
12e6bf3a-6b0d-4e38-83da-d34dbd3bf4f2,2026-07-01T14:59:33,1664,1664,0,1.0,226,7.327
12e6bf3a-6b0d-4e38-83da-d34dbd3bf4f2,2026-07-01T14:59:33,1664,1664,0,1.0,226,7.327
12e6bf3a-6b0d-4e38-83da-d34dbd3bf4f2,2026-07-01T14:59:34,1664,1664,0,1.0,226,7.319
12e6bf3a-6b0d-4e38-83da-d34dbd3bf4f2,2026-07-01T14:59:34,1664,1664,0,1.0,226,7.319
12e6bf3a-6b0d-4e38-83da-d34dbd3bf4f2,2026-07-01T14:59:34,1664,1664,0,1.0,226,7.319
12e6bf3a-6b0d-4e38-83da-d34dbd3bf4f2,2026-07-01T14:59:34,1664,1664,0,1.0,226,7.319
12e6bf3a-6b0d-4e38-83da-d34dbd3bf4f2,2026-07-01T14:59:34,1664,1664,0,1.0,226,7.319
12e6bf3a-6b0d-4e38-83da-d34dbd3bf4f2,2026-07-01T14:59:35,1664,1664,0,1.0,226,7.315
12e6bf3a-6b0d-4e38-83da-d34dbd3bf4f2,2026-07-01T14:59:35,1664,1664,0,1.0,226,7.315
12e6bf3a-6b0d-4e38-83da-d34dbd3bf4f2,2026-07-01T14:59:35,1664,1664,0,1.0,226,7.315
12e6bf3a-6b0d-4e38-83da-d34dbd3bf4f2,2026-07-01T14:59:35,1664,1664,0,1.0,226,7.315
12e6bf3a-6b0d-4e38-83da-d34dbd3bf4f2,2026-07-01T14:59:35,1664,1664,0,1.0,226,7.315
12e6bf3a-6b0d-4e38-83da-d34dbd3bf4f2,2026-07-01T14:59:35,1664,1664,0,1.0,226,7.315
12e6bf3a-6b0d-4e38-83da-d34dbd3bf4f2,2026-07-01T14:59:35,1664,1664,0,1.0,226,7.315
12e6bf3a-6b0d-4e38-83da-d34dbd3bf4f2,2026-07-01T14:59:35,1664,1664,0,1.0,226,7.315
12e6bf3a-6b0d-4e38-83da-d34dbd3bf4f2,2026-07-01T14:59:35,1664,1664,0,1.0,226,7.315
12e6bf3a-6b0d-4e38-83da-d34dbd3bf4f2,2026-07-01T14:59:36,1664,1664,0,1.0,226,7.315
12e6bf3a-6b0d-4e38-83da-d34dbd3bf4f2,2026-07-01T14:59:36,1664,1664,0,1.0,226,7.315
12e6bf3a-6b0d-4e38-83da-d34dbd3bf4f2,2026-07-01T14:59:36,1662,1662,0,1.0,226,7.315
12e6bf3a-6b0d-4e38-83da-d34dbd3bf4f2,2026-07-01T14:59:36,1662,1662,0,1.0,226,7.315
12e6bf3a-6b0d-4e38-83da-d34dbd3bf4f2,2026-07-01T14:59:36,1662,1662,0,1.0,226,7.315
12e6bf3a-6b0d-4e38-83da-d34dbd3bf4f2,2026-07-01T14:59:36,1662,1662,0,1.0,226,7.315
12e6bf3a-6b0d-4e38-83da-d34dbd3bf4f2,2026-07-01T14:59:36,1664,1664,0,1.0,226,7.315
12e6bf3a-6b0d-4e38-83da-d34dbd3bf4f2,2026-07-01T14:59:36,1662,1662,0,1.0,226,7.315
12e6bf3a-6b0d-4e38-83da-d34dbd3bf4f2,2026-07-01T14:59:36,1662,1662,0,1.0,226,7.315
12e6bf3a-6b0d-4e38-83da-d34dbd3bf4f2,2026-07-01T14:59:37,1662,1662,0,1.0,226,7.315
12e6bf3a-6b0d-4e38-83da-d34dbd3bf4f2,2026-07-01T14:59:37,1662,1662,0,1.0,226,7.315
12e6bf3a-6b0d-4e38-83da-d34dbd3bf4f2,2026-07-01T14:59:37,1662,1662,0,1.0,226,7.315
12e6bf3a-6b0d-4e38-83da-d34dbd3bf4f2,2026-07-01T14:59:37,1662,1662,0,1.0,226,7.315
12e6bf3a-6b0d-4e38-83da-d34dbd3bf4f2,2026-07-01T14:59:37,1662,1662,0,1.0,226,7.315
12e6bf3a-6b0d-4e38-83da-d34dbd3bf4f2,2026-07-01T14:59:37,1662,1662,0,1.0,226,7.315
12e6bf3a-6b0d-4e38-83da-d34dbd3bf4f2,2026-07-01T14:59:37,1662,1662,0,1.0,226,7.315
12e6bf3a-6b0d-4e38-83da-d34dbd3bf4f2,2026-07-01T14:59:37,1660,1660,0,1.0,226,7.315
12e6bf3a-6b0d-4e38-83da-d34dbd3bf4f2,2026-07-01T14:59:38,1660,1660,0,1.0,226,7.315
12e6bf3a-6b0d-4e38-83da-d34dbd3bf4f2,2026-07-01T14:59:38,1660,1660,0,1.0,226,7.315
12e6bf3a-6b0d-4e38-83da-d34dbd3bf4f2,2026-07-01T14:59:38,1662,1662,0,1.0,226,7.306
12e6bf3a-6b0d-4e38-83da-d34dbd3bf4f2,2026-07-01T14:59:38,1662,1662,0,1.0,226,7.306
12e6bf3a-6b0d-4e38-83da-d34dbd3bf4f2,2026-07-01T14:59:38,1660,1660,0,1.0,226,7.306
12e6bf3a-6b0d-4e38-83da-d34dbd3bf4f2,2026-07-01T14:59:38,1660,1660,0,1.0,226,7.306
12e6bf3a-6b0d-4e38-83da-d34dbd3bf4f2,2026-07-01T14:59:38,1660,1660,0,1.0,226,7.306
12e6bf3a-6b0d-4e38-83da-d34dbd3bf4f2,2026-07-01T14:59:38,1660,1660,0,1.0,226,7.306
12e6bf3a-6b0d-4e38-83da-d34dbd3bf4f2,2026-07-01T14:59:38,1660,1660,0,1.0,226,7.306
12e6bf3a-6b0d-4e38-83da-d34dbd3bf4f2,2026-07-01T14:59:38,1660,1660,0,1.0,226,7.306
12e6bf3a-6b0d-4e38-83da-d34dbd3bf4f2,2026-07-01T14:59:39,1662,1662,0,1.0,226,7.306
12e6bf3a-6b0d-4e38-83da-d34dbd3bf4f2,2026-07-01T14:59:39,1662,1662,0,1.0,226,7.306
12e6bf3a-6b0d-4e38-83da-d34dbd3bf4f2,2026-07-01T14:59:39,1662,1662,0,1.0,226,7.306
12e6bf3a-6b0d-4e38-83da-d34dbd3bf4f2,2026-07-01T14:59:42,1667,1667,0,1.0,226,7.315
12e6bf3a-6b0d-4e38-83da-d34dbd3bf4f2,2026-07-01T14:59:42,1667,1667,0,1.0,226,7.315
12e6bf3a-6b0d-4e38-83da-d34dbd3bf4f2,2026-07-01T14:59:42,1667,1667,0,1.0,226,7.315
12e6bf3a-6b0d-4e38-83da-d34dbd3bf4f2,2026-07-01T14:59:42,1667,1667,0,1.0,226,7.315
12e6bf3a-6b0d-4e38-83da-d34dbd3bf4f2,2026-07-01T14:59:43,1667,1667,0,1.0,226,7.323
12e6bf3a-6b0d-4e38-83da-d34dbd3bf4f2,2026-07-01T14:59:43,1667,1667,0,1.0,226,7.323
12e6bf3a-6b0d-4e38-83da-d34dbd3bf4f2,2026-07-01T14:59:43,1667,1667,0,1.0,226,7.323
12e6bf3a-6b0d-4e38-83da-d34dbd3bf4f2,2026-07-01T14:59:43,1667,1667,0,1.0,226,7.323
12e6bf3a-6b0d-4e38-83da-d34dbd3bf4f2,2026-07-01T14:59:43,1667,1667,0,1.0,226,7.323
12e6bf3a-6b0d-4e38-83da-d34dbd3bf4f2,2026-07-01T14:59:43,1667,1667,0,1.0,226,7.323
12e6bf3a-6b0d-4e38-83da-d34dbd3bf4f2,2026-07-01T14:59:43,1667,1667,0,1.0,226,7.323
12e6bf3a-6b0d-4e38-83da-d34dbd3bf4f2,2026-07-01T14:59:43,1667,1667,0,1.0,226,7.323
12e6bf3a-6b0d-4e38-83da-d34dbd3bf4f2,2026-07-01T14:59:43,1667,1667,0,1.0,226,7.323
12e6bf3a-6b0d-4e38-83da-d34dbd3bf4f2,2026-07-01T14:59:44,1667,1667,0,1.0,226,7.323
12e6bf3a-6b0d-4e38-83da-d34dbd3bf4f2,2026-07-01T14:59:44,1667,1667,0,1.0,226,7.323
12e6bf3a-6b0d-4e38-83da-d34dbd3bf4f2,2026-07-01T14:59:44,1667,1667,0,1.0,226,7.323
12e6bf3a-6b0d-4e38-83da-d34dbd3bf4f2,2026-07-01T14:59:44,1667,1667,0,1.0,226,7.323
12e6bf3a-6b0d-4e38-83da-d34dbd3bf4f2,2026-07-01T14:59:44,1667,1667,0,1.0,226,7.323
12e6bf3a-6b0d-4e38-83da-d34dbd3bf4f2,2026-07-01T14:59:44,1667,1667,0,1.0,226,7.323
12e6bf3a-6b0d-4e38-83da-d34dbd3bf4f2,2026-07-01T14:59:44,1667,1667,0,1.0,226,7.323
12e6bf3a-6b0d-4e38-83da-d34dbd3bf4f2,2026-07-01T14:59:44,1667,1667,0,1.0,226,7.323
12e6bf3a-6b0d-4e38-83da-d34dbd3bf4f2,2026-07-01T14:59:44,1667,1667,0,1.0,226,7.323
12e6bf3a-6b0d-4e38-83da-d34dbd3bf4f2,2026-07-01T14:59:44,1667,1667,0,1.0,226,7.323
12e6bf3a-6b0d-4e38-83da-d34dbd3bf4f2,2026-07-01T14:59:45,1669,1669,0,1.0,226,7.323
12e6bf3a-6b0d-4e38-83da-d34dbd3bf4f2,2026-07-01T14:59:45,1669,1669,0,1.0,226,7.323
12e6bf3a-6b0d-4e38-83da-d34dbd3bf4f2,2026-07-01T14:59:45,1669,1669,0,1.0,226,7.323
12e6bf3a-6b0d-4e38-83da-d34dbd3bf4f2,2026-07-01T14:59:45,1671,1671,0,1.0,227,7.323
12e6bf3a-6b0d-4e38-83da-d34dbd3bf4f2,2026-07-01T14:59:45,1671,1671,0,1.0,227,7.323
12e6bf3a-6b0d-4e38-83da-d34dbd3bf4f2,2026-07-01T14:59:45,1669,1669,0,1.0,227,7.323
12e6bf3a-6b0d-4e38-83da-d34dbd3bf4f2,2026-07-01T14:59:45,1669,1669,0,1.0,227,7.323
12e6bf3a-6b0d-4e38-83da-d34dbd3bf4f2,2026-07-01T14:59:45,1669,1669,0,1.0,227,7.323
12e6bf3a-6b0d-4e38-83da-d34dbd3bf4f2,2026-07-01T14:59:45,1669,1669,0,1.0,227,7.323
12e6bf3a-6b0d-4e38-83da-d34dbd3bf4f2,2026-07-01T14:59:46,1667,1667,0,1.0,227,7.323
12e6bf3a-6b0d-4e38-83da-d34dbd3bf4f2,2026-07-01T14:59:46,1667,1667,0,1.0,227,7.323
12e6bf3a-6b0d-4e38-83da-d34dbd3bf4f2,2026-07-01T14:59:46,1667,1667,0,1.0,227,7.323
12e6bf3a-6b0d-4e38-83da-d34dbd3bf4f2,2026-07-01T14:59:46,1667,1667,0,1.0,227,7.323
12e6bf3a-6b0d-4e38-83da-d34dbd3bf4f2,2026-07-01T14:59:46,1667,1667,0,1.0,227,7.323
12e6bf3a-6b0d-4e38-83da-d34dbd3bf4f2,2026-07-01T14:59:46,1667,1667,0,1.0,227,7.323
12e6bf3a-6b0d-4e38-83da-d34dbd3bf4f2,2026-07-01T14:59:46,1667,1667,0,1.0,227,7.323
12e6bf3a-6b0d-4e38-83da-d34dbd3bf4f2,2026-07-01T14:59:46,1667,1667,0,1.0,227,7.323
12e6bf3a-6b0d-4e38-83da-d34dbd3bf4f2,2026-07-01T14:59:46,1667,1667,0,1.0,227,7.323
12e6bf3a-6b0d-4e38-83da-d34dbd3bf4f2,2026-07-01T14:59:46,1667,1667,0,1.0,227,7.323
12e6bf3a-6b0d-4e38-83da-d34dbd3bf4f2,2026-07-01T14:59:47,1665,1665,0,1.0,227,7.323
12e6bf3a-6b0d-4e38-83da-d34dbd3bf4f2,2026-07-01T14:59:47,1665,1665,0,1.0,227,7.323
12e6bf3a-6b0d-4e38-83da-d34dbd3bf4f2,2026-07-01T14:59:47,1665,1665,0,1.0,227,7.323
12e6bf3a-6b0d-4e38-83da-d34dbd3bf4f2,2026-07-01T14:59:47,1665,1665,0,1.0,227,7.323
12e6bf3a-6b0d-4e38-83da-d34dbd3bf4f2,2026-07-01T14:59:47,1667,1667,0,1.0,227,7.323
12e6bf3a-6b0d-4e38-83da-d34dbd3bf4f2,2026-07-01T14:59:47,1667,1667,0,1.0,227,7.323
12e6bf3a-6b0d-4e38-83da-d34dbd3bf4f2,2026-07-01T14:59:47,1667,1667,0,1.0,227,7.323
12e6bf3a-6b0d-4e38-83da-d34dbd3bf4f2,2026-07-01T14:59:47,1667,1667,0,1.0,227,7.319
12e6bf3a-6b0d-4e38-83da-d34dbd3bf4f2,2026-07-01T14:59:47,1667,1667,0,1.0,227,7.319
12e6bf3a-6b0d-4e38-83da-d34dbd3bf4f2,2026-07-01T14:59:48,1667,1667,0,1.0,227,7.319
12e6bf3a-6b0d-4e38-83da-d34dbd3bf4f2,2026-07-01T14:59:48,1667,1667,0,1.0,227,7.319
12e6bf3a-6b0d-4e38-83da-d34dbd3bf4f2,2026-07-01T14:59:48,1667,1667,0,1.0,227,7.319
12e6bf3a-6b0d-4e38-83da-d34dbd3bf4f2,2026-07-01T14:59:48,1667,1667,0,1.0,227,7.319
12e6bf3a-6b0d-4e38-83da-d34dbd3bf4f2,2026-07-01T14:59:48,1667,1667,0,1.0,227,7.319
12e6bf3a-6b0d-4e38-83da-d34dbd3bf4f2,2026-07-01T14:59:48,1667,1667,0,1.0,227,7.319
12e6bf3a-6b0d-4e38-83da-d34dbd3bf4f2,2026-07-01T14:59:48,1667,1667,0,1.0,226,7.319
12e6bf3a-6b0d-4e38-83da-d34dbd3bf4f2,2026-07-01T14:59:48,1667,1667,0,1.0,226,7.319
12e6bf3a-6b0d-4e38-83da-d34dbd3bf4f2,2026-07-01T14:59:48,1667,1667,0,1.0,226,7.319
12e6bf3a-6b0d-4e38-83da-d34dbd3bf4f2,2026-07-01T14:59:48,1667,1667,0,1.0,226,7.319
12e6bf3a-6b0d-4e38-83da-d34dbd3bf4f2,2026-07-01T14:59:49,1667,1667,0,1.0,226,7.319
12e6bf3a-6b0d-4e38-83da-d34dbd3bf4f2,2026-07-01T14:59:49,1667,1667,0,1.0,226,7.319
12e6bf3a-6b0d-4e38-83da-d34dbd3bf4f2,2026-07-01T14:59:49,1667,1667,0,1.0,226,7.319
12e6bf3a-6b0d-4e38-83da-d34dbd3bf4f2,2026-07-01T14:59:49,1667,1667,0,1.0,226,7.319
12e6bf3a-6b0d-4e38-83da-d34dbd3bf4f2,2026-07-01T14:59:49,1667,1667,0,1.0,226,7.319
12e6bf3a-6b0d-4e38-83da-d34dbd3bf4f2,2026-07-01T14:59:49,1667,1667,0,1.0,226,7.319
12e6bf3a-6b0d-4e38-83da-d34dbd3bf4f2,2026-07-01T14:59:49,1667,1667,0,1.0,226,7.319
12e6bf3a-6b0d-4e38-83da-d34dbd3bf4f2,2026-07-01T14:59:49,1667,1667,0,1.0,226,7.319
12e6bf3a-6b0d-4e38-83da-d34dbd3bf4f2,2026-07-01T14:59:49,1667,1667,0,1.0,226,7.319
12e6bf3a-6b0d-4e38-83da-d34dbd3bf4f2,2026-07-01T14:59:50,1667,1667,0,1.0,226,7.319
12e6bf3a-6b0d-4e38-83da-d34dbd3bf4f2,2026-07-01T14:59:50,1667,1667,0,1.0,226,7.319
12e6bf3a-6b0d-4e38-83da-d34dbd3bf4f2,2026-07-01T14:59:50,1667,1667,0,1.0,226,7.319
12e6bf3a-6b0d-4e38-83da-d34dbd3bf4f2,2026-07-01T14:59:50,1667,1667,0,1.0,226,7.319
12e6bf3a-6b0d-4e38-83da-d34dbd3bf4f2,2026-07-01T14:59:50,1667,1667,0,1.0,226,7.319
12e6bf3a-6b0d-4e38-83da-d34dbd3bf4f2,2026-07-01T14:59:50,1667,1667,0,1.0,226,7.319
12e6bf3a-6b0d-4e38-83da-d34dbd3bf4f2,2026-07-01T14:59:50,1667,1667,0,1.0,226,7.319
12e6bf3a-6b0d-4e38-83da-d34dbd3bf4f2,2026-07-01T14:59:50,1667,1667,0,1.0,226,7.319
12e6bf3a-6b0d-4e38-83da-d34dbd3bf4f2,2026-07-01T14:59:50,1669,1669,0,1.0,226,7.319
12e6bf3a-6b0d-4e38-83da-d34dbd3bf4f2,2026-07-01T14:59:50,1669,1669,0,1.0,226,7.319
12e6bf3a-6b0d-4e38-83da-d34dbd3bf4f2,2026-07-01T14:59:51,1669,1669,0,1.0,226,7.323
12e6bf3a-6b0d-4e38-83da-d34dbd3bf4f2,2026-07-01T14:59:51,1669,1669,0,1.0,226,7.323
12e6bf3a-6b0d-4e38-83da-d34dbd3bf4f2,2026-07-01T14:59:51,1667,1667,0,1.0,226,7.323
12e6bf3a-6b0d-4e38-83da-d34dbd3bf4f2,2026-07-01T14:59:51,1667,1667,0,1.0,226,7.323
12e6bf3a-6b0d-4e38-83da-d34dbd3bf4f2,2026-07-01T14:59:51,1669,1669,0,1.0,226,7.323
12e6bf3a-6b0d-4e38-83da-d34dbd3bf4f2,2026-07-01T14:59:52,1669,1669,0,1.0,227,7.323
12e6bf3a-6b0d-4e38-83da-d34dbd3bf4f2,2026-07-01T14:59:52,1669,1669,0,1.0,227,7.323
12e6bf3a-6b0d-4e38-83da-d34dbd3bf4f2,2026-07-01T14:59:52,1669,1669,0,1.0,227,7.323
12e6bf3a-6b0d-4e38-83da-d34dbd3bf4f2,2026-07-01T14:59:52,1669,1669,0,1.0,227,7.323
12e6bf3a-6b0d-4e38-83da-d34dbd3bf4f2,2026-07-01T14:59:53,1669,1669,0,1.0,227,7.323
12e6bf3a-6b0d-4e38-83da-d34dbd3bf4f2,2026-07-01T14:59:53,1669,1669,0,1.0,227,7.323
12e6bf3a-6b0d-4e38-83da-d34dbd3bf4f2,2026-07-01T14:59:53,1669,1669,0,1.0,227,7.323
12e6bf3a-6b0d-4e38-83da-d34dbd3bf4f2,2026-07-01T14:59:53,1669,1669,0,1.0,227,7.323
12e6bf3a-6b0d-4e38-83da-d34dbd3bf4f2,2026-07-01T14:59:53,1669,1669,0,1.0,226,7.323
12e6bf3a-6b0d-4e38-83da-d34dbd3bf4f2,2026-07-01T14:59:53,1669,1669,0,1.0,226,7.323
12e6bf3a-6b0d-4e38-83da-d34dbd3bf4f2,2026-07-01T14:59:53,1669,1669,0,1.0,226,7.323
12e6bf3a-6b0d-4e38-83da-d34dbd3bf4f2,2026-07-01T14:59:53,1669,1669,0,1.0,226,7.323
12e6bf3a-6b0d-4e38-83da-d34dbd3bf4f2,2026-07-01T14:59:53,1669,1669,0,1.0,226,7.323
12e6bf3a-6b0d-4e38-83da-d34dbd3bf4f2,2026-07-01T14:59:53,1669,1669,0,1.0,226,7.323
12e6bf3a-6b0d-4e38-83da-d34dbd3bf4f2,2026-07-01T14:59:54,1669,1669,0,1.0,226,7.323
12e6bf3a-6b0d-4e38-83da-d34dbd3bf4f2,2026-07-01T14:59:54,1669,1669,0,1.0,226,7.323
12e6bf3a-6b0d-4e38-83da-d34dbd3bf4f2,2026-07-01T14:59:54,1669,1669,0,1.0,226,7.323
12e6bf3a-6b0d-4e38-83da-d34dbd3bf4f2,2026-07-01T14:59:54,1669,1669,0,1.0,226,7.323
12e6bf3a-6b0d-4e38-83da-d34dbd3bf4f2,2026-07-01T14:59:54,1669,1669,0,1.0,226,7.323
12e6bf3a-6b0d-4e38-83da-d34dbd3bf4f2,2026-07-01T14:59:54,1669,1669,0,1.0,226,7.323
12e6bf3a-6b0d-4e38-83da-d34dbd3bf4f2,2026-07-01T14:59:54,1669,1669,0,1.0,226,7.323
12e6bf3a-6b0d-4e38-83da-d34dbd3bf4f2,2026-07-01T14:59:54,1669,1669,0,1.0,226,7.323
12e6bf3a-6b0d-4e38-83da-d34dbd3bf4f2,2026-07-01T14:59:54,1667,1667,0,1.0,226,7.323
12e6bf3a-6b0d-4e38-83da-d34dbd3bf4f2,2026-07-01T14:59:54,1667,1667,0,1.0,226,7.323
12e6bf3a-6b0d-4e38-83da-d34dbd3bf4f2,2026-07-01T14:59:55,1669,1669,0,1.0,227,7.323
12e6bf3a-6b0d-4e38-83da-d34dbd3bf4f2,2026-07-01T14:59:55,1669,1669,0,1.0,227,7.323
12e6bf3a-6b0d-4e38-83da-d34dbd3bf4f2,2026-07-01T14:59:55,1667,1667,0,1.0,227,7.323
12e6bf3a-6b0d-4e38-83da-d34dbd3bf4f2,2026-07-01T14:59:55,1667,1667,0,1.0,227,7.323
12e6bf3a-6b0d-4e38-83da-d34dbd3bf4f2,2026-07-01T14:59:55,1667,1667,0,1.0,227,7.323
12e6bf3a-6b0d-4e38-83da-d34dbd3bf4f2,2026-07-01T14:59:55,1669,1669,0,1.0,227,7.323
12e6bf3a-6b0d-4e38-83da-d34dbd3bf4f2,2026-07-01T14:59:55,1669,1669,0,1.0,227,7.323
12e6bf3a-6b0d-4e38-83da-d34dbd3bf4f2,2026-07-01T14:59:57,1667,1667,0,1.0,226,7.323
12e6bf3a-6b0d-4e38-83da-d34dbd3bf4f2,2026-07-01T14:59:57,1667,1667,0,1.0,226,7.323
12e6bf3a-6b0d-4e38-83da-d34dbd3bf4f2,2026-07-01T14:59:58,1667,1667,0,1.0,226,7.323
12e6bf3a-6b0d-4e38-83da-d34dbd3bf4f2,2026-07-01T14:59:58,1667,1667,0,1.0,226,7.323
12e6bf3a-6b0d-4e38-83da-d34dbd3bf4f2,2026-07-01T14:59:58,1665,1665,0,1.0,227,7.323
12e6bf3a-6b0d-4e38-83da-d34dbd3bf4f2,2026-07-01T14:59:58,1665,1665,0,1.0,227,7.323
12e6bf3a-6b0d-4e38-83da-d34dbd3bf4f2,2026-07-01T14:59:58,1667,1667,0,1.0,227,7.323
12e6bf3a-6b0d-4e38-83da-d34dbd3bf4f2,2026-07-01T14:59:58,1667,1667,0,1.0,227,7.323
12e6bf3a-6b0d-4e38-83da-d34dbd3bf4f2,2026-07-01T14:59:58,1667,1667,0,1.0,227,7.323
12e6bf3a-6b0d-4e38-83da-d34dbd3bf4f2,2026-07-01T14:59:58,1667,1667,0,1.0,227,7.323
12e6bf3a-6b0d-4e38-83da-d34dbd3bf4f2,2026-07-01T14:59:58,1667,1667,0,1.0,227,7.323
12e6bf3a-6b0d-4e38-83da-d34dbd3bf4f2,2026-07-01T14:59:59,1667,1667,0,1.0,227,7.319
12e6bf3a-6b0d-4e38-83da-d34dbd3bf4f2,2026-07-01T14:59:59,1667,1667,0,1.0,227,7.319
12e6bf3a-6b0d-4e38-83da-d34dbd3bf4f2,2026-07-01T14:59:59,1667,1667,0,1.0,227,7.319
12e6bf3a-6b0d-4e38-83da-d34dbd3bf4f2,2026-07-01T14:59:59,1665,1665,0,1.0,227,7.319
12e6bf3a-6b0d-4e38-83da-d34dbd3bf4f2,2026-07-01T14:59:59,1665,1665,0,1.0,227,7.319
12e6bf3a-6b0d-4e38-83da-d34dbd3bf4f2,2026-07-01T14:59:59,1667,1667,0,1.0,227,7.319
12e6bf3a-6b0d-4e38-83da-d34dbd3bf4f2,2026-07-01T14:59:59,1667,1667,0,1.0,227,7.319
12e6bf3a-6b0d-4e38-83da-d34dbd3bf4f2,2026-07-01T14:59:59,1667,1667,0,1.0,227,7.319
12e6bf3a-6b0d-4e38-83da-d34dbd3bf4f2,2026-07-01T14:59:59,1667,1667,0,1.0,227,7.319
12e6bf3a-6b0d-4e38-83da-d34dbd3bf4f2,2026-07-01T15:00:00,1667,1667,0,1.0,227,7.319
12e6bf3a-6b0d-4e38-83da-d34dbd3bf4f2,2026-07-01T15:00:00,1667,1667,0,1.0,227,7.319
12e6bf3a-6b0d-4e38-83da-d34dbd3bf4f2,2026-07-01T15:00:00,1667,1667,0,1.0,227,7.319
12e6bf3a-6b0d-4e38-83da-d34dbd3bf4f2,2026-07-01T15:00:00,1667,1667,0,1.0,227,7.319
12e6bf3a-6b0d-4e38-83da-d34dbd3bf4f2,2026-07-01T15:00:00,1667,1667,0,1.0,227,7.319
12e6bf3a-6b0d-4e38-83da-d34dbd3bf4f2,2026-07-01T15:00:00,1667,1667,0,1.0,227,7.319
12e6bf3a-6b0d-4e38-83da-d34dbd3bf4f2,2026-07-01T15:00:00,1667,1667,0,1.0,227,7.319
12e6bf3a-6b0d-4e38-83da-d34dbd3bf4f2,2026-07-01T15:00:00,1667,1667,0,1.0,227,7.319
12e6bf3a-6b0d-4e38-83da-d34dbd3bf4f2,2026-07-01T15:00:00,1667,1667,0,1.0,227,7.319
12e6bf3a-6b0d-4e38-83da-d34dbd3bf4f2,2026-07-01T15:00:02,1667,1667,0,1.0,227,7.319
12e6bf3a-6b0d-4e38-83da-d34dbd3bf4f2,2026-07-01T15:00:02,1667,1667,0,1.0,227,7.319
12e6bf3a-6b0d-4e38-83da-d34dbd3bf4f2,2026-07-01T15:00:02,1667,1667,0,1.0,227,7.319
12e6bf3a-6b0d-4e38-83da-d34dbd3bf4f2,2026-07-01T15:00:02,1667,1667,0,1.0,227,7.319
12e6bf3a-6b0d-4e38-83da-d34dbd3bf4f2,2026-07-01T15:00:02,1667,1667,0,1.0,227,7.319
12e6bf3a-6b0d-4e38-83da-d34dbd3bf4f2,2026-07-01T15:00:02,1667,1667,0,1.0,227,7.319
12e6bf3a-6b0d-4e38-83da-d34dbd3bf4f2,2026-07-01T15:00:02,1667,1667,0,1.0,227,7.319
12e6bf3a-6b0d-4e38-83da-d34dbd3bf4f2,2026-07-01T15:00:02,1667,1667,0,1.0,227,7.319
12e6bf3a-6b0d-4e38-83da-d34dbd3bf4f2,2026-07-01T15:00:02,1667,1667,0,1.0,227,7.319
12e6bf3a-6b0d-4e38-83da-d34dbd3bf4f2,2026-07-01T15:00:02,1667,1667,0,1.0,227,7.319
12e6bf3a-6b0d-4e38-83da-d34dbd3bf4f2,2026-07-01T15:00:03,1665,1665,0,1.0,226,7.319
12e6bf3a-6b0d-4e38-83da-d34dbd3bf4f2,2026-07-01T15:00:03,1665,1665,0,1.0,226,7.319
12e6bf3a-6b0d-4e38-83da-d34dbd3bf4f2,2026-07-01T15:00:03,1665,1665,0,1.0,226,7.319
12e6bf3a-6b0d-4e38-83da-d34dbd3bf4f2,2026-07-01T15:00:03,1665,1665,0,1.0,226,7.319
12e6bf3a-6b0d-4e38-83da-d34dbd3bf4f2,2026-07-01T15:00:03,1665,1665,0,1.0,226,7.319
12e6bf3a-6b0d-4e38-83da-d34dbd3bf4f2,2026-07-01T15:00:03,1665,1665,0,1.0,226,7.319
12e6bf3a-6b0d-4e38-83da-d34dbd3bf4f2,2026-07-01T15:00:03,1665,1665,0,1.0,226,7.319
12e6bf3a-6b0d-4e38-83da-d34dbd3bf4f2,2026-07-01T15:00:03,1665,1665,0,1.0,226,7.315
12e6bf3a-6b0d-4e38-83da-d34dbd3bf4f2,2026-07-01T15:00:03,1665,1665,0,1.0,226,7.315
12e6bf3a-6b0d-4e38-83da-d34dbd3bf4f2,2026-07-01T15:00:04,1665,1665,0,1.0,226,7.315
12e6bf3a-6b0d-4e38-83da-d34dbd3bf4f2,2026-07-01T15:00:04,1665,1665,0,1.0,226,7.315
12e6bf3a-6b0d-4e38-83da-d34dbd3bf4f2,2026-07-01T15:00:04,1665,1665,0,1.0,226,7.315
12e6bf3a-6b0d-4e38-83da-d34dbd3bf4f2,2026-07-01T15:00:04,1665,1665,0,1.0,226,7.315
12e6bf3a-6b0d-4e38-83da-d34dbd3bf4f2,2026-07-01T15:00:04,1665,1665,0,1.0,226,7.315
12e6bf3a-6b0d-4e38-83da-d34dbd3bf4f2,2026-07-01T15:00:04,1665,1665,0,1.0,226,7.315
12e6bf3a-6b0d-4e38-83da-d34dbd3bf4f2,2026-07-01T15:00:04,1665,1665,0,1.0,227,7.315
12e6bf3a-6b0d-4e38-83da-d34dbd3bf4f2,2026-07-01T15:00:04,1665,1665,0,1.0,227,7.315
12e6bf3a-6b0d-4e38-83da-d34dbd3bf4f2,2026-07-01T15:00:04,1665,1665,0,1.0,227,7.315
12e6bf3a-6b0d-4e38-83da-d34dbd3bf4f2,2026-07-01T15:00:05,1665,1665,0,1.0,227,7.315
12e6bf3a-6b0d-4e38-83da-d34dbd3bf4f2,2026-07-01T15:00:05,1665,1665,0,1.0,227,7.315
12e6bf3a-6b0d-4e38-83da-d34dbd3bf4f2,2026-07-01T15:00:05,1667,1667,0,1.0,227,7.315
12e6bf3a-6b0d-4e38-83da-d34dbd3bf4f2,2026-07-01T15:00:05,1667,1667,0,1.0,227,7.315
12e6bf3a-6b0d-4e38-83da-d34dbd3bf4f2,2026-07-01T15:00:05,1665,1665,0,1.0,227,7.315
12e6bf3a-6b0d-4e38-83da-d34dbd3bf4f2,2026-07-01T15:00:05,1665,1665,0,1.0,227,7.315
12e6bf3a-6b0d-4e38-83da-d34dbd3bf4f2,2026-07-01T15:00:05,1665,1665,0,1.0,227,7.315
12e6bf3a-6b0d-4e38-83da-d34dbd3bf4f2,2026-07-01T15:00:05,1665,1665,0,1.0,227,7.315
12e6bf3a-6b0d-4e38-83da-d34dbd3bf4f2,2026-07-01T15:00:05,1665,1665,0,1.0,227,7.315
12e6bf3a-6b0d-4e38-83da-d34dbd3bf4f2,2026-07-01T15:00:05,1665,1665,0,1.0,227,7.315
12e6bf3a-6b0d-4e38-83da-d34dbd3bf4f2,2026-07-01T15:00:06,1667,1667,0,1.0,227,7.315
12e6bf3a-6b0d-4e38-83da-d34dbd3bf4f2,2026-07-01T15:00:08,1665,1665,0,1.0,227,7.315
12e6bf3a-6b0d-4e38-83da-d34dbd3bf4f2,2026-07-01T15:00:10,1665,1665,0,1.0,226,7.315
12e6bf3a-6b0d-4e38-83da-d34dbd3bf4f2,2026-07-01T15:00:11,1665,1665,0,1.0,226,7.315
12e6bf3a-6b0d-4e38-83da-d34dbd3bf4f2,2026-07-01T15:00:13,2,1681,1681,0.0,230,7.31
12e6bf3a-6b0d-4e38-83da-d34dbd3bf4f2,2026-07-01T15:00:13,2,1681,1681,0.0,230,7.31
12e6bf3a-6b0d-4e38-83da-d34dbd3bf4f2,2026-07-01T15:00:13,4,1681,1681,0.0,230,7.31
12e6bf3a-6b0d-4e38-83da-d34dbd3bf4f2,2026-07-01T15:00:13,4,1681,1681,0.0,230,7.31
12e6bf3a-6b0d-4e38-83da-d34dbd3bf4f2,2026-07-01T15:00:13,5,1681,1681,0.0,230,7.31
12e6bf3a-6b0d-4e38-83da-d34dbd3bf4f2,2026-07-01T15:00:13,5,1681,1681,0.0,230,7.31
12e6bf3a-6b0d-4e38-83da-d34dbd3bf4f2,2026-07-01T15:00:16,4,10,9,0.43,230,0.045
12e6bf3a-6b0d-4e38-83da-d34dbd3bf4f2,2026-07-01T15:00:16,5,10,9,0.44,230,0.044
12e6bf3a-6b0d-4e38-83da-d34dbd3bf4f2,2026-07-01T15:00:16,5,10,9,0.44,230,0.044
12e6bf3a-6b0d-4e38-83da-d34dbd3bf4f2,2026-07-01T15:00:16,5,10,9,0.44,230,0.044
12e6bf3a-6b0d-4e38-83da-d34dbd3bf4f2,2026-07-01T15:00:16,5,10,9,0.44,230,0.044
12e6bf3a-6b0d-4e38-83da-d34dbd3bf4f2,2026-07-01T15:00:17,5,10,9,0.44,230,0.044
12e6bf3a-6b0d-4e38-83da-d34dbd3bf4f2,2026-07-01T15:00:17,5,10,9,0.44,230,0.044
12e6bf3a-6b0d-4e38-83da-d34dbd3bf4f2,2026-07-01T15:00:19,5,10,9,0.45,230,0.044
12e6bf3a-6b0d-4e38-83da-d34dbd3bf4f2,2026-07-01T15:00:19,5,10,9,0.44,230,0.044
12e6bf3a-6b0d-4e38-83da-d34dbd3bf4f2,2026-07-01T15:00:19,5,10,9,0.44,230,0.044
12e6bf3a-6b0d-4e38-83da-d34dbd3bf4f2,2026-07-01T15:00:19,5,10,9,0.44,230,0.044
12e6bf3a-6b0d-4e38-83da-d34dbd3bf4f2,2026-07-01T15:00:19,5,10,9,0.44,230,0.044
12e6bf3a-6b0d-4e38-83da-d34dbd3bf4f2,2026-07-01T15:00:19,5,10,9,0.44,230,0.044
12e6bf3a-6b0d-4e38-83da-d34dbd3bf4f2,2026-07-01T15:00:19,5,10,9,0.44,230,0.044
12e6bf3a-6b0d-4e38-83da-d34dbd3bf4f2,2026-07-01T15:00:19,5,10,9,0.44,230,0.044
12e6bf3a-6b0d-4e38-83da-d34dbd3bf4f2,2026-07-01T15:00:20,5,10,9,0.45,230,0.044
12e6bf3a-6b0d-4e38-83da-d34dbd3bf4f2,2026-07-01T15:00:20,5,10,9,0.45,230,0.044
12e6bf3a-6b0d-4e38-83da-d34dbd3bf4f2,2026-07-01T15:00:20,458,458,0,1.0,230,0.044
12e6bf3a-6b0d-4e38-83da-d34dbd3bf4f2,2026-07-01T15:00:20,458,458,0,1.0,230,0.044
12e6bf3a-6b0d-4e38-83da-d34dbd3bf4f2,2026-07-01T15:00:20,1686,1686,0,1.0,230,0.044
12e6bf3a-6b0d-4e38-83da-d34dbd3bf4f2,2026-07-01T15:00:22,1667,1667,0,1.0,226,7.331
12e6bf3a-6b0d-4e38-83da-d34dbd3bf4f2,2026-07-01T15:00:23,1665,1665,0,1.0,226,7.331
12e6bf3a-6b0d-4e38-83da-d34dbd3bf4f2,2026-07-01T15:00:23,1665,1665,0,1.0,226,7.331
12e6bf3a-6b0d-4e38-83da-d34dbd3bf4f2,2026-07-01T15:00:23,1665,1665,0,1.0,226,7.331
12e6bf3a-6b0d-4e38-83da-d34dbd3bf4f2,2026-07-01T15:00:23,1665,1665,0,1.0,226,7.331
12e6bf3a-6b0d-4e38-83da-d34dbd3bf4f2,2026-07-01T15:00:23,1665,1665,0,1.0,226,7.331
12e6bf3a-6b0d-4e38-83da-d34dbd3bf4f2,2026-07-01T15:00:23,1665,1665,0,1.0,226,7.331
12e6bf3a-6b0d-4e38-83da-d34dbd3bf4f2,2026-07-01T15:00:23,1665,1665,0,1.0,226,7.331
12e6bf3a-6b0d-4e38-83da-d34dbd3bf4f2,2026-07-01T15:00:23,1665,1665,0,1.0,226,7.331
12e6bf3a-6b0d-4e38-83da-d34dbd3bf4f2,2026-07-01T15:00:23,1665,1665,0,1.0,226,7.319
12e6bf3a-6b0d-4e38-83da-d34dbd3bf4f2,2026-07-01T15:00:23,1665,1665,0,1.0,226,7.319
12e6bf3a-6b0d-4e38-83da-d34dbd3bf4f2,2026-07-01T15:00:24,1665,1665,0,1.0,226,7.319
12e6bf3a-6b0d-4e38-83da-d34dbd3bf4f2,2026-07-01T15:00:24,1665,1665,0,1.0,226,7.319
12e6bf3a-6b0d-4e38-83da-d34dbd3bf4f2,2026-07-01T15:00:24,1665,1665,0,1.0,226,7.319
12e6bf3a-6b0d-4e38-83da-d34dbd3bf4f2,2026-07-01T15:00:24,1665,1665,0,1.0,226,7.319
12e6bf3a-6b0d-4e38-83da-d34dbd3bf4f2,2026-07-01T15:00:24,1664,1664,0,1.0,226,7.319
12e6bf3a-6b0d-4e38-83da-d34dbd3bf4f2,2026-07-01T15:00:24,1664,1664,0,1.0,226,7.319
12e6bf3a-6b0d-4e38-83da-d34dbd3bf4f2,2026-07-01T15:00:24,1662,1662,0,1.0,226,7.319
12e6bf3a-6b0d-4e38-83da-d34dbd3bf4f2,2026-07-01T15:00:24,1662,1662,0,1.0,226,7.319
12e6bf3a-6b0d-4e38-83da-d34dbd3bf4f2,2026-07-01T15:00:24,1662,1662,0,1.0,226,7.319
12e6bf3a-6b0d-4e38-83da-d34dbd3bf4f2,2026-07-01T15:00:25,1664,1664,0,1.0,226,7.319
12e6bf3a-6b0d-4e38-83da-d34dbd3bf4f2,2026-07-01T15:00:25,1664,1664,0,1.0,226,7.319
12e6bf3a-6b0d-4e38-83da-d34dbd3bf4f2,2026-07-01T15:00:25,1662,1662,0,1.0,226,7.319
12e6bf3a-6b0d-4e38-83da-d34dbd3bf4f2,2026-07-01T15:00:25,1662,1662,0,1.0,226,7.319
12e6bf3a-6b0d-4e38-83da-d34dbd3bf4f2,2026-07-01T15:00:25,1662,1662,0,1.0,226,7.31
12e6bf3a-6b0d-4e38-83da-d34dbd3bf4f2,2026-07-01T15:00:25,1662,1662,0,1.0,226,7.31
12e6bf3a-6b0d-4e38-83da-d34dbd3bf4f2,2026-07-01T15:00:25,1662,1662,0,1.0,226,7.31
12e6bf3a-6b0d-4e38-83da-d34dbd3bf4f2,2026-07-01T15:00:25,1662,1662,0,1.0,226,7.31
12e6bf3a-6b0d-4e38-83da-d34dbd3bf4f2,2026-07-01T15:00:25,1662,1662,0,1.0,226,7.31
12e6bf3a-6b0d-4e38-83da-d34dbd3bf4f2,2026-07-01T15:00:25,1662,1662,0,1.0,226,7.31
12e6bf3a-6b0d-4e38-83da-d34dbd3bf4f2,2026-07-01T15:00:26,1664,1664,0,1.0,226,7.31
12e6bf3a-6b0d-4e38-83da-d34dbd3bf4f2,2026-07-01T15:00:28,1662,1662,0,1.0,226,7.31
12e6bf3a-6b0d-4e38-83da-d34dbd3bf4f2,2026-07-01T15:00:28,1662,1662,0,1.0,226,7.31
12e6bf3a-6b0d-4e38-83da-d34dbd3bf4f2,2026-07-01T15:00:28,1662,1662,0,1.0,226,7.31
12e6bf3a-6b0d-4e38-83da-d34dbd3bf4f2,2026-07-01T15:00:28,1665,1665,0,1.0,226,7.31
12e6bf3a-6b0d-4e38-83da-d34dbd3bf4f2,2026-07-01T15:00:28,1665,1665,0,1.0,226,7.31
12e6bf3a-6b0d-4e38-83da-d34dbd3bf4f2,2026-07-01T15:00:29,1665,1665,0,1.0,226,7.31
12e6bf3a-6b0d-4e38-83da-d34dbd3bf4f2,2026-07-01T15:00:29,1665,1665,0,1.0,226,7.31
12e6bf3a-6b0d-4e38-83da-d34dbd3bf4f2,2026-07-01T15:00:29,1665,1665,0,1.0,226,7.31
12e6bf3a-6b0d-4e38-83da-d34dbd3bf4f2,2026-07-01T15:00:29,1665,1665,0,1.0,226,7.31
12e6bf3a-6b0d-4e38-83da-d34dbd3bf4f2,2026-07-01T15:00:29,1664,1664,0,1.0,226,7.31
12e6bf3a-6b0d-4e38-83da-d34dbd3bf4f2,2026-07-01T15:00:29,1664,1664,0,1.0,226,7.31
12e6bf3a-6b0d-4e38-83da-d34dbd3bf4f2,2026-07-01T15:00:29,1664,1664,0,1.0,226,7.31
12e6bf3a-6b0d-4e38-83da-d34dbd3bf4f2,2026-07-01T15:00:29,1664,1664,0,1.0,226,7.31
12e6bf3a-6b0d-4e38-83da-d34dbd3bf4f2,2026-07-01T15:00:29,1664,1664,0,1.0,226,7.31
12e6bf3a-6b0d-4e38-83da-d34dbd3bf4f2,2026-07-01T15:00:29,1664,1664,0,1.0,226,7.31
12e6bf3a-6b0d-4e38-83da-d34dbd3bf4f2,2026-07-01T15:00:30,1664,1664,0,1.0,226,7.31
12e6bf3a-6b0d-4e38-83da-d34dbd3bf4f2,2026-07-01T15:00:32,1656,1656,0,1.0,225,7.315
12e6bf3a-6b0d-4e38-83da-d34dbd3bf4f2,2026-07-01T15:00:32,1656,1656,0,1.0,225,7.315
12e6bf3a-6b0d-4e38-83da-d34dbd3bf4f2,2026-07-01T15:00:32,1656,1656,0,1.0,225,7.315
12e6bf3a-6b0d-4e38-83da-d34dbd3bf4f2,2026-07-01T15:00:32,1656,1656,0,1.0,225,7.315
12e6bf3a-6b0d-4e38-83da-d34dbd3bf4f2,2026-07-01T15:00:33,1656,1656,0,1.0,225,7.315
12e6bf3a-6b0d-4e38-83da-d34dbd3bf4f2,2026-07-01T15:00:34,1656,1656,0,1.0,226,7.298
12e6bf3a-6b0d-4e38-83da-d34dbd3bf4f2,2026-07-01T15:00:34,1656,1656,0,1.0,226,7.298
12e6bf3a-6b0d-4e38-83da-d34dbd3bf4f2,2026-07-01T15:00:34,1656,1656,0,1.0,226,7.298
12e6bf3a-6b0d-4e38-83da-d34dbd3bf4f2,2026-07-01T15:00:34,1656,1656,0,1.0,226,7.298
12e6bf3a-6b0d-4e38-83da-d34dbd3bf4f2,2026-07-01T15:00:34,1656,1656,0,1.0,226,7.298
12e6bf3a-6b0d-4e38-83da-d34dbd3bf4f2,2026-07-01T15:00:34,1656,1656,0,1.0,226,7.298
12e6bf3a-6b0d-4e38-83da-d34dbd3bf4f2,2026-07-01T15:00:34,1656,1656,0,1.0,226,7.298
12e6bf3a-6b0d-4e38-83da-d34dbd3bf4f2,2026-07-01T15:00:34,1656,1656,0,1.0,226,7.298
12e6bf3a-6b0d-4e38-83da-d34dbd3bf4f2,2026-07-01T15:00:35,1660,1660,0,1.0,226,7.298
12e6bf3a-6b0d-4e38-83da-d34dbd3bf4f2,2026-07-01T15:00:35,1660,1660,0,1.0,226,7.298
12e6bf3a-6b0d-4e38-83da-d34dbd3bf4f2,2026-07-01T15:00:35,1664,1664,0,1.0,226,7.298
12e6bf3a-6b0d-4e38-83da-d34dbd3bf4f2,2026-07-01T15:00:37,1664,1664,0,1.0,226,7.31
12e6bf3a-6b0d-4e38-83da-d34dbd3bf4f2,2026-07-01T15:00:37,1665,1665,0,1.0,226,7.31
12e6bf3a-6b0d-4e38-83da-d34dbd3bf4f2,2026-07-01T15:00:37,1665,1665,0,1.0,226,7.31
12e6bf3a-6b0d-4e38-83da-d34dbd3bf4f2,2026-07-01T15:00:37,1664,1664,0,1.0,226,7.31
12e6bf3a-6b0d-4e38-83da-d34dbd3bf4f2,2026-07-01T15:00:37,1664,1664,0,1.0,226,7.31
12e6bf3a-6b0d-4e38-83da-d34dbd3bf4f2,2026-07-01T15:00:37,1664,1664,0,1.0,226,7.31
12e6bf3a-6b0d-4e38-83da-d34dbd3bf4f2,2026-07-01T15:00:37,1664,1664,0,1.0,226,7.31
12e6bf3a-6b0d-4e38-83da-d34dbd3bf4f2,2026-07-01T15:00:38,1660,1660,0,1.0,226,7.31
12e6bf3a-6b0d-4e38-83da-d34dbd3bf4f2,2026-07-01T15:00:38,1660,1660,0,1.0,226,7.31
12e6bf3a-6b0d-4e38-83da-d34dbd3bf4f2,2026-07-01T15:00:38,1664,1664,0,1.0,226,7.31
12e6bf3a-6b0d-4e38-83da-d34dbd3bf4f2,2026-07-01T15:00:38,1664,1664,0,1.0,226,7.31
12e6bf3a-6b0d-4e38-83da-d34dbd3bf4f2,2026-07-01T15:00:38,1664,1664,0,1.0,226,7.31
12e6bf3a-6b0d-4e38-83da-d34dbd3bf4f2,2026-07-01T15:00:38,1664,1664,0,1.0,226,7.31
12e6bf3a-6b0d-4e38-83da-d34dbd3bf4f2,2026-07-01T15:00:38,1664,1664,0,1.0,226,7.31
12e6bf3a-6b0d-4e38-83da-d34dbd3bf4f2,2026-07-01T15:00:38,1662,1662,0,1.0,226,7.31
12e6bf3a-6b0d-4e38-83da-d34dbd3bf4f2,2026-07-01T15:00:38,1662,1662,0,1.0,226,7.31
12e6bf3a-6b0d-4e38-83da-d34dbd3bf4f2,2026-07-01T15:00:39,1664,1664,0,1.0,226,7.31
12e6bf3a-6b0d-4e38-83da-d34dbd3bf4f2,2026-07-01T15:00:39,1664,1664,0,1.0,226,7.31
12e6bf3a-6b0d-4e38-83da-d34dbd3bf4f2,2026-07-01T15:00:39,1664,1664,0,1.0,226,7.31
12e6bf3a-6b0d-4e38-83da-d34dbd3bf4f2,2026-07-01T15:00:39,1664,1664,0,1.0,226,7.31
12e6bf3a-6b0d-4e38-83da-d34dbd3bf4f2,2026-07-01T15:00:39,1664,1664,0,1.0,226,7.31
12e6bf3a-6b0d-4e38-83da-d34dbd3bf4f2,2026-07-01T15:00:39,1664,1664,0,1.0,226,7.31
12e6bf3a-6b0d-4e38-83da-d34dbd3bf4f2,2026-07-01T15:00:39,1662,1662,0,1.0,226,7.31
12e6bf3a-6b0d-4e38-83da-d34dbd3bf4f2,2026-07-01T15:00:39,1662,1662,0,1.0,226,7.31
12e6bf3a-6b0d-4e38-83da-d34dbd3bf4f2,2026-07-01T15:00:39,1664,1664,0,1.0,226,7.315
12e6bf3a-6b0d-4e38-83da-d34dbd3bf4f2,2026-07-01T15:00:39,1664,1664,0,1.0,226,7.315
12e6bf3a-6b0d-4e38-83da-d34dbd3bf4f2,2026-07-01T15:00:40,1664,1664,0,1.0,226,7.315
12e6bf3a-6b0d-4e38-83da-d34dbd3bf4f2,2026-07-01T15:00:40,1664,1664,0,1.0,226,7.315
12e6bf3a-6b0d-4e38-83da-d34dbd3bf4f2,2026-07-01T15:00:40,1664,1664,0,1.0,226,7.315
12e6bf3a-6b0d-4e38-83da-d34dbd3bf4f2,2026-07-01T15:00:40,1664,1664,0,1.0,226,7.315
12e6bf3a-6b0d-4e38-83da-d34dbd3bf4f2,2026-07-01T15:00:40,1664,1664,0,1.0,226,7.315
12e6bf3a-6b0d-4e38-83da-d34dbd3bf4f2,2026-07-01T15:00:40,1664,1664,0,1.0,226,7.315
12e6bf3a-6b0d-4e38-83da-d34dbd3bf4f2,2026-07-01T15:00:40,1664,1664,0,1.0,226,7.315
12e6bf3a-6b0d-4e38-83da-d34dbd3bf4f2,2026-07-01T15:00:40,1664,1664,0,1.0,226,7.315
12e6bf3a-6b0d-4e38-83da-d34dbd3bf4f2,2026-07-01T15:00:40,1664,1664,0,1.0,226,7.315
12e6bf3a-6b0d-4e38-83da-d34dbd3bf4f2,2026-07-01T15:00:40,1664,1664,0,1.0,226,7.315
12e6bf3a-6b0d-4e38-83da-d34dbd3bf4f2,2026-07-01T15:00:41,1664,1664,0,1.0,226,7.315
12e6bf3a-6b0d-4e38-83da-d34dbd3bf4f2,2026-07-01T15:00:41,1664,1664,0,1.0,226,7.315
12e6bf3a-6b0d-4e38-83da-d34dbd3bf4f2,2026-07-01T15:00:41,1664,1664,0,1.0,226,7.315
12e6bf3a-6b0d-4e38-83da-d34dbd3bf4f2,2026-07-01T15:00:41,1664,1664,0,1.0,226,7.315
12e6bf3a-6b0d-4e38-83da-d34dbd3bf4f2,2026-07-01T15:00:41,1664,1664,0,1.0,226,7.315
12e6bf3a-6b0d-4e38-83da-d34dbd3bf4f2,2026-07-01T15:00:41,1664,1664,0,1.0,226,7.315
12e6bf3a-6b0d-4e38-83da-d34dbd3bf4f2,2026-07-01T15:00:41,1664,1664,0,1.0,226,7.315
12e6bf3a-6b0d-4e38-83da-d34dbd3bf4f2,2026-07-01T15:00:41,1664,1664,0,1.0,226,7.315
12e6bf3a-6b0d-4e38-83da-d34dbd3bf4f2,2026-07-01T15:00:41,1664,1664,0,1.0,226,7.315
12e6bf3a-6b0d-4e38-83da-d34dbd3bf4f2,2026-07-01T15:00:41,1664,1664,0,1.0,226,7.315
12e6bf3a-6b0d-4e38-83da-d34dbd3bf4f2,2026-07-01T15:00:42,1664,1664,0,1.0,226,7.315
12e6bf3a-6b0d-4e38-83da-d34dbd3bf4f2,2026-07-01T15:00:42,1664,1664,0,1.0,226,7.315
12e6bf3a-6b0d-4e38-83da-d34dbd3bf4f2,2026-07-01T15:00:42,1664,1664,0,1.0,226,7.315
12e6bf3a-6b0d-4e38-83da-d34dbd3bf4f2,2026-07-01T15:00:42,1664,1664,0,1.0,226,7.315
12e6bf3a-6b0d-4e38-83da-d34dbd3bf4f2,2026-07-01T15:00:42,1664,1664,0,1.0,226,7.315
12e6bf3a-6b0d-4e38-83da-d34dbd3bf4f2,2026-07-01T15:00:42,1664,1664,0,1.0,226,7.315
12e6bf3a-6b0d-4e38-83da-d34dbd3bf4f2,2026-07-01T15:00:42,1664,1664,0,1.0,226,7.315
12e6bf3a-6b0d-4e38-83da-d34dbd3bf4f2,2026-07-01T15:00:42,1664,1664,0,1.0,226,7.315
12e6bf3a-6b0d-4e38-83da-d34dbd3bf4f2,2026-07-01T15:00:42,1664,1664,0,1.0,226,7.315
12e6bf3a-6b0d-4e38-83da-d34dbd3bf4f2,2026-07-01T15:00:43,1664,1664,0,1.0,226,7.315
12e6bf3a-6b0d-4e38-83da-d34dbd3bf4f2,2026-07-01T15:00:43,1664,1664,0,1.0,226,7.315
12e6bf3a-6b0d-4e38-83da-d34dbd3bf4f2,2026-07-01T15:00:43,1664,1664,0,1.0,226,7.315
12e6bf3a-6b0d-4e38-83da-d34dbd3bf4f2,2026-07-01T15:00:43,1664,1664,0,1.0,226,7.315
12e6bf3a-6b0d-4e38-83da-d34dbd3bf4f2,2026-07-01T15:00:43,1664,1664,0,1.0,226,7.315
12e6bf3a-6b0d-4e38-83da-d34dbd3bf4f2,2026-07-01T15:00:43,1664,1664,0,1.0,226,7.315
12e6bf3a-6b0d-4e38-83da-d34dbd3bf4f2,2026-07-01T15:00:43,1664,1664,0,1.0,226,7.315
12e6bf3a-6b0d-4e38-83da-d34dbd3bf4f2,2026-07-01T15:00:43,1664,1664,0,1.0,226,7.315
12e6bf3a-6b0d-4e38-83da-d34dbd3bf4f2,2026-07-01T15:00:43,1664,1664,0,1.0,226,7.315
12e6bf3a-6b0d-4e38-83da-d34dbd3bf4f2,2026-07-01T15:00:43,1664,1664,0,1.0,226,7.315
12e6bf3a-6b0d-4e38-83da-d34dbd3bf4f2,2026-07-01T15:00:44,1664,1664,0,1.0,226,7.315
12e6bf3a-6b0d-4e38-83da-d34dbd3bf4f2,2026-07-01T15:00:44,1664,1664,0,1.0,226,7.315
12e6bf3a-6b0d-4e38-83da-d34dbd3bf4f2,2026-07-01T15:00:44,1664,1664,0,1.0,226,7.315
12e6bf3a-6b0d-4e38-83da-d34dbd3bf4f2,2026-07-01T15:00:44,1664,1664,0,1.0,226,7.315
12e6bf3a-6b0d-4e38-83da-d34dbd3bf4f2,2026-07-01T15:00:44,1664,1664,0,1.0,226,7.315
12e6bf3a-6b0d-4e38-83da-d34dbd3bf4f2,2026-07-01T15:00:44,1664,1664,0,1.0,226,7.315
12e6bf3a-6b0d-4e38-83da-d34dbd3bf4f2,2026-07-01T15:00:44,1664,1664,0,1.0,226,7.315
12e6bf3a-6b0d-4e38-83da-d34dbd3bf4f2,2026-07-01T15:00:44,1664,1664,0,1.0,226,7.315
12e6bf3a-6b0d-4e38-83da-d34dbd3bf4f2,2026-07-01T15:00:44,1664,1664,0,1.0,226,7.315
12e6bf3a-6b0d-4e38-83da-d34dbd3bf4f2,2026-07-01T15:00:44,1664,1664,0,1.0,226,7.315
12e6bf3a-6b0d-4e38-83da-d34dbd3bf4f2,2026-07-01T15:00:45,1664,1664,0,1.0,226,7.315
12e6bf3a-6b0d-4e38-83da-d34dbd3bf4f2,2026-07-01T15:00:45,1665,1665,0,1.0,226,7.315
12e6bf3a-6b0d-4e38-83da-d34dbd3bf4f2,2026-07-01T15:00:45,1665,1665,0,1.0,226,7.315
12e6bf3a-6b0d-4e38-83da-d34dbd3bf4f2,2026-07-01T15:00:45,1665,1665,0,1.0,226,7.315
12e6bf3a-6b0d-4e38-83da-d34dbd3bf4f2,2026-07-01T15:00:45,1665,1665,0,1.0,226,7.315
12e6bf3a-6b0d-4e38-83da-d34dbd3bf4f2,2026-07-01T15:00:45,1665,1665,0,1.0,226,7.315
12e6bf3a-6b0d-4e38-83da-d34dbd3bf4f2,2026-07-01T15:00:45,1665,1665,0,1.0,226,7.315
12e6bf3a-6b0d-4e38-83da-d34dbd3bf4f2,2026-07-01T15:00:45,1667,1667,0,1.0,226,7.315
12e6bf3a-6b0d-4e38-83da-d34dbd3bf4f2,2026-07-01T15:00:45,1667,1667,0,1.0,226,7.315
12e6bf3a-6b0d-4e38-83da-d34dbd3bf4f2,2026-07-01T15:00:46,1665,1665,0,1.0,226,7.315
12e6bf3a-6b0d-4e38-83da-d34dbd3bf4f2,2026-07-01T15:00:46,1665,1665,0,1.0,226,7.315
12e6bf3a-6b0d-4e38-83da-d34dbd3bf4f2,2026-07-01T15:00:46,1667,1667,0,1.0,226,7.319
12e6bf3a-6b0d-4e38-83da-d34dbd3bf4f2,2026-07-01T15:00:46,1667,1667,0,1.0,226,7.319
12e6bf3a-6b0d-4e38-83da-d34dbd3bf4f2,2026-07-01T15:00:46,1665,1665,0,1.0,226,7.319
12e6bf3a-6b0d-4e38-83da-d34dbd3bf4f2,2026-07-01T15:00:46,1665,1665,0,1.0,226,7.319
12e6bf3a-6b0d-4e38-83da-d34dbd3bf4f2,2026-07-01T15:00:46,1665,1665,0,1.0,226,7.319
12e6bf3a-6b0d-4e38-83da-d34dbd3bf4f2,2026-07-01T15:00:46,1665,1665,0,1.0,226,7.319
12e6bf3a-6b0d-4e38-83da-d34dbd3bf4f2,2026-07-01T15:00:46,1665,1665,0,1.0,226,7.319
12e6bf3a-6b0d-4e38-83da-d34dbd3bf4f2,2026-07-01T15:00:46,1665,1665,0,1.0,226,7.319
12e6bf3a-6b0d-4e38-83da-d34dbd3bf4f2,2026-07-01T15:00:47,1667,1667,0,1.0,227,7.319
12e6bf3a-6b0d-4e38-83da-d34dbd3bf4f2,2026-07-01T15:00:47,1667,1667,0,1.0,227,7.319
12e6bf3a-6b0d-4e38-83da-d34dbd3bf4f2,2026-07-01T15:00:47,1665,1665,0,1.0,227,7.319
12e6bf3a-6b0d-4e38-83da-d34dbd3bf4f2,2026-07-01T15:00:47,1665,1665,0,1.0,227,7.319
12e6bf3a-6b0d-4e38-83da-d34dbd3bf4f2,2026-07-01T15:00:47,1665,1665,0,1.0,227,7.319
12e6bf3a-6b0d-4e38-83da-d34dbd3bf4f2,2026-07-01T15:00:47,1665,1665,0,1.0,227,7.319
12e6bf3a-6b0d-4e38-83da-d34dbd3bf4f2,2026-07-01T15:00:49,1667,1667,0,1.0,226,7.323
12e6bf3a-6b0d-4e38-83da-d34dbd3bf4f2,2026-07-01T15:00:50,1667,1667,0,1.0,226,7.323
12e6bf3a-6b0d-4e38-83da-d34dbd3bf4f2,2026-07-01T15:00:50,1667,1667,0,1.0,226,7.323
12e6bf3a-6b0d-4e38-83da-d34dbd3bf4f2,2026-07-01T15:00:50,1667,1667,0,1.0,226,7.323
12e6bf3a-6b0d-4e38-83da-d34dbd3bf4f2,2026-07-01T15:00:50,1667,1667,0,1.0,226,7.323
12e6bf3a-6b0d-4e38-83da-d34dbd3bf4f2,2026-07-01T15:00:53,1665,1665,0,1.0,226,7.315
12e6bf3a-6b0d-4e38-83da-d34dbd3bf4f2,2026-07-01T15:00:53,1665,1665,0,1.0,226,7.315
12e6bf3a-6b0d-4e38-83da-d34dbd3bf4f2,2026-07-01T15:00:53,1665,1665,0,1.0,226,7.315
12e6bf3a-6b0d-4e38-83da-d34dbd3bf4f2,2026-07-01T15:00:53,1667,1667,0,1.0,227,7.315
12e6bf3a-6b0d-4e38-83da-d34dbd3bf4f2,2026-07-01T15:00:53,1667,1667,0,1.0,227,7.315
12e6bf3a-6b0d-4e38-83da-d34dbd3bf4f2,2026-07-01T15:00:53,1665,1665,0,1.0,227,7.315
12e6bf3a-6b0d-4e38-83da-d34dbd3bf4f2,2026-07-01T15:00:53,1665,1665,0,1.0,227,7.315
12e6bf3a-6b0d-4e38-83da-d34dbd3bf4f2,2026-07-01T15:00:53,1665,1665,0,1.0,227,7.315
12e6bf3a-6b0d-4e38-83da-d34dbd3bf4f2,2026-07-01T15:00:53,1665,1665,0,1.0,227,7.315
12e6bf3a-6b0d-4e38-83da-d34dbd3bf4f2,2026-07-01T15:00:54,1665,1665,0,1.0,227,7.315
12e6bf3a-6b0d-4e38-83da-d34dbd3bf4f2,2026-07-01T15:00:54,1665,1665,0,1.0,227,7.315
12e6bf3a-6b0d-4e38-83da-d34dbd3bf4f2,2026-07-01T15:00:54,1665,1665,0,1.0,227,7.315
12e6bf3a-6b0d-4e38-83da-d34dbd3bf4f2,2026-07-01T15:00:54,1665,1665,0,1.0,227,7.315
12e6bf3a-6b0d-4e38-83da-d34dbd3bf4f2,2026-07-01T15:00:54,1667,1667,0,1.0,227,7.315
12e6bf3a-6b0d-4e38-83da-d34dbd3bf4f2,2026-07-01T15:00:54,1667,1667,0,1.0,227,7.315
12e6bf3a-6b0d-4e38-83da-d34dbd3bf4f2,2026-07-01T15:00:56,1664,1664,0,1.0,226,7.31
12e6bf3a-6b0d-4e38-83da-d34dbd3bf4f2,2026-07-01T15:00:56,1664,1664,0,1.0,226,7.31
12e6bf3a-6b0d-4e38-83da-d34dbd3bf4f2,2026-07-01T15:00:56,1664,1664,0,1.0,226,7.31
12e6bf3a-6b0d-4e38-83da-d34dbd3bf4f2,2026-07-01T15:00:57,1664,1664,0,1.0,226,7.31
12e6bf3a-6b0d-4e38-83da-d34dbd3bf4f2,2026-07-01T15:00:57,1664,1664,0,1.0,226,7.31
12e6bf3a-6b0d-4e38-83da-d34dbd3bf4f2,2026-07-01T15:00:57,1664,1664,0,1.0,226,7.31
12e6bf3a-6b0d-4e38-83da-d34dbd3bf4f2,2026-07-01T15:00:57,1664,1664,0,1.0,226,7.31
12e6bf3a-6b0d-4e38-83da-d34dbd3bf4f2,2026-07-01T15:00:57,1664,1664,0,1.0,226,7.31
12e6bf3a-6b0d-4e38-83da-d34dbd3bf4f2,2026-07-01T15:00:57,1664,1664,0,1.0,226,7.31
12e6bf3a-6b0d-4e38-83da-d34dbd3bf4f2,2026-07-01T15:00:57,1664,1664,0,1.0,226,7.31
12e6bf3a-6b0d-4e38-83da-d34dbd3bf4f2,2026-07-01T15:00:57,1664,1664,0,1.0,226,7.31
12e6bf3a-6b0d-4e38-83da-d34dbd3bf4f2,2026-07-01T15:00:57,1664,1664,0,1.0,226,7.31
12e6bf3a-6b0d-4e38-83da-d34dbd3bf4f2,2026-07-01T15:00:57,1664,1664,0,1.0,226,7.31
12e6bf3a-6b0d-4e38-83da-d34dbd3bf4f2,2026-07-01T15:00:58,1664,1664,0,1.0,226,7.31
12e6bf3a-6b0d-4e38-83da-d34dbd3bf4f2,2026-07-01T15:00:58,1664,1664,0,1.0,226,7.31
12e6bf3a-6b0d-4e38-83da-d34dbd3bf4f2,2026-07-01T15:00:58,1664,1664,0,1.0,226,7.31
12e6bf3a-6b0d-4e38-83da-d34dbd3bf4f2,2026-07-01T15:00:58,1664,1664,0,1.0,226,7.31
12e6bf3a-6b0d-4e38-83da-d34dbd3bf4f2,2026-07-01T15:00:58,1664,1664,0,1.0,226,7.31
12e6bf3a-6b0d-4e38-83da-d34dbd3bf4f2,2026-07-01T15:00:59,1664,1664,0,1.0,226,7.31
12e6bf3a-6b0d-4e38-83da-d34dbd3bf4f2,2026-07-01T15:00:59,1664,1664,0,1.0,226,7.31
12e6bf3a-6b0d-4e38-83da-d34dbd3bf4f2,2026-07-01T15:00:59,1662,1662,0,1.0,227,7.31
12e6bf3a-6b0d-4e38-83da-d34dbd3bf4f2,2026-07-01T15:00:59,1662,1662,0,1.0,227,7.31
12e6bf3a-6b0d-4e38-83da-d34dbd3bf4f2,2026-07-01T15:01:00,868,1656,1411,0.52,227,7.31
12e6bf3a-6b0d-4e38-83da-d34dbd3bf4f2,2026-07-01T15:01:00,868,1656,1411,0.52,227,7.31
12e6bf3a-6b0d-4e38-83da-d34dbd3bf4f2,2026-07-01T15:01:00,24,1656,1656,0.01,227,7.31
12e6bf3a-6b0d-4e38-83da-d34dbd3bf4f2,2026-07-01T15:01:00,24,1656,1656,0.01,227,7.31
12e6bf3a-6b0d-4e38-83da-d34dbd3bf4f2,2026-07-01T15:01:00,21,1656,1656,0.01,227,7.31
12e6bf3a-6b0d-4e38-83da-d34dbd3bf4f2,2026-07-01T15:01:00,21,1656,1656,0.01,227,7.31
12e6bf3a-6b0d-4e38-83da-d34dbd3bf4f2,2026-07-01T15:01:00,4,1656,1656,0.0,227,7.31
12e6bf3a-6b0d-4e38-83da-d34dbd3bf4f2,2026-07-01T15:01:00,4,1656,1656,0.0,227,7.31
12e6bf3a-6b0d-4e38-83da-d34dbd3bf4f2,2026-07-01T15:01:00,5,1656,1656,0.0,227,7.31
12e6bf3a-6b0d-4e38-83da-d34dbd3bf4f2,2026-07-01T15:01:00,5,1656,1656,0.0,227,7.31
12e6bf3a-6b0d-4e38-83da-d34dbd3bf4f2,2026-07-01T15:01:01,5,1656,1656,0.0,227,7.31
12e6bf3a-6b0d-4e38-83da-d34dbd3bf4f2,2026-07-01T15:01:01,5,1656,1656,0.0,227,7.31
12e6bf3a-6b0d-4e38-83da-d34dbd3bf4f2,2026-07-01T15:01:01,5,1656,1656,0.0,227,7.31
12e6bf3a-6b0d-4e38-83da-d34dbd3bf4f2,2026-07-01T15:01:01,5,1656,1656,0.0,227,7.31
12e6bf3a-6b0d-4e38-83da-d34dbd3bf4f2,2026-07-01T15:01:01,5,10,9,0.44,227,0.045
12e6bf3a-6b0d-4e38-83da-d34dbd3bf4f2,2026-07-01T15:01:03,5,10,9,0.43,230,0.045
12e6bf3a-6b0d-4e38-83da-d34dbd3bf4f2,2026-07-01T15:01:03,5,10,9,0.43,230,0.045
12e6bf3a-6b0d-4e38-83da-d34dbd3bf4f2,2026-07-01T15:01:03,4,10,9,0.43,230,0.045
12e6bf3a-6b0d-4e38-83da-d34dbd3bf4f2,2026-07-01T15:01:03,4,10,9,0.43,230,0.045
12e6bf3a-6b0d-4e38-83da-d34dbd3bf4f2,2026-07-01T15:01:03,4,10,9,0.43,230,0.044
12e6bf3a-6b0d-4e38-83da-d34dbd3bf4f2,2026-07-01T15:01:03,4,10,9,0.43,230,0.044
12e6bf3a-6b0d-4e38-83da-d34dbd3bf4f2,2026-07-01T15:01:04,5,10,9,0.44,230,0.044
12e6bf3a-6b0d-4e38-83da-d34dbd3bf4f2,2026-07-01T15:01:04,5,10,9,0.44,230,0.044
12e6bf3a-6b0d-4e38-83da-d34dbd3bf4f2,2026-07-01T15:01:04,4,10,9,0.43,230,0.044
12e6bf3a-6b0d-4e38-83da-d34dbd3bf4f2,2026-07-01T15:01:04,4,10,9,0.43,230,0.044
12e6bf3a-6b0d-4e38-83da-d34dbd3bf4f2,2026-07-01T15:01:04,4,10,9,0.43,230,0.044
12e6bf3a-6b0d-4e38-83da-d34dbd3bf4f2,2026-07-01T15:01:04,4,10,9,0.43,230,0.044
12e6bf3a-6b0d-4e38-83da-d34dbd3bf4f2,2026-07-01T15:01:04,4,10,9,0.43,230,0.044
12e6bf3a-6b0d-4e38-83da-d34dbd3bf4f2,2026-07-01T15:01:04,4,10,9,0.43,230,0.044
12e6bf3a-6b0d-4e38-83da-d34dbd3bf4f2,2026-07-01T15:01:04,4,10,9,0.43,230,0.044
12e6bf3a-6b0d-4e38-83da-d34dbd3bf4f2,2026-07-01T15:01:05,5,10,9,0.44,230,0.044
12e6bf3a-6b0d-4e38-83da-d34dbd3bf4f2,2026-07-01T15:01:05,5,10,9,0.44,230,0.044
12e6bf3a-6b0d-4e38-83da-d34dbd3bf4f2,2026-07-01T15:01:05,5,10,9,0.44,230,0.044
12e6bf3a-6b0d-4e38-83da-d34dbd3bf4f2,2026-07-01T15:01:05,5,10,9,0.44,230,0.044
12e6bf3a-6b0d-4e38-83da-d34dbd3bf4f2,2026-07-01T15:01:05,5,10,9,0.44,230,0.044
12e6bf3a-6b0d-4e38-83da-d34dbd3bf4f2,2026-07-01T15:01:05,5,10,9,0.44,230,0.044
12e6bf3a-6b0d-4e38-83da-d34dbd3bf4f2,2026-07-01T15:01:05,4,10,9,0.43,230,0.044
12e6bf3a-6b0d-4e38-83da-d34dbd3bf4f2,2026-07-01T15:01:05,4,10,9,0.43,230,0.044
12e6bf3a-6b0d-4e38-83da-d34dbd3bf4f2,2026-07-01T15:01:05,4,10,9,0.43,230,0.044
12e6bf3a-6b0d-4e38-83da-d34dbd3bf4f2,2026-07-01T15:01:05,4,10,9,0.43,230,0.044
12e6bf3a-6b0d-4e38-83da-d34dbd3bf4f2,2026-07-01T15:01:06,4,10,9,0.43,230,0.044
12e6bf3a-6b0d-4e38-83da-d34dbd3bf4f2,2026-07-01T15:01:06,4,10,9,0.43,230,0.044
12e6bf3a-6b0d-4e38-83da-d34dbd3bf4f2,2026-07-01T15:01:06,4,10,9,0.43,230,0.044
12e6bf3a-6b0d-4e38-83da-d34dbd3bf4f2,2026-07-01T15:01:06,4,10,9,0.43,230,0.044
12e6bf3a-6b0d-4e38-83da-d34dbd3bf4f2,2026-07-01T15:01:06,4,10,9,0.43,230,0.044
12e6bf3a-6b0d-4e38-83da-d34dbd3bf4f2,2026-07-01T15:01:06,4,10,9,0.43,230,0.044
12e6bf3a-6b0d-4e38-83da-d34dbd3bf4f2,2026-07-01T15:01:06,4,10,9,0.43,230,0.044
12e6bf3a-6b0d-4e38-83da-d34dbd3bf4f2,2026-07-01T15:01:06,4,10,9,0.43,230,0.044
12e6bf3a-6b0d-4e38-83da-d34dbd3bf4f2,2026-07-01T15:01:06,4,10,9,0.43,230,0.044
12e6bf3a-6b0d-4e38-83da-d34dbd3bf4f2,2026-07-01T15:01:07,4,10,9,0.43,230,0.044
12e6bf3a-6b0d-4e38-83da-d34dbd3bf4f2,2026-07-01T15:01:07,4,10,9,0.43,230,0.044
12e6bf3a-6b0d-4e38-83da-d34dbd3bf4f2,2026-07-01T15:01:07,4,10,9,0.43,230,0.044
12e6bf3a-6b0d-4e38-83da-d34dbd3bf4f2,2026-07-01T15:01:07,4,10,9,0.43,230,0.044
12e6bf3a-6b0d-4e38-83da-d34dbd3bf4f2,2026-07-01T15:01:07,4,10,9,0.43,230,0.044
12e6bf3a-6b0d-4e38-83da-d34dbd3bf4f2,2026-07-01T15:01:07,4,10,9,0.43,230,0.044
12e6bf3a-6b0d-4e38-83da-d34dbd3bf4f2,2026-07-01T15:01:07,4,10,9,0.43,230,0.044
12e6bf3a-6b0d-4e38-83da-d34dbd3bf4f2,2026-07-01T15:01:07,4,10,9,0.43,230,0.044
12e6bf3a-6b0d-4e38-83da-d34dbd3bf4f2,2026-07-01T15:01:07,4,10,9,0.43,230,0.044
12e6bf3a-6b0d-4e38-83da-d34dbd3bf4f2,2026-07-01T15:01:07,4,10,9,0.43,230,0.044
12e6bf3a-6b0d-4e38-83da-d34dbd3bf4f2,2026-07-01T15:01:08,5,10,9,0.44,230,0.044
12e6bf3a-6b0d-4e38-83da-d34dbd3bf4f2,2026-07-01T15:01:08,5,10,9,0.44,230,0.044
12e6bf3a-6b0d-4e38-83da-d34dbd3bf4f2,2026-07-01T15:01:08,28,28,0,1.0,230,0.044
12e6bf3a-6b0d-4e38-83da-d34dbd3bf4f2,2026-07-01T15:01:08,28,28,0,1.0,230,0.044
12e6bf3a-6b0d-4e38-83da-d34dbd3bf4f2,2026-07-01T15:01:08,1453,1453,0,1.0,230,0.151
12e6bf3a-6b0d-4e38-83da-d34dbd3bf4f2,2026-07-01T15:01:08,1673,1673,0,1.0,230,0.151
12e6bf3a-6b0d-4e38-83da-d34dbd3bf4f2,2026-07-01T15:01:08,1673,1673,0,1.0,230,0.151
12e6bf3a-6b0d-4e38-83da-d34dbd3bf4f2,2026-07-01T15:01:08,1669,1669,0,1.0,230,0.151
12e6bf3a-6b0d-4e38-83da-d34dbd3bf4f2,2026-07-01T15:01:08,1669,1669,0,1.0,230,0.151
12e6bf3a-6b0d-4e38-83da-d34dbd3bf4f2,2026-07-01T15:01:11,1665,1665,0,1.0,226,7.327
12e6bf3a-6b0d-4e38-83da-d34dbd3bf4f2,2026-07-01T15:01:11,1665,1665,0,1.0,226,7.327
12e6bf3a-6b0d-4e38-83da-d34dbd3bf4f2,2026-07-01T15:01:11,1665,1665,0,1.0,226,7.327
12e6bf3a-6b0d-4e38-83da-d34dbd3bf4f2,2026-07-01T15:01:11,1664,1664,0,1.0,226,7.319
12e6bf3a-6b0d-4e38-83da-d34dbd3bf4f2,2026-07-01T15:01:11,1664,1664,0,1.0,226,7.319
12e6bf3a-6b0d-4e38-83da-d34dbd3bf4f2,2026-07-01T15:01:11,1664,1664,0,1.0,226,7.319
12e6bf3a-6b0d-4e38-83da-d34dbd3bf4f2,2026-07-01T15:01:11,1664,1664,0,1.0,226,7.319
12e6bf3a-6b0d-4e38-83da-d34dbd3bf4f2,2026-07-01T15:01:12,1667,1667,0,1.0,226,7.319
12e6bf3a-6b0d-4e38-83da-d34dbd3bf4f2,2026-07-01T15:01:12,1667,1667,0,1.0,226,7.319
12e6bf3a-6b0d-4e38-83da-d34dbd3bf4f2,2026-07-01T15:01:12,1667,1667,0,1.0,226,7.319
12e6bf3a-6b0d-4e38-83da-d34dbd3bf4f2,2026-07-01T15:01:12,1667,1667,0,1.0,226,7.319
12e6bf3a-6b0d-4e38-83da-d34dbd3bf4f2,2026-07-01T15:01:12,1667,1667,0,1.0,226,7.319
12e6bf3a-6b0d-4e38-83da-d34dbd3bf4f2,2026-07-01T15:01:12,1667,1667,0,1.0,226,7.319
12e6bf3a-6b0d-4e38-83da-d34dbd3bf4f2,2026-07-01T15:01:12,1667,1667,0,1.0,226,7.319
12e6bf3a-6b0d-4e38-83da-d34dbd3bf4f2,2026-07-01T15:01:14,1665,1665,0,1.0,226,7.319
12e6bf3a-6b0d-4e38-83da-d34dbd3bf4f2,2026-07-01T15:01:14,1665,1665,0,1.0,226,7.319
12e6bf3a-6b0d-4e38-83da-d34dbd3bf4f2,2026-07-01T15:01:14,1664,1664,0,1.0,226,7.319
12e6bf3a-6b0d-4e38-83da-d34dbd3bf4f2,2026-07-01T15:01:14,1664,1664,0,1.0,226,7.319
12e6bf3a-6b0d-4e38-83da-d34dbd3bf4f2,2026-07-01T15:01:14,1665,1665,0,1.0,226,7.315
12e6bf3a-6b0d-4e38-83da-d34dbd3bf4f2,2026-07-01T15:01:15,1664,1664,0,1.0,226,7.315
12e6bf3a-6b0d-4e38-83da-d34dbd3bf4f2,2026-07-01T15:01:15,1664,1664,0,1.0,226,7.315
12e6bf3a-6b0d-4e38-83da-d34dbd3bf4f2,2026-07-01T15:01:15,1664,1664,0,1.0,226,7.315
12e6bf3a-6b0d-4e38-83da-d34dbd3bf4f2,2026-07-01T15:01:15,1664,1664,0,1.0,226,7.315
12e6bf3a-6b0d-4e38-83da-d34dbd3bf4f2,2026-07-01T15:01:15,1665,1665,0,1.0,226,7.315
12e6bf3a-6b0d-4e38-83da-d34dbd3bf4f2,2026-07-01T15:01:15,1665,1665,0,1.0,226,7.315
12e6bf3a-6b0d-4e38-83da-d34dbd3bf4f2,2026-07-01T15:01:15,1665,1665,0,1.0,226,7.315
12e6bf3a-6b0d-4e38-83da-d34dbd3bf4f2,2026-07-01T15:01:15,1665,1665,0,1.0,226,7.315
12e6bf3a-6b0d-4e38-83da-d34dbd3bf4f2,2026-07-01T15:01:15,1665,1665,0,1.0,226,7.315
12e6bf3a-6b0d-4e38-83da-d34dbd3bf4f2,2026-07-01T15:01:15,1665,1665,0,1.0,226,7.315
12e6bf3a-6b0d-4e38-83da-d34dbd3bf4f2,2026-07-01T15:01:16,1665,1665,0,1.0,226,7.315
12e6bf3a-6b0d-4e38-83da-d34dbd3bf4f2,2026-07-01T15:01:16,1665,1665,0,1.0,226,7.315
12e6bf3a-6b0d-4e38-83da-d34dbd3bf4f2,2026-07-01T15:01:16,1665,1665,0,1.0,226,7.315
12e6bf3a-6b0d-4e38-83da-d34dbd3bf4f2,2026-07-01T15:01:16,1665,1665,0,1.0,226,7.315
12e6bf3a-6b0d-4e38-83da-d34dbd3bf4f2,2026-07-01T15:01:16,1664,1664,0,1.0,226,7.315
12e6bf3a-6b0d-4e38-83da-d34dbd3bf4f2,2026-07-01T15:01:16,1664,1664,0,1.0,226,7.315
12e6bf3a-6b0d-4e38-83da-d34dbd3bf4f2,2026-07-01T15:01:16,1664,1664,0,1.0,226,7.315
12e6bf3a-6b0d-4e38-83da-d34dbd3bf4f2,2026-07-01T15:01:16,1664,1664,0,1.0,226,7.315
12e6bf3a-6b0d-4e38-83da-d34dbd3bf4f2,2026-07-01T15:01:16,1664,1664,0,1.0,226,7.315
12e6bf3a-6b0d-4e38-83da-d34dbd3bf4f2,2026-07-01T15:01:19,1667,1667,0,1.0,226,7.319
12e6bf3a-6b0d-4e38-83da-d34dbd3bf4f2,2026-07-01T15:01:19,1667,1667,0,1.0,226,7.319
12e6bf3a-6b0d-4e38-83da-d34dbd3bf4f2,2026-07-01T15:01:19,1667,1667,0,1.0,226,7.319
12e6bf3a-6b0d-4e38-83da-d34dbd3bf4f2,2026-07-01T15:01:19,1665,1665,0,1.0,226,7.319
12e6bf3a-6b0d-4e38-83da-d34dbd3bf4f2,2026-07-01T15:01:19,1665,1665,0,1.0,226,7.319
12e6bf3a-6b0d-4e38-83da-d34dbd3bf4f2,2026-07-01T15:01:19,1665,1665,0,1.0,226,7.319
12e6bf3a-6b0d-4e38-83da-d34dbd3bf4f2,2026-07-01T15:01:19,1665,1665,0,1.0,226,7.319
12e6bf3a-6b0d-4e38-83da-d34dbd3bf4f2,2026-07-01T15:01:19,1667,1667,0,1.0,226,7.319
12e6bf3a-6b0d-4e38-83da-d34dbd3bf4f2,2026-07-01T15:01:19,1667,1667,0,1.0,226,7.319
12e6bf3a-6b0d-4e38-83da-d34dbd3bf4f2,2026-07-01T15:01:20,1667,1667,0,1.0,226,7.319
12e6bf3a-6b0d-4e38-83da-d34dbd3bf4f2,2026-07-01T15:01:20,1667,1667,0,1.0,226,7.319
12e6bf3a-6b0d-4e38-83da-d34dbd3bf4f2,2026-07-01T15:01:20,1667,1667,0,1.0,226,7.319
12e6bf3a-6b0d-4e38-83da-d34dbd3bf4f2,2026-07-01T15:01:20,1667,1667,0,1.0,226,7.319
12e6bf3a-6b0d-4e38-83da-d34dbd3bf4f2,2026-07-01T15:01:22,1667,1667,0,1.0,227,7.319
12e6bf3a-6b0d-4e38-83da-d34dbd3bf4f2,2026-07-01T15:01:22,1667,1667,0,1.0,227,7.319
12e6bf3a-6b0d-4e38-83da-d34dbd3bf4f2,2026-07-01T15:01:22,1669,1669,0,1.0,227,7.319
12e6bf3a-6b0d-4e38-83da-d34dbd3bf4f2,2026-07-01T15:01:22,1669,1669,0,1.0,227,7.319
12e6bf3a-6b0d-4e38-83da-d34dbd3bf4f2,2026-07-01T15:01:22,1669,1669,0,1.0,227,7.319
12e6bf3a-6b0d-4e38-83da-d34dbd3bf4f2,2026-07-01T15:01:22,1669,1669,0,1.0,227,7.319
12e6bf3a-6b0d-4e38-83da-d34dbd3bf4f2,2026-07-01T15:01:22,1669,1669,0,1.0,227,7.319
12e6bf3a-6b0d-4e38-83da-d34dbd3bf4f2,2026-07-01T15:01:22,1669,1669,0,1.0,227,7.327
12e6bf3a-6b0d-4e38-83da-d34dbd3bf4f2,2026-07-01T15:01:22,1669,1669,0,1.0,227,7.327
12e6bf3a-6b0d-4e38-83da-d34dbd3bf4f2,2026-07-01T15:01:23,1671,1671,0,1.0,227,7.327
12e6bf3a-6b0d-4e38-83da-d34dbd3bf4f2,2026-07-01T15:01:23,1671,1671,0,1.0,227,7.327
12e6bf3a-6b0d-4e38-83da-d34dbd3bf4f2,2026-07-01T15:01:23,1671,1671,0,1.0,227,7.327
12e6bf3a-6b0d-4e38-83da-d34dbd3bf4f2,2026-07-01T15:01:23,1671,1671,0,1.0,227,7.327
12e6bf3a-6b0d-4e38-83da-d34dbd3bf4f2,2026-07-01T15:01:23,1671,1671,0,1.0,227,7.327
12e6bf3a-6b0d-4e38-83da-d34dbd3bf4f2,2026-07-01T15:01:23,1669,1669,0,1.0,227,7.327
12e6bf3a-6b0d-4e38-83da-d34dbd3bf4f2,2026-07-01T15:01:23,1669,1669,0,1.0,227,7.327
12e6bf3a-6b0d-4e38-83da-d34dbd3bf4f2,2026-07-01T15:01:23,1671,1671,0,1.0,227,7.327
12e6bf3a-6b0d-4e38-83da-d34dbd3bf4f2,2026-07-01T15:01:23,1671,1671,0,1.0,227,7.327
12e6bf3a-6b0d-4e38-83da-d34dbd3bf4f2,2026-07-01T15:01:24,1671,1671,0,1.0,227,7.327
12e6bf3a-6b0d-4e38-83da-d34dbd3bf4f2,2026-07-01T15:01:24,1671,1671,0,1.0,227,7.327
12e6bf3a-6b0d-4e38-83da-d34dbd3bf4f2,2026-07-01T15:01:24,1671,1671,0,1.0,227,7.327
12e6bf3a-6b0d-4e38-83da-d34dbd3bf4f2,2026-07-01T15:01:24,1671,1671,0,1.0,227,7.331
12e6bf3a-6b0d-4e38-83da-d34dbd3bf4f2,2026-07-01T15:01:24,1671,1671,0,1.0,227,7.331
12e6bf3a-6b0d-4e38-83da-d34dbd3bf4f2,2026-07-01T15:01:24,1671,1671,0,1.0,227,7.331
12e6bf3a-6b0d-4e38-83da-d34dbd3bf4f2,2026-07-01T15:01:24,1671,1671,0,1.0,227,7.331
12e6bf3a-6b0d-4e38-83da-d34dbd3bf4f2,2026-07-01T15:01:24,1671,1671,0,1.0,227,7.331
12e6bf3a-6b0d-4e38-83da-d34dbd3bf4f2,2026-07-01T15:01:24,1671,1671,0,1.0,227,7.331
12e6bf3a-6b0d-4e38-83da-d34dbd3bf4f2,2026-07-01T15:01:25,1671,1671,0,1.0,227,7.331
12e6bf3a-6b0d-4e38-83da-d34dbd3bf4f2,2026-07-01T15:01:25,1671,1671,0,1.0,227,7.331
12e6bf3a-6b0d-4e38-83da-d34dbd3bf4f2,2026-07-01T15:01:25,1671,1671,0,1.0,227,7.331
12e6bf3a-6b0d-4e38-83da-d34dbd3bf4f2,2026-07-01T15:01:25,1671,1671,0,1.0,227,7.331
12e6bf3a-6b0d-4e38-83da-d34dbd3bf4f2,2026-07-01T15:01:25,1671,1671,0,1.0,227,7.331
12e6bf3a-6b0d-4e38-83da-d34dbd3bf4f2,2026-07-01T15:01:25,1671,1671,0,1.0,227,7.331
12e6bf3a-6b0d-4e38-83da-d34dbd3bf4f2,2026-07-01T15:01:25,1671,1671,0,1.0,227,7.331
12e6bf3a-6b0d-4e38-83da-d34dbd3bf4f2,2026-07-01T15:01:25,1671,1671,0,1.0,227,7.331
12e6bf3a-6b0d-4e38-83da-d34dbd3bf4f2,2026-07-01T15:01:25,1671,1671,0,1.0,227,7.331
12e6bf3a-6b0d-4e38-83da-d34dbd3bf4f2,2026-07-01T15:01:26,1669,1669,0,1.0,227,7.327
12e6bf3a-6b0d-4e38-83da-d34dbd3bf4f2,2026-07-01T15:01:26,1669,1669,0,1.0,227,7.327
12e6bf3a-6b0d-4e38-83da-d34dbd3bf4f2,2026-07-01T15:01:26,1665,1665,0,1.0,227,7.327
12e6bf3a-6b0d-4e38-83da-d34dbd3bf4f2,2026-07-01T15:01:26,1665,1665,0,1.0,227,7.327
12e6bf3a-6b0d-4e38-83da-d34dbd3bf4f2,2026-07-01T15:01:26,1665,1665,0,1.0,227,7.327
12e6bf3a-6b0d-4e38-83da-d34dbd3bf4f2,2026-07-01T15:01:26,1665,1665,0,1.0,227,7.327
12e6bf3a-6b0d-4e38-83da-d34dbd3bf4f2,2026-07-01T15:01:26,1665,1665,0,1.0,227,7.327
12e6bf3a-6b0d-4e38-83da-d34dbd3bf4f2,2026-07-01T15:01:26,1665,1665,0,1.0,227,7.327
12e6bf3a-6b0d-4e38-83da-d34dbd3bf4f2,2026-07-01T15:01:26,1665,1665,0,1.0,226,7.327
12e6bf3a-6b0d-4e38-83da-d34dbd3bf4f2,2026-07-01T15:01:26,1665,1665,0,1.0,226,7.327
12e6bf3a-6b0d-4e38-83da-d34dbd3bf4f2,2026-07-01T15:01:27,1667,1667,0,1.0,226,7.327
12e6bf3a-6b0d-4e38-83da-d34dbd3bf4f2,2026-07-01T15:01:27,1667,1667,0,1.0,226,7.327
12e6bf3a-6b0d-4e38-83da-d34dbd3bf4f2,2026-07-01T15:01:27,1669,1669,0,1.0,226,7.327
12e6bf3a-6b0d-4e38-83da-d34dbd3bf4f2,2026-07-01T15:01:27,1669,1669,0,1.0,226,7.327
12e6bf3a-6b0d-4e38-83da-d34dbd3bf4f2,2026-07-01T15:01:27,1671,1671,0,1.0,226,7.327
12e6bf3a-6b0d-4e38-83da-d34dbd3bf4f2,2026-07-01T15:01:27,1671,1671,0,1.0,226,7.327
12e6bf3a-6b0d-4e38-83da-d34dbd3bf4f2,2026-07-01T15:01:27,1671,1671,0,1.0,226,7.327
12e6bf3a-6b0d-4e38-83da-d34dbd3bf4f2,2026-07-01T15:01:27,1671,1671,0,1.0,226,7.327
12e6bf3a-6b0d-4e38-83da-d34dbd3bf4f2,2026-07-01T15:01:30,1671,1671,0,1.0,227,7.327
12e6bf3a-6b0d-4e38-83da-d34dbd3bf4f2,2026-07-01T15:01:30,1671,1671,0,1.0,227,7.327
12e6bf3a-6b0d-4e38-83da-d34dbd3bf4f2,2026-07-01T15:01:32,1671,1671,0,1.0,227,7.327
12e6bf3a-6b0d-4e38-83da-d34dbd3bf4f2,2026-07-01T15:01:32,1671,1671,0,1.0,227,7.327
12e6bf3a-6b0d-4e38-83da-d34dbd3bf4f2,2026-07-01T15:01:32,1669,1669,0,1.0,227,7.327
12e6bf3a-6b0d-4e38-83da-d34dbd3bf4f2,2026-07-01T15:01:32,1669,1669,0,1.0,227,7.327
12e6bf3a-6b0d-4e38-83da-d34dbd3bf4f2,2026-07-01T15:01:33,1671,1671,0,1.0,227,7.327
12e6bf3a-6b0d-4e38-83da-d34dbd3bf4f2,2026-07-01T15:01:33,1671,1671,0,1.0,227,7.327
12e6bf3a-6b0d-4e38-83da-d34dbd3bf4f2,2026-07-01T15:01:33,1669,1669,0,1.0,227,7.327
12e6bf3a-6b0d-4e38-83da-d34dbd3bf4f2,2026-07-01T15:01:33,1669,1669,0,1.0,227,7.327
12e6bf3a-6b0d-4e38-83da-d34dbd3bf4f2,2026-07-01T15:01:33,1669,1669,0,1.0,227,7.327
12e6bf3a-6b0d-4e38-83da-d34dbd3bf4f2,2026-07-01T15:01:33,1669,1669,0,1.0,227,7.327
12e6bf3a-6b0d-4e38-83da-d34dbd3bf4f2,2026-07-01T15:01:33,1669,1669,0,1.0,227,7.327
12e6bf3a-6b0d-4e38-83da-d34dbd3bf4f2,2026-07-01T15:01:33,1669,1669,0,1.0,227,7.327
12e6bf3a-6b0d-4e38-83da-d34dbd3bf4f2,2026-07-01T15:01:33,1669,1669,0,1.0,227,7.327
12e6bf3a-6b0d-4e38-83da-d34dbd3bf4f2,2026-07-01T15:01:36,1669,1669,0,1.0,227,7.323
12e6bf3a-6b0d-4e38-83da-d34dbd3bf4f2,2026-07-01T15:01:36,1669,1669,0,1.0,227,7.323
12e6bf3a-6b0d-4e38-83da-d34dbd3bf4f2,2026-07-01T15:01:36,1669,1669,0,1.0,227,7.323
12e6bf3a-6b0d-4e38-83da-d34dbd3bf4f2,2026-07-01T15:01:36,1669,1669,0,1.0,227,7.323
12e6bf3a-6b0d-4e38-83da-d34dbd3bf4f2,2026-07-01T15:01:36,1669,1669,0,1.0,227,7.323
12e6bf3a-6b0d-4e38-83da-d34dbd3bf4f2,2026-07-01T15:01:36,1669,1669,0,1.0,227,7.323
12e6bf3a-6b0d-4e38-83da-d34dbd3bf4f2,2026-07-01T15:01:37,1669,1669,0,1.0,227,7.323
12e6bf3a-6b0d-4e38-83da-d34dbd3bf4f2,2026-07-01T15:01:37,1669,1669,0,1.0,227,7.323
12e6bf3a-6b0d-4e38-83da-d34dbd3bf4f2,2026-07-01T15:01:37,1669,1669,0,1.0,227,7.323
12e6bf3a-6b0d-4e38-83da-d34dbd3bf4f2,2026-07-01T15:01:37,1669,1669,0,1.0,227,7.323
12e6bf3a-6b0d-4e38-83da-d34dbd3bf4f2,2026-07-01T15:01:37,1669,1669,0,1.0,227,7.323
12e6bf3a-6b0d-4e38-83da-d34dbd3bf4f2,2026-07-01T15:01:37,1669,1669,0,1.0,227,7.323
12e6bf3a-6b0d-4e38-83da-d34dbd3bf4f2,2026-07-01T15:01:37,1669,1669,0,1.0,227,7.323
12e6bf3a-6b0d-4e38-83da-d34dbd3bf4f2,2026-07-01T15:01:37,1669,1669,0,1.0,227,7.323
12e6bf3a-6b0d-4e38-83da-d34dbd3bf4f2,2026-07-01T15:01:37,1669,1669,0,1.0,227,7.323
12e6bf3a-6b0d-4e38-83da-d34dbd3bf4f2,2026-07-01T15:01:38,1669,1669,0,1.0,227,7.323
12e6bf3a-6b0d-4e38-83da-d34dbd3bf4f2,2026-07-01T15:01:40,1667,1667,0,1.0,227,7.315
12e6bf3a-6b0d-4e38-83da-d34dbd3bf4f2,2026-07-01T15:01:40,1667,1667,0,1.0,227,7.315
12e6bf3a-6b0d-4e38-83da-d34dbd3bf4f2,2026-07-01T15:01:40,1667,1667,0,1.0,227,7.315
12e6bf3a-6b0d-4e38-83da-d34dbd3bf4f2,2026-07-01T15:01:40,1667,1667,0,1.0,227,7.315
12e6bf3a-6b0d-4e38-83da-d34dbd3bf4f2,2026-07-01T15:01:40,1667,1667,0,1.0,227,7.315
12e6bf3a-6b0d-4e38-83da-d34dbd3bf4f2,2026-07-01T15:01:41,1667,1667,0,1.0,227,7.315
12e6bf3a-6b0d-4e38-83da-d34dbd3bf4f2,2026-07-01T15:01:41,1667,1667,0,1.0,227,7.315
12e6bf3a-6b0d-4e38-83da-d34dbd3bf4f2,2026-07-01T15:01:41,1667,1667,0,1.0,227,7.315
12e6bf3a-6b0d-4e38-83da-d34dbd3bf4f2,2026-07-01T15:01:41,1667,1667,0,1.0,227,7.315
12e6bf3a-6b0d-4e38-83da-d34dbd3bf4f2,2026-07-01T15:01:41,1667,1667,0,1.0,227,7.315
12e6bf3a-6b0d-4e38-83da-d34dbd3bf4f2,2026-07-01T15:01:41,1667,1667,0,1.0,227,7.315
12e6bf3a-6b0d-4e38-83da-d34dbd3bf4f2,2026-07-01T15:01:41,1667,1667,0,1.0,227,7.315
12e6bf3a-6b0d-4e38-83da-d34dbd3bf4f2,2026-07-01T15:01:41,1667,1667,0,1.0,227,7.315
12e6bf3a-6b0d-4e38-83da-d34dbd3bf4f2,2026-07-01T15:01:41,1667,1667,0,1.0,227,7.315
12e6bf3a-6b0d-4e38-83da-d34dbd3bf4f2,2026-07-01T15:01:42,1667,1667,0,1.0,227,7.315
12e6bf3a-6b0d-4e38-83da-d34dbd3bf4f2,2026-07-01T15:01:42,1667,1667,0,1.0,227,7.315
12e6bf3a-6b0d-4e38-83da-d34dbd3bf4f2,2026-07-01T15:01:42,1667,1667,0,1.0,227,7.315
12e6bf3a-6b0d-4e38-83da-d34dbd3bf4f2,2026-07-01T15:01:42,1667,1667,0,1.0,227,7.315
12e6bf3a-6b0d-4e38-83da-d34dbd3bf4f2,2026-07-01T15:01:42,1667,1667,0,1.0,227,7.315
12e6bf3a-6b0d-4e38-83da-d34dbd3bf4f2,2026-07-01T15:01:42,1667,1667,0,1.0,227,7.315
12e6bf3a-6b0d-4e38-83da-d34dbd3bf4f2,2026-07-01T15:01:42,1667,1667,0,1.0,227,7.315
12e6bf3a-6b0d-4e38-83da-d34dbd3bf4f2,2026-07-01T15:01:42,1667,1667,0,1.0,227,7.315
12e6bf3a-6b0d-4e38-83da-d34dbd3bf4f2,2026-07-01T15:01:42,1667,1667,0,1.0,227,7.315
12e6bf3a-6b0d-4e38-83da-d34dbd3bf4f2,2026-07-01T15:01:42,1667,1667,0,1.0,227,7.315
12e6bf3a-6b0d-4e38-83da-d34dbd3bf4f2,2026-07-01T15:01:43,1667,1667,0,1.0,227,7.315
12e6bf3a-6b0d-4e38-83da-d34dbd3bf4f2,2026-07-01T15:01:43,1667,1667,0,1.0,227,7.315
12e6bf3a-6b0d-4e38-83da-d34dbd3bf4f2,2026-07-01T15:01:43,1667,1667,0,1.0,227,7.315
12e6bf3a-6b0d-4e38-83da-d34dbd3bf4f2,2026-07-01T15:01:43,1667,1667,0,1.0,227,7.315
12e6bf3a-6b0d-4e38-83da-d34dbd3bf4f2,2026-07-01T15:01:43,1667,1667,0,1.0,227,7.315
12e6bf3a-6b0d-4e38-83da-d34dbd3bf4f2,2026-07-01T15:01:43,1667,1667,0,1.0,227,7.315
12e6bf3a-6b0d-4e38-83da-d34dbd3bf4f2,2026-07-01T15:01:43,1667,1667,0,1.0,227,7.315
12e6bf3a-6b0d-4e38-83da-d34dbd3bf4f2,2026-07-01T15:01:43,1667,1667,0,1.0,227,7.315
12e6bf3a-6b0d-4e38-83da-d34dbd3bf4f2,2026-07-01T15:01:43,1667,1667,0,1.0,227,7.315
12e6bf3a-6b0d-4e38-83da-d34dbd3bf4f2,2026-07-01T15:01:43,1667,1667,0,1.0,227,7.315
12e6bf3a-6b0d-4e38-83da-d34dbd3bf4f2,2026-07-01T15:01:44,1667,1667,0,1.0,227,7.315
12e6bf3a-6b0d-4e38-83da-d34dbd3bf4f2,2026-07-01T15:01:44,1667,1667,0,1.0,227,7.315
12e6bf3a-6b0d-4e38-83da-d34dbd3bf4f2,2026-07-01T15:01:44,1667,1667,0,1.0,227,7.315
12e6bf3a-6b0d-4e38-83da-d34dbd3bf4f2,2026-07-01T15:01:44,1667,1667,0,1.0,227,7.315
12e6bf3a-6b0d-4e38-83da-d34dbd3bf4f2,2026-07-01T15:01:44,1667,1667,0,1.0,227,7.315
12e6bf3a-6b0d-4e38-83da-d34dbd3bf4f2,2026-07-01T15:01:44,1667,1667,0,1.0,227,7.315
12e6bf3a-6b0d-4e38-83da-d34dbd3bf4f2,2026-07-01T15:01:44,1316,1658,1008,0.79,227,7.315
12e6bf3a-6b0d-4e38-83da-d34dbd3bf4f2,2026-07-01T15:01:44,1316,1658,1008,0.79,227,7.315
12e6bf3a-6b0d-4e38-83da-d34dbd3bf4f2,2026-07-01T15:01:44,50,1658,1657,0.03,227,7.315
12e6bf3a-6b0d-4e38-83da-d34dbd3bf4f2,2026-07-01T15:01:45,24,1658,1657,0.01,227,7.315
12e6bf3a-6b0d-4e38-83da-d34dbd3bf4f2,2026-07-01T15:01:45,24,1658,1657,0.01,227,7.315
12e6bf3a-6b0d-4e38-83da-d34dbd3bf4f2,2026-07-01T15:01:45,24,1658,1657,0.01,227,7.315
12e6bf3a-6b0d-4e38-83da-d34dbd3bf4f2,2026-07-01T15:01:45,24,1658,1657,0.01,227,7.315
12e6bf3a-6b0d-4e38-83da-d34dbd3bf4f2,2026-07-01T15:01:45,24,1658,1657,0.01,227,7.315
12e6bf3a-6b0d-4e38-83da-d34dbd3bf4f2,2026-07-01T15:01:45,24,1658,1657,0.01,227,7.315
12e6bf3a-6b0d-4e38-83da-d34dbd3bf4f2,2026-07-01T15:01:45,2,1658,1658,0.0,227,7.315
12e6bf3a-6b0d-4e38-83da-d34dbd3bf4f2,2026-07-01T15:01:45,2,1658,1658,0.0,227,7.315
12e6bf3a-6b0d-4e38-83da-d34dbd3bf4f2,2026-07-01T15:01:45,4,1658,1658,0.0,227,7.315
12e6bf3a-6b0d-4e38-83da-d34dbd3bf4f2,2026-07-01T15:01:45,4,1658,1658,0.0,227,7.315
12e6bf3a-6b0d-4e38-83da-d34dbd3bf4f2,2026-07-01T15:01:46,4,11,10,0.4,227,0.047
12e6bf3a-6b0d-4e38-83da-d34dbd3bf4f2,2026-07-01T15:01:46,4,11,10,0.4,227,0.047
12e6bf3a-6b0d-4e38-83da-d34dbd3bf4f2,2026-07-01T15:01:46,4,11,10,0.41,227,0.047
12e6bf3a-6b0d-4e38-83da-d34dbd3bf4f2,2026-07-01T15:01:46,4,11,10,0.41,227,0.047
12e6bf3a-6b0d-4e38-83da-d34dbd3bf4f2,2026-07-01T15:01:46,4,11,10,0.41,227,0.047
12e6bf3a-6b0d-4e38-83da-d34dbd3bf4f2,2026-07-01T15:01:46,5,11,10,0.42,227,0.047
12e6bf3a-6b0d-4e38-83da-d34dbd3bf4f2,2026-07-01T15:01:46,5,11,10,0.42,227,0.047
12e6bf3a-6b0d-4e38-83da-d34dbd3bf4f2,2026-07-01T15:01:46,5,11,10,0.42,230,0.047
12e6bf3a-6b0d-4e38-83da-d34dbd3bf4f2,2026-07-01T15:01:46,5,11,10,0.42,230,0.047
12e6bf3a-6b0d-4e38-83da-d34dbd3bf4f2,2026-07-01T15:01:47,4,11,10,0.4,230,0.047
12e6bf3a-6b0d-4e38-83da-d34dbd3bf4f2,2026-07-01T15:01:47,4,11,10,0.4,230,0.047
12e6bf3a-6b0d-4e38-83da-d34dbd3bf4f2,2026-07-01T15:01:47,4,11,10,0.41,230,0.047
12e6bf3a-6b0d-4e38-83da-d34dbd3bf4f2,2026-07-01T15:01:47,4,11,10,0.41,230,0.047
12e6bf3a-6b0d-4e38-83da-d34dbd3bf4f2,2026-07-01T15:01:47,4,11,10,0.41,230,0.047
12e6bf3a-6b0d-4e38-83da-d34dbd3bf4f2,2026-07-01T15:01:47,4,11,10,0.41,230,0.047
12e6bf3a-6b0d-4e38-83da-d34dbd3bf4f2,2026-07-01T15:01:47,4,11,10,0.39,230,0.047
12e6bf3a-6b0d-4e38-83da-d34dbd3bf4f2,2026-07-01T15:01:47,4,11,10,0.39,230,0.047
12e6bf3a-6b0d-4e38-83da-d34dbd3bf4f2,2026-07-01T15:01:47,4,11,10,0.39,230,0.047
12e6bf3a-6b0d-4e38-83da-d34dbd3bf4f2,2026-07-01T15:01:47,4,11,10,0.39,230,0.047
12e6bf3a-6b0d-4e38-83da-d34dbd3bf4f2,2026-07-01T15:01:48,5,11,10,0.42,230,0.047
12e6bf3a-6b0d-4e38-83da-d34dbd3bf4f2,2026-07-01T15:01:48,5,11,10,0.42,230,0.047
12e6bf3a-6b0d-4e38-83da-d34dbd3bf4f2,2026-07-01T15:01:48,5,11,10,0.42,230,0.047
12e6bf3a-6b0d-4e38-83da-d34dbd3bf4f2,2026-07-01T15:01:48,5,11,10,0.42,230,0.047
12e6bf3a-6b0d-4e38-83da-d34dbd3bf4f2,2026-07-01T15:01:48,5,10,9,0.45,230,0.044
12e6bf3a-6b0d-4e38-83da-d34dbd3bf4f2,2026-07-01T15:01:48,5,10,9,0.45,230,0.044
12e6bf3a-6b0d-4e38-83da-d34dbd3bf4f2,2026-07-01T15:01:48,4,10,9,0.42,230,0.044
12e6bf3a-6b0d-4e38-83da-d34dbd3bf4f2,2026-07-01T15:01:48,4,10,9,0.42,230,0.044
12e6bf3a-6b0d-4e38-83da-d34dbd3bf4f2,2026-07-01T15:01:48,4,10,9,0.42,230,0.044
12e6bf3a-6b0d-4e38-83da-d34dbd3bf4f2,2026-07-01T15:01:48,4,10,9,0.42,230,0.044
12e6bf3a-6b0d-4e38-83da-d34dbd3bf4f2,2026-07-01T15:01:49,5,10,9,0.44,230,0.044
12e6bf3a-6b0d-4e38-83da-d34dbd3bf4f2,2026-07-01T15:01:49,5,10,9,0.44,230,0.044
12e6bf3a-6b0d-4e38-83da-d34dbd3bf4f2,2026-07-01T15:01:49,5,10,9,0.44,230,0.044
12e6bf3a-6b0d-4e38-83da-d34dbd3bf4f2,2026-07-01T15:01:49,5,10,9,0.44,230,0.044
12e6bf3a-6b0d-4e38-83da-d34dbd3bf4f2,2026-07-01T15:01:49,5,10,9,0.44,230,0.044
12e6bf3a-6b0d-4e38-83da-d34dbd3bf4f2,2026-07-01T15:01:49,5,10,9,0.45,230,0.044
12e6bf3a-6b0d-4e38-83da-d34dbd3bf4f2,2026-07-01T15:01:49,5,10,9,0.45,230,0.044
12e6bf3a-6b0d-4e38-83da-d34dbd3bf4f2,2026-07-01T15:01:49,5,10,9,0.45,230,0.044
12e6bf3a-6b0d-4e38-83da-d34dbd3bf4f2,2026-07-01T15:01:49,5,10,9,0.45,230,0.044
12e6bf3a-6b0d-4e38-83da-d34dbd3bf4f2,2026-07-01T15:01:50,4,10,9,0.43,230,0.044
12e6bf3a-6b0d-4e38-83da-d34dbd3bf4f2,2026-07-01T15:01:50,4,10,9,0.43,230,0.044
12e6bf3a-6b0d-4e38-83da-d34dbd3bf4f2,2026-07-01T15:01:50,4,10,9,0.43,230,0.044
12e6bf3a-6b0d-4e38-83da-d34dbd3bf4f2,2026-07-01T15:01:50,4,10,9,0.43,230,0.044
12e6bf3a-6b0d-4e38-83da-d34dbd3bf4f2,2026-07-01T15:01:50,5,10,9,0.44,230,0.044
12e6bf3a-6b0d-4e38-83da-d34dbd3bf4f2,2026-07-01T15:01:50,5,10,9,0.44,230,0.044
12e6bf3a-6b0d-4e38-83da-d34dbd3bf4f2,2026-07-01T15:01:50,4,10,9,0.43,230,0.044
12e6bf3a-6b0d-4e38-83da-d34dbd3bf4f2,2026-07-01T15:01:50,4,10,9,0.43,230,0.044
12e6bf3a-6b0d-4e38-83da-d34dbd3bf4f2,2026-07-01T15:01:50,4,10,9,0.43,230,0.044
12e6bf3a-6b0d-4e38-83da-d34dbd3bf4f2,2026-07-01T15:01:50,4,10,9,0.43,230,0.044
12e6bf3a-6b0d-4e38-83da-d34dbd3bf4f2,2026-07-01T15:01:51,5,10,9,0.45,230,0.044
12e6bf3a-6b0d-4e38-83da-d34dbd3bf4f2,2026-07-01T15:01:51,5,10,9,0.45,230,0.044
12e6bf3a-6b0d-4e38-83da-d34dbd3bf4f2,2026-07-01T15:01:51,5,10,9,0.45,230,0.044
12e6bf3a-6b0d-4e38-83da-d34dbd3bf4f2,2026-07-01T15:01:51,5,10,9,0.44,230,0.044
12e6bf3a-6b0d-4e38-83da-d34dbd3bf4f2,2026-07-01T15:01:51,5,10,9,0.44,230,0.044
12e6bf3a-6b0d-4e38-83da-d34dbd3bf4f2,2026-07-01T15:01:51,4,10,9,0.43,230,0.044
12e6bf3a-6b0d-4e38-83da-d34dbd3bf4f2,2026-07-01T15:01:51,4,10,9,0.43,230,0.044
12e6bf3a-6b0d-4e38-83da-d34dbd3bf4f2,2026-07-01T15:01:51,4,10,9,0.43,230,0.044
12e6bf3a-6b0d-4e38-83da-d34dbd3bf4f2,2026-07-01T15:01:51,4,10,9,0.43,230,0.044
12e6bf3a-6b0d-4e38-83da-d34dbd3bf4f2,2026-07-01T15:01:52,5,10,9,0.44,230,0.044
12e6bf3a-6b0d-4e38-83da-d34dbd3bf4f2,2026-07-01T15:01:52,5,10,9,0.44,230,0.044
12e6bf3a-6b0d-4e38-83da-d34dbd3bf4f2,2026-07-01T15:01:52,5,10,9,0.44,230,0.044
12e6bf3a-6b0d-4e38-83da-d34dbd3bf4f2,2026-07-01T15:01:52,5,10,9,0.44,230,0.044
12e6bf3a-6b0d-4e38-83da-d34dbd3bf4f2,2026-07-01T15:01:52,53,66,39,0.8,230,0.286
12e6bf3a-6b0d-4e38-83da-d34dbd3bf4f2,2026-07-01T15:01:52,53,66,39,0.8,230,0.286
12e6bf3a-6b0d-4e38-83da-d34dbd3bf4f2,2026-07-01T15:01:52,1595,1595,0,1.0,230,0.286
12e6bf3a-6b0d-4e38-83da-d34dbd3bf4f2,2026-07-01T15:01:52,1678,1678,0,1.0,230,0.286
12e6bf3a-6b0d-4e38-83da-d34dbd3bf4f2,2026-07-01T15:01:54,1673,1673,0,1.0,227,7.348
12e6bf3a-6b0d-4e38-83da-d34dbd3bf4f2,2026-07-01T15:01:54,1673,1673,0,1.0,227,7.348
12e6bf3a-6b0d-4e38-83da-d34dbd3bf4f2,2026-07-01T15:01:55,1673,1673,0,1.0,227,7.348
12e6bf3a-6b0d-4e38-83da-d34dbd3bf4f2,2026-07-01T15:01:55,1673,1673,0,1.0,227,7.348
12e6bf3a-6b0d-4e38-83da-d34dbd3bf4f2,2026-07-01T15:01:55,1675,1675,0,1.0,227,7.348
12e6bf3a-6b0d-4e38-83da-d34dbd3bf4f2,2026-07-01T15:01:55,1675,1675,0,1.0,227,7.348
12e6bf3a-6b0d-4e38-83da-d34dbd3bf4f2,2026-07-01T15:01:55,1676,1676,0,1.0,227,7.348
12e6bf3a-6b0d-4e38-83da-d34dbd3bf4f2,2026-07-01T15:01:55,1676,1676,0,1.0,227,7.348
12e6bf3a-6b0d-4e38-83da-d34dbd3bf4f2,2026-07-01T15:01:55,1675,1675,0,1.0,227,7.34
12e6bf3a-6b0d-4e38-83da-d34dbd3bf4f2,2026-07-01T15:01:55,1675,1675,0,1.0,227,7.34
12e6bf3a-6b0d-4e38-83da-d34dbd3bf4f2,2026-07-01T15:01:55,1675,1675,0,1.0,227,7.34
12e6bf3a-6b0d-4e38-83da-d34dbd3bf4f2,2026-07-01T15:01:55,1675,1675,0,1.0,227,7.34
12e6bf3a-6b0d-4e38-83da-d34dbd3bf4f2,2026-07-01T15:01:56,1675,1675,0,1.0,227,7.34
12e6bf3a-6b0d-4e38-83da-d34dbd3bf4f2,2026-07-01T15:01:56,1675,1675,0,1.0,227,7.34
12e6bf3a-6b0d-4e38-83da-d34dbd3bf4f2,2026-07-01T15:01:56,1676,1676,0,1.0,227,7.34
12e6bf3a-6b0d-4e38-83da-d34dbd3bf4f2,2026-07-01T15:01:56,1675,1675,0,1.0,227,7.34
12e6bf3a-6b0d-4e38-83da-d34dbd3bf4f2,2026-07-01T15:01:56,1675,1675,0,1.0,227,7.34
12e6bf3a-6b0d-4e38-83da-d34dbd3bf4f2,2026-07-01T15:01:56,1675,1675,0,1.0,227,7.34
12e6bf3a-6b0d-4e38-83da-d34dbd3bf4f2,2026-07-01T15:01:56,1675,1675,0,1.0,227,7.34
12e6bf3a-6b0d-4e38-83da-d34dbd3bf4f2,2026-07-01T15:01:56,1675,1675,0,1.0,227,7.34
12e6bf3a-6b0d-4e38-83da-d34dbd3bf4f2,2026-07-01T15:01:56,1675,1675,0,1.0,227,7.34
12e6bf3a-6b0d-4e38-83da-d34dbd3bf4f2,2026-07-01T15:01:57,1675,1675,0,1.0,227,7.34
12e6bf3a-6b0d-4e38-83da-d34dbd3bf4f2,2026-07-01T15:01:57,1675,1675,0,1.0,227,7.34
12e6bf3a-6b0d-4e38-83da-d34dbd3bf4f2,2026-07-01T15:01:57,1675,1675,0,1.0,227,7.336
12e6bf3a-6b0d-4e38-83da-d34dbd3bf4f2,2026-07-01T15:01:57,1675,1675,0,1.0,227,7.336
12e6bf3a-6b0d-4e38-83da-d34dbd3bf4f2,2026-07-01T15:01:57,1675,1675,0,1.0,227,7.336
12e6bf3a-6b0d-4e38-83da-d34dbd3bf4f2,2026-07-01T15:01:57,1675,1675,0,1.0,227,7.336
12e6bf3a-6b0d-4e38-83da-d34dbd3bf4f2,2026-07-01T15:01:58,1675,1675,0,1.0,227,7.336
12e6bf3a-6b0d-4e38-83da-d34dbd3bf4f2,2026-07-01T15:01:58,1675,1675,0,1.0,227,7.331
12e6bf3a-6b0d-4e38-83da-d34dbd3bf4f2,2026-07-01T15:01:58,1675,1675,0,1.0,227,7.331
12e6bf3a-6b0d-4e38-83da-d34dbd3bf4f2,2026-07-01T15:01:59,1673,1673,0,1.0,227,7.331
12e6bf3a-6b0d-4e38-83da-d34dbd3bf4f2,2026-07-01T15:01:59,1673,1673,0,1.0,227,7.331
12e6bf3a-6b0d-4e38-83da-d34dbd3bf4f2,2026-07-01T15:01:59,1673,1673,0,1.0,227,7.331
12e6bf3a-6b0d-4e38-83da-d34dbd3bf4f2,2026-07-01T15:01:59,1673,1673,0,1.0,227,7.331
12e6bf3a-6b0d-4e38-83da-d34dbd3bf4f2,2026-07-01T15:01:59,1673,1673,0,1.0,227,7.331
12e6bf3a-6b0d-4e38-83da-d34dbd3bf4f2,2026-07-01T15:01:59,1673,1673,0,1.0,227,7.331
12e6bf3a-6b0d-4e38-83da-d34dbd3bf4f2,2026-07-01T15:02:02,1676,1676,0,1.0,227,7.336
12e6bf3a-6b0d-4e38-83da-d34dbd3bf4f2,2026-07-01T15:02:02,1676,1676,0,1.0,227,7.336
12e6bf3a-6b0d-4e38-83da-d34dbd3bf4f2,2026-07-01T15:02:02,1676,1676,0,1.0,227,7.336
12e6bf3a-6b0d-4e38-83da-d34dbd3bf4f2,2026-07-01T15:02:02,1676,1676,0,1.0,227,7.336
12e6bf3a-6b0d-4e38-83da-d34dbd3bf4f2,2026-07-01T15:02:02,1676,1676,0,1.0,227,7.336
12e6bf3a-6b0d-4e38-83da-d34dbd3bf4f2,2026-07-01T15:02:02,1676,1676,0,1.0,227,7.336
12e6bf3a-6b0d-4e38-83da-d34dbd3bf4f2,2026-07-01T15:02:02,1676,1676,0,1.0,227,7.336
12e6bf3a-6b0d-4e38-83da-d34dbd3bf4f2,2026-07-01T15:02:02,1676,1676,0,1.0,227,7.336
12e6bf3a-6b0d-4e38-83da-d34dbd3bf4f2,2026-07-01T15:02:02,1675,1675,0,1.0,227,7.336
12e6bf3a-6b0d-4e38-83da-d34dbd3bf4f2,2026-07-01T15:02:02,1675,1675,0,1.0,227,7.336
12e6bf3a-6b0d-4e38-83da-d34dbd3bf4f2,2026-07-01T15:02:05,1675,1675,0,1.0,227,7.34
12e6bf3a-6b0d-4e38-83da-d34dbd3bf4f2,2026-07-01T15:02:05,1675,1675,0,1.0,227,7.331
12e6bf3a-6b0d-4e38-83da-d34dbd3bf4f2,2026-07-01T15:02:05,1675,1675,0,1.0,227,7.331
12e6bf3a-6b0d-4e38-83da-d34dbd3bf4f2,2026-07-01T15:02:05,1675,1675,0,1.0,227,7.331
12e6bf3a-6b0d-4e38-83da-d34dbd3bf4f2,2026-07-01T15:02:05,1675,1675,0,1.0,227,7.331
12e6bf3a-6b0d-4e38-83da-d34dbd3bf4f2,2026-07-01T15:02:05,1675,1675,0,1.0,227,7.331
12e6bf3a-6b0d-4e38-83da-d34dbd3bf4f2,2026-07-01T15:02:05,1675,1675,0,1.0,227,7.331
12e6bf3a-6b0d-4e38-83da-d34dbd3bf4f2,2026-07-01T15:02:05,1675,1675,0,1.0,227,7.331
12e6bf3a-6b0d-4e38-83da-d34dbd3bf4f2,2026-07-01T15:02:05,1675,1675,0,1.0,227,7.331
12e6bf3a-6b0d-4e38-83da-d34dbd3bf4f2,2026-07-01T15:02:06,1675,1675,0,1.0,227,7.331
12e6bf3a-6b0d-4e38-83da-d34dbd3bf4f2,2026-07-01T15:02:06,1675,1675,0,1.0,227,7.331
12e6bf3a-6b0d-4e38-83da-d34dbd3bf4f2,2026-07-01T15:02:06,1675,1675,0,1.0,227,7.331
12e6bf3a-6b0d-4e38-83da-d34dbd3bf4f2,2026-07-01T15:02:06,1675,1675,0,1.0,227,7.331
12e6bf3a-6b0d-4e38-83da-d34dbd3bf4f2,2026-07-01T15:02:06,1673,1673,0,1.0,227,7.331
12e6bf3a-6b0d-4e38-83da-d34dbd3bf4f2,2026-07-01T15:02:06,1673,1673,0,1.0,227,7.331
12e6bf3a-6b0d-4e38-83da-d34dbd3bf4f2,2026-07-01T15:02:06,1673,1673,0,1.0,227,7.331
12e6bf3a-6b0d-4e38-83da-d34dbd3bf4f2,2026-07-01T15:02:06,1673,1673,0,1.0,227,7.331
12e6bf3a-6b0d-4e38-83da-d34dbd3bf4f2,2026-07-01T15:02:06,1671,1671,0,1.0,227,7.331
12e6bf3a-6b0d-4e38-83da-d34dbd3bf4f2,2026-07-01T15:02:07,1671,1671,0,1.0,227,7.331
12e6bf3a-6b0d-4e38-83da-d34dbd3bf4f2,2026-07-01T15:02:09,1671,1671,0,1.0,227,7.327
12e6bf3a-6b0d-4e38-83da-d34dbd3bf4f2,2026-07-01T15:02:09,1671,1671,0,1.0,227,7.327
12e6bf3a-6b0d-4e38-83da-d34dbd3bf4f2,2026-07-01T15:02:09,1673,1673,0,1.0,227,7.327
12e6bf3a-6b0d-4e38-83da-d34dbd3bf4f2,2026-07-01T15:02:09,1673,1673,0,1.0,227,7.327
12e6bf3a-6b0d-4e38-83da-d34dbd3bf4f2,2026-07-01T15:02:09,1673,1673,0,1.0,227,7.327
12e6bf3a-6b0d-4e38-83da-d34dbd3bf4f2,2026-07-01T15:02:10,1673,1673,0,1.0,227,7.331
12e6bf3a-6b0d-4e38-83da-d34dbd3bf4f2,2026-07-01T15:02:10,1673,1673,0,1.0,227,7.331
12e6bf3a-6b0d-4e38-83da-d34dbd3bf4f2,2026-07-01T15:02:10,1673,1673,0,1.0,227,7.331
12e6bf3a-6b0d-4e38-83da-d34dbd3bf4f2,2026-07-01T15:02:10,1673,1673,0,1.0,227,7.331
12e6bf3a-6b0d-4e38-83da-d34dbd3bf4f2,2026-07-01T15:02:10,1673,1673,0,1.0,227,7.331
12e6bf3a-6b0d-4e38-83da-d34dbd3bf4f2,2026-07-01T15:02:10,1673,1673,0,1.0,227,7.331
12e6bf3a-6b0d-4e38-83da-d34dbd3bf4f2,2026-07-01T15:02:10,1673,1673,0,1.0,227,7.331
12e6bf3a-6b0d-4e38-83da-d34dbd3bf4f2,2026-07-01T15:02:10,1673,1673,0,1.0,227,7.331
12e6bf3a-6b0d-4e38-83da-d34dbd3bf4f2,2026-07-01T15:02:10,1673,1673,0,1.0,227,7.331
12e6bf3a-6b0d-4e38-83da-d34dbd3bf4f2,2026-07-01T15:02:10,1673,1673,0,1.0,227,7.331
12e6bf3a-6b0d-4e38-83da-d34dbd3bf4f2,2026-07-01T15:02:11,1673,1673,0,1.0,227,7.331
12e6bf3a-6b0d-4e38-83da-d34dbd3bf4f2,2026-07-01T15:02:11,1673,1673,0,1.0,227,7.331
12e6bf3a-6b0d-4e38-83da-d34dbd3bf4f2,2026-07-01T15:02:11,1673,1673,0,1.0,227,7.331
12e6bf3a-6b0d-4e38-83da-d34dbd3bf4f2,2026-07-01T15:02:11,1673,1673,0,1.0,227,7.331
12e6bf3a-6b0d-4e38-83da-d34dbd3bf4f2,2026-07-01T15:02:11,1673,1673,0,1.0,227,7.331
12e6bf3a-6b0d-4e38-83da-d34dbd3bf4f2,2026-07-01T15:02:11,1673,1673,0,1.0,227,7.331
12e6bf3a-6b0d-4e38-83da-d34dbd3bf4f2,2026-07-01T15:02:11,1673,1673,0,1.0,227,7.331
12e6bf3a-6b0d-4e38-83da-d34dbd3bf4f2,2026-07-01T15:02:11,1673,1673,0,1.0,227,7.331
12e6bf3a-6b0d-4e38-83da-d34dbd3bf4f2,2026-07-01T15:02:11,1673,1673,0,1.0,227,7.331
12e6bf3a-6b0d-4e38-83da-d34dbd3bf4f2,2026-07-01T15:02:11,1673,1673,0,1.0,227,7.331
12e6bf3a-6b0d-4e38-83da-d34dbd3bf4f2,2026-07-01T15:02:12,1673,1673,0,1.0,227,7.331
12e6bf3a-6b0d-4e38-83da-d34dbd3bf4f2,2026-07-01T15:02:12,1673,1673,0,1.0,227,7.331
12e6bf3a-6b0d-4e38-83da-d34dbd3bf4f2,2026-07-01T15:02:12,1673,1673,0,1.0,227,7.331
12e6bf3a-6b0d-4e38-83da-d34dbd3bf4f2,2026-07-01T15:02:12,1673,1673,0,1.0,227,7.331
12e6bf3a-6b0d-4e38-83da-d34dbd3bf4f2,2026-07-01T15:02:12,1673,1673,0,1.0,227,7.331
12e6bf3a-6b0d-4e38-83da-d34dbd3bf4f2,2026-07-01T15:02:12,1673,1673,0,1.0,227,7.331
12e6bf3a-6b0d-4e38-83da-d34dbd3bf4f2,2026-07-01T15:02:12,1673,1673,0,1.0,227,7.331
12e6bf3a-6b0d-4e38-83da-d34dbd3bf4f2,2026-07-01T15:02:12,1673,1673,0,1.0,227,7.331
12e6bf3a-6b0d-4e38-83da-d34dbd3bf4f2,2026-07-01T15:02:12,1673,1673,0,1.0,227,7.331
12e6bf3a-6b0d-4e38-83da-d34dbd3bf4f2,2026-07-01T15:02:13,1673,1673,0,1.0,227,7.331
12e6bf3a-6b0d-4e38-83da-d34dbd3bf4f2,2026-07-01T15:02:13,1673,1673,0,1.0,227,7.331
12e6bf3a-6b0d-4e38-83da-d34dbd3bf4f2,2026-07-01T15:02:13,1673,1673,0,1.0,227,7.327
12e6bf3a-6b0d-4e38-83da-d34dbd3bf4f2,2026-07-01T15:02:15,1673,1673,0,1.0,227,7.327
12e6bf3a-6b0d-4e38-83da-d34dbd3bf4f2,2026-07-01T15:02:15,1671,1671,0,1.0,227,7.327
12e6bf3a-6b0d-4e38-83da-d34dbd3bf4f2,2026-07-01T15:02:15,1671,1671,0,1.0,227,7.327
12e6bf3a-6b0d-4e38-83da-d34dbd3bf4f2,2026-07-01T15:02:15,1673,1673,0,1.0,227,7.327
12e6bf3a-6b0d-4e38-83da-d34dbd3bf4f2,2026-07-01T15:02:15,1673,1673,0,1.0,227,7.327
12e6bf3a-6b0d-4e38-83da-d34dbd3bf4f2,2026-07-01T15:02:16,1671,1671,0,1.0,227,7.327
12e6bf3a-6b0d-4e38-83da-d34dbd3bf4f2,2026-07-01T15:02:16,1671,1671,0,1.0,227,7.327
12e6bf3a-6b0d-4e38-83da-d34dbd3bf4f2,2026-07-01T15:02:16,1673,1673,0,1.0,227,7.327
12e6bf3a-6b0d-4e38-83da-d34dbd3bf4f2,2026-07-01T15:02:16,1673,1673,0,1.0,227,7.331
12e6bf3a-6b0d-4e38-83da-d34dbd3bf4f2,2026-07-01T15:02:16,1673,1673,0,1.0,227,7.331
12e6bf3a-6b0d-4e38-83da-d34dbd3bf4f2,2026-07-01T15:02:16,1673,1673,0,1.0,227,7.331
12e6bf3a-6b0d-4e38-83da-d34dbd3bf4f2,2026-07-01T15:02:16,1673,1673,0,1.0,227,7.331
12e6bf3a-6b0d-4e38-83da-d34dbd3bf4f2,2026-07-01T15:02:16,1673,1673,0,1.0,227,7.331
12e6bf3a-6b0d-4e38-83da-d34dbd3bf4f2,2026-07-01T15:02:16,1673,1673,0,1.0,227,7.331
12e6bf3a-6b0d-4e38-83da-d34dbd3bf4f2,2026-07-01T15:02:17,1673,1673,0,1.0,227,7.331
12e6bf3a-6b0d-4e38-83da-d34dbd3bf4f2,2026-07-01T15:02:17,1673,1673,0,1.0,227,7.331
12e6bf3a-6b0d-4e38-83da-d34dbd3bf4f2,2026-07-01T15:02:17,1673,1673,0,1.0,227,7.331
12e6bf3a-6b0d-4e38-83da-d34dbd3bf4f2,2026-07-01T15:02:17,1673,1673,0,1.0,227,7.331
12e6bf3a-6b0d-4e38-83da-d34dbd3bf4f2,2026-07-01T15:02:17,1673,1673,0,1.0,227,7.331
12e6bf3a-6b0d-4e38-83da-d34dbd3bf4f2,2026-07-01T15:02:17,1673,1673,0,1.0,227,7.331
12e6bf3a-6b0d-4e38-83da-d34dbd3bf4f2,2026-07-01T15:02:17,1673,1673,0,1.0,227,7.331
12e6bf3a-6b0d-4e38-83da-d34dbd3bf4f2,2026-07-01T15:02:17,1673,1673,0,1.0,227,7.331
12e6bf3a-6b0d-4e38-83da-d34dbd3bf4f2,2026-07-01T15:02:17,1673,1673,0,1.0,227,7.331
12e6bf3a-6b0d-4e38-83da-d34dbd3bf4f2,2026-07-01T15:02:17,1673,1673,0,1.0,227,7.331
12e6bf3a-6b0d-4e38-83da-d34dbd3bf4f2,2026-07-01T15:02:18,1673,1673,0,1.0,227,7.331
12e6bf3a-6b0d-4e38-83da-d34dbd3bf4f2,2026-07-01T15:02:18,1673,1673,0,1.0,227,7.331
12e6bf3a-6b0d-4e38-83da-d34dbd3bf4f2,2026-07-01T15:02:18,1673,1673,0,1.0,227,7.331
12e6bf3a-6b0d-4e38-83da-d34dbd3bf4f2,2026-07-01T15:02:18,1673,1673,0,1.0,227,7.331
12e6bf3a-6b0d-4e38-83da-d34dbd3bf4f2,2026-07-01T15:02:18,1673,1673,0,1.0,227,7.331
12e6bf3a-6b0d-4e38-83da-d34dbd3bf4f2,2026-07-01T15:02:18,1673,1673,0,1.0,227,7.331
12e6bf3a-6b0d-4e38-83da-d34dbd3bf4f2,2026-07-01T15:02:18,1673,1673,0,1.0,227,7.331
12e6bf3a-6b0d-4e38-83da-d34dbd3bf4f2,2026-07-01T15:02:18,1673,1673,0,1.0,227,7.331
12e6bf3a-6b0d-4e38-83da-d34dbd3bf4f2,2026-07-01T15:02:18,1673,1673,0,1.0,227,7.331
12e6bf3a-6b0d-4e38-83da-d34dbd3bf4f2,2026-07-01T15:02:19,1673,1673,0,1.0,227,7.331
12e6bf3a-6b0d-4e38-83da-d34dbd3bf4f2,2026-07-01T15:02:19,1673,1673,0,1.0,227,7.331
12e6bf3a-6b0d-4e38-83da-d34dbd3bf4f2,2026-07-01T15:02:19,1673,1673,0,1.0,227,7.331
12e6bf3a-6b0d-4e38-83da-d34dbd3bf4f2,2026-07-01T15:02:19,1673,1673,0,1.0,227,7.331
12e6bf3a-6b0d-4e38-83da-d34dbd3bf4f2,2026-07-01T15:02:19,1671,1671,0,1.0,227,7.331
12e6bf3a-6b0d-4e38-83da-d34dbd3bf4f2,2026-07-01T15:02:19,1671,1671,0,1.0,227,7.331
12e6bf3a-6b0d-4e38-83da-d34dbd3bf4f2,2026-07-01T15:02:19,1671,1671,0,1.0,227,7.327
12e6bf3a-6b0d-4e38-83da-d34dbd3bf4f2,2026-07-01T15:02:19,1671,1671,0,1.0,227,7.327
12e6bf3a-6b0d-4e38-83da-d34dbd3bf4f2,2026-07-01T15:02:19,1671,1671,0,1.0,227,7.327
12e6bf3a-6b0d-4e38-83da-d34dbd3bf4f2,2026-07-01T15:02:19,1671,1671,0,1.0,227,7.327
12e6bf3a-6b0d-4e38-83da-d34dbd3bf4f2,2026-07-01T15:02:20,1671,1671,0,1.0,227,7.327
12e6bf3a-6b0d-4e38-83da-d34dbd3bf4f2,2026-07-01T15:02:20,1671,1671,0,1.0,227,7.327
12e6bf3a-6b0d-4e38-83da-d34dbd3bf4f2,2026-07-01T15:02:20,1671,1671,0,1.0,227,7.327
12e6bf3a-6b0d-4e38-83da-d34dbd3bf4f2,2026-07-01T15:02:20,1671,1671,0,1.0,227,7.327
12e6bf3a-6b0d-4e38-83da-d34dbd3bf4f2,2026-07-01T15:02:20,1671,1671,0,1.0,227,7.327
12e6bf3a-6b0d-4e38-83da-d34dbd3bf4f2,2026-07-01T15:02:20,1671,1671,0,1.0,227,7.327
12e6bf3a-6b0d-4e38-83da-d34dbd3bf4f2,2026-07-01T15:02:20,1671,1671,0,1.0,227,7.327
12e6bf3a-6b0d-4e38-83da-d34dbd3bf4f2,2026-07-01T15:02:20,1671,1671,0,1.0,227,7.327
12e6bf3a-6b0d-4e38-83da-d34dbd3bf4f2,2026-07-01T15:02:20,1671,1671,0,1.0,227,7.327
12e6bf3a-6b0d-4e38-83da-d34dbd3bf4f2,2026-07-01T15:02:21,1671,1671,0,1.0,227,7.327
12e6bf3a-6b0d-4e38-83da-d34dbd3bf4f2,2026-07-01T15:02:21,1671,1671,0,1.0,227,7.327
12e6bf3a-6b0d-4e38-83da-d34dbd3bf4f2,2026-07-01T15:02:21,1671,1671,0,1.0,227,7.327
12e6bf3a-6b0d-4e38-83da-d34dbd3bf4f2,2026-07-01T15:02:21,1671,1671,0,1.0,227,7.327
12e6bf3a-6b0d-4e38-83da-d34dbd3bf4f2,2026-07-01T15:02:21,1671,1671,0,1.0,227,7.327
12e6bf3a-6b0d-4e38-83da-d34dbd3bf4f2,2026-07-01T15:02:21,1671,1671,0,1.0,227,7.327
12e6bf3a-6b0d-4e38-83da-d34dbd3bf4f2,2026-07-01T15:02:21,1671,1671,0,1.0,227,7.327
12e6bf3a-6b0d-4e38-83da-d34dbd3bf4f2,2026-07-01T15:02:21,1671,1671,0,1.0,227,7.327
12e6bf3a-6b0d-4e38-83da-d34dbd3bf4f2,2026-07-01T15:02:21,1669,1669,0,1.0,227,7.327
12e6bf3a-6b0d-4e38-83da-d34dbd3bf4f2,2026-07-01T15:02:21,1669,1669,0,1.0,227,7.327
12e6bf3a-6b0d-4e38-83da-d34dbd3bf4f2,2026-07-01T15:02:22,1669,1669,0,1.0,227,7.327
12e6bf3a-6b0d-4e38-83da-d34dbd3bf4f2,2026-07-01T15:02:24,1667,1667,0,1.0,227,7.319
12e6bf3a-6b0d-4e38-83da-d34dbd3bf4f2,2026-07-01T15:02:24,1667,1667,0,1.0,227,7.319
12e6bf3a-6b0d-4e38-83da-d34dbd3bf4f2,2026-07-01T15:02:24,1667,1667,0,1.0,227,7.319
12e6bf3a-6b0d-4e38-83da-d34dbd3bf4f2,2026-07-01T15:02:24,1667,1667,0,1.0,227,7.319
12e6bf3a-6b0d-4e38-83da-d34dbd3bf4f2,2026-07-01T15:02:24,1667,1667,0,1.0,227,7.319
12e6bf3a-6b0d-4e38-83da-d34dbd3bf4f2,2026-07-01T15:02:25,1667,1667,0,1.0,227,7.319
12e6bf3a-6b0d-4e38-83da-d34dbd3bf4f2,2026-07-01T15:02:25,1667,1667,0,1.0,227,7.319
12e6bf3a-6b0d-4e38-83da-d34dbd3bf4f2,2026-07-01T15:02:25,1667,1667,0,1.0,227,7.319
12e6bf3a-6b0d-4e38-83da-d34dbd3bf4f2,2026-07-01T15:02:25,1667,1667,0,1.0,227,7.319
12e6bf3a-6b0d-4e38-83da-d34dbd3bf4f2,2026-07-01T15:02:25,1667,1667,0,1.0,227,7.319
12e6bf3a-6b0d-4e38-83da-d34dbd3bf4f2,2026-07-01T15:02:25,1667,1667,0,1.0,227,7.319
12e6bf3a-6b0d-4e38-83da-d34dbd3bf4f2,2026-07-01T15:02:25,1667,1667,0,1.0,227,7.319
12e6bf3a-6b0d-4e38-83da-d34dbd3bf4f2,2026-07-01T15:02:25,1667,1667,0,1.0,227,7.319
12e6bf3a-6b0d-4e38-83da-d34dbd3bf4f2,2026-07-01T15:02:25,1667,1667,0,1.0,227,7.319
12e6bf3a-6b0d-4e38-83da-d34dbd3bf4f2,2026-07-01T15:02:25,1667,1667,0,1.0,227,7.319
12e6bf3a-6b0d-4e38-83da-d34dbd3bf4f2,2026-07-01T15:02:26,1669,1669,0,1.0,227,7.319
12e6bf3a-6b0d-4e38-83da-d34dbd3bf4f2,2026-07-01T15:02:26,1669,1669,0,1.0,227,7.319
12e6bf3a-6b0d-4e38-83da-d34dbd3bf4f2,2026-07-01T15:02:26,1669,1669,0,1.0,227,7.319
12e6bf3a-6b0d-4e38-83da-d34dbd3bf4f2,2026-07-01T15:02:26,1669,1669,0,1.0,227,7.319
12e6bf3a-6b0d-4e38-83da-d34dbd3bf4f2,2026-07-01T15:02:26,1669,1669,0,1.0,227,7.319
12e6bf3a-6b0d-4e38-83da-d34dbd3bf4f2,2026-07-01T15:02:26,1669,1669,0,1.0,227,7.319
12e6bf3a-6b0d-4e38-83da-d34dbd3bf4f2,2026-07-01T15:02:26,1669,1669,0,1.0,227,7.319
12e6bf3a-6b0d-4e38-83da-d34dbd3bf4f2,2026-07-01T15:02:29,1669,1669,0,1.0,227,7.323
12e6bf3a-6b0d-4e38-83da-d34dbd3bf4f2,2026-07-01T15:02:29,1669,1669,0,1.0,227,7.323
12e6bf3a-6b0d-4e38-83da-d34dbd3bf4f2,2026-07-01T15:02:29,1669,1669,0,1.0,227,7.323
12e6bf3a-6b0d-4e38-83da-d34dbd3bf4f2,2026-07-01T15:02:30,1667,1667,0,1.0,227,7.323
12e6bf3a-6b0d-4e38-83da-d34dbd3bf4f2,2026-07-01T15:02:30,1667,1667,0,1.0,227,7.323
12e6bf3a-6b0d-4e38-83da-d34dbd3bf4f2,2026-07-01T15:02:30,1667,1667,0,1.0,227,7.315
12e6bf3a-6b0d-4e38-83da-d34dbd3bf4f2,2026-07-01T15:02:30,1667,1667,0,1.0,227,7.315
12e6bf3a-6b0d-4e38-83da-d34dbd3bf4f2,2026-07-01T15:02:31,1667,1667,0,1.0,227,7.315
12e6bf3a-6b0d-4e38-83da-d34dbd3bf4f2,2026-07-01T15:02:31,1667,1667,0,1.0,227,7.315
12e6bf3a-6b0d-4e38-83da-d34dbd3bf4f2,2026-07-01T15:02:31,1667,1667,0,1.0,227,7.315
12e6bf3a-6b0d-4e38-83da-d34dbd3bf4f2,2026-07-01T15:02:31,1667,1667,0,1.0,227,7.315
12e6bf3a-6b0d-4e38-83da-d34dbd3bf4f2,2026-07-01T15:02:31,1667,1667,0,1.0,227,7.315
12e6bf3a-6b0d-4e38-83da-d34dbd3bf4f2,2026-07-01T15:02:31,1667,1667,0,1.0,227,7.315
12e6bf3a-6b0d-4e38-83da-d34dbd3bf4f2,2026-07-01T15:02:31,1667,1667,0,1.0,227,7.315
12e6bf3a-6b0d-4e38-83da-d34dbd3bf4f2,2026-07-01T15:02:31,1667,1667,0,1.0,227,7.315
12e6bf3a-6b0d-4e38-83da-d34dbd3bf4f2,2026-07-01T15:02:34,1665,1665,0,1.0,227,7.31
12e6bf3a-6b0d-4e38-83da-d34dbd3bf4f2,2026-07-01T15:02:34,1665,1665,0,1.0,227,7.31
12e6bf3a-6b0d-4e38-83da-d34dbd3bf4f2,2026-07-01T15:02:34,1665,1665,0,1.0,227,7.31
12e6bf3a-6b0d-4e38-83da-d34dbd3bf4f2,2026-07-01T15:02:34,1665,1665,0,1.0,227,7.31
12e6bf3a-6b0d-4e38-83da-d34dbd3bf4f2,2026-07-01T15:02:34,1665,1665,0,1.0,227,7.31
12e6bf3a-6b0d-4e38-83da-d34dbd3bf4f2,2026-07-01T15:02:35,1665,1665,0,1.0,227,7.31
12e6bf3a-6b0d-4e38-83da-d34dbd3bf4f2,2026-07-01T15:02:35,1665,1665,0,1.0,227,7.31
12e6bf3a-6b0d-4e38-83da-d34dbd3bf4f2,2026-07-01T15:02:35,1665,1665,0,1.0,227,7.31
12e6bf3a-6b0d-4e38-83da-d34dbd3bf4f2,2026-07-01T15:02:35,1665,1665,0,1.0,227,7.31
12e6bf3a-6b0d-4e38-83da-d34dbd3bf4f2,2026-07-01T15:02:35,1665,1665,0,1.0,227,7.31
12e6bf3a-6b0d-4e38-83da-d34dbd3bf4f2,2026-07-01T15:02:35,1665,1665,0,1.0,227,7.31
12e6bf3a-6b0d-4e38-83da-d34dbd3bf4f2,2026-07-01T15:02:35,1665,1665,0,1.0,227,7.31
12e6bf3a-6b0d-4e38-83da-d34dbd3bf4f2,2026-07-01T15:02:35,1665,1665,0,1.0,227,7.31
12e6bf3a-6b0d-4e38-83da-d34dbd3bf4f2,2026-07-01T15:02:35,1665,1665,0,1.0,227,7.31
12e6bf3a-6b0d-4e38-83da-d34dbd3bf4f2,2026-07-01T15:02:35,1665,1665,0,1.0,227,7.31
12e6bf3a-6b0d-4e38-83da-d34dbd3bf4f2,2026-07-01T15:02:36,1665,1665,0,1.0,227,7.31
12e6bf3a-6b0d-4e38-83da-d34dbd3bf4f2,2026-07-01T15:02:36,1665,1665,0,1.0,227,7.31
12e6bf3a-6b0d-4e38-83da-d34dbd3bf4f2,2026-07-01T15:02:36,1665,1665,0,1.0,227,7.31
12e6bf3a-6b0d-4e38-83da-d34dbd3bf4f2,2026-07-01T15:02:36,1665,1665,0,1.0,227,7.31
12e6bf3a-6b0d-4e38-83da-d34dbd3bf4f2,2026-07-01T15:02:36,1665,1665,0,1.0,227,7.31
12e6bf3a-6b0d-4e38-83da-d34dbd3bf4f2,2026-07-01T15:02:36,1664,1664,0,1.0,227,7.31
12e6bf3a-6b0d-4e38-83da-d34dbd3bf4f2,2026-07-01T15:02:36,1664,1664,0,1.0,227,7.31
12e6bf3a-6b0d-4e38-83da-d34dbd3bf4f2,2026-07-01T15:02:36,1664,1664,0,1.0,227,7.31
12e6bf3a-6b0d-4e38-83da-d34dbd3bf4f2,2026-07-01T15:02:36,1664,1664,0,1.0,227,7.31
12e6bf3a-6b0d-4e38-83da-d34dbd3bf4f2,2026-07-01T15:02:37,1665,1665,0,1.0,227,7.31
12e6bf3a-6b0d-4e38-83da-d34dbd3bf4f2,2026-07-01T15:02:37,1665,1665,0,1.0,227,7.31
12e6bf3a-6b0d-4e38-83da-d34dbd3bf4f2,2026-07-01T15:02:37,1665,1665,0,1.0,227,7.306
12e6bf3a-6b0d-4e38-83da-d34dbd3bf4f2,2026-07-01T15:02:37,1665,1665,0,1.0,227,7.306
12e6bf3a-6b0d-4e38-83da-d34dbd3bf4f2,2026-07-01T15:02:37,1664,1664,0,1.0,227,7.306
12e6bf3a-6b0d-4e38-83da-d34dbd3bf4f2,2026-07-01T15:02:37,1664,1664,0,1.0,227,7.306
12e6bf3a-6b0d-4e38-83da-d34dbd3bf4f2,2026-07-01T15:02:37,1664,1664,0,1.0,227,7.306
12e6bf3a-6b0d-4e38-83da-d34dbd3bf4f2,2026-07-01T15:02:37,1664,1664,0,1.0,227,7.306
12e6bf3a-6b0d-4e38-83da-d34dbd3bf4f2,2026-07-01T15:02:37,1664,1664,0,1.0,227,7.306
12e6bf3a-6b0d-4e38-83da-d34dbd3bf4f2,2026-07-01T15:02:37,1664,1664,0,1.0,227,7.306
12e6bf3a-6b0d-4e38-83da-d34dbd3bf4f2,2026-07-01T15:02:38,1664,1664,0,1.0,226,7.306
12e6bf3a-6b0d-4e38-83da-d34dbd3bf4f2,2026-07-01T15:02:38,1664,1664,0,1.0,226,7.306
12e6bf3a-6b0d-4e38-83da-d34dbd3bf4f2,2026-07-01T15:02:38,1662,1662,0,1.0,226,7.306
12e6bf3a-6b0d-4e38-83da-d34dbd3bf4f2,2026-07-01T15:02:38,1662,1662,0,1.0,226,7.306
12e6bf3a-6b0d-4e38-83da-d34dbd3bf4f2,2026-07-01T15:02:38,1662,1662,0,1.0,226,7.306
12e6bf3a-6b0d-4e38-83da-d34dbd3bf4f2,2026-07-01T15:02:38,1662,1662,0,1.0,226,7.306
12e6bf3a-6b0d-4e38-83da-d34dbd3bf4f2,2026-07-01T15:02:38,1662,1662,0,1.0,226,7.306
12e6bf3a-6b0d-4e38-83da-d34dbd3bf4f2,2026-07-01T15:02:38,1662,1662,0,1.0,226,7.306
12e6bf3a-6b0d-4e38-83da-d34dbd3bf4f2,2026-07-01T15:02:38,1662,1662,0,1.0,226,7.302
12e6bf3a-6b0d-4e38-83da-d34dbd3bf4f2,2026-07-01T15:02:38,1662,1662,0,1.0,226,7.302
12e6bf3a-6b0d-4e38-83da-d34dbd3bf4f2,2026-07-01T15:02:39,1662,1662,0,1.0,226,7.302
12e6bf3a-6b0d-4e38-83da-d34dbd3bf4f2,2026-07-01T15:02:39,1662,1662,0,1.0,226,7.302
12e6bf3a-6b0d-4e38-83da-d34dbd3bf4f2,2026-07-01T15:02:39,1662,1662,0,1.0,226,7.302
12e6bf3a-6b0d-4e38-83da-d34dbd3bf4f2,2026-07-01T15:02:39,1662,1662,0,1.0,226,7.302
12e6bf3a-6b0d-4e38-83da-d34dbd3bf4f2,2026-07-01T15:02:39,1662,1662,0,1.0,226,7.302
12e6bf3a-6b0d-4e38-83da-d34dbd3bf4f2,2026-07-01T15:02:39,1662,1662,0,1.0,226,7.302
12e6bf3a-6b0d-4e38-83da-d34dbd3bf4f2,2026-07-01T15:02:39,1662,1662,0,1.0,226,7.302
12e6bf3a-6b0d-4e38-83da-d34dbd3bf4f2,2026-07-01T15:02:39,1662,1662,0,1.0,226,7.302
12e6bf3a-6b0d-4e38-83da-d34dbd3bf4f2,2026-07-01T15:02:39,1662,1662,0,1.0,226,7.302
12e6bf3a-6b0d-4e38-83da-d34dbd3bf4f2,2026-07-01T15:02:40,1662,1662,0,1.0,226,7.302
12e6bf3a-6b0d-4e38-83da-d34dbd3bf4f2,2026-07-01T15:02:40,1662,1662,0,1.0,226,7.302
12e6bf3a-6b0d-4e38-83da-d34dbd3bf4f2,2026-07-01T15:02:40,1664,1664,0,1.0,226,7.302
12e6bf3a-6b0d-4e38-83da-d34dbd3bf4f2,2026-07-01T15:02:40,1664,1664,0,1.0,226,7.302
12e6bf3a-6b0d-4e38-83da-d34dbd3bf4f2,2026-07-01T15:02:40,1665,1665,0,1.0,226,7.31
12e6bf3a-6b0d-4e38-83da-d34dbd3bf4f2,2026-07-01T15:02:40,1665,1665,0,1.0,226,7.31
12e6bf3a-6b0d-4e38-83da-d34dbd3bf4f2,2026-07-01T15:02:40,1665,1665,0,1.0,226,7.31
12e6bf3a-6b0d-4e38-83da-d34dbd3bf4f2,2026-07-01T15:02:40,1665,1665,0,1.0,226,7.31
12e6bf3a-6b0d-4e38-83da-d34dbd3bf4f2,2026-07-01T15:02:40,1665,1665,0,1.0,226,7.31
12e6bf3a-6b0d-4e38-83da-d34dbd3bf4f2,2026-07-01T15:02:40,1665,1665,0,1.0,226,7.31
12e6bf3a-6b0d-4e38-83da-d34dbd3bf4f2,2026-07-01T15:02:41,1665,1665,0,1.0,226,7.31
12e6bf3a-6b0d-4e38-83da-d34dbd3bf4f2,2026-07-01T15:02:41,1665,1665,0,1.0,226,7.31
12e6bf3a-6b0d-4e38-83da-d34dbd3bf4f2,2026-07-01T15:02:41,1665,1665,0,1.0,227,7.31
12e6bf3a-6b0d-4e38-83da-d34dbd3bf4f2,2026-07-01T15:02:41,1665,1665,0,1.0,227,7.31
12e6bf3a-6b0d-4e38-83da-d34dbd3bf4f2,2026-07-01T15:02:41,1430,1656,837,0.86,227,7.31
12e6bf3a-6b0d-4e38-83da-d34dbd3bf4f2,2026-07-01T15:02:41,1430,1656,837,0.86,227,7.31
12e6bf3a-6b0d-4e38-83da-d34dbd3bf4f2,2026-07-01T15:02:41,70,1656,1655,0.04,227,7.31
12e6bf3a-6b0d-4e38-83da-d34dbd3bf4f2,2026-07-01T15:02:41,70,1656,1655,0.04,227,7.31
12e6bf3a-6b0d-4e38-83da-d34dbd3bf4f2,2026-07-01T15:02:41,16,1656,1656,0.01,227,7.31
12e6bf3a-6b0d-4e38-83da-d34dbd3bf4f2,2026-07-01T15:02:41,16,1656,1656,0.01,227,7.31
12e6bf3a-6b0d-4e38-83da-d34dbd3bf4f2,2026-07-01T15:02:42,16,1656,1656,0.01,227,7.31
12e6bf3a-6b0d-4e38-83da-d34dbd3bf4f2,2026-07-01T15:02:42,16,1656,1656,0.01,227,7.31
12e6bf3a-6b0d-4e38-83da-d34dbd3bf4f2,2026-07-01T15:02:42,3,1656,1656,0.0,227,7.31
12e6bf3a-6b0d-4e38-83da-d34dbd3bf4f2,2026-07-01T15:02:42,3,1656,1656,0.0,227,7.31
12e6bf3a-6b0d-4e38-83da-d34dbd3bf4f2,2026-07-01T15:02:42,3,1656,1656,0.0,227,7.31
12e6bf3a-6b0d-4e38-83da-d34dbd3bf4f2,2026-07-01T15:02:42,4,1656,1656,0.0,227,7.31
12e6bf3a-6b0d-4e38-83da-d34dbd3bf4f2,2026-07-01T15:02:42,4,1656,1656,0.0,227,7.31
12e6bf3a-6b0d-4e38-83da-d34dbd3bf4f2,2026-07-01T15:02:42,5,10,9,0.46,227,0.043
12e6bf3a-6b0d-4e38-83da-d34dbd3bf4f2,2026-07-01T15:02:42,5,10,9,0.46,227,0.043
12e6bf3a-6b0d-4e38-83da-d34dbd3bf4f2,2026-07-01T15:02:43,4,10,9,0.44,230,0.043
12e6bf3a-6b0d-4e38-83da-d34dbd3bf4f2,2026-07-01T15:02:44,4,10,9,0.43,230,0.043
12e6bf3a-6b0d-4e38-83da-d34dbd3bf4f2,2026-07-01T15:02:44,4,10,9,0.43,230,0.043
12e6bf3a-6b0d-4e38-83da-d34dbd3bf4f2,2026-07-01T15:02:44,4,10,9,0.44,230,0.043
12e6bf3a-6b0d-4e38-83da-d34dbd3bf4f2,2026-07-01T15:02:44,4,10,9,0.44,230,0.043
12e6bf3a-6b0d-4e38-83da-d34dbd3bf4f2,2026-07-01T15:02:44,4,10,9,0.44,230,0.043
12e6bf3a-6b0d-4e38-83da-d34dbd3bf4f2,2026-07-01T15:02:44,5,10,9,0.45,230,0.043
12e6bf3a-6b0d-4e38-83da-d34dbd3bf4f2,2026-07-01T15:02:44,5,10,9,0.45,230,0.043
12e6bf3a-6b0d-4e38-83da-d34dbd3bf4f2,2026-07-01T15:02:44,5,10,9,0.45,230,0.043
12e6bf3a-6b0d-4e38-83da-d34dbd3bf4f2,2026-07-01T15:02:44,5,10,9,0.45,230,0.043
12e6bf3a-6b0d-4e38-83da-d34dbd3bf4f2,2026-07-01T15:02:45,4,10,9,0.43,230,0.043
12e6bf3a-6b0d-4e38-83da-d34dbd3bf4f2,2026-07-01T15:02:45,4,10,9,0.43,230,0.043
12e6bf3a-6b0d-4e38-83da-d34dbd3bf4f2,2026-07-01T15:02:45,4,10,9,0.42,230,0.044
12e6bf3a-6b0d-4e38-83da-d34dbd3bf4f2,2026-07-01T15:02:45,4,10,9,0.42,230,0.044
12e6bf3a-6b0d-4e38-83da-d34dbd3bf4f2,2026-07-01T15:02:45,4,10,9,0.42,230,0.044
12e6bf3a-6b0d-4e38-83da-d34dbd3bf4f2,2026-07-01T15:02:45,4,10,9,0.42,230,0.044
12e6bf3a-6b0d-4e38-83da-d34dbd3bf4f2,2026-07-01T15:02:45,4,10,9,0.43,230,0.044
12e6bf3a-6b0d-4e38-83da-d34dbd3bf4f2,2026-07-01T15:02:45,4,10,9,0.43,230,0.044
12e6bf3a-6b0d-4e38-83da-d34dbd3bf4f2,2026-07-01T15:02:45,4,10,9,0.43,230,0.044
12e6bf3a-6b0d-4e38-83da-d34dbd3bf4f2,2026-07-01T15:02:45,4,10,9,0.43,230,0.044
12e6bf3a-6b0d-4e38-83da-d34dbd3bf4f2,2026-07-01T15:02:46,5,10,9,0.44,230,0.044
12e6bf3a-6b0d-4e38-83da-d34dbd3bf4f2,2026-07-01T15:02:46,5,10,9,0.44,230,0.044
12e6bf3a-6b0d-4e38-83da-d34dbd3bf4f2,2026-07-01T15:02:46,5,10,9,0.44,230,0.044
12e6bf3a-6b0d-4e38-83da-d34dbd3bf4f2,2026-07-01T15:02:46,4,10,9,0.43,230,0.044
12e6bf3a-6b0d-4e38-83da-d34dbd3bf4f2,2026-07-01T15:02:46,4,10,9,0.43,230,0.044
12e6bf3a-6b0d-4e38-83da-d34dbd3bf4f2,2026-07-01T15:02:46,4,10,9,0.43,230,0.044
12e6bf3a-6b0d-4e38-83da-d34dbd3bf4f2,2026-07-01T15:02:46,4,10,9,0.43,230,0.044
12e6bf3a-6b0d-4e38-83da-d34dbd3bf4f2,2026-07-01T15:02:46,4,10,9,0.43,230,0.044
12e6bf3a-6b0d-4e38-83da-d34dbd3bf4f2,2026-07-01T15:02:46,4,10,9,0.43,230,0.044
12e6bf3a-6b0d-4e38-83da-d34dbd3bf4f2,2026-07-01T15:02:47,4,10,9,0.43,230,0.044
12e6bf3a-6b0d-4e38-83da-d34dbd3bf4f2,2026-07-01T15:02:47,4,10,9,0.43,230,0.044
12e6bf3a-6b0d-4e38-83da-d34dbd3bf4f2,2026-07-01T15:02:47,4,10,9,0.43,230,0.044
12e6bf3a-6b0d-4e38-83da-d34dbd3bf4f2,2026-07-01T15:02:47,4,10,9,0.43,230,0.044
12e6bf3a-6b0d-4e38-83da-d34dbd3bf4f2,2026-07-01T15:02:47,4,10,9,0.43,230,0.044
12e6bf3a-6b0d-4e38-83da-d34dbd3bf4f2,2026-07-01T15:02:49,294,294,0,1.0,230,0.185
12e6bf3a-6b0d-4e38-83da-d34dbd3bf4f2,2026-07-01T15:02:49,1684,1684,0,1.0,230,0.185
12e6bf3a-6b0d-4e38-83da-d34dbd3bf4f2,2026-07-01T15:02:49,1684,1684,0,1.0,230,0.185
12e6bf3a-6b0d-4e38-83da-d34dbd3bf4f2,2026-07-01T15:02:50,1675,1675,0,1.0,230,0.185
12e6bf3a-6b0d-4e38-83da-d34dbd3bf4f2,2026-07-01T15:02:50,1675,1675,0,1.0,230,0.185
12e6bf3a-6b0d-4e38-83da-d34dbd3bf4f2,2026-07-01T15:02:50,1675,1675,0,1.0,230,0.185
12e6bf3a-6b0d-4e38-83da-d34dbd3bf4f2,2026-07-01T15:02:50,1675,1675,0,1.0,227,0.185
12e6bf3a-6b0d-4e38-83da-d34dbd3bf4f2,2026-07-01T15:02:50,1675,1675,0,1.0,227,0.185
12e6bf3a-6b0d-4e38-83da-d34dbd3bf4f2,2026-07-01T15:02:50,1673,1673,0,1.0,227,0.185
12e6bf3a-6b0d-4e38-83da-d34dbd3bf4f2,2026-07-01T15:02:50,1673,1673,0,1.0,227,0.185
12e6bf3a-6b0d-4e38-83da-d34dbd3bf4f2,2026-07-01T15:02:53,1671,1671,0,1.0,227,7.327
12e6bf3a-6b0d-4e38-83da-d34dbd3bf4f2,2026-07-01T15:02:53,1671,1671,0,1.0,227,7.327
12e6bf3a-6b0d-4e38-83da-d34dbd3bf4f2,2026-07-01T15:02:53,1671,1671,0,1.0,227,7.327
12e6bf3a-6b0d-4e38-83da-d34dbd3bf4f2,2026-07-01T15:02:53,1671,1671,0,1.0,227,7.327
12e6bf3a-6b0d-4e38-83da-d34dbd3bf4f2,2026-07-01T15:02:53,1671,1671,0,1.0,227,7.327
12e6bf3a-6b0d-4e38-83da-d34dbd3bf4f2,2026-07-01T15:02:53,1671,1671,0,1.0,227,7.327
12e6bf3a-6b0d-4e38-83da-d34dbd3bf4f2,2026-07-01T15:02:53,1671,1671,0,1.0,227,7.327
12e6bf3a-6b0d-4e38-83da-d34dbd3bf4f2,2026-07-01T15:02:54,1671,1671,0,1.0,227,7.327
12e6bf3a-6b0d-4e38-83da-d34dbd3bf4f2,2026-07-01T15:02:54,1671,1671,0,1.0,227,7.327
12e6bf3a-6b0d-4e38-83da-d34dbd3bf4f2,2026-07-01T15:02:54,1671,1671,0,1.0,227,7.327
12e6bf3a-6b0d-4e38-83da-d34dbd3bf4f2,2026-07-01T15:02:54,1671,1671,0,1.0,227,7.327
12e6bf3a-6b0d-4e38-83da-d34dbd3bf4f2,2026-07-01T15:02:54,1671,1671,0,1.0,227,7.327
12e6bf3a-6b0d-4e38-83da-d34dbd3bf4f2,2026-07-01T15:02:54,1671,1671,0,1.0,227,7.327
12e6bf3a-6b0d-4e38-83da-d34dbd3bf4f2,2026-07-01T15:02:54,1671,1671,0,1.0,227,7.327
12e6bf3a-6b0d-4e38-83da-d34dbd3bf4f2,2026-07-01T15:02:54,1671,1671,0,1.0,227,7.327
12e6bf3a-6b0d-4e38-83da-d34dbd3bf4f2,2026-07-01T15:02:54,1671,1671,0,1.0,227,7.327
12e6bf3a-6b0d-4e38-83da-d34dbd3bf4f2,2026-07-01T15:02:54,1671,1671,0,1.0,227,7.327
12e6bf3a-6b0d-4e38-83da-d34dbd3bf4f2,2026-07-01T15:02:55,1671,1671,0,1.0,227,7.327
12e6bf3a-6b0d-4e38-83da-d34dbd3bf4f2,2026-07-01T15:02:55,1671,1671,0,1.0,227,7.327
12e6bf3a-6b0d-4e38-83da-d34dbd3bf4f2,2026-07-01T15:02:55,1671,1671,0,1.0,227,7.327
12e6bf3a-6b0d-4e38-83da-d34dbd3bf4f2,2026-07-01T15:02:55,1671,1671,0,1.0,227,7.327
12e6bf3a-6b0d-4e38-83da-d34dbd3bf4f2,2026-07-01T15:02:55,1671,1671,0,1.0,227,7.327
12e6bf3a-6b0d-4e38-83da-d34dbd3bf4f2,2026-07-01T15:02:55,1671,1671,0,1.0,227,7.327
12e6bf3a-6b0d-4e38-83da-d34dbd3bf4f2,2026-07-01T15:02:55,1671,1671,0,1.0,227,7.327
12e6bf3a-6b0d-4e38-83da-d34dbd3bf4f2,2026-07-01T15:02:55,1671,1671,0,1.0,227,7.327
12e6bf3a-6b0d-4e38-83da-d34dbd3bf4f2,2026-07-01T15:02:56,1671,1671,0,1.0,227,7.327
12e6bf3a-6b0d-4e38-83da-d34dbd3bf4f2,2026-07-01T15:02:56,1671,1671,0,1.0,227,7.327
12e6bf3a-6b0d-4e38-83da-d34dbd3bf4f2,2026-07-01T15:02:56,1671,1671,0,1.0,227,7.327
12e6bf3a-6b0d-4e38-83da-d34dbd3bf4f2,2026-07-01T15:02:56,1671,1671,0,1.0,227,7.327
12e6bf3a-6b0d-4e38-83da-d34dbd3bf4f2,2026-07-01T15:02:56,1671,1671,0,1.0,227,7.327
12e6bf3a-6b0d-4e38-83da-d34dbd3bf4f2,2026-07-01T15:02:56,1671,1671,0,1.0,227,7.327
12e6bf3a-6b0d-4e38-83da-d34dbd3bf4f2,2026-07-01T15:02:56,1671,1671,0,1.0,227,7.327
12e6bf3a-6b0d-4e38-83da-d34dbd3bf4f2,2026-07-01T15:02:56,1671,1671,0,1.0,227,7.327
12e6bf3a-6b0d-4e38-83da-d34dbd3bf4f2,2026-07-01T15:02:56,1671,1671,0,1.0,227,7.327
12e6bf3a-6b0d-4e38-83da-d34dbd3bf4f2,2026-07-01T15:02:57,1671,1671,0,1.0,227,7.327
12e6bf3a-6b0d-4e38-83da-d34dbd3bf4f2,2026-07-01T15:02:57,1671,1671,0,1.0,227,7.327
12e6bf3a-6b0d-4e38-83da-d34dbd3bf4f2,2026-07-01T15:02:57,1671,1671,0,1.0,227,7.327
12e6bf3a-6b0d-4e38-83da-d34dbd3bf4f2,2026-07-01T15:02:57,1671,1671,0,1.0,227,7.327
12e6bf3a-6b0d-4e38-83da-d34dbd3bf4f2,2026-07-01T15:02:57,1671,1671,0,1.0,227,7.327
12e6bf3a-6b0d-4e38-83da-d34dbd3bf4f2,2026-07-01T15:02:57,1671,1671,0,1.0,227,7.327
12e6bf3a-6b0d-4e38-83da-d34dbd3bf4f2,2026-07-01T15:02:57,1671,1671,0,1.0,227,7.327
12e6bf3a-6b0d-4e38-83da-d34dbd3bf4f2,2026-07-01T15:02:57,1671,1671,0,1.0,227,7.327
12e6bf3a-6b0d-4e38-83da-d34dbd3bf4f2,2026-07-01T15:02:57,1671,1671,0,1.0,227,7.327
12e6bf3a-6b0d-4e38-83da-d34dbd3bf4f2,2026-07-01T15:02:57,1671,1671,0,1.0,227,7.327
12e6bf3a-6b0d-4e38-83da-d34dbd3bf4f2,2026-07-01T15:02:58,1671,1671,0,1.0,227,7.327
12e6bf3a-6b0d-4e38-83da-d34dbd3bf4f2,2026-07-01T15:02:58,1671,1671,0,1.0,227,7.327
12e6bf3a-6b0d-4e38-83da-d34dbd3bf4f2,2026-07-01T15:02:58,1671,1671,0,1.0,227,7.327
12e6bf3a-6b0d-4e38-83da-d34dbd3bf4f2,2026-07-01T15:02:58,1671,1671,0,1.0,227,7.327
12e6bf3a-6b0d-4e38-83da-d34dbd3bf4f2,2026-07-01T15:02:58,1669,1669,0,1.0,227,7.327
12e6bf3a-6b0d-4e38-83da-d34dbd3bf4f2,2026-07-01T15:02:58,1669,1669,0,1.0,227,7.327
12e6bf3a-6b0d-4e38-83da-d34dbd3bf4f2,2026-07-01T15:02:58,1669,1669,0,1.0,227,7.327
12e6bf3a-6b0d-4e38-83da-d34dbd3bf4f2,2026-07-01T15:02:58,1669,1669,0,1.0,227,7.327
12e6bf3a-6b0d-4e38-83da-d34dbd3bf4f2,2026-07-01T15:02:58,1669,1669,0,1.0,227,7.327
12e6bf3a-6b0d-4e38-83da-d34dbd3bf4f2,2026-07-01T15:02:58,1669,1669,0,1.0,227,7.327
12e6bf3a-6b0d-4e38-83da-d34dbd3bf4f2,2026-07-01T15:02:59,1669,1669,0,1.0,227,7.327
12e6bf3a-6b0d-4e38-83da-d34dbd3bf4f2,2026-07-01T15:02:59,1669,1669,0,1.0,227,7.323
12e6bf3a-6b0d-4e38-83da-d34dbd3bf4f2,2026-07-01T15:02:59,1669,1669,0,1.0,227,7.323
12e6bf3a-6b0d-4e38-83da-d34dbd3bf4f2,2026-07-01T15:02:59,1669,1669,0,1.0,227,7.323
12e6bf3a-6b0d-4e38-83da-d34dbd3bf4f2,2026-07-01T15:02:59,1669,1669,0,1.0,227,7.323
12e6bf3a-6b0d-4e38-83da-d34dbd3bf4f2,2026-07-01T15:02:59,1669,1669,0,1.0,227,7.323
12e6bf3a-6b0d-4e38-83da-d34dbd3bf4f2,2026-07-01T15:02:59,1669,1669,0,1.0,227,7.323
12e6bf3a-6b0d-4e38-83da-d34dbd3bf4f2,2026-07-01T15:02:59,1669,1669,0,1.0,227,7.323
12e6bf3a-6b0d-4e38-83da-d34dbd3bf4f2,2026-07-01T15:02:59,1669,1669,0,1.0,227,7.323
12e6bf3a-6b0d-4e38-83da-d34dbd3bf4f2,2026-07-01T15:03:00,1669,1669,0,1.0,227,7.323
12e6bf3a-6b0d-4e38-83da-d34dbd3bf4f2,2026-07-01T15:03:00,1669,1669,0,1.0,227,7.323
12e6bf3a-6b0d-4e38-83da-d34dbd3bf4f2,2026-07-01T15:03:00,1669,1669,0,1.0,227,7.323
12e6bf3a-6b0d-4e38-83da-d34dbd3bf4f2,2026-07-01T15:03:00,1669,1669,0,1.0,227,7.323
12e6bf3a-6b0d-4e38-83da-d34dbd3bf4f2,2026-07-01T15:03:00,1669,1669,0,1.0,227,7.323
12e6bf3a-6b0d-4e38-83da-d34dbd3bf4f2,2026-07-01T15:03:00,1669,1669,0,1.0,227,7.323
12e6bf3a-6b0d-4e38-83da-d34dbd3bf4f2,2026-07-01T15:03:00,1669,1669,0,1.0,227,7.323
12e6bf3a-6b0d-4e38-83da-d34dbd3bf4f2,2026-07-01T15:03:00,1669,1669,0,1.0,227,7.323
12e6bf3a-6b0d-4e38-83da-d34dbd3bf4f2,2026-07-01T15:03:00,1669,1669,0,1.0,227,7.319
12e6bf3a-6b0d-4e38-83da-d34dbd3bf4f2,2026-07-01T15:03:00,1669,1669,0,1.0,227,7.319
12e6bf3a-6b0d-4e38-83da-d34dbd3bf4f2,2026-07-01T15:03:01,1667,1667,0,1.0,227,7.319
12e6bf3a-6b0d-4e38-83da-d34dbd3bf4f2,2026-07-01T15:03:01,1667,1667,0,1.0,227,7.319
12e6bf3a-6b0d-4e38-83da-d34dbd3bf4f2,2026-07-01T15:03:01,1667,1667,0,1.0,227,7.319
12e6bf3a-6b0d-4e38-83da-d34dbd3bf4f2,2026-07-01T15:03:01,1667,1667,0,1.0,227,7.319
12e6bf3a-6b0d-4e38-83da-d34dbd3bf4f2,2026-07-01T15:03:01,1667,1667,0,1.0,227,7.319
12e6bf3a-6b0d-4e38-83da-d34dbd3bf4f2,2026-07-01T15:03:01,1669,1669,0,1.0,227,7.319
12e6bf3a-6b0d-4e38-83da-d34dbd3bf4f2,2026-07-01T15:03:01,1669,1669,0,1.0,227,7.319
12e6bf3a-6b0d-4e38-83da-d34dbd3bf4f2,2026-07-01T15:03:01,1669,1669,0,1.0,227,7.319
12e6bf3a-6b0d-4e38-83da-d34dbd3bf4f2,2026-07-01T15:03:01,1669,1669,0,1.0,227,7.319
12e6bf3a-6b0d-4e38-83da-d34dbd3bf4f2,2026-07-01T15:03:02,1669,1669,0,1.0,227,7.319
12e6bf3a-6b0d-4e38-83da-d34dbd3bf4f2,2026-07-01T15:03:02,1669,1669,0,1.0,227,7.319
12e6bf3a-6b0d-4e38-83da-d34dbd3bf4f2,2026-07-01T15:03:02,1669,1669,0,1.0,227,7.319
12e6bf3a-6b0d-4e38-83da-d34dbd3bf4f2,2026-07-01T15:03:02,1669,1669,0,1.0,227,7.319
12e6bf3a-6b0d-4e38-83da-d34dbd3bf4f2,2026-07-01T15:03:02,1669,1669,0,1.0,227,7.319
12e6bf3a-6b0d-4e38-83da-d34dbd3bf4f2,2026-07-01T15:03:02,1669,1669,0,1.0,227,7.319
12e6bf3a-6b0d-4e38-83da-d34dbd3bf4f2,2026-07-01T15:03:02,1669,1669,0,1.0,227,7.319
12e6bf3a-6b0d-4e38-83da-d34dbd3bf4f2,2026-07-01T15:03:02,1669,1669,0,1.0,227,7.319
12e6bf3a-6b0d-4e38-83da-d34dbd3bf4f2,2026-07-01T15:03:02,1667,1667,0,1.0,227,7.319
12e6bf3a-6b0d-4e38-83da-d34dbd3bf4f2,2026-07-01T15:03:02,1667,1667,0,1.0,227,7.319
12e6bf3a-6b0d-4e38-83da-d34dbd3bf4f2,2026-07-01T15:03:03,1667,1667,0,1.0,227,7.319
12e6bf3a-6b0d-4e38-83da-d34dbd3bf4f2,2026-07-01T15:03:03,1667,1667,0,1.0,227,7.319
12e6bf3a-6b0d-4e38-83da-d34dbd3bf4f2,2026-07-01T15:03:03,1669,1669,0,1.0,227,7.319
12e6bf3a-6b0d-4e38-83da-d34dbd3bf4f2,2026-07-01T15:03:03,1667,1667,0,1.0,227,7.319
12e6bf3a-6b0d-4e38-83da-d34dbd3bf4f2,2026-07-01T15:03:05,1667,1667,0,1.0,227,7.319
12e6bf3a-6b0d-4e38-83da-d34dbd3bf4f2,2026-07-01T15:03:05,1669,1669,0,1.0,227,7.319
12e6bf3a-6b0d-4e38-83da-d34dbd3bf4f2,2026-07-01T15:03:05,1669,1669,0,1.0,227,7.319
12e6bf3a-6b0d-4e38-83da-d34dbd3bf4f2,2026-07-01T15:03:06,1669,1669,0,1.0,227,7.319
12e6bf3a-6b0d-4e38-83da-d34dbd3bf4f2,2026-07-01T15:03:06,1669,1669,0,1.0,227,7.319
12e6bf3a-6b0d-4e38-83da-d34dbd3bf4f2,2026-07-01T15:03:06,1669,1669,0,1.0,227,7.319
12e6bf3a-6b0d-4e38-83da-d34dbd3bf4f2,2026-07-01T15:03:06,1669,1669,0,1.0,227,7.319
12e6bf3a-6b0d-4e38-83da-d34dbd3bf4f2,2026-07-01T15:03:06,1669,1669,0,1.0,227,7.319
12e6bf3a-6b0d-4e38-83da-d34dbd3bf4f2,2026-07-01T15:03:06,1667,1667,0,1.0,227,7.319
12e6bf3a-6b0d-4e38-83da-d34dbd3bf4f2,2026-07-01T15:03:06,1667,1667,0,1.0,227,7.319
12e6bf3a-6b0d-4e38-83da-d34dbd3bf4f2,2026-07-01T15:03:06,1664,1664,0,1.0,227,7.319
12e6bf3a-6b0d-4e38-83da-d34dbd3bf4f2,2026-07-01T15:03:06,1664,1664,0,1.0,227,7.319
12e6bf3a-6b0d-4e38-83da-d34dbd3bf4f2,2026-07-01T15:03:07,1662,1662,0,1.0,227,7.319
12e6bf3a-6b0d-4e38-83da-d34dbd3bf4f2,2026-07-01T15:03:07,1662,1662,0,1.0,227,7.319
12e6bf3a-6b0d-4e38-83da-d34dbd3bf4f2,2026-07-01T15:03:07,1660,1660,0,1.0,227,7.302
12e6bf3a-6b0d-4e38-83da-d34dbd3bf4f2,2026-07-01T15:03:07,1660,1660,0,1.0,227,7.302
12e6bf3a-6b0d-4e38-83da-d34dbd3bf4f2,2026-07-01T15:03:07,1662,1662,0,1.0,227,7.302
12e6bf3a-6b0d-4e38-83da-d34dbd3bf4f2,2026-07-01T15:03:07,1662,1662,0,1.0,227,7.302
12e6bf3a-6b0d-4e38-83da-d34dbd3bf4f2,2026-07-01T15:03:07,1660,1660,0,1.0,227,7.302
12e6bf3a-6b0d-4e38-83da-d34dbd3bf4f2,2026-07-01T15:03:07,1660,1660,0,1.0,227,7.302
12e6bf3a-6b0d-4e38-83da-d34dbd3bf4f2,2026-07-01T15:03:07,1660,1660,0,1.0,227,7.302
12e6bf3a-6b0d-4e38-83da-d34dbd3bf4f2,2026-07-01T15:03:07,1660,1660,0,1.0,227,7.302
12e6bf3a-6b0d-4e38-83da-d34dbd3bf4f2,2026-07-01T15:03:08,1660,1660,0,1.0,226,7.302
12e6bf3a-6b0d-4e38-83da-d34dbd3bf4f2,2026-07-01T15:03:08,1660,1660,0,1.0,226,7.302
12e6bf3a-6b0d-4e38-83da-d34dbd3bf4f2,2026-07-01T15:03:08,1658,1658,0,1.0,226,7.302
12e6bf3a-6b0d-4e38-83da-d34dbd3bf4f2,2026-07-01T15:03:08,1658,1658,0,1.0,226,7.302
12e6bf3a-6b0d-4e38-83da-d34dbd3bf4f2,2026-07-01T15:03:08,1658,1658,0,1.0,226,7.302
12e6bf3a-6b0d-4e38-83da-d34dbd3bf4f2,2026-07-01T15:03:08,1658,1658,0,1.0,226,7.302
12e6bf3a-6b0d-4e38-83da-d34dbd3bf4f2,2026-07-01T15:03:08,1658,1658,0,1.0,226,7.302
12e6bf3a-6b0d-4e38-83da-d34dbd3bf4f2,2026-07-01T15:03:08,1658,1658,0,1.0,226,7.294
12e6bf3a-6b0d-4e38-83da-d34dbd3bf4f2,2026-07-01T15:03:08,1658,1658,0,1.0,226,7.294
12e6bf3a-6b0d-4e38-83da-d34dbd3bf4f2,2026-07-01T15:03:09,1658,1658,0,1.0,226,7.294
12e6bf3a-6b0d-4e38-83da-d34dbd3bf4f2,2026-07-01T15:03:09,1658,1658,0,1.0,226,7.294
12e6bf3a-6b0d-4e38-83da-d34dbd3bf4f2,2026-07-01T15:03:09,1658,1658,0,1.0,226,7.294
12e6bf3a-6b0d-4e38-83da-d34dbd3bf4f2,2026-07-01T15:03:09,1658,1658,0,1.0,226,7.294
12e6bf3a-6b0d-4e38-83da-d34dbd3bf4f2,2026-07-01T15:03:09,1658,1658,0,1.0,226,7.294
12e6bf3a-6b0d-4e38-83da-d34dbd3bf4f2,2026-07-01T15:03:09,1658,1658,0,1.0,226,7.294
12e6bf3a-6b0d-4e38-83da-d34dbd3bf4f2,2026-07-01T15:03:09,1658,1658,0,1.0,226,7.294
12e6bf3a-6b0d-4e38-83da-d34dbd3bf4f2,2026-07-01T15:03:09,1658,1658,0,1.0,226,7.294
12e6bf3a-6b0d-4e38-83da-d34dbd3bf4f2,2026-07-01T15:03:09,1662,1662,0,1.0,226,7.294
12e6bf3a-6b0d-4e38-83da-d34dbd3bf4f2,2026-07-01T15:03:10,1664,1664,0,1.0,226,7.294
12e6bf3a-6b0d-4e38-83da-d34dbd3bf4f2,2026-07-01T15:03:10,1664,1664,0,1.0,226,7.294
12e6bf3a-6b0d-4e38-83da-d34dbd3bf4f2,2026-07-01T15:03:10,1664,1664,0,1.0,226,7.294
12e6bf3a-6b0d-4e38-83da-d34dbd3bf4f2,2026-07-01T15:03:10,1664,1664,0,1.0,226,7.294
12e6bf3a-6b0d-4e38-83da-d34dbd3bf4f2,2026-07-01T15:03:10,1664,1664,0,1.0,226,7.306
12e6bf3a-6b0d-4e38-83da-d34dbd3bf4f2,2026-07-01T15:03:10,1664,1664,0,1.0,226,7.306
12e6bf3a-6b0d-4e38-83da-d34dbd3bf4f2,2026-07-01T15:03:10,1664,1664,0,1.0,226,7.306
12e6bf3a-6b0d-4e38-83da-d34dbd3bf4f2,2026-07-01T15:03:10,1664,1664,0,1.0,226,7.306
12e6bf3a-6b0d-4e38-83da-d34dbd3bf4f2,2026-07-01T15:03:10,1664,1664,0,1.0,226,7.306
12e6bf3a-6b0d-4e38-83da-d34dbd3bf4f2,2026-07-01T15:03:10,1664,1664,0,1.0,226,7.306
12e6bf3a-6b0d-4e38-83da-d34dbd3bf4f2,2026-07-01T15:03:11,1664,1664,0,1.0,226,7.306
12e6bf3a-6b0d-4e38-83da-d34dbd3bf4f2,2026-07-01T15:03:11,1664,1664,0,1.0,226,7.306
12e6bf3a-6b0d-4e38-83da-d34dbd3bf4f2,2026-07-01T15:03:11,1664,1664,0,1.0,226,7.306
12e6bf3a-6b0d-4e38-83da-d34dbd3bf4f2,2026-07-01T15:03:11,1664,1664,0,1.0,226,7.306
12e6bf3a-6b0d-4e38-83da-d34dbd3bf4f2,2026-07-01T15:03:11,1664,1664,0,1.0,226,7.306
12e6bf3a-6b0d-4e38-83da-d34dbd3bf4f2,2026-07-01T15:03:11,1664,1664,0,1.0,226,7.306
12e6bf3a-6b0d-4e38-83da-d34dbd3bf4f2,2026-07-01T15:03:11,1664,1664,0,1.0,226,7.306
12e6bf3a-6b0d-4e38-83da-d34dbd3bf4f2,2026-07-01T15:03:11,1664,1664,0,1.0,226,7.306
12e6bf3a-6b0d-4e38-83da-d34dbd3bf4f2,2026-07-01T15:03:11,1664,1664,0,1.0,226,7.306
12e6bf3a-6b0d-4e38-83da-d34dbd3bf4f2,2026-07-01T15:03:11,1664,1664,0,1.0,226,7.306
12e6bf3a-6b0d-4e38-83da-d34dbd3bf4f2,2026-07-01T15:03:12,1664,1664,0,1.0,226,7.306
12e6bf3a-6b0d-4e38-83da-d34dbd3bf4f2,2026-07-01T15:03:12,1664,1664,0,1.0,226,7.306
12e6bf3a-6b0d-4e38-83da-d34dbd3bf4f2,2026-07-01T15:03:12,1664,1664,0,1.0,226,7.306
12e6bf3a-6b0d-4e38-83da-d34dbd3bf4f2,2026-07-01T15:03:12,1664,1664,0,1.0,226,7.306
12e6bf3a-6b0d-4e38-83da-d34dbd3bf4f2,2026-07-01T15:03:12,1664,1664,0,1.0,226,7.306
12e6bf3a-6b0d-4e38-83da-d34dbd3bf4f2,2026-07-01T15:03:12,1664,1664,0,1.0,226,7.306
12e6bf3a-6b0d-4e38-83da-d34dbd3bf4f2,2026-07-01T15:03:12,1664,1664,0,1.0,226,7.306
12e6bf3a-6b0d-4e38-83da-d34dbd3bf4f2,2026-07-01T15:03:12,1664,1664,0,1.0,226,7.306
12e6bf3a-6b0d-4e38-83da-d34dbd3bf4f2,2026-07-01T15:03:12,1664,1664,0,1.0,226,7.306
12e6bf3a-6b0d-4e38-83da-d34dbd3bf4f2,2026-07-01T15:03:13,1664,1664,0,1.0,226,7.306
12e6bf3a-6b0d-4e38-83da-d34dbd3bf4f2,2026-07-01T15:03:13,1664,1664,0,1.0,226,7.306
12e6bf3a-6b0d-4e38-83da-d34dbd3bf4f2,2026-07-01T15:03:13,1664,1664,0,1.0,226,7.306
12e6bf3a-6b0d-4e38-83da-d34dbd3bf4f2,2026-07-01T15:03:13,1664,1664,0,1.0,226,7.306
12e6bf3a-6b0d-4e38-83da-d34dbd3bf4f2,2026-07-01T15:03:13,1664,1664,0,1.0,226,7.306
12e6bf3a-6b0d-4e38-83da-d34dbd3bf4f2,2026-07-01T15:03:13,1664,1664,0,1.0,226,7.306
12e6bf3a-6b0d-4e38-83da-d34dbd3bf4f2,2026-07-01T15:03:13,1664,1664,0,1.0,226,7.31
12e6bf3a-6b0d-4e38-83da-d34dbd3bf4f2,2026-07-01T15:03:13,1664,1664,0,1.0,226,7.31
12e6bf3a-6b0d-4e38-83da-d34dbd3bf4f2,2026-07-01T15:03:13,1664,1664,0,1.0,226,7.31
12e6bf3a-6b0d-4e38-83da-d34dbd3bf4f2,2026-07-01T15:03:13,1664,1664,0,1.0,226,7.31
12e6bf3a-6b0d-4e38-83da-d34dbd3bf4f2,2026-07-01T15:03:14,1664,1664,0,1.0,226,7.31
12e6bf3a-6b0d-4e38-83da-d34dbd3bf4f2,2026-07-01T15:03:14,1664,1664,0,1.0,226,7.31
12e6bf3a-6b0d-4e38-83da-d34dbd3bf4f2,2026-07-01T15:03:14,1664,1664,0,1.0,226,7.31
12e6bf3a-6b0d-4e38-83da-d34dbd3bf4f2,2026-07-01T15:03:14,1664,1664,0,1.0,226,7.31
12e6bf3a-6b0d-4e38-83da-d34dbd3bf4f2,2026-07-01T15:03:14,1664,1664,0,1.0,226,7.31
12e6bf3a-6b0d-4e38-83da-d34dbd3bf4f2,2026-07-01T15:03:14,1664,1664,0,1.0,226,7.31
12e6bf3a-6b0d-4e38-83da-d34dbd3bf4f2,2026-07-01T15:03:14,1664,1664,0,1.0,226,7.31
12e6bf3a-6b0d-4e38-83da-d34dbd3bf4f2,2026-07-01T15:03:15,1664,1664,0,1.0,226,7.306
12e6bf3a-6b0d-4e38-83da-d34dbd3bf4f2,2026-07-01T15:03:16,1664,1664,0,1.0,227,7.306
12e6bf3a-6b0d-4e38-83da-d34dbd3bf4f2,2026-07-01T15:03:16,1664,1664,0,1.0,227,7.306
12e6bf3a-6b0d-4e38-83da-d34dbd3bf4f2,2026-07-01T15:03:18,1664,1664,0,1.0,227,7.306
12e6bf3a-6b0d-4e38-83da-d34dbd3bf4f2,2026-07-01T15:03:18,1664,1664,0,1.0,227,7.306
12e6bf3a-6b0d-4e38-83da-d34dbd3bf4f2,2026-07-01T15:03:18,1664,1664,0,1.0,227,7.306
12e6bf3a-6b0d-4e38-83da-d34dbd3bf4f2,2026-07-01T15:03:18,1664,1664,0,1.0,227,7.306
12e6bf3a-6b0d-4e38-83da-d34dbd3bf4f2,2026-07-01T15:03:18,1664,1664,0,1.0,227,7.306
12e6bf3a-6b0d-4e38-83da-d34dbd3bf4f2,2026-07-01T15:03:18,1664,1664,0,1.0,227,7.306
12e6bf3a-6b0d-4e38-83da-d34dbd3bf4f2,2026-07-01T15:03:19,1664,1664,0,1.0,227,7.306
12e6bf3a-6b0d-4e38-83da-d34dbd3bf4f2,2026-07-01T15:03:19,1664,1664,0,1.0,227,7.306
