run_id,Time,Power,ApparentPower,ReactivePower,Factor,Voltage,Current
c0509199-3584-491e-a27b-3382a46c51fd,2026-07-01T15:27:30,5,7,6,0.64,231,0.032
c0509199-3584-491e-a27b-3382a46c51fd,2026-07-01T15:27:31,5,7,6,0.65,231,0.032
c0509199-3584-491e-a27b-3382a46c51fd,2026-07-01T15:27:31,5,7,6,0.65,231,0.032
c0509199-3584-491e-a27b-3382a46c51fd,2026-07-01T15:27:31,5,7,6,0.65,231,0.032
c0509199-3584-491e-a27b-3382a46c51fd,2026-07-01T15:27:31,5,10,9,0.45,231,0.045
c0509199-3584-491e-a27b-3382a46c51fd,2026-07-01T15:27:31,5,10,9,0.45,231,0.045
c0509199-3584-491e-a27b-3382a46c51fd,2026-07-01T15:27:31,5,10,9,0.45,231,0.045
c0509199-3584-491e-a27b-3382a46c51fd,2026-07-01T15:27:31,5,10,9,0.45,231,0.045
c0509199-3584-491e-a27b-3382a46c51fd,2026-07-01T15:27:31,5,10,9,0.44,231,0.045
c0509199-3584-491e-a27b-3382a46c51fd,2026-07-01T15:27:31,5,10,9,0.44,231,0.045
c0509199-3584-491e-a27b-3382a46c51fd,2026-07-01T15:27:31,5,10,9,0.44,231,0.045
c0509199-3584-491e-a27b-3382a46c51fd,2026-07-01T15:27:31,5,10,9,0.44,231,0.045
c0509199-3584-491e-a27b-3382a46c51fd,2026-07-01T15:27:32,5,10,9,0.43,231,0.045
c0509199-3584-491e-a27b-3382a46c51fd,2026-07-01T15:27:32,5,10,9,0.43,231,0.045
c0509199-3584-491e-a27b-3382a46c51fd,2026-07-01T15:27:32,5,10,9,0.43,230,0.045
c0509199-3584-491e-a27b-3382a46c51fd,2026-07-01T15:27:32,5,10,9,0.43,230,0.045
c0509199-3584-491e-a27b-3382a46c51fd,2026-07-01T15:27:32,5,10,9,0.45,230,0.045
c0509199-3584-491e-a27b-3382a46c51fd,2026-07-01T15:27:32,5,10,9,0.45,230,0.045
c0509199-3584-491e-a27b-3382a46c51fd,2026-07-01T15:27:32,5,10,9,0.43,230,0.045
c0509199-3584-491e-a27b-3382a46c51fd,2026-07-01T15:27:32,5,10,9,0.43,230,0.045
c0509199-3584-491e-a27b-3382a46c51fd,2026-07-01T15:27:32,5,10,9,0.43,230,0.045
c0509199-3584-491e-a27b-3382a46c51fd,2026-07-01T15:27:32,5,10,9,0.43,230,0.045
c0509199-3584-491e-a27b-3382a46c51fd,2026-07-01T15:27:33,5,10,9,0.45,230,0.045
c0509199-3584-491e-a27b-3382a46c51fd,2026-07-01T15:27:33,5,10,9,0.45,230,0.045
c0509199-3584-491e-a27b-3382a46c51fd,2026-07-01T15:27:33,5,10,9,0.45,230,0.045
c0509199-3584-491e-a27b-3382a46c51fd,2026-07-01T15:27:33,5,10,9,0.45,230,0.045
c0509199-3584-491e-a27b-3382a46c51fd,2026-07-01T15:27:33,4,10,9,0.43,230,0.045
c0509199-3584-491e-a27b-3382a46c51fd,2026-07-01T15:27:33,4,10,9,0.43,230,0.045
c0509199-3584-491e-a27b-3382a46c51fd,2026-07-01T15:27:33,5,10,9,0.44,230,0.045
c0509199-3584-491e-a27b-3382a46c51fd,2026-07-01T15:27:33,5,10,9,0.44,230,0.045
c0509199-3584-491e-a27b-3382a46c51fd,2026-07-01T15:27:33,5,10,9,0.45,230,0.044
c0509199-3584-491e-a27b-3382a46c51fd,2026-07-01T15:27:33,5,10,9,0.45,230,0.044
c0509199-3584-491e-a27b-3382a46c51fd,2026-07-01T15:27:34,5,10,9,0.46,230,0.044
c0509199-3584-491e-a27b-3382a46c51fd,2026-07-01T15:27:34,5,10,9,0.46,230,0.044
c0509199-3584-491e-a27b-3382a46c51fd,2026-07-01T15:27:34,5,10,9,0.46,230,0.044
c0509199-3584-491e-a27b-3382a46c51fd,2026-07-01T15:27:34,5,10,9,0.46,230,0.044
c0509199-3584-491e-a27b-3382a46c51fd,2026-07-01T15:27:34,5,10,9,0.45,230,0.044
c0509199-3584-491e-a27b-3382a46c51fd,2026-07-01T15:27:34,5,10,9,0.45,230,0.044
c0509199-3584-491e-a27b-3382a46c51fd,2026-07-01T15:27:34,8,10,6,0.83,230,0.044
c0509199-3584-491e-a27b-3382a46c51fd,2026-07-01T15:27:34,8,10,6,0.83,230,0.044
c0509199-3584-491e-a27b-3382a46c51fd,2026-07-01T15:27:34,1377,1377,0,1.0,230,0.044
c0509199-3584-491e-a27b-3382a46c51fd,2026-07-01T15:27:34,1377,1377,0,1.0,230,0.044
c0509199-3584-491e-a27b-3382a46c51fd,2026-07-01T15:27:35,1682,1682,0,1.0,230,0.044
c0509199-3584-491e-a27b-3382a46c51fd,2026-07-01T15:27:35,1682,1682,0,1.0,230,0.044
c0509199-3584-491e-a27b-3382a46c51fd,2026-07-01T15:27:35,1682,1682,0,1.0,230,0.044
c0509199-3584-491e-a27b-3382a46c51fd,2026-07-01T15:27:35,1682,1682,0,1.0,230,0.044
c0509199-3584-491e-a27b-3382a46c51fd,2026-07-01T15:27:35,1682,1697,227,0.99,230,7.369
c0509199-3584-491e-a27b-3382a46c51fd,2026-07-01T15:27:35,1682,1697,227,0.99,230,7.369
c0509199-3584-491e-a27b-3382a46c51fd,2026-07-01T15:27:35,1682,1697,227,0.99,230,7.369
c0509199-3584-491e-a27b-3382a46c51fd,2026-07-01T15:27:35,1682,1697,227,0.99,230,7.369
c0509199-3584-491e-a27b-3382a46c51fd,2026-07-01T15:27:35,1682,1697,227,0.99,230,7.369
c0509199-3584-491e-a27b-3382a46c51fd,2026-07-01T15:27:35,1682,1697,227,0.99,230,7.369
c0509199-3584-491e-a27b-3382a46c51fd,2026-07-01T15:27:36,1682,1697,227,0.99,230,7.369
c0509199-3584-491e-a27b-3382a46c51fd,2026-07-01T15:27:36,1682,1697,227,0.99,230,7.369
c0509199-3584-491e-a27b-3382a46c51fd,2026-07-01T15:27:36,1680,1680,0,1.0,227,7.369
c0509199-3584-491e-a27b-3382a46c51fd,2026-07-01T15:27:36,1680,1680,0,1.0,227,7.369
c0509199-3584-491e-a27b-3382a46c51fd,2026-07-01T15:27:36,1680,1680,0,1.0,227,7.369
c0509199-3584-491e-a27b-3382a46c51fd,2026-07-01T15:27:36,1680,1680,0,1.0,227,7.369
c0509199-3584-491e-a27b-3382a46c51fd,2026-07-01T15:27:36,1680,1680,0,1.0,227,7.369
c0509199-3584-491e-a27b-3382a46c51fd,2026-07-01T15:27:36,1680,1680,0,1.0,227,7.369
c0509199-3584-491e-a27b-3382a46c51fd,2026-07-01T15:27:36,1678,1678,0,1.0,227,7.369
c0509199-3584-491e-a27b-3382a46c51fd,2026-07-01T15:27:36,1678,1678,0,1.0,227,7.369
c0509199-3584-491e-a27b-3382a46c51fd,2026-07-01T15:27:37,1678,1678,0,1.0,227,7.348
c0509199-3584-491e-a27b-3382a46c51fd,2026-07-01T15:27:37,1678,1678,0,1.0,227,7.348
c0509199-3584-491e-a27b-3382a46c51fd,2026-07-01T15:27:37,1678,1678,0,1.0,227,7.348
c0509199-3584-491e-a27b-3382a46c51fd,2026-07-01T15:27:37,1678,1678,0,1.0,227,7.348
c0509199-3584-491e-a27b-3382a46c51fd,2026-07-01T15:27:37,1678,1678,0,1.0,227,7.348
c0509199-3584-491e-a27b-3382a46c51fd,2026-07-01T15:27:37,1678,1678,0,1.0,227,7.348
c0509199-3584-491e-a27b-3382a46c51fd,2026-07-01T15:27:37,1676,1676,0,1.0,227,7.348
c0509199-3584-491e-a27b-3382a46c51fd,2026-07-01T15:27:37,1676,1676,0,1.0,227,7.348
c0509199-3584-491e-a27b-3382a46c51fd,2026-07-01T15:27:37,1678,1678,0,1.0,227,7.348
c0509199-3584-491e-a27b-3382a46c51fd,2026-07-01T15:27:37,1678,1678,0,1.0,227,7.348
c0509199-3584-491e-a27b-3382a46c51fd,2026-07-01T15:27:38,1678,1678,0,1.0,227,7.348
c0509199-3584-491e-a27b-3382a46c51fd,2026-07-01T15:27:38,1678,1678,0,1.0,227,7.348
c0509199-3584-491e-a27b-3382a46c51fd,2026-07-01T15:27:38,1678,1678,0,1.0,227,7.348
c0509199-3584-491e-a27b-3382a46c51fd,2026-07-01T15:27:38,1678,1678,0,1.0,227,7.348
c0509199-3584-491e-a27b-3382a46c51fd,2026-07-01T15:27:38,1678,1678,0,1.0,227,7.348
c0509199-3584-491e-a27b-3382a46c51fd,2026-07-01T15:27:38,1678,1678,0,1.0,227,7.348
c0509199-3584-491e-a27b-3382a46c51fd,2026-07-01T15:27:38,1678,1678,0,1.0,227,7.344
c0509199-3584-491e-a27b-3382a46c51fd,2026-07-01T15:27:38,1678,1678,0,1.0,227,7.344
c0509199-3584-491e-a27b-3382a46c51fd,2026-07-01T15:27:38,1678,1678,0,1.0,227,7.344
c0509199-3584-491e-a27b-3382a46c51fd,2026-07-01T15:27:38,1678,1678,0,1.0,227,7.344
c0509199-3584-491e-a27b-3382a46c51fd,2026-07-01T15:27:39,1675,1675,0,1.0,227,7.344
c0509199-3584-491e-a27b-3382a46c51fd,2026-07-01T15:27:39,1675,1675,0,1.0,227,7.344
c0509199-3584-491e-a27b-3382a46c51fd,2026-07-01T15:27:39,1675,1675,0,1.0,227,7.344
c0509199-3584-491e-a27b-3382a46c51fd,2026-07-01T15:27:39,1675,1675,0,1.0,227,7.344
c0509199-3584-491e-a27b-3382a46c51fd,2026-07-01T15:27:39,1676,1676,0,1.0,227,7.344
c0509199-3584-491e-a27b-3382a46c51fd,2026-07-01T15:27:39,1676,1676,0,1.0,227,7.344
c0509199-3584-491e-a27b-3382a46c51fd,2026-07-01T15:27:39,1676,1676,0,1.0,227,7.344
c0509199-3584-491e-a27b-3382a46c51fd,2026-07-01T15:27:39,1676,1676,0,1.0,227,7.344
c0509199-3584-491e-a27b-3382a46c51fd,2026-07-01T15:27:39,1676,1676,0,1.0,227,7.344
c0509199-3584-491e-a27b-3382a46c51fd,2026-07-01T15:27:39,1676,1676,0,1.0,227,7.344
c0509199-3584-491e-a27b-3382a46c51fd,2026-07-01T15:27:40,1676,1676,0,1.0,227,7.344
c0509199-3584-491e-a27b-3382a46c51fd,2026-07-01T15:27:40,1676,1676,0,1.0,227,7.344
c0509199-3584-491e-a27b-3382a46c51fd,2026-07-01T15:27:40,1676,1676,0,1.0,227,7.336
c0509199-3584-491e-a27b-3382a46c51fd,2026-07-01T15:27:40,1676,1676,0,1.0,227,7.336
c0509199-3584-491e-a27b-3382a46c51fd,2026-07-01T15:27:40,1676,1676,0,1.0,227,7.336
c0509199-3584-491e-a27b-3382a46c51fd,2026-07-01T15:27:40,1676,1676,0,1.0,227,7.336
c0509199-3584-491e-a27b-3382a46c51fd,2026-07-01T15:27:40,1676,1676,0,1.0,227,7.336
c0509199-3584-491e-a27b-3382a46c51fd,2026-07-01T15:27:40,1676,1676,0,1.0,227,7.336
c0509199-3584-491e-a27b-3382a46c51fd,2026-07-01T15:27:40,1676,1676,0,1.0,227,7.336
c0509199-3584-491e-a27b-3382a46c51fd,2026-07-01T15:27:40,1676,1676,0,1.0,227,7.336
c0509199-3584-491e-a27b-3382a46c51fd,2026-07-01T15:27:41,1676,1676,0,1.0,227,7.336
c0509199-3584-491e-a27b-3382a46c51fd,2026-07-01T15:27:41,1676,1676,0,1.0,227,7.336
c0509199-3584-491e-a27b-3382a46c51fd,2026-07-01T15:27:41,1675,1675,0,1.0,227,7.336
c0509199-3584-491e-a27b-3382a46c51fd,2026-07-01T15:27:41,1675,1675,0,1.0,227,7.336
c0509199-3584-491e-a27b-3382a46c51fd,2026-07-01T15:27:41,1675,1675,0,1.0,227,7.336
c0509199-3584-491e-a27b-3382a46c51fd,2026-07-01T15:27:41,1675,1675,0,1.0,227,7.336
c0509199-3584-491e-a27b-3382a46c51fd,2026-07-01T15:27:41,1676,1676,0,1.0,227,7.336
c0509199-3584-491e-a27b-3382a46c51fd,2026-07-01T15:27:41,1676,1676,0,1.0,227,7.336
c0509199-3584-491e-a27b-3382a46c51fd,2026-07-01T15:27:41,1676,1676,0,1.0,227,7.336
c0509199-3584-491e-a27b-3382a46c51fd,2026-07-01T15:27:41,1676,1676,0,1.0,227,7.336
c0509199-3584-491e-a27b-3382a46c51fd,2026-07-01T15:27:42,1676,1676,0,1.0,227,7.336
c0509199-3584-491e-a27b-3382a46c51fd,2026-07-01T15:27:42,1676,1676,0,1.0,227,7.336
c0509199-3584-491e-a27b-3382a46c51fd,2026-07-01T15:27:42,1676,1676,0,1.0,227,7.336
c0509199-3584-491e-a27b-3382a46c51fd,2026-07-01T15:27:42,1676,1676,0,1.0,227,7.336
c0509199-3584-491e-a27b-3382a46c51fd,2026-07-01T15:27:42,1676,1676,0,1.0,227,7.336
c0509199-3584-491e-a27b-3382a46c51fd,2026-07-01T15:27:42,1676,1676,0,1.0,227,7.336
c0509199-3584-491e-a27b-3382a46c51fd,2026-07-01T15:27:42,1676,1676,0,1.0,227,7.336
c0509199-3584-491e-a27b-3382a46c51fd,2026-07-01T15:27:42,1676,1676,0,1.0,227,7.336
c0509199-3584-491e-a27b-3382a46c51fd,2026-07-01T15:27:42,1676,1676,0,1.0,227,7.336
c0509199-3584-491e-a27b-3382a46c51fd,2026-07-01T15:27:42,1676,1676,0,1.0,227,7.336
c0509199-3584-491e-a27b-3382a46c51fd,2026-07-01T15:27:43,1676,1676,0,1.0,227,7.336
c0509199-3584-491e-a27b-3382a46c51fd,2026-07-01T15:27:43,1676,1676,0,1.0,227,7.336
c0509199-3584-491e-a27b-3382a46c51fd,2026-07-01T15:27:43,1676,1676,0,1.0,227,7.336
c0509199-3584-491e-a27b-3382a46c51fd,2026-07-01T15:27:43,1676,1676,0,1.0,227,7.34
c0509199-3584-491e-a27b-3382a46c51fd,2026-07-01T15:27:43,1676,1676,0,1.0,227,7.34
c0509199-3584-491e-a27b-3382a46c51fd,2026-07-01T15:27:43,1676,1676,0,1.0,227,7.34
c0509199-3584-491e-a27b-3382a46c51fd,2026-07-01T15:27:43,1676,1676,0,1.0,227,7.34
c0509199-3584-491e-a27b-3382a46c51fd,2026-07-01T15:27:43,1676,1676,0,1.0,227,7.34
c0509199-3584-491e-a27b-3382a46c51fd,2026-07-01T15:27:43,1676,1676,0,1.0,227,7.34
c0509199-3584-491e-a27b-3382a46c51fd,2026-07-01T15:27:43,1676,1676,0,1.0,227,7.34
c0509199-3584-491e-a27b-3382a46c51fd,2026-07-01T15:27:44,1676,1676,0,1.0,227,7.34
c0509199-3584-491e-a27b-3382a46c51fd,2026-07-01T15:27:44,1676,1676,0,1.0,227,7.34
c0509199-3584-491e-a27b-3382a46c51fd,2026-07-01T15:27:44,1676,1676,0,1.0,227,7.34
c0509199-3584-491e-a27b-3382a46c51fd,2026-07-01T15:27:44,1676,1676,0,1.0,227,7.34
c0509199-3584-491e-a27b-3382a46c51fd,2026-07-01T15:27:44,1678,1678,0,1.0,227,7.34
c0509199-3584-491e-a27b-3382a46c51fd,2026-07-01T15:27:44,1678,1678,0,1.0,227,7.34
c0509199-3584-491e-a27b-3382a46c51fd,2026-07-01T15:27:44,1676,1676,0,1.0,227,7.34
c0509199-3584-491e-a27b-3382a46c51fd,2026-07-01T15:27:44,1676,1676,0,1.0,227,7.34
c0509199-3584-491e-a27b-3382a46c51fd,2026-07-01T15:27:44,1676,1676,0,1.0,227,7.34
c0509199-3584-491e-a27b-3382a46c51fd,2026-07-01T15:27:44,1676,1676,0,1.0,227,7.34
c0509199-3584-491e-a27b-3382a46c51fd,2026-07-01T15:27:45,1676,1676,0,1.0,227,7.336
c0509199-3584-491e-a27b-3382a46c51fd,2026-07-01T15:27:45,1676,1676,0,1.0,227,7.336
c0509199-3584-491e-a27b-3382a46c51fd,2026-07-01T15:27:45,1676,1676,0,1.0,227,7.336
c0509199-3584-491e-a27b-3382a46c51fd,2026-07-01T15:27:45,1676,1676,0,1.0,227,7.336
c0509199-3584-491e-a27b-3382a46c51fd,2026-07-01T15:27:45,1676,1676,0,1.0,227,7.336
c0509199-3584-491e-a27b-3382a46c51fd,2026-07-01T15:27:45,1676,1676,0,1.0,227,7.336
c0509199-3584-491e-a27b-3382a46c51fd,2026-07-01T15:27:45,1676,1676,0,1.0,227,7.336
c0509199-3584-491e-a27b-3382a46c51fd,2026-07-01T15:27:45,1676,1676,0,1.0,227,7.336
c0509199-3584-491e-a27b-3382a46c51fd,2026-07-01T15:27:45,1676,1676,0,1.0,227,7.336
c0509199-3584-491e-a27b-3382a46c51fd,2026-07-01T15:27:45,1676,1676,0,1.0,227,7.336
c0509199-3584-491e-a27b-3382a46c51fd,2026-07-01T15:27:46,1676,1676,0,1.0,227,7.336
c0509199-3584-491e-a27b-3382a46c51fd,2026-07-01T15:27:46,1676,1676,0,1.0,227,7.336
c0509199-3584-491e-a27b-3382a46c51fd,2026-07-01T15:27:46,1676,1676,0,1.0,227,7.336
c0509199-3584-491e-a27b-3382a46c51fd,2026-07-01T15:27:46,1676,1676,0,1.0,227,7.336
c0509199-3584-491e-a27b-3382a46c51fd,2026-07-01T15:27:46,1676,1676,0,1.0,227,7.336
c0509199-3584-491e-a27b-3382a46c51fd,2026-07-01T15:27:46,1676,1676,0,1.0,227,7.336
c0509199-3584-491e-a27b-3382a46c51fd,2026-07-01T15:27:46,1676,1676,0,1.0,227,7.336
c0509199-3584-491e-a27b-3382a46c51fd,2026-07-01T15:27:46,1676,1676,0,1.0,227,7.336
c0509199-3584-491e-a27b-3382a46c51fd,2026-07-01T15:27:46,1676,1676,0,1.0,227,7.336
c0509199-3584-491e-a27b-3382a46c51fd,2026-07-01T15:27:47,1676,1676,0,1.0,227,7.336
c0509199-3584-491e-a27b-3382a46c51fd,2026-07-01T15:27:47,1676,1676,0,1.0,227,7.336
c0509199-3584-491e-a27b-3382a46c51fd,2026-07-01T15:27:47,1676,1676,0,1.0,227,7.336
c0509199-3584-491e-a27b-3382a46c51fd,2026-07-01T15:27:47,1676,1676,0,1.0,227,7.336
c0509199-3584-491e-a27b-3382a46c51fd,2026-07-01T15:27:47,1676,1676,0,1.0,227,7.336
c0509199-3584-491e-a27b-3382a46c51fd,2026-07-01T15:27:47,1676,1676,0,1.0,227,7.336
c0509199-3584-491e-a27b-3382a46c51fd,2026-07-01T15:27:47,1676,1676,0,1.0,227,7.336
c0509199-3584-491e-a27b-3382a46c51fd,2026-07-01T15:27:47,1676,1676,0,1.0,227,7.336
c0509199-3584-491e-a27b-3382a46c51fd,2026-07-01T15:27:47,1676,1676,0,1.0,227,7.336
c0509199-3584-491e-a27b-3382a46c51fd,2026-07-01T15:27:47,1676,1676,0,1.0,227,7.336
c0509199-3584-491e-a27b-3382a46c51fd,2026-07-01T15:27:47,1676,1676,0,1.0,227,7.336
c0509199-3584-491e-a27b-3382a46c51fd,2026-07-01T15:27:48,1676,1676,0,1.0,227,7.336
c0509199-3584-491e-a27b-3382a46c51fd,2026-07-01T15:27:48,1676,1676,0,1.0,227,7.336
c0509199-3584-491e-a27b-3382a46c51fd,2026-07-01T15:27:48,1676,1676,0,1.0,227,7.336
c0509199-3584-491e-a27b-3382a46c51fd,2026-07-01T15:27:48,1676,1676,0,1.0,227,7.336
c0509199-3584-491e-a27b-3382a46c51fd,2026-07-01T15:27:48,1676,1676,0,1.0,227,7.336
c0509199-3584-491e-a27b-3382a46c51fd,2026-07-01T15:27:48,1676,1676,0,1.0,227,7.336
c0509199-3584-491e-a27b-3382a46c51fd,2026-07-01T15:27:48,1676,1676,0,1.0,227,7.336
c0509199-3584-491e-a27b-3382a46c51fd,2026-07-01T15:27:48,1676,1676,0,1.0,227,7.336
c0509199-3584-491e-a27b-3382a46c51fd,2026-07-01T15:27:48,1676,1676,0,1.0,227,7.336
c0509199-3584-491e-a27b-3382a46c51fd,2026-07-01T15:27:48,1676,1676,0,1.0,227,7.336
c0509199-3584-491e-a27b-3382a46c51fd,2026-07-01T15:27:49,1676,1676,0,1.0,227,7.336
c0509199-3584-491e-a27b-3382a46c51fd,2026-07-01T15:27:49,1676,1676,0,1.0,227,7.336
c0509199-3584-491e-a27b-3382a46c51fd,2026-07-01T15:27:49,1676,1676,0,1.0,227,7.336
c0509199-3584-491e-a27b-3382a46c51fd,2026-07-01T15:27:49,1676,1676,0,1.0,227,7.336
c0509199-3584-491e-a27b-3382a46c51fd,2026-07-01T15:27:49,1676,1676,0,1.0,227,7.336
c0509199-3584-491e-a27b-3382a46c51fd,2026-07-01T15:27:49,1676,1676,0,1.0,227,7.336
c0509199-3584-491e-a27b-3382a46c51fd,2026-07-01T15:27:49,1675,1675,0,1.0,227,7.336
c0509199-3584-491e-a27b-3382a46c51fd,2026-07-01T15:27:49,1675,1675,0,1.0,227,7.336
c0509199-3584-491e-a27b-3382a46c51fd,2026-07-01T15:27:49,1676,1676,0,1.0,227,7.336
c0509199-3584-491e-a27b-3382a46c51fd,2026-07-01T15:27:49,1676,1676,0,1.0,227,7.336
c0509199-3584-491e-a27b-3382a46c51fd,2026-07-01T15:27:50,1676,1676,0,1.0,227,7.336
c0509199-3584-491e-a27b-3382a46c51fd,2026-07-01T15:27:50,1676,1676,0,1.0,227,7.336
c0509199-3584-491e-a27b-3382a46c51fd,2026-07-01T15:27:50,1675,1675,0,1.0,227,7.336
c0509199-3584-491e-a27b-3382a46c51fd,2026-07-01T15:27:50,1675,1675,0,1.0,227,7.336
c0509199-3584-491e-a27b-3382a46c51fd,2026-07-01T15:27:50,1676,1676,0,1.0,227,7.336
c0509199-3584-491e-a27b-3382a46c51fd,2026-07-01T15:27:50,1676,1676,0,1.0,227,7.336
c0509199-3584-491e-a27b-3382a46c51fd,2026-07-01T15:27:50,1676,1676,0,1.0,227,7.336
c0509199-3584-491e-a27b-3382a46c51fd,2026-07-01T15:27:50,1676,1676,0,1.0,227,7.336
c0509199-3584-491e-a27b-3382a46c51fd,2026-07-01T15:27:50,1676,1676,0,1.0,227,7.336
c0509199-3584-491e-a27b-3382a46c51fd,2026-07-01T15:27:50,1676,1676,0,1.0,227,7.336
c0509199-3584-491e-a27b-3382a46c51fd,2026-07-01T15:27:51,1676,1676,0,1.0,227,7.336
c0509199-3584-491e-a27b-3382a46c51fd,2026-07-01T15:27:51,1676,1676,0,1.0,227,7.336
c0509199-3584-491e-a27b-3382a46c51fd,2026-07-01T15:27:51,1676,1676,0,1.0,227,7.336
c0509199-3584-491e-a27b-3382a46c51fd,2026-07-01T15:27:51,1676,1676,0,1.0,227,7.336
c0509199-3584-491e-a27b-3382a46c51fd,2026-07-01T15:27:51,1676,1676,0,1.0,227,7.336
c0509199-3584-491e-a27b-3382a46c51fd,2026-07-01T15:27:51,1676,1676,0,1.0,227,7.336
c0509199-3584-491e-a27b-3382a46c51fd,2026-07-01T15:27:51,1676,1676,0,1.0,227,7.336
c0509199-3584-491e-a27b-3382a46c51fd,2026-07-01T15:27:51,1676,1676,0,1.0,227,7.336
c0509199-3584-491e-a27b-3382a46c51fd,2026-07-01T15:27:51,1675,1675,0,1.0,227,7.336
c0509199-3584-491e-a27b-3382a46c51fd,2026-07-01T15:27:51,1675,1675,0,1.0,227,7.336
c0509199-3584-491e-a27b-3382a46c51fd,2026-07-01T15:27:52,1676,1676,0,1.0,227,7.336
c0509199-3584-491e-a27b-3382a46c51fd,2026-07-01T15:27:52,1676,1676,0,1.0,227,7.336
c0509199-3584-491e-a27b-3382a46c51fd,2026-07-01T15:27:52,1675,1675,0,1.0,227,7.336
c0509199-3584-491e-a27b-3382a46c51fd,2026-07-01T15:27:52,1675,1675,0,1.0,227,7.336
c0509199-3584-491e-a27b-3382a46c51fd,2026-07-01T15:27:52,1675,1675,0,1.0,227,7.336
c0509199-3584-491e-a27b-3382a46c51fd,2026-07-01T15:27:52,1675,1675,0,1.0,227,7.336
c0509199-3584-491e-a27b-3382a46c51fd,2026-07-01T15:27:52,1675,1675,0,1.0,227,7.336
c0509199-3584-491e-a27b-3382a46c51fd,2026-07-01T15:27:52,1675,1675,0,1.0,227,7.336
c0509199-3584-491e-a27b-3382a46c51fd,2026-07-01T15:27:52,1675,1675,0,1.0,227,7.336
c0509199-3584-491e-a27b-3382a46c51fd,2026-07-01T15:27:52,1675,1675,0,1.0,227,7.336
c0509199-3584-491e-a27b-3382a46c51fd,2026-07-01T15:27:53,1675,1675,0,1.0,227,7.331
c0509199-3584-491e-a27b-3382a46c51fd,2026-07-01T15:27:53,1675,1675,0,1.0,227,7.331
c0509199-3584-491e-a27b-3382a46c51fd,2026-07-01T15:27:53,1673,1673,0,1.0,227,7.331
c0509199-3584-491e-a27b-3382a46c51fd,2026-07-01T15:27:53,1673,1673,0,1.0,227,7.331
c0509199-3584-491e-a27b-3382a46c51fd,2026-07-01T15:27:53,1675,1675,0,1.0,227,7.331
c0509199-3584-491e-a27b-3382a46c51fd,2026-07-01T15:27:53,1675,1675,0,1.0,227,7.331
c0509199-3584-491e-a27b-3382a46c51fd,2026-07-01T15:27:53,1673,1673,0,1.0,227,7.331
c0509199-3584-491e-a27b-3382a46c51fd,2026-07-01T15:27:53,1673,1673,0,1.0,227,7.331
c0509199-3584-491e-a27b-3382a46c51fd,2026-07-01T15:27:53,1673,1673,0,1.0,227,7.331
c0509199-3584-491e-a27b-3382a46c51fd,2026-07-01T15:27:53,1673,1673,0,1.0,227,7.331
c0509199-3584-491e-a27b-3382a46c51fd,2026-07-01T15:27:54,1673,1673,0,1.0,227,7.331
c0509199-3584-491e-a27b-3382a46c51fd,2026-07-01T15:27:54,1673,1673,0,1.0,227,7.331
c0509199-3584-491e-a27b-3382a46c51fd,2026-07-01T15:27:54,1671,1671,0,1.0,227,7.331
c0509199-3584-491e-a27b-3382a46c51fd,2026-07-01T15:27:54,1671,1671,0,1.0,227,7.331
c0509199-3584-491e-a27b-3382a46c51fd,2026-07-01T15:27:54,1671,1671,0,1.0,227,7.331
c0509199-3584-491e-a27b-3382a46c51fd,2026-07-01T15:27:54,1671,1671,0,1.0,227,7.331
c0509199-3584-491e-a27b-3382a46c51fd,2026-07-01T15:27:54,1671,1671,0,1.0,227,7.323
c0509199-3584-491e-a27b-3382a46c51fd,2026-07-01T15:27:54,1671,1671,0,1.0,227,7.323
c0509199-3584-491e-a27b-3382a46c51fd,2026-07-01T15:27:54,1669,1669,0,1.0,227,7.323
c0509199-3584-491e-a27b-3382a46c51fd,2026-07-01T15:27:54,1669,1669,0,1.0,227,7.323
c0509199-3584-491e-a27b-3382a46c51fd,2026-07-01T15:27:55,1671,1671,0,1.0,227,7.323
c0509199-3584-491e-a27b-3382a46c51fd,2026-07-01T15:27:55,1671,1671,0,1.0,227,7.323
c0509199-3584-491e-a27b-3382a46c51fd,2026-07-01T15:27:55,1671,1671,0,1.0,227,7.323
c0509199-3584-491e-a27b-3382a46c51fd,2026-07-01T15:27:55,1671,1671,0,1.0,227,7.323
c0509199-3584-491e-a27b-3382a46c51fd,2026-07-01T15:27:55,1671,1671,0,1.0,227,7.323
c0509199-3584-491e-a27b-3382a46c51fd,2026-07-01T15:27:55,1671,1671,0,1.0,227,7.323
c0509199-3584-491e-a27b-3382a46c51fd,2026-07-01T15:27:55,1671,1671,0,1.0,227,7.323
c0509199-3584-491e-a27b-3382a46c51fd,2026-07-01T15:27:55,1671,1671,0,1.0,227,7.323
c0509199-3584-491e-a27b-3382a46c51fd,2026-07-01T15:27:55,1671,1671,0,1.0,227,7.323
c0509199-3584-491e-a27b-3382a46c51fd,2026-07-01T15:27:55,1671,1671,0,1.0,227,7.323
c0509199-3584-491e-a27b-3382a46c51fd,2026-07-01T15:27:56,1671,1671,0,1.0,227,7.323
c0509199-3584-491e-a27b-3382a46c51fd,2026-07-01T15:27:56,1671,1671,0,1.0,227,7.323
c0509199-3584-491e-a27b-3382a46c51fd,2026-07-01T15:27:56,1671,1671,0,1.0,227,7.323
c0509199-3584-491e-a27b-3382a46c51fd,2026-07-01T15:27:56,1671,1671,0,1.0,227,7.323
c0509199-3584-491e-a27b-3382a46c51fd,2026-07-01T15:27:56,1671,1671,0,1.0,227,7.323
c0509199-3584-491e-a27b-3382a46c51fd,2026-07-01T15:27:56,1671,1671,0,1.0,227,7.323
c0509199-3584-491e-a27b-3382a46c51fd,2026-07-01T15:27:56,1671,1671,0,1.0,227,7.323
c0509199-3584-491e-a27b-3382a46c51fd,2026-07-01T15:27:56,1671,1671,0,1.0,227,7.323
c0509199-3584-491e-a27b-3382a46c51fd,2026-07-01T15:27:56,1671,1671,0,1.0,227,7.323
c0509199-3584-491e-a27b-3382a46c51fd,2026-07-01T15:27:56,1671,1671,0,1.0,227,7.323
c0509199-3584-491e-a27b-3382a46c51fd,2026-07-01T15:27:57,1671,1671,0,1.0,227,7.323
c0509199-3584-491e-a27b-3382a46c51fd,2026-07-01T15:27:57,1671,1671,0,1.0,227,7.323
c0509199-3584-491e-a27b-3382a46c51fd,2026-07-01T15:27:57,1671,1671,0,1.0,227,7.323
c0509199-3584-491e-a27b-3382a46c51fd,2026-07-01T15:27:57,1671,1671,0,1.0,227,7.323
c0509199-3584-491e-a27b-3382a46c51fd,2026-07-01T15:27:57,1671,1671,0,1.0,227,7.323
c0509199-3584-491e-a27b-3382a46c51fd,2026-07-01T15:27:57,1671,1671,0,1.0,227,7.323
c0509199-3584-491e-a27b-3382a46c51fd,2026-07-01T15:27:57,1671,1671,0,1.0,227,7.323
c0509199-3584-491e-a27b-3382a46c51fd,2026-07-01T15:27:57,1671,1671,0,1.0,227,7.323
c0509199-3584-491e-a27b-3382a46c51fd,2026-07-01T15:27:57,1671,1671,0,1.0,227,7.323
c0509199-3584-491e-a27b-3382a46c51fd,2026-07-01T15:27:57,1671,1671,0,1.0,227,7.323
c0509199-3584-491e-a27b-3382a46c51fd,2026-07-01T15:27:58,1671,1671,0,1.0,227,7.323
c0509199-3584-491e-a27b-3382a46c51fd,2026-07-01T15:27:58,1671,1671,0,1.0,227,7.323
c0509199-3584-491e-a27b-3382a46c51fd,2026-07-01T15:27:58,1671,1671,0,1.0,227,7.323
c0509199-3584-491e-a27b-3382a46c51fd,2026-07-01T15:27:58,1671,1671,0,1.0,227,7.323
c0509199-3584-491e-a27b-3382a46c51fd,2026-07-01T15:27:58,1671,1671,0,1.0,227,7.323
c0509199-3584-491e-a27b-3382a46c51fd,2026-07-01T15:27:58,1671,1671,0,1.0,227,7.323
c0509199-3584-491e-a27b-3382a46c51fd,2026-07-01T15:27:58,1671,1671,0,1.0,227,7.323
c0509199-3584-491e-a27b-3382a46c51fd,2026-07-01T15:27:58,1671,1671,0,1.0,227,7.323
c0509199-3584-491e-a27b-3382a46c51fd,2026-07-01T15:27:58,1655,1662,160,1.0,227,7.323
c0509199-3584-491e-a27b-3382a46c51fd,2026-07-01T15:27:58,1655,1662,160,1.0,227,7.323
c0509199-3584-491e-a27b-3382a46c51fd,2026-07-01T15:27:59,329,1662,1629,0.2,227,7.323
c0509199-3584-491e-a27b-3382a46c51fd,2026-07-01T15:27:59,329,1662,1629,0.2,227,7.323
c0509199-3584-491e-a27b-3382a46c51fd,2026-07-01T15:27:59,21,1662,1662,0.01,227,7.323
c0509199-3584-491e-a27b-3382a46c51fd,2026-07-01T15:27:59,21,1662,1662,0.01,227,7.323
c0509199-3584-491e-a27b-3382a46c51fd,2026-07-01T15:27:59,21,1662,1662,0.01,227,7.323
c0509199-3584-491e-a27b-3382a46c51fd,2026-07-01T15:27:59,21,1662,1662,0.01,227,7.323
c0509199-3584-491e-a27b-3382a46c51fd,2026-07-01T15:27:59,21,1662,1662,0.01,227,7.323
c0509199-3584-491e-a27b-3382a46c51fd,2026-07-01T15:27:59,21,1662,1662,0.01,227,7.323
c0509199-3584-491e-a27b-3382a46c51fd,2026-07-01T15:27:59,2,1662,1662,0.0,227,7.323
c0509199-3584-491e-a27b-3382a46c51fd,2026-07-01T15:28:00,5,1662,1662,0.0,227,7.323
c0509199-3584-491e-a27b-3382a46c51fd,2026-07-01T15:28:00,5,1662,1662,0.0,227,7.323
c0509199-3584-491e-a27b-3382a46c51fd,2026-07-01T15:28:00,5,12,11,0.38,227,0.054
c0509199-3584-491e-a27b-3382a46c51fd,2026-07-01T15:28:00,5,12,11,0.38,227,0.054
c0509199-3584-491e-a27b-3382a46c51fd,2026-07-01T15:28:00,5,12,11,0.38,227,0.054
c0509199-3584-491e-a27b-3382a46c51fd,2026-07-01T15:28:00,5,12,11,0.38,227,0.054
c0509199-3584-491e-a27b-3382a46c51fd,2026-07-01T15:28:00,5,12,11,0.38,227,0.054
c0509199-3584-491e-a27b-3382a46c51fd,2026-07-01T15:28:00,5,12,11,0.38,227,0.054
c0509199-3584-491e-a27b-3382a46c51fd,2026-07-01T15:28:00,5,12,11,0.38,227,0.054
c0509199-3584-491e-a27b-3382a46c51fd,2026-07-01T15:28:01,5,12,12,0.37,230,0.054
c0509199-3584-491e-a27b-3382a46c51fd,2026-07-01T15:28:01,5,12,12,0.37,230,0.054
c0509199-3584-491e-a27b-3382a46c51fd,2026-07-01T15:28:01,5,12,12,0.37,230,0.054
c0509199-3584-491e-a27b-3382a46c51fd,2026-07-01T15:28:01,5,12,12,0.37,230,0.054
c0509199-3584-491e-a27b-3382a46c51fd,2026-07-01T15:28:01,5,12,12,0.37,230,0.054
c0509199-3584-491e-a27b-3382a46c51fd,2026-07-01T15:28:01,5,12,12,0.36,230,0.054
c0509199-3584-491e-a27b-3382a46c51fd,2026-07-01T15:28:01,5,12,12,0.36,230,0.054
c0509199-3584-491e-a27b-3382a46c51fd,2026-07-01T15:28:01,5,12,12,0.36,230,0.054
c0509199-3584-491e-a27b-3382a46c51fd,2026-07-01T15:28:01,5,12,12,0.36,230,0.054
c0509199-3584-491e-a27b-3382a46c51fd,2026-07-01T15:28:01,5,12,12,0.36,230,0.054
c0509199-3584-491e-a27b-3382a46c51fd,2026-07-01T15:28:01,5,12,12,0.36,230,0.054
c0509199-3584-491e-a27b-3382a46c51fd,2026-07-01T15:28:01,5,12,12,0.36,230,0.054
c0509199-3584-491e-a27b-3382a46c51fd,2026-07-01T15:28:02,5,12,12,0.36,230,0.054
c0509199-3584-491e-a27b-3382a46c51fd,2026-07-01T15:28:02,5,12,12,0.36,230,0.054
c0509199-3584-491e-a27b-3382a46c51fd,2026-07-01T15:28:02,5,12,12,0.36,230,0.054
c0509199-3584-491e-a27b-3382a46c51fd,2026-07-01T15:28:02,5,12,12,0.36,230,0.054
c0509199-3584-491e-a27b-3382a46c51fd,2026-07-01T15:28:02,5,12,12,0.37,230,0.054
c0509199-3584-491e-a27b-3382a46c51fd,2026-07-01T15:28:02,5,12,12,0.37,230,0.054
c0509199-3584-491e-a27b-3382a46c51fd,2026-07-01T15:28:02,5,10,9,0.45,230,0.044
c0509199-3584-491e-a27b-3382a46c51fd,2026-07-01T15:28:02,5,10,9,0.45,230,0.044
c0509199-3584-491e-a27b-3382a46c51fd,2026-07-01T15:28:02,5,10,9,0.46,230,0.044
c0509199-3584-491e-a27b-3382a46c51fd,2026-07-01T15:28:02,5,10,9,0.46,230,0.044
c0509199-3584-491e-a27b-3382a46c51fd,2026-07-01T15:28:03,5,10,9,0.44,230,0.044
c0509199-3584-491e-a27b-3382a46c51fd,2026-07-01T15:28:03,5,10,9,0.44,230,0.044
c0509199-3584-491e-a27b-3382a46c51fd,2026-07-01T15:28:03,5,10,9,0.44,230,0.044
c0509199-3584-491e-a27b-3382a46c51fd,2026-07-01T15:28:03,5,10,9,0.44,230,0.044
c0509199-3584-491e-a27b-3382a46c51fd,2026-07-01T15:28:03,5,10,9,0.45,230,0.044
c0509199-3584-491e-a27b-3382a46c51fd,2026-07-01T15:28:03,5,10,9,0.45,230,0.044
c0509199-3584-491e-a27b-3382a46c51fd,2026-07-01T15:28:03,5,10,9,0.45,230,0.044
c0509199-3584-491e-a27b-3382a46c51fd,2026-07-01T15:28:03,5,10,9,0.45,230,0.044
c0509199-3584-491e-a27b-3382a46c51fd,2026-07-01T15:28:03,5,10,9,0.45,230,0.044
c0509199-3584-491e-a27b-3382a46c51fd,2026-07-01T15:28:03,5,10,9,0.45,230,0.044
c0509199-3584-491e-a27b-3382a46c51fd,2026-07-01T15:28:04,5,10,9,0.45,230,0.044
c0509199-3584-491e-a27b-3382a46c51fd,2026-07-01T15:28:04,5,10,9,0.45,230,0.044
c0509199-3584-491e-a27b-3382a46c51fd,2026-07-01T15:28:04,5,10,9,0.45,230,0.044
c0509199-3584-491e-a27b-3382a46c51fd,2026-07-01T15:28:04,5,10,9,0.45,230,0.044
c0509199-3584-491e-a27b-3382a46c51fd,2026-07-01T15:28:04,5,10,9,0.45,230,0.044
c0509199-3584-491e-a27b-3382a46c51fd,2026-07-01T15:28:04,5,10,9,0.45,230,0.044
c0509199-3584-491e-a27b-3382a46c51fd,2026-07-01T15:28:04,5,10,9,0.45,230,0.044
c0509199-3584-491e-a27b-3382a46c51fd,2026-07-01T15:28:04,5,10,9,0.45,230,0.044
c0509199-3584-491e-a27b-3382a46c51fd,2026-07-01T15:28:04,5,10,9,0.45,230,0.044
c0509199-3584-491e-a27b-3382a46c51fd,2026-07-01T15:28:04,5,10,9,0.45,230,0.044
c0509199-3584-491e-a27b-3382a46c51fd,2026-07-01T15:28:05,4,10,9,0.43,230,0.044
c0509199-3584-491e-a27b-3382a46c51fd,2026-07-01T15:28:05,4,10,9,0.43,230,0.044
c0509199-3584-491e-a27b-3382a46c51fd,2026-07-01T15:28:05,4,10,9,0.43,230,0.044
c0509199-3584-491e-a27b-3382a46c51fd,2026-07-01T15:28:05,4,10,9,0.43,230,0.044
c0509199-3584-491e-a27b-3382a46c51fd,2026-07-01T15:28:05,4,10,9,0.42,230,0.044
c0509199-3584-491e-a27b-3382a46c51fd,2026-07-01T15:28:05,4,10,9,0.42,230,0.044
c0509199-3584-491e-a27b-3382a46c51fd,2026-07-01T15:28:05,4,10,9,0.42,230,0.044
c0509199-3584-491e-a27b-3382a46c51fd,2026-07-01T15:28:05,4,10,9,0.42,230,0.044
c0509199-3584-491e-a27b-3382a46c51fd,2026-07-01T15:28:05,5,10,9,0.44,231,0.044
c0509199-3584-491e-a27b-3382a46c51fd,2026-07-01T15:28:05,5,10,9,0.44,231,0.044
c0509199-3584-491e-a27b-3382a46c51fd,2026-07-01T15:28:06,5,10,9,0.46,231,0.044
c0509199-3584-491e-a27b-3382a46c51fd,2026-07-01T15:28:06,5,10,9,0.46,231,0.044
c0509199-3584-491e-a27b-3382a46c51fd,2026-07-01T15:28:06,5,10,9,0.46,231,0.044
c0509199-3584-491e-a27b-3382a46c51fd,2026-07-01T15:28:06,5,10,9,0.46,231,0.044
c0509199-3584-491e-a27b-3382a46c51fd,2026-07-01T15:28:06,5,10,9,0.47,231,0.044
c0509199-3584-491e-a27b-3382a46c51fd,2026-07-01T15:28:06,5,10,9,0.47,231,0.044
c0509199-3584-491e-a27b-3382a46c51fd,2026-07-01T15:28:06,5,10,9,0.47,231,0.044
c0509199-3584-491e-a27b-3382a46c51fd,2026-07-01T15:28:06,5,10,9,0.47,231,0.044
c0509199-3584-491e-a27b-3382a46c51fd,2026-07-01T15:28:06,5,10,9,0.45,231,0.044
c0509199-3584-491e-a27b-3382a46c51fd,2026-07-01T15:28:06,5,10,9,0.45,231,0.044
c0509199-3584-491e-a27b-3382a46c51fd,2026-07-01T15:28:07,5,10,9,0.44,231,0.044
c0509199-3584-491e-a27b-3382a46c51fd,2026-07-01T15:28:07,5,10,9,0.44,231,0.044
c0509199-3584-491e-a27b-3382a46c51fd,2026-07-01T15:28:07,5,10,9,0.44,231,0.044
c0509199-3584-491e-a27b-3382a46c51fd,2026-07-01T15:28:07,102,102,0,1.0,231,0.125
c0509199-3584-491e-a27b-3382a46c51fd,2026-07-01T15:28:07,102,102,0,1.0,231,0.125
c0509199-3584-491e-a27b-3382a46c51fd,2026-07-01T15:28:07,1649,1649,0,1.0,231,0.125
c0509199-3584-491e-a27b-3382a46c51fd,2026-07-01T15:28:07,1649,1649,0,1.0,231,0.125
c0509199-3584-491e-a27b-3382a46c51fd,2026-07-01T15:28:07,1649,1649,0,1.0,231,0.125
c0509199-3584-491e-a27b-3382a46c51fd,2026-07-01T15:28:07,1684,1684,0,1.0,231,0.125
c0509199-3584-491e-a27b-3382a46c51fd,2026-07-01T15:28:07,1684,1684,0,1.0,231,0.125
c0509199-3584-491e-a27b-3382a46c51fd,2026-07-01T15:28:08,1682,1682,0,1.0,231,0.125
c0509199-3584-491e-a27b-3382a46c51fd,2026-07-01T15:28:08,1682,1682,0,1.0,231,0.125
c0509199-3584-491e-a27b-3382a46c51fd,2026-07-01T15:28:08,1682,1682,0,1.0,227,0.125
c0509199-3584-491e-a27b-3382a46c51fd,2026-07-01T15:28:08,1682,1682,0,1.0,227,0.125
c0509199-3584-491e-a27b-3382a46c51fd,2026-07-01T15:28:08,1682,1682,0,1.0,227,0.125
c0509199-3584-491e-a27b-3382a46c51fd,2026-07-01T15:28:08,1682,1682,0,1.0,227,0.125
c0509199-3584-491e-a27b-3382a46c51fd,2026-07-01T15:28:08,1680,1680,0,1.0,227,0.125
c0509199-3584-491e-a27b-3382a46c51fd,2026-07-01T15:28:08,1680,1680,0,1.0,227,0.125
c0509199-3584-491e-a27b-3382a46c51fd,2026-07-01T15:28:08,1680,1680,0,1.0,227,0.125
c0509199-3584-491e-a27b-3382a46c51fd,2026-07-01T15:28:09,1680,1680,0,1.0,227,7.357
c0509199-3584-491e-a27b-3382a46c51fd,2026-07-01T15:28:09,1680,1680,0,1.0,227,7.357
c0509199-3584-491e-a27b-3382a46c51fd,2026-07-01T15:28:09,1678,1678,0,1.0,227,7.357
c0509199-3584-491e-a27b-3382a46c51fd,2026-07-01T15:28:09,1678,1678,0,1.0,227,7.357
c0509199-3584-491e-a27b-3382a46c51fd,2026-07-01T15:28:09,1678,1678,0,1.0,227,7.357
c0509199-3584-491e-a27b-3382a46c51fd,2026-07-01T15:28:09,1678,1678,0,1.0,227,7.357
c0509199-3584-491e-a27b-3382a46c51fd,2026-07-01T15:28:09,1678,1678,0,1.0,227,7.357
c0509199-3584-491e-a27b-3382a46c51fd,2026-07-01T15:28:09,1678,1678,0,1.0,227,7.357
c0509199-3584-491e-a27b-3382a46c51fd,2026-07-01T15:28:09,1678,1678,0,1.0,227,7.357
c0509199-3584-491e-a27b-3382a46c51fd,2026-07-01T15:28:09,1678,1678,0,1.0,227,7.357
c0509199-3584-491e-a27b-3382a46c51fd,2026-07-01T15:28:09,1678,1678,0,1.0,227,7.357
c0509199-3584-491e-a27b-3382a46c51fd,2026-07-01T15:28:10,1678,1678,0,1.0,227,7.357
c0509199-3584-491e-a27b-3382a46c51fd,2026-07-01T15:28:10,1678,1678,0,1.0,227,7.357
c0509199-3584-491e-a27b-3382a46c51fd,2026-07-01T15:28:10,1676,1676,0,1.0,227,7.357
c0509199-3584-491e-a27b-3382a46c51fd,2026-07-01T15:28:10,1676,1676,0,1.0,227,7.357
c0509199-3584-491e-a27b-3382a46c51fd,2026-07-01T15:28:10,1676,1676,0,1.0,227,7.357
c0509199-3584-491e-a27b-3382a46c51fd,2026-07-01T15:28:10,1676,1676,0,1.0,227,7.357
c0509199-3584-491e-a27b-3382a46c51fd,2026-07-01T15:28:10,1676,1676,0,1.0,227,7.344
c0509199-3584-491e-a27b-3382a46c51fd,2026-07-01T15:28:10,1676,1676,0,1.0,227,7.344
c0509199-3584-491e-a27b-3382a46c51fd,2026-07-01T15:28:10,1676,1676,0,1.0,227,7.344
c0509199-3584-491e-a27b-3382a46c51fd,2026-07-01T15:28:10,1676,1676,0,1.0,227,7.344
c0509199-3584-491e-a27b-3382a46c51fd,2026-07-01T15:28:11,1676,1676,0,1.0,227,7.344
c0509199-3584-491e-a27b-3382a46c51fd,2026-07-01T15:28:11,1676,1676,0,1.0,227,7.344
c0509199-3584-491e-a27b-3382a46c51fd,2026-07-01T15:28:11,1676,1676,0,1.0,227,7.344
c0509199-3584-491e-a27b-3382a46c51fd,2026-07-01T15:28:11,1676,1676,0,1.0,227,7.344
c0509199-3584-491e-a27b-3382a46c51fd,2026-07-01T15:28:11,1676,1676,0,1.0,227,7.344
c0509199-3584-491e-a27b-3382a46c51fd,2026-07-01T15:28:11,1676,1676,0,1.0,227,7.344
c0509199-3584-491e-a27b-3382a46c51fd,2026-07-01T15:28:11,1675,1675,0,1.0,227,7.344
c0509199-3584-491e-a27b-3382a46c51fd,2026-07-01T15:28:11,1675,1675,0,1.0,227,7.344
c0509199-3584-491e-a27b-3382a46c51fd,2026-07-01T15:28:11,1675,1675,0,1.0,227,7.344
c0509199-3584-491e-a27b-3382a46c51fd,2026-07-01T15:28:11,1675,1675,0,1.0,227,7.344
c0509199-3584-491e-a27b-3382a46c51fd,2026-07-01T15:28:12,1675,1675,0,1.0,227,7.344
c0509199-3584-491e-a27b-3382a46c51fd,2026-07-01T15:28:12,1675,1675,0,1.0,227,7.344
c0509199-3584-491e-a27b-3382a46c51fd,2026-07-01T15:28:12,1675,1675,0,1.0,227,7.336
c0509199-3584-491e-a27b-3382a46c51fd,2026-07-01T15:28:12,1675,1675,0,1.0,227,7.336
c0509199-3584-491e-a27b-3382a46c51fd,2026-07-01T15:28:12,1675,1675,0,1.0,227,7.336
c0509199-3584-491e-a27b-3382a46c51fd,2026-07-01T15:28:12,1675,1675,0,1.0,227,7.336
c0509199-3584-491e-a27b-3382a46c51fd,2026-07-01T15:28:12,1675,1675,0,1.0,227,7.336
c0509199-3584-491e-a27b-3382a46c51fd,2026-07-01T15:28:12,1675,1675,0,1.0,227,7.336
c0509199-3584-491e-a27b-3382a46c51fd,2026-07-01T15:28:12,1675,1675,0,1.0,227,7.336
c0509199-3584-491e-a27b-3382a46c51fd,2026-07-01T15:28:12,1675,1675,0,1.0,227,7.336
c0509199-3584-491e-a27b-3382a46c51fd,2026-07-01T15:28:13,1675,1675,0,1.0,227,7.336
c0509199-3584-491e-a27b-3382a46c51fd,2026-07-01T15:28:13,1675,1675,0,1.0,227,7.336
c0509199-3584-491e-a27b-3382a46c51fd,2026-07-01T15:28:13,1675,1675,0,1.0,227,7.336
c0509199-3584-491e-a27b-3382a46c51fd,2026-07-01T15:28:13,1675,1675,0,1.0,227,7.336
c0509199-3584-491e-a27b-3382a46c51fd,2026-07-01T15:28:13,1676,1676,0,1.0,227,7.336
c0509199-3584-491e-a27b-3382a46c51fd,2026-07-01T15:28:13,1676,1676,0,1.0,227,7.336
c0509199-3584-491e-a27b-3382a46c51fd,2026-07-01T15:28:13,1676,1676,0,1.0,227,7.336
c0509199-3584-491e-a27b-3382a46c51fd,2026-07-01T15:28:13,1676,1676,0,1.0,227,7.336
c0509199-3584-491e-a27b-3382a46c51fd,2026-07-01T15:28:13,1676,1676,0,1.0,227,7.34
c0509199-3584-491e-a27b-3382a46c51fd,2026-07-01T15:28:13,1676,1676,0,1.0,227,7.34
c0509199-3584-491e-a27b-3382a46c51fd,2026-07-01T15:28:14,1676,1676,0,1.0,227,7.34
c0509199-3584-491e-a27b-3382a46c51fd,2026-07-01T15:28:14,1676,1676,0,1.0,227,7.34
c0509199-3584-491e-a27b-3382a46c51fd,2026-07-01T15:28:14,1676,1676,0,1.0,227,7.34
c0509199-3584-491e-a27b-3382a46c51fd,2026-07-01T15:28:14,1676,1676,0,1.0,227,7.34
c0509199-3584-491e-a27b-3382a46c51fd,2026-07-01T15:28:14,1676,1676,0,1.0,227,7.34
c0509199-3584-491e-a27b-3382a46c51fd,2026-07-01T15:28:14,1676,1676,0,1.0,227,7.34
c0509199-3584-491e-a27b-3382a46c51fd,2026-07-01T15:28:14,1676,1676,0,1.0,227,7.34
c0509199-3584-491e-a27b-3382a46c51fd,2026-07-01T15:28:14,1676,1676,0,1.0,227,7.34
c0509199-3584-491e-a27b-3382a46c51fd,2026-07-01T15:28:14,1676,1676,0,1.0,227,7.34
c0509199-3584-491e-a27b-3382a46c51fd,2026-07-01T15:28:14,1676,1676,0,1.0,227,7.34
c0509199-3584-491e-a27b-3382a46c51fd,2026-07-01T15:28:15,1676,1676,0,1.0,227,7.34
c0509199-3584-491e-a27b-3382a46c51fd,2026-07-01T15:28:15,1676,1676,0,1.0,227,7.34
c0509199-3584-491e-a27b-3382a46c51fd,2026-07-01T15:28:15,1676,1676,0,1.0,227,7.34
c0509199-3584-491e-a27b-3382a46c51fd,2026-07-01T15:28:15,1676,1676,0,1.0,227,7.34
c0509199-3584-491e-a27b-3382a46c51fd,2026-07-01T15:28:15,1678,1678,0,1.0,227,7.34
c0509199-3584-491e-a27b-3382a46c51fd,2026-07-01T15:28:15,1678,1678,0,1.0,227,7.34
c0509199-3584-491e-a27b-3382a46c51fd,2026-07-01T15:28:15,1678,1678,0,1.0,227,7.34
c0509199-3584-491e-a27b-3382a46c51fd,2026-07-01T15:28:15,1678,1678,0,1.0,227,7.34
c0509199-3584-491e-a27b-3382a46c51fd,2026-07-01T15:28:15,1678,1678,0,1.0,227,7.34
c0509199-3584-491e-a27b-3382a46c51fd,2026-07-01T15:28:15,1678,1678,0,1.0,227,7.34
c0509199-3584-491e-a27b-3382a46c51fd,2026-07-01T15:28:16,1678,1678,0,1.0,227,7.34
c0509199-3584-491e-a27b-3382a46c51fd,2026-07-01T15:28:16,1678,1678,0,1.0,227,7.34
c0509199-3584-491e-a27b-3382a46c51fd,2026-07-01T15:28:16,1678,1678,0,1.0,227,7.34
c0509199-3584-491e-a27b-3382a46c51fd,2026-07-01T15:28:16,1678,1678,0,1.0,227,7.34
c0509199-3584-491e-a27b-3382a46c51fd,2026-07-01T15:28:16,1678,1678,0,1.0,227,7.34
c0509199-3584-491e-a27b-3382a46c51fd,2026-07-01T15:28:16,1678,1678,0,1.0,227,7.34
c0509199-3584-491e-a27b-3382a46c51fd,2026-07-01T15:28:16,1678,1678,0,1.0,227,7.34
c0509199-3584-491e-a27b-3382a46c51fd,2026-07-01T15:28:16,1678,1678,0,1.0,227,7.34
c0509199-3584-491e-a27b-3382a46c51fd,2026-07-01T15:28:16,1678,1678,0,1.0,227,7.34
c0509199-3584-491e-a27b-3382a46c51fd,2026-07-01T15:28:16,1678,1678,0,1.0,227,7.34
c0509199-3584-491e-a27b-3382a46c51fd,2026-07-01T15:28:17,1676,1676,0,1.0,227,7.344
c0509199-3584-491e-a27b-3382a46c51fd,2026-07-01T15:28:17,1676,1676,0,1.0,227,7.344
c0509199-3584-491e-a27b-3382a46c51fd,2026-07-01T15:28:17,1675,1675,0,1.0,227,7.344
c0509199-3584-491e-a27b-3382a46c51fd,2026-07-01T15:28:17,1675,1675,0,1.0,227,7.344
c0509199-3584-491e-a27b-3382a46c51fd,2026-07-01T15:28:17,1675,1675,0,1.0,227,7.344
c0509199-3584-491e-a27b-3382a46c51fd,2026-07-01T15:28:17,1675,1675,0,1.0,227,7.344
c0509199-3584-491e-a27b-3382a46c51fd,2026-07-01T15:28:17,1675,1675,0,1.0,227,7.344
c0509199-3584-491e-a27b-3382a46c51fd,2026-07-01T15:28:17,1675,1675,0,1.0,227,7.344
c0509199-3584-491e-a27b-3382a46c51fd,2026-07-01T15:28:17,1676,1676,0,1.0,227,7.344
c0509199-3584-491e-a27b-3382a46c51fd,2026-07-01T15:28:17,1676,1676,0,1.0,227,7.344
c0509199-3584-491e-a27b-3382a46c51fd,2026-07-01T15:28:18,1676,1676,0,1.0,227,7.344
c0509199-3584-491e-a27b-3382a46c51fd,2026-07-01T15:28:18,1676,1676,0,1.0,227,7.344
c0509199-3584-491e-a27b-3382a46c51fd,2026-07-01T15:28:18,1676,1676,0,1.0,227,7.344
c0509199-3584-491e-a27b-3382a46c51fd,2026-07-01T15:28:18,1676,1676,0,1.0,227,7.344
c0509199-3584-491e-a27b-3382a46c51fd,2026-07-01T15:28:18,1676,1676,0,1.0,227,7.344
c0509199-3584-491e-a27b-3382a46c51fd,2026-07-01T15:28:18,1676,1676,0,1.0,227,7.344
c0509199-3584-491e-a27b-3382a46c51fd,2026-07-01T15:28:18,1676,1676,0,1.0,227,7.34
c0509199-3584-491e-a27b-3382a46c51fd,2026-07-01T15:28:18,1676,1676,0,1.0,227,7.34
c0509199-3584-491e-a27b-3382a46c51fd,2026-07-01T15:28:18,1676,1676,0,1.0,227,7.34
c0509199-3584-491e-a27b-3382a46c51fd,2026-07-01T15:28:18,1676,1676,0,1.0,227,7.34
c0509199-3584-491e-a27b-3382a46c51fd,2026-07-01T15:28:19,1676,1676,0,1.0,227,7.34
c0509199-3584-491e-a27b-3382a46c51fd,2026-07-01T15:28:19,1676,1676,0,1.0,227,7.34
c0509199-3584-491e-a27b-3382a46c51fd,2026-07-01T15:28:19,1676,1676,0,1.0,227,7.34
c0509199-3584-491e-a27b-3382a46c51fd,2026-07-01T15:28:19,1676,1676,0,1.0,227,7.34
c0509199-3584-491e-a27b-3382a46c51fd,2026-07-01T15:28:19,1676,1676,0,1.0,227,7.34
c0509199-3584-491e-a27b-3382a46c51fd,2026-07-01T15:28:19,1676,1676,0,1.0,227,7.34
c0509199-3584-491e-a27b-3382a46c51fd,2026-07-01T15:28:19,1676,1676,0,1.0,227,7.34
c0509199-3584-491e-a27b-3382a46c51fd,2026-07-01T15:28:19,1676,1676,0,1.0,227,7.34
c0509199-3584-491e-a27b-3382a46c51fd,2026-07-01T15:28:19,1676,1676,0,1.0,227,7.34
c0509199-3584-491e-a27b-3382a46c51fd,2026-07-01T15:28:19,1676,1676,0,1.0,227,7.34
c0509199-3584-491e-a27b-3382a46c51fd,2026-07-01T15:28:20,1676,1676,0,1.0,227,7.34
c0509199-3584-491e-a27b-3382a46c51fd,2026-07-01T15:28:20,1676,1676,0,1.0,227,7.34
c0509199-3584-491e-a27b-3382a46c51fd,2026-07-01T15:28:20,1676,1676,0,1.0,227,7.34
c0509199-3584-491e-a27b-3382a46c51fd,2026-07-01T15:28:20,1676,1676,0,1.0,227,7.34
c0509199-3584-491e-a27b-3382a46c51fd,2026-07-01T15:28:20,1676,1676,0,1.0,227,7.34
c0509199-3584-491e-a27b-3382a46c51fd,2026-07-01T15:28:20,1676,1676,0,1.0,227,7.34
c0509199-3584-491e-a27b-3382a46c51fd,2026-07-01T15:28:20,1676,1676,0,1.0,227,7.34
c0509199-3584-491e-a27b-3382a46c51fd,2026-07-01T15:28:20,1676,1676,0,1.0,227,7.34
c0509199-3584-491e-a27b-3382a46c51fd,2026-07-01T15:28:20,1676,1676,0,1.0,227,7.34
c0509199-3584-491e-a27b-3382a46c51fd,2026-07-01T15:28:20,1676,1676,0,1.0,227,7.34
c0509199-3584-491e-a27b-3382a46c51fd,2026-07-01T15:28:21,1676,1676,0,1.0,227,7.34
c0509199-3584-491e-a27b-3382a46c51fd,2026-07-01T15:28:21,1676,1676,0,1.0,227,7.34
c0509199-3584-491e-a27b-3382a46c51fd,2026-07-01T15:28:21,1676,1676,0,1.0,227,7.34
c0509199-3584-491e-a27b-3382a46c51fd,2026-07-01T15:28:21,1676,1676,0,1.0,227,7.34
c0509199-3584-491e-a27b-3382a46c51fd,2026-07-01T15:28:21,1676,1676,0,1.0,227,7.34
c0509199-3584-491e-a27b-3382a46c51fd,2026-07-01T15:28:21,1676,1676,0,1.0,227,7.34
c0509199-3584-491e-a27b-3382a46c51fd,2026-07-01T15:28:21,1676,1676,0,1.0,227,7.34
c0509199-3584-491e-a27b-3382a46c51fd,2026-07-01T15:28:21,1676,1676,0,1.0,227,7.34
c0509199-3584-491e-a27b-3382a46c51fd,2026-07-01T15:28:21,1676,1676,0,1.0,227,7.336
c0509199-3584-491e-a27b-3382a46c51fd,2026-07-01T15:28:21,1676,1676,0,1.0,227,7.336
c0509199-3584-491e-a27b-3382a46c51fd,2026-07-01T15:28:22,1676,1676,0,1.0,227,7.336
c0509199-3584-491e-a27b-3382a46c51fd,2026-07-01T15:28:22,1676,1676,0,1.0,227,7.336
c0509199-3584-491e-a27b-3382a46c51fd,2026-07-01T15:28:22,1676,1676,0,1.0,227,7.336
c0509199-3584-491e-a27b-3382a46c51fd,2026-07-01T15:28:22,1676,1676,0,1.0,227,7.336
c0509199-3584-491e-a27b-3382a46c51fd,2026-07-01T15:28:22,1676,1676,0,1.0,227,7.336
c0509199-3584-491e-a27b-3382a46c51fd,2026-07-01T15:28:22,1676,1676,0,1.0,227,7.336
c0509199-3584-491e-a27b-3382a46c51fd,2026-07-01T15:28:22,1676,1676,0,1.0,227,7.336
c0509199-3584-491e-a27b-3382a46c51fd,2026-07-01T15:28:22,1676,1676,0,1.0,227,7.336
c0509199-3584-491e-a27b-3382a46c51fd,2026-07-01T15:28:22,1676,1676,0,1.0,227,7.336
c0509199-3584-491e-a27b-3382a46c51fd,2026-07-01T15:28:22,1676,1676,0,1.0,227,7.336
c0509199-3584-491e-a27b-3382a46c51fd,2026-07-01T15:28:23,1676,1676,0,1.0,227,7.336
c0509199-3584-491e-a27b-3382a46c51fd,2026-07-01T15:28:23,1676,1676,0,1.0,227,7.336
c0509199-3584-491e-a27b-3382a46c51fd,2026-07-01T15:28:23,1676,1676,0,1.0,227,7.336
c0509199-3584-491e-a27b-3382a46c51fd,2026-07-01T15:28:23,1676,1676,0,1.0,227,7.336
c0509199-3584-491e-a27b-3382a46c51fd,2026-07-01T15:28:23,1676,1676,0,1.0,227,7.336
c0509199-3584-491e-a27b-3382a46c51fd,2026-07-01T15:28:23,1676,1676,0,1.0,227,7.336
c0509199-3584-491e-a27b-3382a46c51fd,2026-07-01T15:28:23,1676,1676,0,1.0,227,7.336
c0509199-3584-491e-a27b-3382a46c51fd,2026-07-01T15:28:23,1676,1676,0,1.0,227,7.336
c0509199-3584-491e-a27b-3382a46c51fd,2026-07-01T15:28:23,1676,1676,0,1.0,227,7.336
c0509199-3584-491e-a27b-3382a46c51fd,2026-07-01T15:28:23,1676,1676,0,1.0,227,7.336
c0509199-3584-491e-a27b-3382a46c51fd,2026-07-01T15:28:24,1676,1676,0,1.0,227,7.336
c0509199-3584-491e-a27b-3382a46c51fd,2026-07-01T15:28:24,1676,1676,0,1.0,227,7.336
c0509199-3584-491e-a27b-3382a46c51fd,2026-07-01T15:28:24,1676,1676,0,1.0,227,7.336
c0509199-3584-491e-a27b-3382a46c51fd,2026-07-01T15:28:24,1676,1676,0,1.0,227,7.336
c0509199-3584-491e-a27b-3382a46c51fd,2026-07-01T15:28:24,1676,1676,0,1.0,227,7.336
c0509199-3584-491e-a27b-3382a46c51fd,2026-07-01T15:28:24,1676,1676,0,1.0,227,7.336
c0509199-3584-491e-a27b-3382a46c51fd,2026-07-01T15:28:24,1676,1676,0,1.0,227,7.336
c0509199-3584-491e-a27b-3382a46c51fd,2026-07-01T15:28:24,1676,1676,0,1.0,227,7.336
c0509199-3584-491e-a27b-3382a46c51fd,2026-07-01T15:28:24,1676,1676,0,1.0,227,7.336
c0509199-3584-491e-a27b-3382a46c51fd,2026-07-01T15:28:24,1676,1676,0,1.0,227,7.336
c0509199-3584-491e-a27b-3382a46c51fd,2026-07-01T15:28:25,1676,1676,0,1.0,227,7.336
c0509199-3584-491e-a27b-3382a46c51fd,2026-07-01T15:28:25,1676,1676,0,1.0,227,7.336
c0509199-3584-491e-a27b-3382a46c51fd,2026-07-01T15:28:25,1676,1676,0,1.0,227,7.336
c0509199-3584-491e-a27b-3382a46c51fd,2026-07-01T15:28:25,1676,1676,0,1.0,227,7.336
c0509199-3584-491e-a27b-3382a46c51fd,2026-07-01T15:28:25,1676,1676,0,1.0,227,7.336
c0509199-3584-491e-a27b-3382a46c51fd,2026-07-01T15:28:25,1676,1676,0,1.0,227,7.336
c0509199-3584-491e-a27b-3382a46c51fd,2026-07-01T15:28:25,1676,1676,0,1.0,227,7.336
c0509199-3584-491e-a27b-3382a46c51fd,2026-07-01T15:28:25,1676,1676,0,1.0,227,7.336
c0509199-3584-491e-a27b-3382a46c51fd,2026-07-01T15:28:25,1676,1676,0,1.0,227,7.336
c0509199-3584-491e-a27b-3382a46c51fd,2026-07-01T15:28:25,1676,1676,0,1.0,227,7.336
c0509199-3584-491e-a27b-3382a46c51fd,2026-07-01T15:28:26,1676,1676,0,1.0,227,7.336
c0509199-3584-491e-a27b-3382a46c51fd,2026-07-01T15:28:26,1676,1676,0,1.0,227,7.336
c0509199-3584-491e-a27b-3382a46c51fd,2026-07-01T15:28:26,1676,1676,0,1.0,227,7.336
c0509199-3584-491e-a27b-3382a46c51fd,2026-07-01T15:28:26,1676,1676,0,1.0,227,7.336
c0509199-3584-491e-a27b-3382a46c51fd,2026-07-01T15:28:26,1676,1676,0,1.0,227,7.336
c0509199-3584-491e-a27b-3382a46c51fd,2026-07-01T15:28:26,1676,1676,0,1.0,227,7.336
c0509199-3584-491e-a27b-3382a46c51fd,2026-07-01T15:28:26,1676,1676,0,1.0,227,7.336
c0509199-3584-491e-a27b-3382a46c51fd,2026-07-01T15:28:26,1676,1676,0,1.0,227,7.336
c0509199-3584-491e-a27b-3382a46c51fd,2026-07-01T15:28:26,1676,1676,0,1.0,227,7.336
c0509199-3584-491e-a27b-3382a46c51fd,2026-07-01T15:28:26,1676,1676,0,1.0,227,7.336
c0509199-3584-491e-a27b-3382a46c51fd,2026-07-01T15:28:27,1676,1676,0,1.0,227,7.336
c0509199-3584-491e-a27b-3382a46c51fd,2026-07-01T15:28:27,1676,1676,0,1.0,227,7.336
c0509199-3584-491e-a27b-3382a46c51fd,2026-07-01T15:28:27,1676,1676,0,1.0,227,7.336
c0509199-3584-491e-a27b-3382a46c51fd,2026-07-01T15:28:27,1676,1676,0,1.0,227,7.336
c0509199-3584-491e-a27b-3382a46c51fd,2026-07-01T15:28:27,1676,1676,0,1.0,227,7.336
c0509199-3584-491e-a27b-3382a46c51fd,2026-07-01T15:28:27,1676,1676,0,1.0,227,7.336
c0509199-3584-491e-a27b-3382a46c51fd,2026-07-01T15:28:27,1676,1676,0,1.0,227,7.336
c0509199-3584-491e-a27b-3382a46c51fd,2026-07-01T15:28:27,1676,1676,0,1.0,227,7.336
c0509199-3584-491e-a27b-3382a46c51fd,2026-07-01T15:28:27,1676,1676,0,1.0,227,7.336
c0509199-3584-491e-a27b-3382a46c51fd,2026-07-01T15:28:27,1676,1676,0,1.0,227,7.336
c0509199-3584-491e-a27b-3382a46c51fd,2026-07-01T15:28:28,1676,1676,0,1.0,227,7.336
c0509199-3584-491e-a27b-3382a46c51fd,2026-07-01T15:28:28,1676,1676,0,1.0,227,7.336
c0509199-3584-491e-a27b-3382a46c51fd,2026-07-01T15:28:28,1676,1676,0,1.0,227,7.336
c0509199-3584-491e-a27b-3382a46c51fd,2026-07-01T15:28:28,1676,1676,0,1.0,227,7.336
c0509199-3584-491e-a27b-3382a46c51fd,2026-07-01T15:28:28,1676,1676,0,1.0,227,7.336
c0509199-3584-491e-a27b-3382a46c51fd,2026-07-01T15:28:28,1676,1676,0,1.0,227,7.336
c0509199-3584-491e-a27b-3382a46c51fd,2026-07-01T15:28:28,1678,1678,0,1.0,227,7.336
c0509199-3584-491e-a27b-3382a46c51fd,2026-07-01T15:28:28,1678,1678,0,1.0,227,7.336
c0509199-3584-491e-a27b-3382a46c51fd,2026-07-01T15:28:28,1676,1676,0,1.0,227,7.336
c0509199-3584-491e-a27b-3382a46c51fd,2026-07-01T15:28:28,1676,1676,0,1.0,227,7.336
c0509199-3584-491e-a27b-3382a46c51fd,2026-07-01T15:28:29,1676,1676,0,1.0,227,7.336
c0509199-3584-491e-a27b-3382a46c51fd,2026-07-01T15:28:29,1676,1676,0,1.0,227,7.336
c0509199-3584-491e-a27b-3382a46c51fd,2026-07-01T15:28:29,1676,1676,0,1.0,227,7.336
c0509199-3584-491e-a27b-3382a46c51fd,2026-07-01T15:28:29,1676,1676,0,1.0,227,7.336
c0509199-3584-491e-a27b-3382a46c51fd,2026-07-01T15:28:29,1678,1678,0,1.0,227,7.336
c0509199-3584-491e-a27b-3382a46c51fd,2026-07-01T15:28:29,1678,1678,0,1.0,227,7.336
c0509199-3584-491e-a27b-3382a46c51fd,2026-07-01T15:28:29,1676,1676,0,1.0,227,7.336
c0509199-3584-491e-a27b-3382a46c51fd,2026-07-01T15:28:29,1676,1676,0,1.0,227,7.336
c0509199-3584-491e-a27b-3382a46c51fd,2026-07-01T15:28:29,1676,1676,0,1.0,227,7.336
c0509199-3584-491e-a27b-3382a46c51fd,2026-07-01T15:28:29,1676,1676,0,1.0,227,7.336
c0509199-3584-491e-a27b-3382a46c51fd,2026-07-01T15:28:30,1676,1676,0,1.0,227,7.336
c0509199-3584-491e-a27b-3382a46c51fd,2026-07-01T15:28:30,1676,1676,0,1.0,227,7.336
c0509199-3584-491e-a27b-3382a46c51fd,2026-07-01T15:28:30,1676,1676,0,1.0,227,7.336
c0509199-3584-491e-a27b-3382a46c51fd,2026-07-01T15:28:30,1676,1676,0,1.0,227,7.336
c0509199-3584-491e-a27b-3382a46c51fd,2026-07-01T15:28:30,1676,1676,0,1.0,227,7.336
c0509199-3584-491e-a27b-3382a46c51fd,2026-07-01T15:28:30,1676,1676,0,1.0,227,7.336
c0509199-3584-491e-a27b-3382a46c51fd,2026-07-01T15:28:30,1676,1676,0,1.0,227,7.336
c0509199-3584-491e-a27b-3382a46c51fd,2026-07-01T15:28:30,1676,1676,0,1.0,227,7.336
c0509199-3584-491e-a27b-3382a46c51fd,2026-07-01T15:28:30,1676,1676,0,1.0,227,7.336
c0509199-3584-491e-a27b-3382a46c51fd,2026-07-01T15:28:30,1676,1676,0,1.0,227,7.336
c0509199-3584-491e-a27b-3382a46c51fd,2026-07-01T15:28:31,1676,1676,0,1.0,227,7.336
c0509199-3584-491e-a27b-3382a46c51fd,2026-07-01T15:28:31,1676,1676,0,1.0,227,7.336
c0509199-3584-491e-a27b-3382a46c51fd,2026-07-01T15:28:31,1675,1675,0,1.0,227,7.336
c0509199-3584-491e-a27b-3382a46c51fd,2026-07-01T15:28:31,1675,1675,0,1.0,227,7.336
c0509199-3584-491e-a27b-3382a46c51fd,2026-07-01T15:28:31,1675,1675,0,1.0,227,7.331
c0509199-3584-491e-a27b-3382a46c51fd,2026-07-01T15:28:31,1675,1675,0,1.0,227,7.331
c0509199-3584-491e-a27b-3382a46c51fd,2026-07-01T15:28:31,1675,1675,0,1.0,227,7.331
c0509199-3584-491e-a27b-3382a46c51fd,2026-07-01T15:28:31,1675,1675,0,1.0,227,7.331
c0509199-3584-491e-a27b-3382a46c51fd,2026-07-01T15:28:31,1675,1675,0,1.0,227,7.331
c0509199-3584-491e-a27b-3382a46c51fd,2026-07-01T15:28:31,1675,1675,0,1.0,227,7.331
c0509199-3584-491e-a27b-3382a46c51fd,2026-07-01T15:28:32,1675,1675,0,1.0,227,7.331
c0509199-3584-491e-a27b-3382a46c51fd,2026-07-01T15:28:32,1675,1675,0,1.0,227,7.331
c0509199-3584-491e-a27b-3382a46c51fd,2026-07-01T15:28:32,1675,1675,0,1.0,227,7.331
c0509199-3584-491e-a27b-3382a46c51fd,2026-07-01T15:28:32,1675,1675,0,1.0,227,7.331
c0509199-3584-491e-a27b-3382a46c51fd,2026-07-01T15:28:32,1675,1675,0,1.0,227,7.331
c0509199-3584-491e-a27b-3382a46c51fd,2026-07-01T15:28:32,1675,1675,0,1.0,227,7.331
c0509199-3584-491e-a27b-3382a46c51fd,2026-07-01T15:28:32,1675,1675,0,1.0,227,7.331
c0509199-3584-491e-a27b-3382a46c51fd,2026-07-01T15:28:32,1675,1675,0,1.0,227,7.331
c0509199-3584-491e-a27b-3382a46c51fd,2026-07-01T15:28:32,1675,1675,0,1.0,227,7.331
c0509199-3584-491e-a27b-3382a46c51fd,2026-07-01T15:28:32,1675,1675,0,1.0,227,7.331
c0509199-3584-491e-a27b-3382a46c51fd,2026-07-01T15:28:33,1675,1675,0,1.0,227,7.331
c0509199-3584-491e-a27b-3382a46c51fd,2026-07-01T15:28:33,1675,1675,0,1.0,227,7.331
c0509199-3584-491e-a27b-3382a46c51fd,2026-07-01T15:28:33,1675,1675,0,1.0,227,7.331
c0509199-3584-491e-a27b-3382a46c51fd,2026-07-01T15:28:33,1675,1675,0,1.0,227,7.331
c0509199-3584-491e-a27b-3382a46c51fd,2026-07-01T15:28:33,1675,1675,0,1.0,227,7.331
c0509199-3584-491e-a27b-3382a46c51fd,2026-07-01T15:28:33,1675,1675,0,1.0,227,7.331
c0509199-3584-491e-a27b-3382a46c51fd,2026-07-01T15:28:33,1675,1675,0,1.0,227,7.331
c0509199-3584-491e-a27b-3382a46c51fd,2026-07-01T15:28:33,1675,1675,0,1.0,227,7.331
c0509199-3584-491e-a27b-3382a46c51fd,2026-07-01T15:28:33,1676,1676,0,1.0,227,7.331
c0509199-3584-491e-a27b-3382a46c51fd,2026-07-01T15:28:33,1676,1676,0,1.0,227,7.331
c0509199-3584-491e-a27b-3382a46c51fd,2026-07-01T15:28:34,1676,1676,0,1.0,227,7.331
c0509199-3584-491e-a27b-3382a46c51fd,2026-07-01T15:28:34,1676,1676,0,1.0,227,7.331
c0509199-3584-491e-a27b-3382a46c51fd,2026-07-01T15:28:34,1676,1676,0,1.0,227,7.331
c0509199-3584-491e-a27b-3382a46c51fd,2026-07-01T15:28:34,1676,1676,0,1.0,227,7.331
c0509199-3584-491e-a27b-3382a46c51fd,2026-07-01T15:28:34,1676,1676,0,1.0,227,7.331
c0509199-3584-491e-a27b-3382a46c51fd,2026-07-01T15:28:34,1676,1676,0,1.0,227,7.331
c0509199-3584-491e-a27b-3382a46c51fd,2026-07-01T15:28:34,1676,1676,0,1.0,227,7.331
c0509199-3584-491e-a27b-3382a46c51fd,2026-07-01T15:28:34,1676,1676,0,1.0,227,7.331
c0509199-3584-491e-a27b-3382a46c51fd,2026-07-01T15:28:34,1676,1676,0,1.0,227,7.331
c0509199-3584-491e-a27b-3382a46c51fd,2026-07-01T15:28:34,1676,1676,0,1.0,227,7.331
c0509199-3584-491e-a27b-3382a46c51fd,2026-07-01T15:28:35,1675,1675,0,1.0,227,7.331
c0509199-3584-491e-a27b-3382a46c51fd,2026-07-01T15:28:35,1675,1675,0,1.0,227,7.331
c0509199-3584-491e-a27b-3382a46c51fd,2026-07-01T15:28:35,1675,1675,0,1.0,227,7.331
c0509199-3584-491e-a27b-3382a46c51fd,2026-07-01T15:28:35,1675,1675,0,1.0,227,7.331
c0509199-3584-491e-a27b-3382a46c51fd,2026-07-01T15:28:35,1676,1676,0,1.0,227,7.331
c0509199-3584-491e-a27b-3382a46c51fd,2026-07-01T15:28:35,1676,1676,0,1.0,227,7.331
c0509199-3584-491e-a27b-3382a46c51fd,2026-07-01T15:28:35,1675,1675,0,1.0,227,7.331
c0509199-3584-491e-a27b-3382a46c51fd,2026-07-01T15:28:35,1675,1675,0,1.0,227,7.331
c0509199-3584-491e-a27b-3382a46c51fd,2026-07-01T15:28:35,1676,1676,0,1.0,227,7.331
c0509199-3584-491e-a27b-3382a46c51fd,2026-07-01T15:28:35,1676,1676,0,1.0,227,7.331
c0509199-3584-491e-a27b-3382a46c51fd,2026-07-01T15:28:36,1676,1676,0,1.0,227,7.331
c0509199-3584-491e-a27b-3382a46c51fd,2026-07-01T15:28:36,1675,1675,0,1.0,227,7.331
c0509199-3584-491e-a27b-3382a46c51fd,2026-07-01T15:28:36,1675,1675,0,1.0,227,7.331
c0509199-3584-491e-a27b-3382a46c51fd,2026-07-01T15:28:36,1675,1675,0,1.0,227,7.331
c0509199-3584-491e-a27b-3382a46c51fd,2026-07-01T15:28:36,1676,1676,0,1.0,227,7.331
c0509199-3584-491e-a27b-3382a46c51fd,2026-07-01T15:28:36,1676,1676,0,1.0,227,7.331
c0509199-3584-491e-a27b-3382a46c51fd,2026-07-01T15:28:36,1676,1676,0,1.0,227,7.331
c0509199-3584-491e-a27b-3382a46c51fd,2026-07-01T15:28:36,1675,1675,0,1.0,227,7.331
c0509199-3584-491e-a27b-3382a46c51fd,2026-07-01T15:28:36,1675,1675,0,1.0,227,7.331
c0509199-3584-491e-a27b-3382a46c51fd,2026-07-01T15:28:36,1675,1675,0,1.0,227,7.331
c0509199-3584-491e-a27b-3382a46c51fd,2026-07-01T15:28:37,1673,1673,0,1.0,227,7.331
c0509199-3584-491e-a27b-3382a46c51fd,2026-07-01T15:28:37,1673,1673,0,1.0,227,7.331
c0509199-3584-491e-a27b-3382a46c51fd,2026-07-01T15:28:37,1673,1673,0,1.0,227,7.331
c0509199-3584-491e-a27b-3382a46c51fd,2026-07-01T15:28:37,1673,1673,0,1.0,227,7.331
c0509199-3584-491e-a27b-3382a46c51fd,2026-07-01T15:28:37,1673,1673,0,1.0,227,7.331
c0509199-3584-491e-a27b-3382a46c51fd,2026-07-01T15:28:37,1673,1673,0,1.0,227,7.331
c0509199-3584-491e-a27b-3382a46c51fd,2026-07-01T15:28:37,1673,1673,0,1.0,227,7.331
c0509199-3584-491e-a27b-3382a46c51fd,2026-07-01T15:28:37,1673,1673,0,1.0,227,7.331
c0509199-3584-491e-a27b-3382a46c51fd,2026-07-01T15:28:37,1673,1673,0,1.0,227,7.327
c0509199-3584-491e-a27b-3382a46c51fd,2026-07-01T15:28:37,1673,1673,0,1.0,227,7.327
c0509199-3584-491e-a27b-3382a46c51fd,2026-07-01T15:28:38,1673,1673,0,1.0,227,7.327
c0509199-3584-491e-a27b-3382a46c51fd,2026-07-01T15:28:38,1673,1673,0,1.0,227,7.327
c0509199-3584-491e-a27b-3382a46c51fd,2026-07-01T15:28:38,1671,1671,0,1.0,227,7.327
c0509199-3584-491e-a27b-3382a46c51fd,2026-07-01T15:28:38,1671,1671,0,1.0,227,7.327
c0509199-3584-491e-a27b-3382a46c51fd,2026-07-01T15:28:38,1673,1673,0,1.0,227,7.327
c0509199-3584-491e-a27b-3382a46c51fd,2026-07-01T15:28:38,1673,1673,0,1.0,227,7.327
c0509199-3584-491e-a27b-3382a46c51fd,2026-07-01T15:28:38,1673,1673,0,1.0,227,7.327
c0509199-3584-491e-a27b-3382a46c51fd,2026-07-01T15:28:38,1673,1673,0,1.0,227,7.327
c0509199-3584-491e-a27b-3382a46c51fd,2026-07-01T15:28:38,1673,1673,0,1.0,227,7.327
c0509199-3584-491e-a27b-3382a46c51fd,2026-07-01T15:28:38,1673,1673,0,1.0,227,7.327
c0509199-3584-491e-a27b-3382a46c51fd,2026-07-01T15:28:39,1673,1673,0,1.0,227,7.327
c0509199-3584-491e-a27b-3382a46c51fd,2026-07-01T15:28:39,1673,1673,0,1.0,227,7.327
c0509199-3584-491e-a27b-3382a46c51fd,2026-07-01T15:28:39,1673,1673,0,1.0,227,7.327
c0509199-3584-491e-a27b-3382a46c51fd,2026-07-01T15:28:39,1673,1673,0,1.0,227,7.327
c0509199-3584-491e-a27b-3382a46c51fd,2026-07-01T15:28:39,1673,1673,0,1.0,227,7.327
c0509199-3584-491e-a27b-3382a46c51fd,2026-07-01T15:28:39,1673,1673,0,1.0,227,7.327
c0509199-3584-491e-a27b-3382a46c51fd,2026-07-01T15:28:39,1673,1673,0,1.0,227,7.327
c0509199-3584-491e-a27b-3382a46c51fd,2026-07-01T15:28:39,1673,1673,0,1.0,227,7.327
c0509199-3584-491e-a27b-3382a46c51fd,2026-07-01T15:28:39,554,1660,1565,0.33,227,7.327
c0509199-3584-491e-a27b-3382a46c51fd,2026-07-01T15:28:39,554,1660,1565,0.33,227,7.327
c0509199-3584-491e-a27b-3382a46c51fd,2026-07-01T15:28:40,22,1660,1660,0.01,227,7.327
c0509199-3584-491e-a27b-3382a46c51fd,2026-07-01T15:28:40,22,1660,1660,0.01,227,7.327
c0509199-3584-491e-a27b-3382a46c51fd,2026-07-01T15:28:40,22,1690,1690,0.01,231,7.327
c0509199-3584-491e-a27b-3382a46c51fd,2026-07-01T15:28:40,22,1690,1690,0.01,231,7.327
c0509199-3584-491e-a27b-3382a46c51fd,2026-07-01T15:28:40,22,1690,1690,0.01,231,7.327
c0509199-3584-491e-a27b-3382a46c51fd,2026-07-01T15:28:40,22,1690,1690,0.01,231,7.327
c0509199-3584-491e-a27b-3382a46c51fd,2026-07-01T15:28:40,2,1690,1690,0.0,231,7.327
c0509199-3584-491e-a27b-3382a46c51fd,2026-07-01T15:28:40,2,1690,1690,0.0,231,7.327
c0509199-3584-491e-a27b-3382a46c51fd,2026-07-01T15:28:40,2,1690,1690,0.0,231,7.327
c0509199-3584-491e-a27b-3382a46c51fd,2026-07-01T15:28:40,2,1690,1690,0.0,231,7.327
c0509199-3584-491e-a27b-3382a46c51fd,2026-07-01T15:28:41,5,1690,1690,0.0,231,7.327
c0509199-3584-491e-a27b-3382a46c51fd,2026-07-01T15:28:41,5,1690,1690,0.0,231,7.327
c0509199-3584-491e-a27b-3382a46c51fd,2026-07-01T15:28:41,5,1690,1690,0.0,231,7.327
c0509199-3584-491e-a27b-3382a46c51fd,2026-07-01T15:28:41,5,1690,1690,0.0,231,7.327
c0509199-3584-491e-a27b-3382a46c51fd,2026-07-01T15:28:41,5,1690,1690,0.0,231,7.327
c0509199-3584-491e-a27b-3382a46c51fd,2026-07-01T15:28:41,5,1690,1690,0.0,231,7.327
c0509199-3584-491e-a27b-3382a46c51fd,2026-07-01T15:28:41,5,1690,1690,0.0,231,7.327
c0509199-3584-491e-a27b-3382a46c51fd,2026-07-01T15:28:41,5,1690,1690,0.0,231,7.327
c0509199-3584-491e-a27b-3382a46c51fd,2026-07-01T15:28:41,5,10,9,0.45,231,0.044
c0509199-3584-491e-a27b-3382a46c51fd,2026-07-01T15:28:41,5,10,9,0.45,231,0.044
c0509199-3584-491e-a27b-3382a46c51fd,2026-07-01T15:28:42,5,10,9,0.44,231,0.044
c0509199-3584-491e-a27b-3382a46c51fd,2026-07-01T15:28:42,5,10,9,0.44,231,0.044
c0509199-3584-491e-a27b-3382a46c51fd,2026-07-01T15:28:42,5,10,9,0.46,231,0.044
c0509199-3584-491e-a27b-3382a46c51fd,2026-07-01T15:28:42,5,10,9,0.46,231,0.044
c0509199-3584-491e-a27b-3382a46c51fd,2026-07-01T15:28:42,5,10,9,0.46,231,0.044
c0509199-3584-491e-a27b-3382a46c51fd,2026-07-01T15:28:42,5,10,9,0.46,231,0.044
c0509199-3584-491e-a27b-3382a46c51fd,2026-07-01T15:28:42,4,10,9,0.42,230,0.044
c0509199-3584-491e-a27b-3382a46c51fd,2026-07-01T15:28:42,4,10,9,0.42,230,0.044
c0509199-3584-491e-a27b-3382a46c51fd,2026-07-01T15:28:42,4,10,9,0.42,230,0.044
c0509199-3584-491e-a27b-3382a46c51fd,2026-07-01T15:28:42,4,10,9,0.42,230,0.044
c0509199-3584-491e-a27b-3382a46c51fd,2026-07-01T15:28:43,4,10,9,0.43,230,0.044
c0509199-3584-491e-a27b-3382a46c51fd,2026-07-01T15:28:43,4,10,9,0.43,230,0.044
c0509199-3584-491e-a27b-3382a46c51fd,2026-07-01T15:28:43,4,10,9,0.43,230,0.044
c0509199-3584-491e-a27b-3382a46c51fd,2026-07-01T15:28:43,4,10,9,0.43,230,0.044
c0509199-3584-491e-a27b-3382a46c51fd,2026-07-01T15:28:43,4,10,9,0.42,230,0.044
c0509199-3584-491e-a27b-3382a46c51fd,2026-07-01T15:28:43,4,10,9,0.42,230,0.044
c0509199-3584-491e-a27b-3382a46c51fd,2026-07-01T15:28:43,5,10,9,0.44,230,0.044
c0509199-3584-491e-a27b-3382a46c51fd,2026-07-01T15:28:43,5,10,9,0.44,230,0.044
c0509199-3584-491e-a27b-3382a46c51fd,2026-07-01T15:28:43,5,10,9,0.44,230,0.044
c0509199-3584-491e-a27b-3382a46c51fd,2026-07-01T15:28:43,5,10,9,0.44,230,0.044
c0509199-3584-491e-a27b-3382a46c51fd,2026-07-01T15:28:44,5,10,9,0.44,230,0.044
c0509199-3584-491e-a27b-3382a46c51fd,2026-07-01T15:28:44,5,10,9,0.44,230,0.044
c0509199-3584-491e-a27b-3382a46c51fd,2026-07-01T15:28:44,5,10,9,0.45,230,0.043
c0509199-3584-491e-a27b-3382a46c51fd,2026-07-01T15:28:44,5,10,9,0.45,230,0.043
c0509199-3584-491e-a27b-3382a46c51fd,2026-07-01T15:28:44,4,10,9,0.44,230,0.043
c0509199-3584-491e-a27b-3382a46c51fd,2026-07-01T15:28:44,4,10,9,0.44,230,0.043
c0509199-3584-491e-a27b-3382a46c51fd,2026-07-01T15:28:44,4,10,9,0.44,230,0.043
c0509199-3584-491e-a27b-3382a46c51fd,2026-07-01T15:28:44,4,10,9,0.44,230,0.043
c0509199-3584-491e-a27b-3382a46c51fd,2026-07-01T15:28:44,4,10,9,0.44,230,0.043
c0509199-3584-491e-a27b-3382a46c51fd,2026-07-01T15:28:44,4,10,9,0.44,230,0.043
c0509199-3584-491e-a27b-3382a46c51fd,2026-07-01T15:28:45,5,10,9,0.45,230,0.043
c0509199-3584-491e-a27b-3382a46c51fd,2026-07-01T15:28:45,5,10,9,0.45,230,0.043
c0509199-3584-491e-a27b-3382a46c51fd,2026-07-01T15:28:45,5,10,9,0.45,230,0.043
c0509199-3584-491e-a27b-3382a46c51fd,2026-07-01T15:28:45,5,10,9,0.45,230,0.043
c0509199-3584-491e-a27b-3382a46c51fd,2026-07-01T15:28:45,5,10,9,0.46,230,0.043
c0509199-3584-491e-a27b-3382a46c51fd,2026-07-01T15:28:45,5,10,9,0.46,230,0.043
c0509199-3584-491e-a27b-3382a46c51fd,2026-07-01T15:28:45,4,10,9,0.44,230,0.043
c0509199-3584-491e-a27b-3382a46c51fd,2026-07-01T15:28:45,4,10,9,0.44,230,0.043
c0509199-3584-491e-a27b-3382a46c51fd,2026-07-01T15:28:45,4,10,9,0.44,230,0.043
c0509199-3584-491e-a27b-3382a46c51fd,2026-07-01T15:28:45,4,10,9,0.44,230,0.043
c0509199-3584-491e-a27b-3382a46c51fd,2026-07-01T15:28:46,5,10,9,0.46,230,0.043
c0509199-3584-491e-a27b-3382a46c51fd,2026-07-01T15:28:46,5,10,9,0.46,230,0.043
c0509199-3584-491e-a27b-3382a46c51fd,2026-07-01T15:28:46,5,10,9,0.46,230,0.043
c0509199-3584-491e-a27b-3382a46c51fd,2026-07-01T15:28:46,5,10,9,0.46,230,0.043
c0509199-3584-491e-a27b-3382a46c51fd,2026-07-01T15:28:46,5,10,9,0.46,230,0.043
c0509199-3584-491e-a27b-3382a46c51fd,2026-07-01T15:28:46,5,10,9,0.45,230,0.044
c0509199-3584-491e-a27b-3382a46c51fd,2026-07-01T15:28:46,5,10,9,0.45,230,0.044
c0509199-3584-491e-a27b-3382a46c51fd,2026-07-01T15:28:46,5,10,9,0.45,230,0.044
c0509199-3584-491e-a27b-3382a46c51fd,2026-07-01T15:28:46,4,10,9,0.43,230,0.044
c0509199-3584-491e-a27b-3382a46c51fd,2026-07-01T15:28:46,4,10,9,0.43,230,0.044
c0509199-3584-491e-a27b-3382a46c51fd,2026-07-01T15:28:47,5,10,9,0.44,230,0.044
c0509199-3584-491e-a27b-3382a46c51fd,2026-07-01T15:28:47,5,10,9,0.44,230,0.044
c0509199-3584-491e-a27b-3382a46c51fd,2026-07-01T15:28:47,5,10,9,0.44,230,0.044
c0509199-3584-491e-a27b-3382a46c51fd,2026-07-01T15:28:47,5,10,9,0.45,230,0.044
c0509199-3584-491e-a27b-3382a46c51fd,2026-07-01T15:28:47,5,10,9,0.45,230,0.044
c0509199-3584-491e-a27b-3382a46c51fd,2026-07-01T15:28:47,5,10,9,0.45,230,0.044
c0509199-3584-491e-a27b-3382a46c51fd,2026-07-01T15:28:47,262,262,0,1.0,230,0.044
c0509199-3584-491e-a27b-3382a46c51fd,2026-07-01T15:28:47,262,262,0,1.0,230,0.044
c0509199-3584-491e-a27b-3382a46c51fd,2026-07-01T15:28:47,1689,1689,0,1.0,230,0.044
c0509199-3584-491e-a27b-3382a46c51fd,2026-07-01T15:28:47,1689,1689,0,1.0,230,0.044
c0509199-3584-491e-a27b-3382a46c51fd,2026-07-01T15:28:48,1678,1678,0,1.0,230,0.044
c0509199-3584-491e-a27b-3382a46c51fd,2026-07-01T15:28:48,1678,1678,0,1.0,230,0.044
c0509199-3584-491e-a27b-3382a46c51fd,2026-07-01T15:28:48,1678,1695,240,0.99,230,7.361
c0509199-3584-491e-a27b-3382a46c51fd,2026-07-01T15:28:48,1678,1695,240,0.99,230,7.361
c0509199-3584-491e-a27b-3382a46c51fd,2026-07-01T15:28:48,1678,1695,240,0.99,230,7.361
c0509199-3584-491e-a27b-3382a46c51fd,2026-07-01T15:28:48,1678,1695,240,0.99,230,7.361
c0509199-3584-491e-a27b-3382a46c51fd,2026-07-01T15:28:48,1680,1695,228,0.99,230,7.361
c0509199-3584-491e-a27b-3382a46c51fd,2026-07-01T15:28:48,1680,1695,228,0.99,230,7.361
c0509199-3584-491e-a27b-3382a46c51fd,2026-07-01T15:28:48,1680,1695,228,0.99,230,7.361
c0509199-3584-491e-a27b-3382a46c51fd,2026-07-01T15:28:48,1680,1695,228,0.99,230,7.361
c0509199-3584-491e-a27b-3382a46c51fd,2026-07-01T15:28:49,1678,1678,0,1.0,227,7.361
c0509199-3584-491e-a27b-3382a46c51fd,2026-07-01T15:28:49,1678,1678,0,1.0,227,7.361
c0509199-3584-491e-a27b-3382a46c51fd,2026-07-01T15:28:49,1678,1678,0,1.0,227,7.361
c0509199-3584-491e-a27b-3382a46c51fd,2026-07-01T15:28:49,1678,1678,0,1.0,227,7.361
c0509199-3584-491e-a27b-3382a46c51fd,2026-07-01T15:28:49,1678,1678,0,1.0,227,7.361
c0509199-3584-491e-a27b-3382a46c51fd,2026-07-01T15:28:49,1678,1678,0,1.0,227,7.361
c0509199-3584-491e-a27b-3382a46c51fd,2026-07-01T15:28:49,1678,1678,0,1.0,227,7.361
c0509199-3584-491e-a27b-3382a46c51fd,2026-07-01T15:28:49,1678,1678,0,1.0,227,7.361
c0509199-3584-491e-a27b-3382a46c51fd,2026-07-01T15:28:49,1678,1678,0,1.0,227,7.348
c0509199-3584-491e-a27b-3382a46c51fd,2026-07-01T15:28:49,1678,1678,0,1.0,227,7.348
c0509199-3584-491e-a27b-3382a46c51fd,2026-07-01T15:28:50,1678,1678,0,1.0,227,7.348
c0509199-3584-491e-a27b-3382a46c51fd,2026-07-01T15:28:50,1678,1678,0,1.0,227,7.348
c0509199-3584-491e-a27b-3382a46c51fd,2026-07-01T15:28:50,1676,1676,0,1.0,227,7.348
c0509199-3584-491e-a27b-3382a46c51fd,2026-07-01T15:28:50,1676,1676,0,1.0,227,7.348
c0509199-3584-491e-a27b-3382a46c51fd,2026-07-01T15:28:50,1676,1676,0,1.0,227,7.348
c0509199-3584-491e-a27b-3382a46c51fd,2026-07-01T15:28:50,1676,1676,0,1.0,227,7.348
c0509199-3584-491e-a27b-3382a46c51fd,2026-07-01T15:28:50,1676,1676,0,1.0,227,7.348
c0509199-3584-491e-a27b-3382a46c51fd,2026-07-01T15:28:50,1676,1676,0,1.0,227,7.348
c0509199-3584-491e-a27b-3382a46c51fd,2026-07-01T15:28:50,1676,1676,0,1.0,227,7.348
c0509199-3584-491e-a27b-3382a46c51fd,2026-07-01T15:28:50,1676,1676,0,1.0,227,7.348
c0509199-3584-491e-a27b-3382a46c51fd,2026-07-01T15:28:51,1675,1675,0,1.0,227,7.348
c0509199-3584-491e-a27b-3382a46c51fd,2026-07-01T15:28:51,1675,1675,0,1.0,227,7.348
c0509199-3584-491e-a27b-3382a46c51fd,2026-07-01T15:28:51,1675,1675,0,1.0,227,7.348
c0509199-3584-491e-a27b-3382a46c51fd,2026-07-01T15:28:51,1675,1675,0,1.0,227,7.348
c0509199-3584-491e-a27b-3382a46c51fd,2026-07-01T15:28:51,1675,1675,0,1.0,227,7.336
c0509199-3584-491e-a27b-3382a46c51fd,2026-07-01T15:28:51,1675,1675,0,1.0,227,7.336
c0509199-3584-491e-a27b-3382a46c51fd,2026-07-01T15:28:51,1675,1675,0,1.0,227,7.336
c0509199-3584-491e-a27b-3382a46c51fd,2026-07-01T15:28:51,1675,1675,0,1.0,227,7.336
c0509199-3584-491e-a27b-3382a46c51fd,2026-07-01T15:28:51,1675,1675,0,1.0,227,7.336
c0509199-3584-491e-a27b-3382a46c51fd,2026-07-01T15:28:51,1675,1675,0,1.0,227,7.336
c0509199-3584-491e-a27b-3382a46c51fd,2026-07-01T15:28:52,1675,1675,0,1.0,227,7.336
c0509199-3584-491e-a27b-3382a46c51fd,2026-07-01T15:28:52,1675,1675,0,1.0,227,7.336
c0509199-3584-491e-a27b-3382a46c51fd,2026-07-01T15:28:52,1675,1675,0,1.0,227,7.336
c0509199-3584-491e-a27b-3382a46c51fd,2026-07-01T15:28:52,1675,1675,0,1.0,227,7.336
c0509199-3584-491e-a27b-3382a46c51fd,2026-07-01T15:28:52,1675,1675,0,1.0,227,7.336
c0509199-3584-491e-a27b-3382a46c51fd,2026-07-01T15:28:52,1675,1675,0,1.0,227,7.336
c0509199-3584-491e-a27b-3382a46c51fd,2026-07-01T15:28:52,1675,1675,0,1.0,227,7.336
c0509199-3584-491e-a27b-3382a46c51fd,2026-07-01T15:28:52,1675,1675,0,1.0,227,7.336
c0509199-3584-491e-a27b-3382a46c51fd,2026-07-01T15:28:52,1675,1675,0,1.0,227,7.336
c0509199-3584-491e-a27b-3382a46c51fd,2026-07-01T15:28:52,1675,1675,0,1.0,227,7.336
c0509199-3584-491e-a27b-3382a46c51fd,2026-07-01T15:28:53,1675,1675,0,1.0,227,7.336
c0509199-3584-491e-a27b-3382a46c51fd,2026-07-01T15:28:53,1675,1675,0,1.0,227,7.336
c0509199-3584-491e-a27b-3382a46c51fd,2026-07-01T15:28:53,1675,1675,0,1.0,227,7.336
c0509199-3584-491e-a27b-3382a46c51fd,2026-07-01T15:28:53,1675,1675,0,1.0,227,7.336
c0509199-3584-491e-a27b-3382a46c51fd,2026-07-01T15:28:53,1675,1675,0,1.0,227,7.336
c0509199-3584-491e-a27b-3382a46c51fd,2026-07-01T15:28:53,1675,1675,0,1.0,227,7.336
c0509199-3584-491e-a27b-3382a46c51fd,2026-07-01T15:28:53,1675,1675,0,1.0,227,7.336
c0509199-3584-491e-a27b-3382a46c51fd,2026-07-01T15:28:53,1675,1675,0,1.0,227,7.336
c0509199-3584-491e-a27b-3382a46c51fd,2026-07-01T15:28:53,1676,1676,0,1.0,227,7.336
c0509199-3584-491e-a27b-3382a46c51fd,2026-07-01T15:28:54,1675,1675,0,1.0,227,7.336
c0509199-3584-491e-a27b-3382a46c51fd,2026-07-01T15:28:54,1675,1675,0,1.0,227,7.336
c0509199-3584-491e-a27b-3382a46c51fd,2026-07-01T15:28:54,1675,1675,0,1.0,227,7.336
c0509199-3584-491e-a27b-3382a46c51fd,2026-07-01T15:28:54,1675,1675,0,1.0,227,7.336
c0509199-3584-491e-a27b-3382a46c51fd,2026-07-01T15:28:54,1675,1675,0,1.0,227,7.336
c0509199-3584-491e-a27b-3382a46c51fd,2026-07-01T15:28:54,1675,1675,0,1.0,227,7.336
c0509199-3584-491e-a27b-3382a46c51fd,2026-07-01T15:28:54,1675,1675,0,1.0,227,7.336
c0509199-3584-491e-a27b-3382a46c51fd,2026-07-01T15:28:54,1675,1675,0,1.0,227,7.336
c0509199-3584-491e-a27b-3382a46c51fd,2026-07-01T15:28:54,1675,1675,0,1.0,227,7.336
c0509199-3584-491e-a27b-3382a46c51fd,2026-07-01T15:28:54,1675,1675,0,1.0,227,7.336
c0509199-3584-491e-a27b-3382a46c51fd,2026-07-01T15:28:54,1675,1675,0,1.0,227,7.336
c0509199-3584-491e-a27b-3382a46c51fd,2026-07-01T15:28:55,1675,1675,0,1.0,227,7.336
c0509199-3584-491e-a27b-3382a46c51fd,2026-07-01T15:28:55,1675,1675,0,1.0,227,7.336
c0509199-3584-491e-a27b-3382a46c51fd,2026-07-01T15:28:55,1675,1675,0,1.0,227,7.336
c0509199-3584-491e-a27b-3382a46c51fd,2026-07-01T15:28:55,1675,1675,0,1.0,227,7.336
c0509199-3584-491e-a27b-3382a46c51fd,2026-07-01T15:28:55,1675,1675,0,1.0,227,7.336
c0509199-3584-491e-a27b-3382a46c51fd,2026-07-01T15:28:55,1675,1675,0,1.0,227,7.336
c0509199-3584-491e-a27b-3382a46c51fd,2026-07-01T15:28:55,1675,1675,0,1.0,227,7.336
c0509199-3584-491e-a27b-3382a46c51fd,2026-07-01T15:28:55,1675,1675,0,1.0,227,7.336
c0509199-3584-491e-a27b-3382a46c51fd,2026-07-01T15:28:55,1675,1675,0,1.0,227,7.336
c0509199-3584-491e-a27b-3382a46c51fd,2026-07-01T15:28:55,1675,1675,0,1.0,227,7.336
c0509199-3584-491e-a27b-3382a46c51fd,2026-07-01T15:28:56,1675,1675,0,1.0,227,7.336
c0509199-3584-491e-a27b-3382a46c51fd,2026-07-01T15:28:56,1675,1675,0,1.0,227,7.336
c0509199-3584-491e-a27b-3382a46c51fd,2026-07-01T15:28:56,1675,1675,0,1.0,227,7.336
c0509199-3584-491e-a27b-3382a46c51fd,2026-07-01T15:28:56,1675,1675,0,1.0,227,7.336
c0509199-3584-491e-a27b-3382a46c51fd,2026-07-01T15:28:56,1675,1675,0,1.0,227,7.336
c0509199-3584-491e-a27b-3382a46c51fd,2026-07-01T15:28:56,1675,1675,0,1.0,227,7.336
c0509199-3584-491e-a27b-3382a46c51fd,2026-07-01T15:28:56,1675,1675,0,1.0,227,7.336
c0509199-3584-491e-a27b-3382a46c51fd,2026-07-01T15:28:56,1675,1675,0,1.0,227,7.336
c0509199-3584-491e-a27b-3382a46c51fd,2026-07-01T15:28:56,1678,1678,0,1.0,227,7.336
c0509199-3584-491e-a27b-3382a46c51fd,2026-07-01T15:28:56,1678,1678,0,1.0,227,7.336
c0509199-3584-491e-a27b-3382a46c51fd,2026-07-01T15:28:57,1680,1680,0,1.0,227,7.336
c0509199-3584-491e-a27b-3382a46c51fd,2026-07-01T15:28:57,1680,1680,0,1.0,227,7.336
c0509199-3584-491e-a27b-3382a46c51fd,2026-07-01T15:28:57,1680,1680,0,1.0,227,7.336
c0509199-3584-491e-a27b-3382a46c51fd,2026-07-01T15:28:57,1680,1680,0,1.0,227,7.336
c0509199-3584-491e-a27b-3382a46c51fd,2026-07-01T15:28:57,1680,1680,0,1.0,227,7.336
c0509199-3584-491e-a27b-3382a46c51fd,2026-07-01T15:28:57,1680,1680,0,1.0,227,7.336
c0509199-3584-491e-a27b-3382a46c51fd,2026-07-01T15:28:57,1680,1680,0,1.0,227,7.336
c0509199-3584-491e-a27b-3382a46c51fd,2026-07-01T15:28:57,1680,1680,0,1.0,227,7.336
c0509199-3584-491e-a27b-3382a46c51fd,2026-07-01T15:28:57,1680,1680,0,1.0,227,7.344
c0509199-3584-491e-a27b-3382a46c51fd,2026-07-01T15:28:57,1680,1680,0,1.0,227,7.344
c0509199-3584-491e-a27b-3382a46c51fd,2026-07-01T15:28:58,1680,1680,0,1.0,227,7.344
c0509199-3584-491e-a27b-3382a46c51fd,2026-07-01T15:28:58,1680,1680,0,1.0,227,7.344
c0509199-3584-491e-a27b-3382a46c51fd,2026-07-01T15:28:58,1680,1680,0,1.0,227,7.344
c0509199-3584-491e-a27b-3382a46c51fd,2026-07-01T15:28:58,1680,1680,0,1.0,227,7.344
c0509199-3584-491e-a27b-3382a46c51fd,2026-07-01T15:28:58,1680,1680,0,1.0,227,7.344
c0509199-3584-491e-a27b-3382a46c51fd,2026-07-01T15:28:58,1680,1680,0,1.0,227,7.344
c0509199-3584-491e-a27b-3382a46c51fd,2026-07-01T15:28:58,1680,1680,0,1.0,227,7.344
c0509199-3584-491e-a27b-3382a46c51fd,2026-07-01T15:28:58,1680,1680,0,1.0,227,7.344
c0509199-3584-491e-a27b-3382a46c51fd,2026-07-01T15:28:58,1680,1680,0,1.0,227,7.344
c0509199-3584-491e-a27b-3382a46c51fd,2026-07-01T15:28:58,1680,1680,0,1.0,227,7.344
c0509199-3584-491e-a27b-3382a46c51fd,2026-07-01T15:28:59,1680,1680,0,1.0,227,7.344
c0509199-3584-491e-a27b-3382a46c51fd,2026-07-01T15:28:59,1680,1680,0,1.0,227,7.344
c0509199-3584-491e-a27b-3382a46c51fd,2026-07-01T15:28:59,1680,1680,0,1.0,227,7.344
c0509199-3584-491e-a27b-3382a46c51fd,2026-07-01T15:28:59,1680,1680,0,1.0,227,7.344
c0509199-3584-491e-a27b-3382a46c51fd,2026-07-01T15:28:59,1680,1680,0,1.0,227,7.348
c0509199-3584-491e-a27b-3382a46c51fd,2026-07-01T15:28:59,1680,1680,0,1.0,227,7.348
c0509199-3584-491e-a27b-3382a46c51fd,2026-07-01T15:28:59,1680,1680,0,1.0,227,7.348
c0509199-3584-491e-a27b-3382a46c51fd,2026-07-01T15:28:59,1676,1676,0,1.0,227,7.348
c0509199-3584-491e-a27b-3382a46c51fd,2026-07-01T15:28:59,1676,1676,0,1.0,227,7.348
c0509199-3584-491e-a27b-3382a46c51fd,2026-07-01T15:29:00,1678,1678,0,1.0,227,7.348
c0509199-3584-491e-a27b-3382a46c51fd,2026-07-01T15:29:00,1678,1678,0,1.0,227,7.348
c0509199-3584-491e-a27b-3382a46c51fd,2026-07-01T15:29:00,1676,1676,0,1.0,227,7.348
c0509199-3584-491e-a27b-3382a46c51fd,2026-07-01T15:29:00,1676,1676,0,1.0,227,7.348
c0509199-3584-491e-a27b-3382a46c51fd,2026-07-01T15:29:00,1676,1676,0,1.0,227,7.348
c0509199-3584-491e-a27b-3382a46c51fd,2026-07-01T15:29:00,1678,1678,0,1.0,227,7.348
c0509199-3584-491e-a27b-3382a46c51fd,2026-07-01T15:29:00,1678,1678,0,1.0,227,7.348
c0509199-3584-491e-a27b-3382a46c51fd,2026-07-01T15:29:00,1678,1678,0,1.0,227,7.348
c0509199-3584-491e-a27b-3382a46c51fd,2026-07-01T15:29:00,1678,1678,0,1.0,227,7.348
c0509199-3584-491e-a27b-3382a46c51fd,2026-07-01T15:29:00,1678,1678,0,1.0,227,7.348
c0509199-3584-491e-a27b-3382a46c51fd,2026-07-01T15:29:00,1678,1678,0,1.0,227,7.348
c0509199-3584-491e-a27b-3382a46c51fd,2026-07-01T15:29:01,1678,1678,0,1.0,227,7.34
c0509199-3584-491e-a27b-3382a46c51fd,2026-07-01T15:29:01,1678,1678,0,1.0,227,7.34
c0509199-3584-491e-a27b-3382a46c51fd,2026-07-01T15:29:01,1680,1680,0,1.0,227,7.34
c0509199-3584-491e-a27b-3382a46c51fd,2026-07-01T15:29:01,1680,1680,0,1.0,227,7.34
c0509199-3584-491e-a27b-3382a46c51fd,2026-07-01T15:29:01,1680,1680,0,1.0,227,7.34
c0509199-3584-491e-a27b-3382a46c51fd,2026-07-01T15:29:01,1680,1680,0,1.0,227,7.34
c0509199-3584-491e-a27b-3382a46c51fd,2026-07-01T15:29:01,1680,1680,0,1.0,227,7.34
c0509199-3584-491e-a27b-3382a46c51fd,2026-07-01T15:29:01,1680,1680,0,1.0,227,7.34
c0509199-3584-491e-a27b-3382a46c51fd,2026-07-01T15:29:01,1680,1680,0,1.0,227,7.34
c0509199-3584-491e-a27b-3382a46c51fd,2026-07-01T15:29:01,1680,1680,0,1.0,227,7.34
c0509199-3584-491e-a27b-3382a46c51fd,2026-07-01T15:29:02,1678,1678,0,1.0,227,7.34
c0509199-3584-491e-a27b-3382a46c51fd,2026-07-01T15:29:02,1678,1678,0,1.0,227,7.34
c0509199-3584-491e-a27b-3382a46c51fd,2026-07-01T15:29:02,1678,1678,0,1.0,227,7.34
c0509199-3584-491e-a27b-3382a46c51fd,2026-07-01T15:29:02,1678,1678,0,1.0,227,7.34
c0509199-3584-491e-a27b-3382a46c51fd,2026-07-01T15:29:02,1678,1678,0,1.0,227,7.34
c0509199-3584-491e-a27b-3382a46c51fd,2026-07-01T15:29:02,1678,1678,0,1.0,227,7.34
c0509199-3584-491e-a27b-3382a46c51fd,2026-07-01T15:29:02,1678,1678,0,1.0,227,7.34
c0509199-3584-491e-a27b-3382a46c51fd,2026-07-01T15:29:02,1678,1678,0,1.0,227,7.34
c0509199-3584-491e-a27b-3382a46c51fd,2026-07-01T15:29:02,1678,1678,0,1.0,227,7.34
c0509199-3584-491e-a27b-3382a46c51fd,2026-07-01T15:29:02,1678,1678,0,1.0,227,7.34
c0509199-3584-491e-a27b-3382a46c51fd,2026-07-01T15:29:03,1680,1680,0,1.0,227,7.34
c0509199-3584-491e-a27b-3382a46c51fd,2026-07-01T15:29:03,1680,1680,0,1.0,227,7.34
c0509199-3584-491e-a27b-3382a46c51fd,2026-07-01T15:29:03,1678,1678,0,1.0,227,7.34
c0509199-3584-491e-a27b-3382a46c51fd,2026-07-01T15:29:03,1678,1678,0,1.0,227,7.34
c0509199-3584-491e-a27b-3382a46c51fd,2026-07-01T15:29:03,1678,1678,0,1.0,227,7.34
c0509199-3584-491e-a27b-3382a46c51fd,2026-07-01T15:29:03,1678,1678,0,1.0,227,7.34
c0509199-3584-491e-a27b-3382a46c51fd,2026-07-01T15:29:03,1678,1678,0,1.0,227,7.34
c0509199-3584-491e-a27b-3382a46c51fd,2026-07-01T15:29:03,1678,1678,0,1.0,227,7.34
c0509199-3584-491e-a27b-3382a46c51fd,2026-07-01T15:29:03,1678,1678,0,1.0,227,7.34
c0509199-3584-491e-a27b-3382a46c51fd,2026-07-01T15:29:03,1678,1678,0,1.0,227,7.34
c0509199-3584-491e-a27b-3382a46c51fd,2026-07-01T15:29:04,1678,1678,0,1.0,227,7.34
c0509199-3584-491e-a27b-3382a46c51fd,2026-07-01T15:29:04,1678,1678,0,1.0,227,7.34
c0509199-3584-491e-a27b-3382a46c51fd,2026-07-01T15:29:04,1680,1680,0,1.0,227,7.34
c0509199-3584-491e-a27b-3382a46c51fd,2026-07-01T15:29:04,1680,1680,0,1.0,227,7.34
c0509199-3584-491e-a27b-3382a46c51fd,2026-07-01T15:29:04,1680,1680,0,1.0,227,7.34
c0509199-3584-491e-a27b-3382a46c51fd,2026-07-01T15:29:04,1678,1678,0,1.0,227,7.34
c0509199-3584-491e-a27b-3382a46c51fd,2026-07-01T15:29:04,1678,1678,0,1.0,227,7.34
c0509199-3584-491e-a27b-3382a46c51fd,2026-07-01T15:29:04,1678,1678,0,1.0,227,7.34
c0509199-3584-491e-a27b-3382a46c51fd,2026-07-01T15:29:04,1678,1678,0,1.0,227,7.34
c0509199-3584-491e-a27b-3382a46c51fd,2026-07-01T15:29:04,1678,1678,0,1.0,227,7.34
c0509199-3584-491e-a27b-3382a46c51fd,2026-07-01T15:29:05,1678,1678,0,1.0,227,7.34
c0509199-3584-491e-a27b-3382a46c51fd,2026-07-01T15:29:05,1678,1678,0,1.0,227,7.34
c0509199-3584-491e-a27b-3382a46c51fd,2026-07-01T15:29:05,1678,1678,0,1.0,227,7.34
c0509199-3584-491e-a27b-3382a46c51fd,2026-07-01T15:29:05,1678,1678,0,1.0,227,7.34
c0509199-3584-491e-a27b-3382a46c51fd,2026-07-01T15:29:05,1678,1678,0,1.0,227,7.34
c0509199-3584-491e-a27b-3382a46c51fd,2026-07-01T15:29:05,1678,1678,0,1.0,227,7.34
c0509199-3584-491e-a27b-3382a46c51fd,2026-07-01T15:29:05,1680,1680,0,1.0,227,7.34
c0509199-3584-491e-a27b-3382a46c51fd,2026-07-01T15:29:05,1678,1678,0,1.0,227,7.344
c0509199-3584-491e-a27b-3382a46c51fd,2026-07-01T15:29:05,1678,1678,0,1.0,227,7.344
c0509199-3584-491e-a27b-3382a46c51fd,2026-07-01T15:29:06,1680,1680,0,1.0,227,7.344
c0509199-3584-491e-a27b-3382a46c51fd,2026-07-01T15:29:06,1680,1680,0,1.0,227,7.344
c0509199-3584-491e-a27b-3382a46c51fd,2026-07-01T15:29:06,1680,1680,0,1.0,227,7.344
c0509199-3584-491e-a27b-3382a46c51fd,2026-07-01T15:29:06,1678,1678,0,1.0,227,7.344
c0509199-3584-491e-a27b-3382a46c51fd,2026-07-01T15:29:06,1678,1678,0,1.0,227,7.344
c0509199-3584-491e-a27b-3382a46c51fd,2026-07-01T15:29:06,1678,1678,0,1.0,227,7.344
c0509199-3584-491e-a27b-3382a46c51fd,2026-07-01T15:29:06,1678,1678,0,1.0,227,7.344
c0509199-3584-491e-a27b-3382a46c51fd,2026-07-01T15:29:06,1678,1678,0,1.0,227,7.344
c0509199-3584-491e-a27b-3382a46c51fd,2026-07-01T15:29:06,1678,1678,0,1.0,227,7.344
c0509199-3584-491e-a27b-3382a46c51fd,2026-07-01T15:29:06,1678,1678,0,1.0,227,7.344
c0509199-3584-491e-a27b-3382a46c51fd,2026-07-01T15:29:06,1678,1678,0,1.0,227,7.344
c0509199-3584-491e-a27b-3382a46c51fd,2026-07-01T15:29:07,1680,1680,0,1.0,227,7.344
c0509199-3584-491e-a27b-3382a46c51fd,2026-07-01T15:29:07,1680,1680,0,1.0,227,7.344
c0509199-3584-491e-a27b-3382a46c51fd,2026-07-01T15:29:07,1678,1678,0,1.0,227,7.344
c0509199-3584-491e-a27b-3382a46c51fd,2026-07-01T15:29:07,1678,1678,0,1.0,227,7.344
c0509199-3584-491e-a27b-3382a46c51fd,2026-07-01T15:29:07,1680,1680,0,1.0,227,7.344
c0509199-3584-491e-a27b-3382a46c51fd,2026-07-01T15:29:07,1680,1680,0,1.0,227,7.344
c0509199-3584-491e-a27b-3382a46c51fd,2026-07-01T15:29:07,1678,1678,0,1.0,227,7.344
c0509199-3584-491e-a27b-3382a46c51fd,2026-07-01T15:29:07,1678,1678,0,1.0,227,7.344
c0509199-3584-491e-a27b-3382a46c51fd,2026-07-01T15:29:07,1678,1678,0,1.0,227,7.344
c0509199-3584-491e-a27b-3382a46c51fd,2026-07-01T15:29:07,1678,1678,0,1.0,227,7.344
c0509199-3584-491e-a27b-3382a46c51fd,2026-07-01T15:29:08,1678,1678,0,1.0,227,7.344
c0509199-3584-491e-a27b-3382a46c51fd,2026-07-01T15:29:08,1678,1678,0,1.0,227,7.344
c0509199-3584-491e-a27b-3382a46c51fd,2026-07-01T15:29:08,1678,1678,0,1.0,227,7.344
c0509199-3584-491e-a27b-3382a46c51fd,2026-07-01T15:29:08,1678,1678,0,1.0,227,7.344
c0509199-3584-491e-a27b-3382a46c51fd,2026-07-01T15:29:08,1678,1678,0,1.0,227,7.344
c0509199-3584-491e-a27b-3382a46c51fd,2026-07-01T15:29:08,1678,1678,0,1.0,227,7.344
c0509199-3584-491e-a27b-3382a46c51fd,2026-07-01T15:29:08,1678,1678,0,1.0,227,7.344
c0509199-3584-491e-a27b-3382a46c51fd,2026-07-01T15:29:08,1678,1678,0,1.0,227,7.344
c0509199-3584-491e-a27b-3382a46c51fd,2026-07-01T15:29:08,1678,1678,0,1.0,227,7.344
c0509199-3584-491e-a27b-3382a46c51fd,2026-07-01T15:29:08,1678,1678,0,1.0,227,7.344
c0509199-3584-491e-a27b-3382a46c51fd,2026-07-01T15:29:09,1678,1678,0,1.0,227,7.34
c0509199-3584-491e-a27b-3382a46c51fd,2026-07-01T15:29:09,1678,1678,0,1.0,227,7.34
c0509199-3584-491e-a27b-3382a46c51fd,2026-07-01T15:29:09,1678,1678,0,1.0,227,7.34
c0509199-3584-491e-a27b-3382a46c51fd,2026-07-01T15:29:09,1678,1678,0,1.0,227,7.34
c0509199-3584-491e-a27b-3382a46c51fd,2026-07-01T15:29:09,1678,1678,0,1.0,227,7.34
c0509199-3584-491e-a27b-3382a46c51fd,2026-07-01T15:29:09,1678,1678,0,1.0,227,7.34
c0509199-3584-491e-a27b-3382a46c51fd,2026-07-01T15:29:09,1678,1678,0,1.0,227,7.34
c0509199-3584-491e-a27b-3382a46c51fd,2026-07-01T15:29:09,1678,1678,0,1.0,227,7.34
c0509199-3584-491e-a27b-3382a46c51fd,2026-07-01T15:29:09,1678,1678,0,1.0,227,7.34
c0509199-3584-491e-a27b-3382a46c51fd,2026-07-01T15:29:09,1678,1678,0,1.0,227,7.34
c0509199-3584-491e-a27b-3382a46c51fd,2026-07-01T15:29:10,1678,1678,0,1.0,227,7.34
c0509199-3584-491e-a27b-3382a46c51fd,2026-07-01T15:29:10,1678,1678,0,1.0,227,7.34
c0509199-3584-491e-a27b-3382a46c51fd,2026-07-01T15:29:10,1678,1678,0,1.0,227,7.34
c0509199-3584-491e-a27b-3382a46c51fd,2026-07-01T15:29:10,1678,1678,0,1.0,227,7.34
c0509199-3584-491e-a27b-3382a46c51fd,2026-07-01T15:29:10,1678,1678,0,1.0,227,7.34
c0509199-3584-491e-a27b-3382a46c51fd,2026-07-01T15:29:10,1678,1678,0,1.0,227,7.34
c0509199-3584-491e-a27b-3382a46c51fd,2026-07-01T15:29:10,1678,1678,0,1.0,227,7.34
c0509199-3584-491e-a27b-3382a46c51fd,2026-07-01T15:29:10,1678,1678,0,1.0,227,7.34
c0509199-3584-491e-a27b-3382a46c51fd,2026-07-01T15:29:10,1678,1678,0,1.0,227,7.34
c0509199-3584-491e-a27b-3382a46c51fd,2026-07-01T15:29:10,1678,1678,0,1.0,227,7.34
c0509199-3584-491e-a27b-3382a46c51fd,2026-07-01T15:29:11,1678,1678,0,1.0,227,7.34
c0509199-3584-491e-a27b-3382a46c51fd,2026-07-01T15:29:11,1678,1678,0,1.0,227,7.34
c0509199-3584-491e-a27b-3382a46c51fd,2026-07-01T15:29:11,1678,1678,0,1.0,227,7.34
c0509199-3584-491e-a27b-3382a46c51fd,2026-07-01T15:29:11,1678,1678,0,1.0,227,7.34
c0509199-3584-491e-a27b-3382a46c51fd,2026-07-01T15:29:11,1678,1678,0,1.0,227,7.34
c0509199-3584-491e-a27b-3382a46c51fd,2026-07-01T15:29:11,1678,1678,0,1.0,227,7.34
c0509199-3584-491e-a27b-3382a46c51fd,2026-07-01T15:29:11,1676,1676,0,1.0,227,7.34
c0509199-3584-491e-a27b-3382a46c51fd,2026-07-01T15:29:11,1676,1676,0,1.0,227,7.34
c0509199-3584-491e-a27b-3382a46c51fd,2026-07-01T15:29:11,1675,1675,0,1.0,227,7.34
c0509199-3584-491e-a27b-3382a46c51fd,2026-07-01T15:29:11,1675,1675,0,1.0,227,7.34
c0509199-3584-491e-a27b-3382a46c51fd,2026-07-01T15:29:12,1675,1675,0,1.0,227,7.34
c0509199-3584-491e-a27b-3382a46c51fd,2026-07-01T15:29:12,1675,1675,0,1.0,227,7.34
c0509199-3584-491e-a27b-3382a46c51fd,2026-07-01T15:29:12,1675,1675,0,1.0,227,7.336
c0509199-3584-491e-a27b-3382a46c51fd,2026-07-01T15:29:12,1675,1675,0,1.0,227,7.336
c0509199-3584-491e-a27b-3382a46c51fd,2026-07-01T15:29:12,1676,1676,0,1.0,227,7.336
c0509199-3584-491e-a27b-3382a46c51fd,2026-07-01T15:29:12,1676,1676,0,1.0,227,7.336
c0509199-3584-491e-a27b-3382a46c51fd,2026-07-01T15:29:12,1675,1675,0,1.0,227,7.336
c0509199-3584-491e-a27b-3382a46c51fd,2026-07-01T15:29:12,1675,1675,0,1.0,227,7.336
c0509199-3584-491e-a27b-3382a46c51fd,2026-07-01T15:29:12,1675,1675,0,1.0,227,7.336
c0509199-3584-491e-a27b-3382a46c51fd,2026-07-01T15:29:12,1675,1675,0,1.0,227,7.336
c0509199-3584-491e-a27b-3382a46c51fd,2026-07-01T15:29:13,1675,1675,0,1.0,227,7.336
c0509199-3584-491e-a27b-3382a46c51fd,2026-07-01T15:29:13,1675,1675,0,1.0,227,7.336
c0509199-3584-491e-a27b-3382a46c51fd,2026-07-01T15:29:13,1675,1675,0,1.0,227,7.336
c0509199-3584-491e-a27b-3382a46c51fd,2026-07-01T15:29:13,1675,1675,0,1.0,227,7.336
c0509199-3584-491e-a27b-3382a46c51fd,2026-07-01T15:29:13,1675,1675,0,1.0,227,7.336
c0509199-3584-491e-a27b-3382a46c51fd,2026-07-01T15:29:13,1675,1675,0,1.0,227,7.336
c0509199-3584-491e-a27b-3382a46c51fd,2026-07-01T15:29:13,1676,1676,0,1.0,227,7.336
c0509199-3584-491e-a27b-3382a46c51fd,2026-07-01T15:29:13,1676,1676,0,1.0,227,7.336
c0509199-3584-491e-a27b-3382a46c51fd,2026-07-01T15:29:13,1675,1675,0,1.0,227,7.331
c0509199-3584-491e-a27b-3382a46c51fd,2026-07-01T15:29:13,1675,1675,0,1.0,227,7.331
c0509199-3584-491e-a27b-3382a46c51fd,2026-07-01T15:29:14,1675,1675,0,1.0,227,7.331
c0509199-3584-491e-a27b-3382a46c51fd,2026-07-01T15:29:14,1675,1675,0,1.0,227,7.331
c0509199-3584-491e-a27b-3382a46c51fd,2026-07-01T15:29:14,1675,1675,0,1.0,227,7.331
c0509199-3584-491e-a27b-3382a46c51fd,2026-07-01T15:29:14,1675,1675,0,1.0,227,7.331
c0509199-3584-491e-a27b-3382a46c51fd,2026-07-01T15:29:14,1673,1673,0,1.0,227,7.331
c0509199-3584-491e-a27b-3382a46c51fd,2026-07-01T15:29:14,1673,1673,0,1.0,227,7.331
c0509199-3584-491e-a27b-3382a46c51fd,2026-07-01T15:29:14,1667,1667,0,1.0,227,7.331
c0509199-3584-491e-a27b-3382a46c51fd,2026-07-01T15:29:14,1667,1667,0,1.0,227,7.331
c0509199-3584-491e-a27b-3382a46c51fd,2026-07-01T15:29:14,1667,1667,0,1.0,227,7.331
c0509199-3584-491e-a27b-3382a46c51fd,2026-07-01T15:29:14,1667,1667,0,1.0,227,7.331
c0509199-3584-491e-a27b-3382a46c51fd,2026-07-01T15:29:15,1667,1667,0,1.0,227,7.331
c0509199-3584-491e-a27b-3382a46c51fd,2026-07-01T15:29:15,1667,1667,0,1.0,227,7.331
c0509199-3584-491e-a27b-3382a46c51fd,2026-07-01T15:29:15,1667,1667,0,1.0,227,7.331
c0509199-3584-491e-a27b-3382a46c51fd,2026-07-01T15:29:15,1667,1667,0,1.0,227,7.331
c0509199-3584-491e-a27b-3382a46c51fd,2026-07-01T15:29:15,1667,1667,0,1.0,227,7.319
c0509199-3584-491e-a27b-3382a46c51fd,2026-07-01T15:29:15,1667,1667,0,1.0,227,7.319
c0509199-3584-491e-a27b-3382a46c51fd,2026-07-01T15:29:15,1669,1669,0,1.0,227,7.319
c0509199-3584-491e-a27b-3382a46c51fd,2026-07-01T15:29:15,1669,1669,0,1.0,227,7.319
c0509199-3584-491e-a27b-3382a46c51fd,2026-07-01T15:29:15,1669,1669,0,1.0,227,7.319
c0509199-3584-491e-a27b-3382a46c51fd,2026-07-01T15:29:15,1669,1669,0,1.0,227,7.319
c0509199-3584-491e-a27b-3382a46c51fd,2026-07-01T15:29:16,1669,1669,0,1.0,227,7.319
c0509199-3584-491e-a27b-3382a46c51fd,2026-07-01T15:29:16,1669,1669,0,1.0,227,7.319
c0509199-3584-491e-a27b-3382a46c51fd,2026-07-01T15:29:16,1669,1669,0,1.0,227,7.319
c0509199-3584-491e-a27b-3382a46c51fd,2026-07-01T15:29:16,1669,1669,0,1.0,227,7.319
c0509199-3584-491e-a27b-3382a46c51fd,2026-07-01T15:29:16,1669,1669,0,1.0,227,7.319
c0509199-3584-491e-a27b-3382a46c51fd,2026-07-01T15:29:16,1669,1669,0,1.0,227,7.319
c0509199-3584-491e-a27b-3382a46c51fd,2026-07-01T15:29:16,1669,1669,0,1.0,227,7.319
c0509199-3584-491e-a27b-3382a46c51fd,2026-07-01T15:29:16,1669,1669,0,1.0,227,7.319
c0509199-3584-491e-a27b-3382a46c51fd,2026-07-01T15:29:16,1669,1669,0,1.0,227,7.319
c0509199-3584-491e-a27b-3382a46c51fd,2026-07-01T15:29:16,1669,1669,0,1.0,227,7.319
c0509199-3584-491e-a27b-3382a46c51fd,2026-07-01T15:29:17,1669,1669,0,1.0,227,7.319
c0509199-3584-491e-a27b-3382a46c51fd,2026-07-01T15:29:17,1669,1669,0,1.0,227,7.319
c0509199-3584-491e-a27b-3382a46c51fd,2026-07-01T15:29:17,1669,1669,0,1.0,227,7.319
c0509199-3584-491e-a27b-3382a46c51fd,2026-07-01T15:29:17,1669,1669,0,1.0,227,7.319
c0509199-3584-491e-a27b-3382a46c51fd,2026-07-01T15:29:17,1669,1669,0,1.0,227,7.319
c0509199-3584-491e-a27b-3382a46c51fd,2026-07-01T15:29:17,1669,1669,0,1.0,227,7.319
c0509199-3584-491e-a27b-3382a46c51fd,2026-07-01T15:29:17,1669,1669,0,1.0,227,7.319
c0509199-3584-491e-a27b-3382a46c51fd,2026-07-01T15:29:17,1669,1669,0,1.0,227,7.319
c0509199-3584-491e-a27b-3382a46c51fd,2026-07-01T15:29:17,1669,1669,0,1.0,227,7.319
c0509199-3584-491e-a27b-3382a46c51fd,2026-07-01T15:29:17,1669,1669,0,1.0,227,7.319
c0509199-3584-491e-a27b-3382a46c51fd,2026-07-01T15:29:18,1669,1669,0,1.0,227,7.319
c0509199-3584-491e-a27b-3382a46c51fd,2026-07-01T15:29:18,1669,1669,0,1.0,227,7.319
c0509199-3584-491e-a27b-3382a46c51fd,2026-07-01T15:29:18,1667,1667,0,1.0,227,7.319
c0509199-3584-491e-a27b-3382a46c51fd,2026-07-01T15:29:18,1667,1667,0,1.0,227,7.319
c0509199-3584-491e-a27b-3382a46c51fd,2026-07-01T15:29:18,1669,1669,0,1.0,227,7.319
c0509199-3584-491e-a27b-3382a46c51fd,2026-07-01T15:29:18,1669,1669,0,1.0,227,7.319
c0509199-3584-491e-a27b-3382a46c51fd,2026-07-01T15:29:18,1669,1669,0,1.0,227,7.319
c0509199-3584-491e-a27b-3382a46c51fd,2026-07-01T15:29:18,1669,1669,0,1.0,227,7.319
c0509199-3584-491e-a27b-3382a46c51fd,2026-07-01T15:29:18,1669,1669,0,1.0,227,7.319
c0509199-3584-491e-a27b-3382a46c51fd,2026-07-01T15:29:18,1669,1669,0,1.0,227,7.319
c0509199-3584-491e-a27b-3382a46c51fd,2026-07-01T15:29:19,1669,1669,0,1.0,227,7.319
c0509199-3584-491e-a27b-3382a46c51fd,2026-07-01T15:29:19,1669,1669,0,1.0,227,7.319
c0509199-3584-491e-a27b-3382a46c51fd,2026-07-01T15:29:19,1667,1667,0,1.0,227,7.319
c0509199-3584-491e-a27b-3382a46c51fd,2026-07-01T15:29:19,1667,1667,0,1.0,227,7.319
c0509199-3584-491e-a27b-3382a46c51fd,2026-07-01T15:29:19,1665,1665,0,1.0,226,7.319
c0509199-3584-491e-a27b-3382a46c51fd,2026-07-01T15:29:19,1665,1665,0,1.0,226,7.319
c0509199-3584-491e-a27b-3382a46c51fd,2026-07-01T15:29:19,1664,1664,0,1.0,226,7.319
c0509199-3584-491e-a27b-3382a46c51fd,2026-07-01T15:29:19,1664,1664,0,1.0,226,7.319
c0509199-3584-491e-a27b-3382a46c51fd,2026-07-01T15:29:19,1665,1665,0,1.0,226,7.319
c0509199-3584-491e-a27b-3382a46c51fd,2026-07-01T15:29:19,1665,1665,0,1.0,226,7.319
c0509199-3584-491e-a27b-3382a46c51fd,2026-07-01T15:29:20,1665,1665,0,1.0,226,7.319
c0509199-3584-491e-a27b-3382a46c51fd,2026-07-01T15:29:20,1665,1665,0,1.0,226,7.319
c0509199-3584-491e-a27b-3382a46c51fd,2026-07-01T15:29:20,1665,1665,0,1.0,226,7.31
c0509199-3584-491e-a27b-3382a46c51fd,2026-07-01T15:29:20,1665,1665,0,1.0,226,7.31
c0509199-3584-491e-a27b-3382a46c51fd,2026-07-01T15:29:20,1665,1665,0,1.0,226,7.31
c0509199-3584-491e-a27b-3382a46c51fd,2026-07-01T15:29:20,1665,1665,0,1.0,226,7.31
c0509199-3584-491e-a27b-3382a46c51fd,2026-07-01T15:29:20,1665,1665,0,1.0,226,7.31
c0509199-3584-491e-a27b-3382a46c51fd,2026-07-01T15:29:20,1665,1665,0,1.0,226,7.31
c0509199-3584-491e-a27b-3382a46c51fd,2026-07-01T15:29:20,1665,1665,0,1.0,226,7.31
c0509199-3584-491e-a27b-3382a46c51fd,2026-07-01T15:29:20,1665,1665,0,1.0,226,7.31
c0509199-3584-491e-a27b-3382a46c51fd,2026-07-01T15:29:21,1665,1665,0,1.0,226,7.31
c0509199-3584-491e-a27b-3382a46c51fd,2026-07-01T15:29:21,1665,1665,0,1.0,226,7.31
c0509199-3584-491e-a27b-3382a46c51fd,2026-07-01T15:29:21,1665,1665,0,1.0,226,7.31
c0509199-3584-491e-a27b-3382a46c51fd,2026-07-01T15:29:21,1665,1665,0,1.0,226,7.31
c0509199-3584-491e-a27b-3382a46c51fd,2026-07-01T15:29:21,1665,1665,0,1.0,226,7.31
c0509199-3584-491e-a27b-3382a46c51fd,2026-07-01T15:29:21,1665,1665,0,1.0,226,7.31
c0509199-3584-491e-a27b-3382a46c51fd,2026-07-01T15:29:21,1665,1665,0,1.0,226,7.31
c0509199-3584-491e-a27b-3382a46c51fd,2026-07-01T15:29:21,1665,1665,0,1.0,226,7.31
c0509199-3584-491e-a27b-3382a46c51fd,2026-07-01T15:29:21,1671,1671,0,1.0,226,7.319
c0509199-3584-491e-a27b-3382a46c51fd,2026-07-01T15:29:21,1671,1671,0,1.0,226,7.319
c0509199-3584-491e-a27b-3382a46c51fd,2026-07-01T15:29:22,1673,1673,0,1.0,226,7.319
c0509199-3584-491e-a27b-3382a46c51fd,2026-07-01T15:29:22,1673,1673,0,1.0,226,7.319
c0509199-3584-491e-a27b-3382a46c51fd,2026-07-01T15:29:22,1673,1673,0,1.0,226,7.319
c0509199-3584-491e-a27b-3382a46c51fd,2026-07-01T15:29:22,1673,1673,0,1.0,226,7.319
c0509199-3584-491e-a27b-3382a46c51fd,2026-07-01T15:29:22,1673,1673,0,1.0,226,7.319
c0509199-3584-491e-a27b-3382a46c51fd,2026-07-01T15:29:22,1673,1673,0,1.0,226,7.319
c0509199-3584-491e-a27b-3382a46c51fd,2026-07-01T15:29:22,1673,1673,0,1.0,227,7.319
c0509199-3584-491e-a27b-3382a46c51fd,2026-07-01T15:29:22,1673,1673,0,1.0,227,7.319
c0509199-3584-491e-a27b-3382a46c51fd,2026-07-01T15:29:22,1671,1671,0,1.0,227,7.319
c0509199-3584-491e-a27b-3382a46c51fd,2026-07-01T15:29:22,1671,1671,0,1.0,227,7.319
c0509199-3584-491e-a27b-3382a46c51fd,2026-07-01T15:29:23,1671,1671,0,1.0,227,7.319
c0509199-3584-491e-a27b-3382a46c51fd,2026-07-01T15:29:23,1671,1671,0,1.0,227,7.319
c0509199-3584-491e-a27b-3382a46c51fd,2026-07-01T15:29:23,1671,1671,0,1.0,227,7.319
c0509199-3584-491e-a27b-3382a46c51fd,2026-07-01T15:29:23,1671,1671,0,1.0,227,7.319
c0509199-3584-491e-a27b-3382a46c51fd,2026-07-01T15:29:23,1671,1671,0,1.0,227,7.323
c0509199-3584-491e-a27b-3382a46c51fd,2026-07-01T15:29:23,1671,1671,0,1.0,227,7.323
c0509199-3584-491e-a27b-3382a46c51fd,2026-07-01T15:29:23,1665,1665,0,1.0,227,7.323
c0509199-3584-491e-a27b-3382a46c51fd,2026-07-01T15:29:23,1665,1665,0,1.0,227,7.323
c0509199-3584-491e-a27b-3382a46c51fd,2026-07-01T15:29:23,1664,1664,0,1.0,227,7.323
c0509199-3584-491e-a27b-3382a46c51fd,2026-07-01T15:29:23,1664,1664,0,1.0,227,7.323
c0509199-3584-491e-a27b-3382a46c51fd,2026-07-01T15:29:24,1664,1664,0,1.0,227,7.323
c0509199-3584-491e-a27b-3382a46c51fd,2026-07-01T15:29:24,1664,1664,0,1.0,227,7.323
c0509199-3584-491e-a27b-3382a46c51fd,2026-07-01T15:29:24,1664,1664,0,1.0,226,7.323
c0509199-3584-491e-a27b-3382a46c51fd,2026-07-01T15:29:24,1664,1664,0,1.0,226,7.323
c0509199-3584-491e-a27b-3382a46c51fd,2026-07-01T15:29:24,1664,1664,0,1.0,226,7.323
c0509199-3584-491e-a27b-3382a46c51fd,2026-07-01T15:29:24,1664,1664,0,1.0,226,7.323
c0509199-3584-491e-a27b-3382a46c51fd,2026-07-01T15:29:24,1664,1664,0,1.0,226,7.323
c0509199-3584-491e-a27b-3382a46c51fd,2026-07-01T15:29:24,1664,1664,0,1.0,226,7.323
c0509199-3584-491e-a27b-3382a46c51fd,2026-07-01T15:29:24,1664,1664,0,1.0,226,7.323
c0509199-3584-491e-a27b-3382a46c51fd,2026-07-01T15:29:25,1664,1664,0,1.0,226,7.306
c0509199-3584-491e-a27b-3382a46c51fd,2026-07-01T15:29:25,1664,1664,0,1.0,226,7.306
c0509199-3584-491e-a27b-3382a46c51fd,2026-07-01T15:29:25,1664,1664,0,1.0,226,7.306
c0509199-3584-491e-a27b-3382a46c51fd,2026-07-01T15:29:25,1664,1664,0,1.0,226,7.306
c0509199-3584-491e-a27b-3382a46c51fd,2026-07-01T15:29:25,1664,1664,0,1.0,226,7.306
c0509199-3584-491e-a27b-3382a46c51fd,2026-07-01T15:29:25,1664,1664,0,1.0,226,7.306
c0509199-3584-491e-a27b-3382a46c51fd,2026-07-01T15:29:25,1669,1669,0,1.0,226,7.306
c0509199-3584-491e-a27b-3382a46c51fd,2026-07-01T15:29:25,1669,1669,0,1.0,226,7.306
c0509199-3584-491e-a27b-3382a46c51fd,2026-07-01T15:29:25,1669,1669,0,1.0,226,7.306
c0509199-3584-491e-a27b-3382a46c51fd,2026-07-01T15:29:25,1671,1671,0,1.0,227,7.306
c0509199-3584-491e-a27b-3382a46c51fd,2026-07-01T15:29:25,1671,1671,0,1.0,227,7.306
c0509199-3584-491e-a27b-3382a46c51fd,2026-07-01T15:29:26,1671,1671,0,1.0,227,7.306
c0509199-3584-491e-a27b-3382a46c51fd,2026-07-01T15:29:26,1671,1671,0,1.0,227,7.306
c0509199-3584-491e-a27b-3382a46c51fd,2026-07-01T15:29:26,1671,1671,0,1.0,227,7.306
c0509199-3584-491e-a27b-3382a46c51fd,2026-07-01T15:29:26,1671,1671,0,1.0,227,7.306
c0509199-3584-491e-a27b-3382a46c51fd,2026-07-01T15:29:26,1671,1671,0,1.0,227,7.306
c0509199-3584-491e-a27b-3382a46c51fd,2026-07-01T15:29:26,1671,1671,0,1.0,227,7.306
c0509199-3584-491e-a27b-3382a46c51fd,2026-07-01T15:29:26,1673,1673,0,1.0,227,7.323
c0509199-3584-491e-a27b-3382a46c51fd,2026-07-01T15:29:26,1673,1673,0,1.0,227,7.323
c0509199-3584-491e-a27b-3382a46c51fd,2026-07-01T15:29:26,1671,1671,0,1.0,227,7.323
c0509199-3584-491e-a27b-3382a46c51fd,2026-07-01T15:29:26,1671,1671,0,1.0,227,7.323
c0509199-3584-491e-a27b-3382a46c51fd,2026-07-01T15:29:27,1671,1671,0,1.0,227,7.323
c0509199-3584-491e-a27b-3382a46c51fd,2026-07-01T15:29:27,1671,1671,0,1.0,227,7.323
c0509199-3584-491e-a27b-3382a46c51fd,2026-07-01T15:29:27,1671,1671,0,1.0,227,7.323
c0509199-3584-491e-a27b-3382a46c51fd,2026-07-01T15:29:27,1671,1671,0,1.0,227,7.323
c0509199-3584-491e-a27b-3382a46c51fd,2026-07-01T15:29:27,1671,1671,0,1.0,227,7.323
c0509199-3584-491e-a27b-3382a46c51fd,2026-07-01T15:29:27,1671,1671,0,1.0,227,7.323
c0509199-3584-491e-a27b-3382a46c51fd,2026-07-01T15:29:27,1671,1671,0,1.0,227,7.323
c0509199-3584-491e-a27b-3382a46c51fd,2026-07-01T15:29:27,1671,1671,0,1.0,227,7.323
c0509199-3584-491e-a27b-3382a46c51fd,2026-07-01T15:29:27,1671,1671,0,1.0,227,7.323
c0509199-3584-491e-a27b-3382a46c51fd,2026-07-01T15:29:27,1671,1671,0,1.0,227,7.323
c0509199-3584-491e-a27b-3382a46c51fd,2026-07-01T15:29:28,1671,1671,0,1.0,227,7.323
c0509199-3584-491e-a27b-3382a46c51fd,2026-07-01T15:29:28,1671,1671,0,1.0,227,7.323
c0509199-3584-491e-a27b-3382a46c51fd,2026-07-01T15:29:28,1671,1671,0,1.0,227,7.323
c0509199-3584-491e-a27b-3382a46c51fd,2026-07-01T15:29:28,1671,1671,0,1.0,227,7.323
c0509199-3584-491e-a27b-3382a46c51fd,2026-07-01T15:29:28,1671,1671,0,1.0,227,7.323
c0509199-3584-491e-a27b-3382a46c51fd,2026-07-01T15:29:28,1671,1671,0,1.0,227,7.323
c0509199-3584-491e-a27b-3382a46c51fd,2026-07-01T15:29:28,1671,1671,0,1.0,227,7.323
c0509199-3584-491e-a27b-3382a46c51fd,2026-07-01T15:29:28,1671,1671,0,1.0,227,7.323
c0509199-3584-491e-a27b-3382a46c51fd,2026-07-01T15:29:28,1671,1671,0,1.0,227,7.323
c0509199-3584-491e-a27b-3382a46c51fd,2026-07-01T15:29:28,1671,1671,0,1.0,227,7.323
c0509199-3584-491e-a27b-3382a46c51fd,2026-07-01T15:29:29,1671,1671,0,1.0,227,7.323
c0509199-3584-491e-a27b-3382a46c51fd,2026-07-01T15:29:29,1671,1671,0,1.0,227,7.323
c0509199-3584-491e-a27b-3382a46c51fd,2026-07-01T15:29:29,1671,1671,0,1.0,227,7.323
c0509199-3584-491e-a27b-3382a46c51fd,2026-07-01T15:29:29,1671,1671,0,1.0,227,7.323
c0509199-3584-491e-a27b-3382a46c51fd,2026-07-01T15:29:29,1671,1671,0,1.0,227,7.323
c0509199-3584-491e-a27b-3382a46c51fd,2026-07-01T15:29:29,1671,1671,0,1.0,227,7.323
c0509199-3584-491e-a27b-3382a46c51fd,2026-07-01T15:29:29,1671,1671,0,1.0,227,7.323
c0509199-3584-491e-a27b-3382a46c51fd,2026-07-01T15:29:29,1671,1671,0,1.0,227,7.323
c0509199-3584-491e-a27b-3382a46c51fd,2026-07-01T15:29:29,1671,1671,0,1.0,227,7.323
c0509199-3584-491e-a27b-3382a46c51fd,2026-07-01T15:29:29,1671,1671,0,1.0,227,7.323
c0509199-3584-491e-a27b-3382a46c51fd,2026-07-01T15:29:30,1671,1671,0,1.0,227,7.323
c0509199-3584-491e-a27b-3382a46c51fd,2026-07-01T15:29:30,1671,1671,0,1.0,227,7.323
c0509199-3584-491e-a27b-3382a46c51fd,2026-07-01T15:29:30,1671,1671,0,1.0,227,7.323
c0509199-3584-491e-a27b-3382a46c51fd,2026-07-01T15:29:30,1671,1671,0,1.0,227,7.323
c0509199-3584-491e-a27b-3382a46c51fd,2026-07-01T15:29:30,1671,1671,0,1.0,227,7.323
c0509199-3584-491e-a27b-3382a46c51fd,2026-07-01T15:29:30,1671,1671,0,1.0,227,7.323
c0509199-3584-491e-a27b-3382a46c51fd,2026-07-01T15:29:30,1669,1669,0,1.0,227,7.323
c0509199-3584-491e-a27b-3382a46c51fd,2026-07-01T15:29:30,1669,1669,0,1.0,227,7.323
c0509199-3584-491e-a27b-3382a46c51fd,2026-07-01T15:29:30,1669,1669,0,1.0,227,7.323
c0509199-3584-491e-a27b-3382a46c51fd,2026-07-01T15:29:30,1669,1669,0,1.0,227,7.323
c0509199-3584-491e-a27b-3382a46c51fd,2026-07-01T15:29:31,1667,1667,0,1.0,227,7.323
c0509199-3584-491e-a27b-3382a46c51fd,2026-07-01T15:29:31,1667,1667,0,1.0,227,7.323
c0509199-3584-491e-a27b-3382a46c51fd,2026-07-01T15:29:31,1669,1669,0,1.0,227,7.323
c0509199-3584-491e-a27b-3382a46c51fd,2026-07-01T15:29:31,1669,1669,0,1.0,227,7.323
c0509199-3584-491e-a27b-3382a46c51fd,2026-07-01T15:29:31,1669,1669,0,1.0,227,7.319
c0509199-3584-491e-a27b-3382a46c51fd,2026-07-01T15:29:31,1669,1669,0,1.0,227,7.319
c0509199-3584-491e-a27b-3382a46c51fd,2026-07-01T15:29:31,1669,1669,0,1.0,227,7.319
c0509199-3584-491e-a27b-3382a46c51fd,2026-07-01T15:29:31,1669,1669,0,1.0,227,7.319
c0509199-3584-491e-a27b-3382a46c51fd,2026-07-01T15:29:31,1669,1669,0,1.0,227,7.319
c0509199-3584-491e-a27b-3382a46c51fd,2026-07-01T15:29:32,1669,1669,0,1.0,227,7.319
c0509199-3584-491e-a27b-3382a46c51fd,2026-07-01T15:29:32,1669,1669,0,1.0,227,7.319
c0509199-3584-491e-a27b-3382a46c51fd,2026-07-01T15:29:32,1669,1669,0,1.0,227,7.319
c0509199-3584-491e-a27b-3382a46c51fd,2026-07-01T15:29:32,1669,1669,0,1.0,227,7.319
c0509199-3584-491e-a27b-3382a46c51fd,2026-07-01T15:29:32,1669,1669,0,1.0,227,7.319
c0509199-3584-491e-a27b-3382a46c51fd,2026-07-01T15:29:32,1669,1669,0,1.0,227,7.319
c0509199-3584-491e-a27b-3382a46c51fd,2026-07-01T15:29:32,1669,1669,0,1.0,227,7.319
c0509199-3584-491e-a27b-3382a46c51fd,2026-07-01T15:29:32,1669,1669,0,1.0,227,7.319
c0509199-3584-491e-a27b-3382a46c51fd,2026-07-01T15:29:32,1669,1669,0,1.0,227,7.319
c0509199-3584-491e-a27b-3382a46c51fd,2026-07-01T15:29:32,1669,1669,0,1.0,227,7.319
c0509199-3584-491e-a27b-3382a46c51fd,2026-07-01T15:29:32,1669,1669,0,1.0,227,7.319
c0509199-3584-491e-a27b-3382a46c51fd,2026-07-01T15:29:33,1669,1669,0,1.0,227,7.319
c0509199-3584-491e-a27b-3382a46c51fd,2026-07-01T15:29:33,1669,1669,0,1.0,227,7.319
c0509199-3584-491e-a27b-3382a46c51fd,2026-07-01T15:29:33,1669,1669,0,1.0,227,7.319
c0509199-3584-491e-a27b-3382a46c51fd,2026-07-01T15:29:33,1669,1669,0,1.0,227,7.319
c0509199-3584-491e-a27b-3382a46c51fd,2026-07-01T15:29:33,1669,1669,0,1.0,227,7.319
c0509199-3584-491e-a27b-3382a46c51fd,2026-07-01T15:29:33,1669,1669,0,1.0,227,7.319
c0509199-3584-491e-a27b-3382a46c51fd,2026-07-01T15:29:33,1669,1669,0,1.0,227,7.319
c0509199-3584-491e-a27b-3382a46c51fd,2026-07-01T15:29:33,1669,1669,0,1.0,227,7.319
c0509199-3584-491e-a27b-3382a46c51fd,2026-07-01T15:29:33,1669,1669,0,1.0,227,7.319
c0509199-3584-491e-a27b-3382a46c51fd,2026-07-01T15:29:33,1669,1669,0,1.0,227,7.319
c0509199-3584-491e-a27b-3382a46c51fd,2026-07-01T15:29:34,1669,1669,0,1.0,227,7.319
c0509199-3584-491e-a27b-3382a46c51fd,2026-07-01T15:29:34,1669,1669,0,1.0,227,7.319
c0509199-3584-491e-a27b-3382a46c51fd,2026-07-01T15:29:34,1667,1667,0,1.0,227,7.319
c0509199-3584-491e-a27b-3382a46c51fd,2026-07-01T15:29:34,1667,1667,0,1.0,227,7.319
c0509199-3584-491e-a27b-3382a46c51fd,2026-07-01T15:29:34,1669,1669,0,1.0,227,7.319
c0509199-3584-491e-a27b-3382a46c51fd,2026-07-01T15:29:34,1669,1669,0,1.0,227,7.319
c0509199-3584-491e-a27b-3382a46c51fd,2026-07-01T15:29:34,1669,1669,0,1.0,227,7.315
c0509199-3584-491e-a27b-3382a46c51fd,2026-07-01T15:29:34,1669,1669,0,1.0,227,7.315
c0509199-3584-491e-a27b-3382a46c51fd,2026-07-01T15:29:34,1669,1669,0,1.0,227,7.315
c0509199-3584-491e-a27b-3382a46c51fd,2026-07-01T15:29:35,1669,1669,0,1.0,227,7.315
c0509199-3584-491e-a27b-3382a46c51fd,2026-07-01T15:29:35,1669,1669,0,1.0,227,7.315
c0509199-3584-491e-a27b-3382a46c51fd,2026-07-01T15:29:35,1669,1669,0,1.0,227,7.315
c0509199-3584-491e-a27b-3382a46c51fd,2026-07-01T15:29:35,1669,1669,0,1.0,227,7.315
c0509199-3584-491e-a27b-3382a46c51fd,2026-07-01T15:29:35,1669,1669,0,1.0,227,7.315
c0509199-3584-491e-a27b-3382a46c51fd,2026-07-01T15:29:35,1669,1669,0,1.0,227,7.315
c0509199-3584-491e-a27b-3382a46c51fd,2026-07-01T15:29:35,1669,1669,0,1.0,227,7.315
c0509199-3584-491e-a27b-3382a46c51fd,2026-07-01T15:29:35,1669,1669,0,1.0,227,7.315
c0509199-3584-491e-a27b-3382a46c51fd,2026-07-01T15:29:35,1669,1669,0,1.0,227,7.315
c0509199-3584-491e-a27b-3382a46c51fd,2026-07-01T15:29:35,1669,1669,0,1.0,227,7.315
c0509199-3584-491e-a27b-3382a46c51fd,2026-07-01T15:29:35,1669,1669,0,1.0,227,7.315
c0509199-3584-491e-a27b-3382a46c51fd,2026-07-01T15:29:36,1669,1669,0,1.0,227,7.315
c0509199-3584-491e-a27b-3382a46c51fd,2026-07-01T15:29:36,1669,1669,0,1.0,227,7.315
c0509199-3584-491e-a27b-3382a46c51fd,2026-07-01T15:29:36,1669,1669,0,1.0,227,7.319
c0509199-3584-491e-a27b-3382a46c51fd,2026-07-01T15:29:36,1669,1669,0,1.0,227,7.319
c0509199-3584-491e-a27b-3382a46c51fd,2026-07-01T15:29:36,1671,1671,0,1.0,227,7.319
c0509199-3584-491e-a27b-3382a46c51fd,2026-07-01T15:29:36,1671,1671,0,1.0,227,7.319
c0509199-3584-491e-a27b-3382a46c51fd,2026-07-01T15:29:36,1669,1669,0,1.0,227,7.319
c0509199-3584-491e-a27b-3382a46c51fd,2026-07-01T15:29:36,1669,1669,0,1.0,227,7.319
c0509199-3584-491e-a27b-3382a46c51fd,2026-07-01T15:29:36,1669,1669,0,1.0,227,7.319
c0509199-3584-491e-a27b-3382a46c51fd,2026-07-01T15:29:36,1669,1669,0,1.0,227,7.319
c0509199-3584-491e-a27b-3382a46c51fd,2026-07-01T15:29:37,1671,1671,0,1.0,227,7.319
c0509199-3584-491e-a27b-3382a46c51fd,2026-07-01T15:29:37,1671,1671,0,1.0,227,7.319
c0509199-3584-491e-a27b-3382a46c51fd,2026-07-01T15:29:37,1671,1671,0,1.0,227,7.319
c0509199-3584-491e-a27b-3382a46c51fd,2026-07-01T15:29:37,1671,1671,0,1.0,227,7.319
c0509199-3584-491e-a27b-3382a46c51fd,2026-07-01T15:29:37,1671,1671,0,1.0,227,7.319
c0509199-3584-491e-a27b-3382a46c51fd,2026-07-01T15:29:37,1671,1671,0,1.0,227,7.319
c0509199-3584-491e-a27b-3382a46c51fd,2026-07-01T15:29:37,1671,1671,0,1.0,227,7.319
c0509199-3584-491e-a27b-3382a46c51fd,2026-07-01T15:29:37,1671,1671,0,1.0,227,7.319
c0509199-3584-491e-a27b-3382a46c51fd,2026-07-01T15:29:37,1673,1673,0,1.0,227,7.323
c0509199-3584-491e-a27b-3382a46c51fd,2026-07-01T15:29:38,1673,1673,0,1.0,227,7.323
c0509199-3584-491e-a27b-3382a46c51fd,2026-07-01T15:29:38,1673,1673,0,1.0,227,7.323
c0509199-3584-491e-a27b-3382a46c51fd,2026-07-01T15:29:38,1673,1673,0,1.0,227,7.323
c0509199-3584-491e-a27b-3382a46c51fd,2026-07-01T15:29:38,1671,1671,0,1.0,227,7.323
c0509199-3584-491e-a27b-3382a46c51fd,2026-07-01T15:29:38,1671,1671,0,1.0,227,7.323
c0509199-3584-491e-a27b-3382a46c51fd,2026-07-01T15:29:38,1673,1673,0,1.0,227,7.323
c0509199-3584-491e-a27b-3382a46c51fd,2026-07-01T15:29:38,1673,1673,0,1.0,227,7.323
c0509199-3584-491e-a27b-3382a46c51fd,2026-07-01T15:29:38,1671,1671,0,1.0,227,7.323
c0509199-3584-491e-a27b-3382a46c51fd,2026-07-01T15:29:38,1671,1671,0,1.0,227,7.323
c0509199-3584-491e-a27b-3382a46c51fd,2026-07-01T15:29:38,1671,1671,0,1.0,227,7.323
c0509199-3584-491e-a27b-3382a46c51fd,2026-07-01T15:29:38,1671,1671,0,1.0,227,7.323
c0509199-3584-491e-a27b-3382a46c51fd,2026-07-01T15:29:39,1673,1673,0,1.0,227,7.323
c0509199-3584-491e-a27b-3382a46c51fd,2026-07-01T15:29:39,1673,1673,0,1.0,227,7.323
c0509199-3584-491e-a27b-3382a46c51fd,2026-07-01T15:29:39,1673,1673,0,1.0,227,7.323
c0509199-3584-491e-a27b-3382a46c51fd,2026-07-01T15:29:39,1673,1673,0,1.0,227,7.323
c0509199-3584-491e-a27b-3382a46c51fd,2026-07-01T15:29:39,1673,1673,0,1.0,227,7.323
c0509199-3584-491e-a27b-3382a46c51fd,2026-07-01T15:29:39,1673,1673,0,1.0,227,7.323
c0509199-3584-491e-a27b-3382a46c51fd,2026-07-01T15:29:39,1673,1673,0,1.0,227,7.323
c0509199-3584-491e-a27b-3382a46c51fd,2026-07-01T15:29:39,1673,1673,0,1.0,227,7.323
c0509199-3584-491e-a27b-3382a46c51fd,2026-07-01T15:29:39,1673,1673,0,1.0,227,7.323
c0509199-3584-491e-a27b-3382a46c51fd,2026-07-01T15:29:39,1673,1673,0,1.0,227,7.323
c0509199-3584-491e-a27b-3382a46c51fd,2026-07-01T15:29:40,1673,1673,0,1.0,227,7.323
c0509199-3584-491e-a27b-3382a46c51fd,2026-07-01T15:29:40,1673,1673,0,1.0,227,7.323
c0509199-3584-491e-a27b-3382a46c51fd,2026-07-01T15:29:40,1673,1673,0,1.0,227,7.323
c0509199-3584-491e-a27b-3382a46c51fd,2026-07-01T15:29:40,1673,1673,0,1.0,227,7.323
c0509199-3584-491e-a27b-3382a46c51fd,2026-07-01T15:29:40,1673,1673,0,1.0,227,7.323
c0509199-3584-491e-a27b-3382a46c51fd,2026-07-01T15:29:40,1673,1673,0,1.0,227,7.323
c0509199-3584-491e-a27b-3382a46c51fd,2026-07-01T15:29:40,1673,1673,0,1.0,227,7.323
c0509199-3584-491e-a27b-3382a46c51fd,2026-07-01T15:29:40,1673,1673,0,1.0,227,7.323
c0509199-3584-491e-a27b-3382a46c51fd,2026-07-01T15:29:40,1673,1673,0,1.0,227,7.323
c0509199-3584-491e-a27b-3382a46c51fd,2026-07-01T15:29:40,1673,1673,0,1.0,227,7.323
c0509199-3584-491e-a27b-3382a46c51fd,2026-07-01T15:29:41,1671,1671,0,1.0,227,7.323
c0509199-3584-491e-a27b-3382a46c51fd,2026-07-01T15:29:41,1671,1671,0,1.0,227,7.323
c0509199-3584-491e-a27b-3382a46c51fd,2026-07-01T15:29:41,1667,1667,0,1.0,227,7.323
c0509199-3584-491e-a27b-3382a46c51fd,2026-07-01T15:29:41,1667,1667,0,1.0,227,7.323
c0509199-3584-491e-a27b-3382a46c51fd,2026-07-01T15:29:41,1667,1667,0,1.0,227,7.323
c0509199-3584-491e-a27b-3382a46c51fd,2026-07-01T15:29:41,1667,1667,0,1.0,227,7.323
c0509199-3584-491e-a27b-3382a46c51fd,2026-07-01T15:29:41,1665,1665,0,1.0,227,7.323
c0509199-3584-491e-a27b-3382a46c51fd,2026-07-01T15:29:41,1665,1665,0,1.0,227,7.323
c0509199-3584-491e-a27b-3382a46c51fd,2026-07-01T15:29:41,1667,1667,0,1.0,227,7.323
c0509199-3584-491e-a27b-3382a46c51fd,2026-07-01T15:29:41,1667,1667,0,1.0,227,7.323
c0509199-3584-491e-a27b-3382a46c51fd,2026-07-01T15:29:42,1667,1667,0,1.0,227,7.323
c0509199-3584-491e-a27b-3382a46c51fd,2026-07-01T15:29:42,1667,1667,0,1.0,227,7.323
c0509199-3584-491e-a27b-3382a46c51fd,2026-07-01T15:29:42,1667,1667,0,1.0,227,7.323
c0509199-3584-491e-a27b-3382a46c51fd,2026-07-01T15:29:42,1667,1667,0,1.0,227,7.323
c0509199-3584-491e-a27b-3382a46c51fd,2026-07-01T15:29:42,1667,1667,0,1.0,227,7.323
c0509199-3584-491e-a27b-3382a46c51fd,2026-07-01T15:29:42,1667,1667,0,1.0,227,7.323
c0509199-3584-491e-a27b-3382a46c51fd,2026-07-01T15:29:42,1667,1667,0,1.0,227,7.315
c0509199-3584-491e-a27b-3382a46c51fd,2026-07-01T15:29:42,1667,1667,0,1.0,227,7.315
c0509199-3584-491e-a27b-3382a46c51fd,2026-07-01T15:29:42,1667,1667,0,1.0,227,7.315
c0509199-3584-491e-a27b-3382a46c51fd,2026-07-01T15:29:42,1667,1667,0,1.0,227,7.315
c0509199-3584-491e-a27b-3382a46c51fd,2026-07-01T15:29:43,1667,1667,0,1.0,227,7.315
c0509199-3584-491e-a27b-3382a46c51fd,2026-07-01T15:29:43,1667,1667,0,1.0,227,7.315
c0509199-3584-491e-a27b-3382a46c51fd,2026-07-01T15:29:43,1667,1667,0,1.0,227,7.315
c0509199-3584-491e-a27b-3382a46c51fd,2026-07-01T15:29:43,1667,1667,0,1.0,227,7.315
c0509199-3584-491e-a27b-3382a46c51fd,2026-07-01T15:29:43,1669,1669,0,1.0,227,7.315
c0509199-3584-491e-a27b-3382a46c51fd,2026-07-01T15:29:43,1669,1669,0,1.0,227,7.315
c0509199-3584-491e-a27b-3382a46c51fd,2026-07-01T15:29:43,1669,1669,0,1.0,227,7.315
c0509199-3584-491e-a27b-3382a46c51fd,2026-07-01T15:29:43,1669,1669,0,1.0,227,7.315
c0509199-3584-491e-a27b-3382a46c51fd,2026-07-01T15:29:43,1667,1667,0,1.0,227,7.315
c0509199-3584-491e-a27b-3382a46c51fd,2026-07-01T15:29:43,1667,1667,0,1.0,227,7.315
c0509199-3584-491e-a27b-3382a46c51fd,2026-07-01T15:29:44,1667,1667,0,1.0,227,7.315
c0509199-3584-491e-a27b-3382a46c51fd,2026-07-01T15:29:44,1667,1667,0,1.0,227,7.315
c0509199-3584-491e-a27b-3382a46c51fd,2026-07-01T15:29:44,1667,1667,0,1.0,227,7.315
c0509199-3584-491e-a27b-3382a46c51fd,2026-07-01T15:29:44,1667,1667,0,1.0,227,7.315
c0509199-3584-491e-a27b-3382a46c51fd,2026-07-01T15:29:44,1667,1667,0,1.0,227,7.315
c0509199-3584-491e-a27b-3382a46c51fd,2026-07-01T15:29:44,1667,1667,0,1.0,227,7.315
c0509199-3584-491e-a27b-3382a46c51fd,2026-07-01T15:29:44,1667,1667,0,1.0,227,7.315
c0509199-3584-491e-a27b-3382a46c51fd,2026-07-01T15:29:44,1667,1667,0,1.0,227,7.315
c0509199-3584-491e-a27b-3382a46c51fd,2026-07-01T15:29:44,1667,1667,0,1.0,227,7.315
c0509199-3584-491e-a27b-3382a46c51fd,2026-07-01T15:29:45,1667,1667,0,1.0,227,7.315
c0509199-3584-491e-a27b-3382a46c51fd,2026-07-01T15:29:45,1667,1667,0,1.0,227,7.315
c0509199-3584-491e-a27b-3382a46c51fd,2026-07-01T15:29:45,1667,1667,0,1.0,227,7.315
c0509199-3584-491e-a27b-3382a46c51fd,2026-07-01T15:29:45,1667,1667,0,1.0,227,7.315
c0509199-3584-491e-a27b-3382a46c51fd,2026-07-01T15:29:45,1667,1667,0,1.0,227,7.315
c0509199-3584-491e-a27b-3382a46c51fd,2026-07-01T15:29:45,1667,1667,0,1.0,227,7.315
c0509199-3584-491e-a27b-3382a46c51fd,2026-07-01T15:29:45,1667,1667,0,1.0,227,7.315
c0509199-3584-491e-a27b-3382a46c51fd,2026-07-01T15:29:45,1667,1667,0,1.0,227,7.315
c0509199-3584-491e-a27b-3382a46c51fd,2026-07-01T15:29:45,1667,1667,0,1.0,227,7.315
c0509199-3584-491e-a27b-3382a46c51fd,2026-07-01T15:29:45,1667,1667,0,1.0,227,7.315
c0509199-3584-491e-a27b-3382a46c51fd,2026-07-01T15:29:45,1667,1667,0,1.0,227,7.315
c0509199-3584-491e-a27b-3382a46c51fd,2026-07-01T15:29:46,1667,1667,0,1.0,227,7.315
c0509199-3584-491e-a27b-3382a46c51fd,2026-07-01T15:29:46,1667,1667,0,1.0,227,7.315
c0509199-3584-491e-a27b-3382a46c51fd,2026-07-01T15:29:46,1667,1667,0,1.0,227,7.315
c0509199-3584-491e-a27b-3382a46c51fd,2026-07-01T15:29:46,1667,1667,0,1.0,227,7.315
c0509199-3584-491e-a27b-3382a46c51fd,2026-07-01T15:29:46,1667,1667,0,1.0,227,7.315
c0509199-3584-491e-a27b-3382a46c51fd,2026-07-01T15:29:46,1667,1667,0,1.0,227,7.315
c0509199-3584-491e-a27b-3382a46c51fd,2026-07-01T15:29:46,1667,1667,0,1.0,227,7.315
c0509199-3584-491e-a27b-3382a46c51fd,2026-07-01T15:29:46,1667,1667,0,1.0,227,7.315
c0509199-3584-491e-a27b-3382a46c51fd,2026-07-01T15:29:46,1669,1669,0,1.0,227,7.315
c0509199-3584-491e-a27b-3382a46c51fd,2026-07-01T15:29:46,1669,1669,0,1.0,227,7.315
c0509199-3584-491e-a27b-3382a46c51fd,2026-07-01T15:29:47,1667,1667,0,1.0,227,7.315
c0509199-3584-491e-a27b-3382a46c51fd,2026-07-01T15:29:47,1667,1667,0,1.0,227,7.315
c0509199-3584-491e-a27b-3382a46c51fd,2026-07-01T15:29:47,1667,1667,0,1.0,227,7.315
c0509199-3584-491e-a27b-3382a46c51fd,2026-07-01T15:29:47,1667,1667,0,1.0,227,7.315
c0509199-3584-491e-a27b-3382a46c51fd,2026-07-01T15:29:47,1669,1669,0,1.0,227,7.315
c0509199-3584-491e-a27b-3382a46c51fd,2026-07-01T15:29:47,1669,1669,0,1.0,227,7.315
c0509199-3584-491e-a27b-3382a46c51fd,2026-07-01T15:29:47,1669,1669,0,1.0,227,7.315
c0509199-3584-491e-a27b-3382a46c51fd,2026-07-01T15:29:47,1669,1669,0,1.0,227,7.315
c0509199-3584-491e-a27b-3382a46c51fd,2026-07-01T15:29:47,1669,1669,0,1.0,227,7.315
c0509199-3584-491e-a27b-3382a46c51fd,2026-07-01T15:29:47,1669,1669,0,1.0,227,7.315
c0509199-3584-491e-a27b-3382a46c51fd,2026-07-01T15:29:48,1669,1669,0,1.0,227,7.315
c0509199-3584-491e-a27b-3382a46c51fd,2026-07-01T15:29:48,1669,1669,0,1.0,227,7.315
c0509199-3584-491e-a27b-3382a46c51fd,2026-07-01T15:29:48,1184,1661,1164,0.71,227,7.315
c0509199-3584-491e-a27b-3382a46c51fd,2026-07-01T15:29:48,1184,1661,1164,0.71,227,7.315
c0509199-3584-491e-a27b-3382a46c51fd,2026-07-01T15:29:48,11,1661,1661,0.01,227,7.315
c0509199-3584-491e-a27b-3382a46c51fd,2026-07-01T15:29:48,11,1661,1661,0.01,227,7.315
c0509199-3584-491e-a27b-3382a46c51fd,2026-07-01T15:29:48,11,1661,1661,0.01,227,7.315
c0509199-3584-491e-a27b-3382a46c51fd,2026-07-01T15:29:48,4,1661,1661,0.0,227,7.315
c0509199-3584-491e-a27b-3382a46c51fd,2026-07-01T15:29:49,4,1661,1661,0.0,227,7.315
c0509199-3584-491e-a27b-3382a46c51fd,2026-07-01T15:29:49,4,1661,1661,0.0,227,7.315
c0509199-3584-491e-a27b-3382a46c51fd,2026-07-01T15:29:49,4,1661,1661,0.0,227,7.315
c0509199-3584-491e-a27b-3382a46c51fd,2026-07-01T15:29:49,4,1661,1661,0.0,227,7.315
c0509199-3584-491e-a27b-3382a46c51fd,2026-07-01T15:29:49,4,1661,1661,0.0,227,7.315
c0509199-3584-491e-a27b-3382a46c51fd,2026-07-01T15:29:49,4,1661,1661,0.0,227,7.315
c0509199-3584-491e-a27b-3382a46c51fd,2026-07-01T15:29:49,4,1661,1661,0.0,227,7.315
c0509199-3584-491e-a27b-3382a46c51fd,2026-07-01T15:29:49,4,1661,1661,0.0,227,7.315
c0509199-3584-491e-a27b-3382a46c51fd,2026-07-01T15:29:49,4,1661,1661,0.0,227,7.315
c0509199-3584-491e-a27b-3382a46c51fd,2026-07-01T15:29:49,4,1661,1661,0.0,227,7.315
c0509199-3584-491e-a27b-3382a46c51fd,2026-07-01T15:29:49,4,10,9,0.46,227,0.042
c0509199-3584-491e-a27b-3382a46c51fd,2026-07-01T15:29:49,4,10,9,0.46,227,0.042
c0509199-3584-491e-a27b-3382a46c51fd,2026-07-01T15:29:50,4,10,9,0.46,227,0.042
c0509199-3584-491e-a27b-3382a46c51fd,2026-07-01T15:29:50,4,10,9,0.46,227,0.042
c0509199-3584-491e-a27b-3382a46c51fd,2026-07-01T15:29:50,5,10,8,0.47,227,0.042
c0509199-3584-491e-a27b-3382a46c51fd,2026-07-01T15:29:50,5,10,8,0.47,227,0.042
c0509199-3584-491e-a27b-3382a46c51fd,2026-07-01T15:29:50,5,10,8,0.47,227,0.042
c0509199-3584-491e-a27b-3382a46c51fd,2026-07-01T15:29:50,5,10,8,0.47,227,0.042
c0509199-3584-491e-a27b-3382a46c51fd,2026-07-01T15:29:50,4,10,9,0.45,230,0.042
c0509199-3584-491e-a27b-3382a46c51fd,2026-07-01T15:29:50,4,10,9,0.45,230,0.042
c0509199-3584-491e-a27b-3382a46c51fd,2026-07-01T15:29:50,4,10,9,0.45,230,0.042
c0509199-3584-491e-a27b-3382a46c51fd,2026-07-01T15:29:50,4,10,9,0.45,230,0.042
c0509199-3584-491e-a27b-3382a46c51fd,2026-07-01T15:29:51,4,10,9,0.44,230,0.042
c0509199-3584-491e-a27b-3382a46c51fd,2026-07-01T15:29:51,5,10,9,0.47,230,0.042
c0509199-3584-491e-a27b-3382a46c51fd,2026-07-01T15:29:51,5,10,9,0.47,230,0.042
c0509199-3584-491e-a27b-3382a46c51fd,2026-07-01T15:29:51,5,10,9,0.47,230,0.042
c0509199-3584-491e-a27b-3382a46c51fd,2026-07-01T15:29:51,5,10,9,0.47,230,0.042
c0509199-3584-491e-a27b-3382a46c51fd,2026-07-01T15:29:51,4,10,9,0.45,230,0.042
c0509199-3584-491e-a27b-3382a46c51fd,2026-07-01T15:29:51,4,10,9,0.45,230,0.042
c0509199-3584-491e-a27b-3382a46c51fd,2026-07-01T15:29:51,4,10,9,0.45,230,0.042
c0509199-3584-491e-a27b-3382a46c51fd,2026-07-01T15:29:52,4,10,9,0.45,230,0.042
c0509199-3584-491e-a27b-3382a46c51fd,2026-07-01T15:29:52,4,10,9,0.45,230,0.042
c0509199-3584-491e-a27b-3382a46c51fd,2026-07-01T15:29:52,4,10,9,0.45,230,0.042
c0509199-3584-491e-a27b-3382a46c51fd,2026-07-01T15:29:52,4,10,9,0.44,230,0.043
c0509199-3584-491e-a27b-3382a46c51fd,2026-07-01T15:29:52,4,10,9,0.44,230,0.043
c0509199-3584-491e-a27b-3382a46c51fd,2026-07-01T15:29:52,4,10,9,0.44,230,0.043
c0509199-3584-491e-a27b-3382a46c51fd,2026-07-01T15:29:52,4,10,9,0.43,230,0.043
c0509199-3584-491e-a27b-3382a46c51fd,2026-07-01T15:29:52,4,10,9,0.43,230,0.043
c0509199-3584-491e-a27b-3382a46c51fd,2026-07-01T15:29:52,4,10,9,0.43,230,0.043
c0509199-3584-491e-a27b-3382a46c51fd,2026-07-01T15:29:52,4,10,9,0.43,230,0.043
c0509199-3584-491e-a27b-3382a46c51fd,2026-07-01T15:29:52,4,10,9,0.43,230,0.043
c0509199-3584-491e-a27b-3382a46c51fd,2026-07-01T15:29:53,5,10,9,0.46,230,0.043
c0509199-3584-491e-a27b-3382a46c51fd,2026-07-01T15:29:53,5,10,9,0.46,230,0.043
c0509199-3584-491e-a27b-3382a46c51fd,2026-07-01T15:29:53,5,10,9,0.47,230,0.043
c0509199-3584-491e-a27b-3382a46c51fd,2026-07-01T15:29:53,5,10,9,0.47,230,0.043
c0509199-3584-491e-a27b-3382a46c51fd,2026-07-01T15:29:53,5,10,9,0.47,230,0.043
c0509199-3584-491e-a27b-3382a46c51fd,2026-07-01T15:29:53,5,10,9,0.47,230,0.043
c0509199-3584-491e-a27b-3382a46c51fd,2026-07-01T15:29:53,5,10,9,0.47,230,0.043
c0509199-3584-491e-a27b-3382a46c51fd,2026-07-01T15:29:53,4,10,9,0.45,230,0.043
c0509199-3584-491e-a27b-3382a46c51fd,2026-07-01T15:29:53,4,10,9,0.45,230,0.043
c0509199-3584-491e-a27b-3382a46c51fd,2026-07-01T15:29:53,4,10,9,0.45,230,0.043
c0509199-3584-491e-a27b-3382a46c51fd,2026-07-01T15:29:53,4,10,9,0.45,230,0.043
c0509199-3584-491e-a27b-3382a46c51fd,2026-07-01T15:29:54,5,10,9,0.46,230,0.043
c0509199-3584-491e-a27b-3382a46c51fd,2026-07-01T15:29:54,5,10,9,0.46,230,0.043
c0509199-3584-491e-a27b-3382a46c51fd,2026-07-01T15:29:54,5,10,9,0.46,230,0.043
c0509199-3584-491e-a27b-3382a46c51fd,2026-07-01T15:29:54,5,10,9,0.46,230,0.043
c0509199-3584-491e-a27b-3382a46c51fd,2026-07-01T15:29:54,5,10,9,0.47,230,0.043
c0509199-3584-491e-a27b-3382a46c51fd,2026-07-01T15:29:54,5,10,9,0.47,230,0.043
c0509199-3584-491e-a27b-3382a46c51fd,2026-07-01T15:29:54,5,10,9,0.45,230,0.044
c0509199-3584-491e-a27b-3382a46c51fd,2026-07-01T15:29:54,5,10,9,0.45,230,0.044
c0509199-3584-491e-a27b-3382a46c51fd,2026-07-01T15:29:54,5,10,9,0.45,230,0.044
c0509199-3584-491e-a27b-3382a46c51fd,2026-07-01T15:29:54,5,10,9,0.45,230,0.044
c0509199-3584-491e-a27b-3382a46c51fd,2026-07-01T15:29:55,4,10,9,0.43,230,0.044
c0509199-3584-491e-a27b-3382a46c51fd,2026-07-01T15:29:55,4,10,9,0.43,230,0.044
c0509199-3584-491e-a27b-3382a46c51fd,2026-07-01T15:29:55,4,10,9,0.43,230,0.044
c0509199-3584-491e-a27b-3382a46c51fd,2026-07-01T15:29:55,4,10,9,0.43,230,0.044
c0509199-3584-491e-a27b-3382a46c51fd,2026-07-01T15:29:55,5,10,9,0.44,230,0.044
c0509199-3584-491e-a27b-3382a46c51fd,2026-07-01T15:29:55,5,10,9,0.44,230,0.044
c0509199-3584-491e-a27b-3382a46c51fd,2026-07-01T15:29:55,5,10,9,0.44,230,0.044
c0509199-3584-491e-a27b-3382a46c51fd,2026-07-01T15:29:55,5,10,9,0.44,230,0.044
c0509199-3584-491e-a27b-3382a46c51fd,2026-07-01T15:29:55,5,10,9,0.44,230,0.044
c0509199-3584-491e-a27b-3382a46c51fd,2026-07-01T15:29:55,5,10,9,0.44,230,0.044
c0509199-3584-491e-a27b-3382a46c51fd,2026-07-01T15:29:56,4,10,9,0.43,230,0.044
c0509199-3584-491e-a27b-3382a46c51fd,2026-07-01T15:29:56,4,10,9,0.43,230,0.044
c0509199-3584-491e-a27b-3382a46c51fd,2026-07-01T15:29:56,833,833,0,1.0,230,1.888
c0509199-3584-491e-a27b-3382a46c51fd,2026-07-01T15:29:56,833,833,0,1.0,230,1.888
c0509199-3584-491e-a27b-3382a46c51fd,2026-07-01T15:29:56,1686,1686,0,1.0,230,1.888
c0509199-3584-491e-a27b-3382a46c51fd,2026-07-01T15:29:56,1686,1686,0,1.0,230,1.888
c0509199-3584-491e-a27b-3382a46c51fd,2026-07-01T15:29:56,1675,1675,0,1.0,230,1.888
c0509199-3584-491e-a27b-3382a46c51fd,2026-07-01T15:29:56,1675,1675,0,1.0,230,1.888
c0509199-3584-491e-a27b-3382a46c51fd,2026-07-01T15:29:56,1675,1675,0,1.0,230,1.888
c0509199-3584-491e-a27b-3382a46c51fd,2026-07-01T15:29:56,1675,1675,0,1.0,230,1.888
c0509199-3584-491e-a27b-3382a46c51fd,2026-07-01T15:29:57,1675,1675,0,1.0,226,1.888
c0509199-3584-491e-a27b-3382a46c51fd,2026-07-01T15:29:57,1675,1675,0,1.0,226,1.888
c0509199-3584-491e-a27b-3382a46c51fd,2026-07-01T15:29:57,1673,1673,0,1.0,226,1.888
c0509199-3584-491e-a27b-3382a46c51fd,2026-07-01T15:29:57,1673,1673,0,1.0,226,1.888
c0509199-3584-491e-a27b-3382a46c51fd,2026-07-01T15:29:57,1671,1671,0,1.0,226,1.888
c0509199-3584-491e-a27b-3382a46c51fd,2026-07-01T15:29:57,1671,1671,0,1.0,226,1.888
c0509199-3584-491e-a27b-3382a46c51fd,2026-07-01T15:29:57,1671,1671,0,1.0,226,1.888
c0509199-3584-491e-a27b-3382a46c51fd,2026-07-01T15:29:57,1671,1671,0,1.0,226,1.888
c0509199-3584-491e-a27b-3382a46c51fd,2026-07-01T15:29:57,1669,1669,0,1.0,226,7.331
c0509199-3584-491e-a27b-3382a46c51fd,2026-07-01T15:29:57,1669,1669,0,1.0,226,7.331
c0509199-3584-491e-a27b-3382a46c51fd,2026-07-01T15:29:58,1669,1669,0,1.0,226,7.331
c0509199-3584-491e-a27b-3382a46c51fd,2026-07-01T15:29:58,1669,1669,0,1.0,226,7.331
c0509199-3584-491e-a27b-3382a46c51fd,2026-07-01T15:29:58,1669,1669,0,1.0,226,7.331
c0509199-3584-491e-a27b-3382a46c51fd,2026-07-01T15:29:58,1669,1669,0,1.0,226,7.331
c0509199-3584-491e-a27b-3382a46c51fd,2026-07-01T15:29:58,1669,1669,0,1.0,226,7.331
c0509199-3584-491e-a27b-3382a46c51fd,2026-07-01T15:29:58,1669,1669,0,1.0,226,7.331
c0509199-3584-491e-a27b-3382a46c51fd,2026-07-01T15:29:58,1669,1669,0,1.0,226,7.331
c0509199-3584-491e-a27b-3382a46c51fd,2026-07-01T15:29:58,1669,1669,0,1.0,226,7.331
c0509199-3584-491e-a27b-3382a46c51fd,2026-07-01T15:29:58,1669,1669,0,1.0,226,7.331
c0509199-3584-491e-a27b-3382a46c51fd,2026-07-01T15:29:58,1669,1669,0,1.0,226,7.331
c0509199-3584-491e-a27b-3382a46c51fd,2026-07-01T15:29:59,1667,1667,0,1.0,226,7.331
c0509199-3584-491e-a27b-3382a46c51fd,2026-07-01T15:29:59,1667,1667,0,1.0,226,7.331
c0509199-3584-491e-a27b-3382a46c51fd,2026-07-01T15:29:59,1667,1667,0,1.0,226,7.331
c0509199-3584-491e-a27b-3382a46c51fd,2026-07-01T15:29:59,1667,1667,0,1.0,226,7.331
c0509199-3584-491e-a27b-3382a46c51fd,2026-07-01T15:29:59,1667,1667,0,1.0,226,7.323
c0509199-3584-491e-a27b-3382a46c51fd,2026-07-01T15:29:59,1667,1667,0,1.0,226,7.323
c0509199-3584-491e-a27b-3382a46c51fd,2026-07-01T15:29:59,1667,1667,0,1.0,226,7.323
c0509199-3584-491e-a27b-3382a46c51fd,2026-07-01T15:29:59,1667,1667,0,1.0,226,7.323
c0509199-3584-491e-a27b-3382a46c51fd,2026-07-01T15:29:59,1667,1667,0,1.0,226,7.323
c0509199-3584-491e-a27b-3382a46c51fd,2026-07-01T15:29:59,1667,1667,0,1.0,226,7.323
c0509199-3584-491e-a27b-3382a46c51fd,2026-07-01T15:30:00,1667,1667,0,1.0,226,7.323
c0509199-3584-491e-a27b-3382a46c51fd,2026-07-01T15:30:00,1667,1667,0,1.0,226,7.323
c0509199-3584-491e-a27b-3382a46c51fd,2026-07-01T15:30:00,1665,1665,0,1.0,226,7.323
c0509199-3584-491e-a27b-3382a46c51fd,2026-07-01T15:30:00,1665,1665,0,1.0,226,7.323
c0509199-3584-491e-a27b-3382a46c51fd,2026-07-01T15:30:00,1665,1665,0,1.0,226,7.323
c0509199-3584-491e-a27b-3382a46c51fd,2026-07-01T15:30:00,1665,1665,0,1.0,226,7.323
c0509199-3584-491e-a27b-3382a46c51fd,2026-07-01T15:30:00,1667,1667,0,1.0,226,7.323
c0509199-3584-491e-a27b-3382a46c51fd,2026-07-01T15:30:00,1667,1667,0,1.0,226,7.323
c0509199-3584-491e-a27b-3382a46c51fd,2026-07-01T15:30:00,1665,1665,0,1.0,226,7.323
c0509199-3584-491e-a27b-3382a46c51fd,2026-07-01T15:30:00,1665,1665,0,1.0,226,7.323
c0509199-3584-491e-a27b-3382a46c51fd,2026-07-01T15:30:01,1667,1667,0,1.0,226,7.319
c0509199-3584-491e-a27b-3382a46c51fd,2026-07-01T15:30:01,1667,1667,0,1.0,226,7.319
c0509199-3584-491e-a27b-3382a46c51fd,2026-07-01T15:30:01,1667,1667,0,1.0,226,7.319
c0509199-3584-491e-a27b-3382a46c51fd,2026-07-01T15:30:01,1667,1667,0,1.0,226,7.319
c0509199-3584-491e-a27b-3382a46c51fd,2026-07-01T15:30:01,1665,1665,0,1.0,226,7.319
c0509199-3584-491e-a27b-3382a46c51fd,2026-07-01T15:30:01,1665,1665,0,1.0,226,7.319
c0509199-3584-491e-a27b-3382a46c51fd,2026-07-01T15:30:01,1665,1665,0,1.0,226,7.319
c0509199-3584-491e-a27b-3382a46c51fd,2026-07-01T15:30:01,1665,1665,0,1.0,226,7.319
c0509199-3584-491e-a27b-3382a46c51fd,2026-07-01T15:30:01,1665,1665,0,1.0,226,7.319
c0509199-3584-491e-a27b-3382a46c51fd,2026-07-01T15:30:01,1665,1665,0,1.0,226,7.319
c0509199-3584-491e-a27b-3382a46c51fd,2026-07-01T15:30:02,1662,1662,0,1.0,226,7.319
c0509199-3584-491e-a27b-3382a46c51fd,2026-07-01T15:30:02,1662,1662,0,1.0,226,7.319
c0509199-3584-491e-a27b-3382a46c51fd,2026-07-01T15:30:02,1662,1662,0,1.0,226,7.319
c0509199-3584-491e-a27b-3382a46c51fd,2026-07-01T15:30:02,1662,1662,0,1.0,226,7.319
c0509199-3584-491e-a27b-3382a46c51fd,2026-07-01T15:30:02,1662,1662,0,1.0,226,7.319
c0509199-3584-491e-a27b-3382a46c51fd,2026-07-01T15:30:02,1662,1662,0,1.0,226,7.319
c0509199-3584-491e-a27b-3382a46c51fd,2026-07-01T15:30:02,1662,1662,0,1.0,226,7.306
c0509199-3584-491e-a27b-3382a46c51fd,2026-07-01T15:30:02,1662,1662,0,1.0,226,7.306
c0509199-3584-491e-a27b-3382a46c51fd,2026-07-01T15:30:02,1662,1662,0,1.0,226,7.306
c0509199-3584-491e-a27b-3382a46c51fd,2026-07-01T15:30:02,1662,1662,0,1.0,226,7.306
c0509199-3584-491e-a27b-3382a46c51fd,2026-07-01T15:30:03,1662,1662,0,1.0,226,7.306
c0509199-3584-491e-a27b-3382a46c51fd,2026-07-01T15:30:03,1662,1662,0,1.0,226,7.306
c0509199-3584-491e-a27b-3382a46c51fd,2026-07-01T15:30:03,1662,1662,0,1.0,226,7.306
c0509199-3584-491e-a27b-3382a46c51fd,2026-07-01T15:30:03,1662,1662,0,1.0,226,7.306
c0509199-3584-491e-a27b-3382a46c51fd,2026-07-01T15:30:03,1664,1664,0,1.0,226,7.306
c0509199-3584-491e-a27b-3382a46c51fd,2026-07-01T15:30:03,1664,1664,0,1.0,226,7.306
c0509199-3584-491e-a27b-3382a46c51fd,2026-07-01T15:30:03,1664,1664,0,1.0,226,7.306
c0509199-3584-491e-a27b-3382a46c51fd,2026-07-01T15:30:03,1664,1664,0,1.0,226,7.306
c0509199-3584-491e-a27b-3382a46c51fd,2026-07-01T15:30:03,1664,1664,0,1.0,226,7.306
c0509199-3584-491e-a27b-3382a46c51fd,2026-07-01T15:30:03,1664,1664,0,1.0,226,7.306
c0509199-3584-491e-a27b-3382a46c51fd,2026-07-01T15:30:04,1664,1664,0,1.0,226,7.306
c0509199-3584-491e-a27b-3382a46c51fd,2026-07-01T15:30:04,1664,1664,0,1.0,226,7.306
c0509199-3584-491e-a27b-3382a46c51fd,2026-07-01T15:30:04,1664,1664,0,1.0,226,7.31
c0509199-3584-491e-a27b-3382a46c51fd,2026-07-01T15:30:04,1664,1664,0,1.0,226,7.31
c0509199-3584-491e-a27b-3382a46c51fd,2026-07-01T15:30:04,1664,1664,0,1.0,226,7.31
c0509199-3584-491e-a27b-3382a46c51fd,2026-07-01T15:30:04,1664,1664,0,1.0,226,7.31
c0509199-3584-491e-a27b-3382a46c51fd,2026-07-01T15:30:04,1664,1664,0,1.0,226,7.31
c0509199-3584-491e-a27b-3382a46c51fd,2026-07-01T15:30:04,1664,1664,0,1.0,226,7.31
c0509199-3584-491e-a27b-3382a46c51fd,2026-07-01T15:30:04,1665,1665,0,1.0,226,7.31
c0509199-3584-491e-a27b-3382a46c51fd,2026-07-01T15:30:04,1665,1665,0,1.0,226,7.31
c0509199-3584-491e-a27b-3382a46c51fd,2026-07-01T15:30:05,1664,1664,0,1.0,226,7.31
c0509199-3584-491e-a27b-3382a46c51fd,2026-07-01T15:30:05,1664,1664,0,1.0,226,7.31
c0509199-3584-491e-a27b-3382a46c51fd,2026-07-01T15:30:05,1664,1664,0,1.0,226,7.31
c0509199-3584-491e-a27b-3382a46c51fd,2026-07-01T15:30:05,1664,1664,0,1.0,226,7.31
c0509199-3584-491e-a27b-3382a46c51fd,2026-07-01T15:30:05,1664,1664,0,1.0,226,7.31
c0509199-3584-491e-a27b-3382a46c51fd,2026-07-01T15:30:05,1664,1664,0,1.0,226,7.31
c0509199-3584-491e-a27b-3382a46c51fd,2026-07-01T15:30:05,1664,1664,0,1.0,226,7.31
c0509199-3584-491e-a27b-3382a46c51fd,2026-07-01T15:30:05,1664,1664,0,1.0,226,7.31
c0509199-3584-491e-a27b-3382a46c51fd,2026-07-01T15:30:05,1664,1664,0,1.0,226,7.306
c0509199-3584-491e-a27b-3382a46c51fd,2026-07-01T15:30:05,1664,1664,0,1.0,226,7.306
c0509199-3584-491e-a27b-3382a46c51fd,2026-07-01T15:30:06,1664,1664,0,1.0,226,7.306
c0509199-3584-491e-a27b-3382a46c51fd,2026-07-01T15:30:06,1664,1664,0,1.0,226,7.306
c0509199-3584-491e-a27b-3382a46c51fd,2026-07-01T15:30:06,1664,1664,0,1.0,226,7.306
c0509199-3584-491e-a27b-3382a46c51fd,2026-07-01T15:30:06,1664,1664,0,1.0,226,7.306
c0509199-3584-491e-a27b-3382a46c51fd,2026-07-01T15:30:06,1664,1664,0,1.0,226,7.306
c0509199-3584-491e-a27b-3382a46c51fd,2026-07-01T15:30:06,1664,1664,0,1.0,226,7.306
c0509199-3584-491e-a27b-3382a46c51fd,2026-07-01T15:30:06,1664,1664,0,1.0,226,7.306
c0509199-3584-491e-a27b-3382a46c51fd,2026-07-01T15:30:06,1664,1664,0,1.0,226,7.306
c0509199-3584-491e-a27b-3382a46c51fd,2026-07-01T15:30:06,1664,1664,0,1.0,226,7.306
c0509199-3584-491e-a27b-3382a46c51fd,2026-07-01T15:30:06,1664,1664,0,1.0,226,7.306
c0509199-3584-491e-a27b-3382a46c51fd,2026-07-01T15:30:07,1664,1664,0,1.0,226,7.306
c0509199-3584-491e-a27b-3382a46c51fd,2026-07-01T15:30:07,1664,1664,0,1.0,226,7.306
c0509199-3584-491e-a27b-3382a46c51fd,2026-07-01T15:30:07,1664,1664,0,1.0,226,7.306
c0509199-3584-491e-a27b-3382a46c51fd,2026-07-01T15:30:07,1664,1664,0,1.0,226,7.306
c0509199-3584-491e-a27b-3382a46c51fd,2026-07-01T15:30:07,1664,1664,0,1.0,226,7.31
c0509199-3584-491e-a27b-3382a46c51fd,2026-07-01T15:30:07,1664,1664,0,1.0,226,7.31
c0509199-3584-491e-a27b-3382a46c51fd,2026-07-01T15:30:07,1664,1664,0,1.0,226,7.31
c0509199-3584-491e-a27b-3382a46c51fd,2026-07-01T15:30:07,1664,1664,0,1.0,226,7.31
c0509199-3584-491e-a27b-3382a46c51fd,2026-07-01T15:30:07,1664,1664,0,1.0,226,7.31
c0509199-3584-491e-a27b-3382a46c51fd,2026-07-01T15:30:07,1664,1664,0,1.0,226,7.31
c0509199-3584-491e-a27b-3382a46c51fd,2026-07-01T15:30:08,1664,1664,0,1.0,226,7.31
c0509199-3584-491e-a27b-3382a46c51fd,2026-07-01T15:30:08,1664,1664,0,1.0,226,7.31
c0509199-3584-491e-a27b-3382a46c51fd,2026-07-01T15:30:08,1664,1664,0,1.0,226,7.31
c0509199-3584-491e-a27b-3382a46c51fd,2026-07-01T15:30:08,1664,1664,0,1.0,226,7.31
c0509199-3584-491e-a27b-3382a46c51fd,2026-07-01T15:30:08,1664,1664,0,1.0,226,7.31
c0509199-3584-491e-a27b-3382a46c51fd,2026-07-01T15:30:08,1664,1664,0,1.0,226,7.31
c0509199-3584-491e-a27b-3382a46c51fd,2026-07-01T15:30:08,1664,1664,0,1.0,226,7.31
c0509199-3584-491e-a27b-3382a46c51fd,2026-07-01T15:30:08,1664,1664,0,1.0,226,7.31
c0509199-3584-491e-a27b-3382a46c51fd,2026-07-01T15:30:08,1664,1664,0,1.0,226,7.31
c0509199-3584-491e-a27b-3382a46c51fd,2026-07-01T15:30:08,1664,1664,0,1.0,226,7.31
c0509199-3584-491e-a27b-3382a46c51fd,2026-07-01T15:30:09,1664,1664,0,1.0,226,7.31
c0509199-3584-491e-a27b-3382a46c51fd,2026-07-01T15:30:09,1664,1664,0,1.0,226,7.31
c0509199-3584-491e-a27b-3382a46c51fd,2026-07-01T15:30:09,1665,1665,0,1.0,226,7.31
c0509199-3584-491e-a27b-3382a46c51fd,2026-07-01T15:30:09,1665,1665,0,1.0,226,7.31
c0509199-3584-491e-a27b-3382a46c51fd,2026-07-01T15:30:09,1665,1665,0,1.0,226,7.31
c0509199-3584-491e-a27b-3382a46c51fd,2026-07-01T15:30:09,1665,1665,0,1.0,226,7.31
c0509199-3584-491e-a27b-3382a46c51fd,2026-07-01T15:30:09,1665,1665,0,1.0,226,7.31
c0509199-3584-491e-a27b-3382a46c51fd,2026-07-01T15:30:09,1665,1665,0,1.0,226,7.31
c0509199-3584-491e-a27b-3382a46c51fd,2026-07-01T15:30:09,1665,1665,0,1.0,227,7.31
c0509199-3584-491e-a27b-3382a46c51fd,2026-07-01T15:30:09,1665,1665,0,1.0,227,7.31
c0509199-3584-491e-a27b-3382a46c51fd,2026-07-01T15:30:10,1665,1665,0,1.0,227,7.31
c0509199-3584-491e-a27b-3382a46c51fd,2026-07-01T15:30:10,1665,1665,0,1.0,227,7.31
c0509199-3584-491e-a27b-3382a46c51fd,2026-07-01T15:30:10,1665,1665,0,1.0,227,7.31
c0509199-3584-491e-a27b-3382a46c51fd,2026-07-01T15:30:10,1665,1665,0,1.0,227,7.31
c0509199-3584-491e-a27b-3382a46c51fd,2026-07-01T15:30:10,1665,1665,0,1.0,227,7.31
c0509199-3584-491e-a27b-3382a46c51fd,2026-07-01T15:30:10,1665,1665,0,1.0,227,7.31
c0509199-3584-491e-a27b-3382a46c51fd,2026-07-01T15:30:10,1665,1665,0,1.0,227,7.315
c0509199-3584-491e-a27b-3382a46c51fd,2026-07-01T15:30:10,1665,1665,0,1.0,227,7.315
c0509199-3584-491e-a27b-3382a46c51fd,2026-07-01T15:30:10,1665,1665,0,1.0,227,7.315
c0509199-3584-491e-a27b-3382a46c51fd,2026-07-01T15:30:10,1665,1665,0,1.0,227,7.315
c0509199-3584-491e-a27b-3382a46c51fd,2026-07-01T15:30:11,1665,1665,0,1.0,227,7.315
c0509199-3584-491e-a27b-3382a46c51fd,2026-07-01T15:30:11,1665,1665,0,1.0,227,7.315
c0509199-3584-491e-a27b-3382a46c51fd,2026-07-01T15:30:11,1664,1664,0,1.0,227,7.315
c0509199-3584-491e-a27b-3382a46c51fd,2026-07-01T15:30:11,1664,1664,0,1.0,227,7.315
c0509199-3584-491e-a27b-3382a46c51fd,2026-07-01T15:30:11,1664,1664,0,1.0,226,7.315
c0509199-3584-491e-a27b-3382a46c51fd,2026-07-01T15:30:11,1664,1664,0,1.0,226,7.315
c0509199-3584-491e-a27b-3382a46c51fd,2026-07-01T15:30:11,1664,1664,0,1.0,226,7.315
c0509199-3584-491e-a27b-3382a46c51fd,2026-07-01T15:30:11,1664,1664,0,1.0,226,7.315
c0509199-3584-491e-a27b-3382a46c51fd,2026-07-01T15:30:11,1664,1664,0,1.0,226,7.315
c0509199-3584-491e-a27b-3382a46c51fd,2026-07-01T15:30:11,1664,1664,0,1.0,226,7.315
c0509199-3584-491e-a27b-3382a46c51fd,2026-07-01T15:30:12,1664,1664,0,1.0,226,7.315
c0509199-3584-491e-a27b-3382a46c51fd,2026-07-01T15:30:12,1664,1664,0,1.0,226,7.315
c0509199-3584-491e-a27b-3382a46c51fd,2026-07-01T15:30:12,1664,1664,0,1.0,226,7.306
c0509199-3584-491e-a27b-3382a46c51fd,2026-07-01T15:30:12,1664,1664,0,1.0,226,7.306
c0509199-3584-491e-a27b-3382a46c51fd,2026-07-01T15:30:12,1664,1664,0,1.0,226,7.306
c0509199-3584-491e-a27b-3382a46c51fd,2026-07-01T15:30:12,1664,1664,0,1.0,226,7.306
c0509199-3584-491e-a27b-3382a46c51fd,2026-07-01T15:30:12,1664,1664,0,1.0,226,7.306
c0509199-3584-491e-a27b-3382a46c51fd,2026-07-01T15:30:12,1664,1664,0,1.0,226,7.306
c0509199-3584-491e-a27b-3382a46c51fd,2026-07-01T15:30:12,1665,1665,0,1.0,226,7.306
c0509199-3584-491e-a27b-3382a46c51fd,2026-07-01T15:30:12,1665,1665,0,1.0,226,7.306
c0509199-3584-491e-a27b-3382a46c51fd,2026-07-01T15:30:13,1665,1665,0,1.0,227,7.306
c0509199-3584-491e-a27b-3382a46c51fd,2026-07-01T15:30:13,1665,1665,0,1.0,227,7.306
c0509199-3584-491e-a27b-3382a46c51fd,2026-07-01T15:30:13,1665,1665,0,1.0,227,7.306
c0509199-3584-491e-a27b-3382a46c51fd,2026-07-01T15:30:13,1665,1665,0,1.0,227,7.306
c0509199-3584-491e-a27b-3382a46c51fd,2026-07-01T15:30:13,1665,1665,0,1.0,227,7.306
c0509199-3584-491e-a27b-3382a46c51fd,2026-07-01T15:30:13,1665,1665,0,1.0,227,7.306
c0509199-3584-491e-a27b-3382a46c51fd,2026-07-01T15:30:13,1667,1667,0,1.0,227,7.306
c0509199-3584-491e-a27b-3382a46c51fd,2026-07-01T15:30:13,1667,1667,0,1.0,227,7.306
c0509199-3584-491e-a27b-3382a46c51fd,2026-07-01T15:30:13,1667,1667,0,1.0,227,7.315
c0509199-3584-491e-a27b-3382a46c51fd,2026-07-01T15:30:13,1667,1667,0,1.0,227,7.315
c0509199-3584-491e-a27b-3382a46c51fd,2026-07-01T15:30:14,1669,1669,0,1.0,227,7.315
c0509199-3584-491e-a27b-3382a46c51fd,2026-07-01T15:30:14,1669,1669,0,1.0,227,7.315
c0509199-3584-491e-a27b-3382a46c51fd,2026-07-01T15:30:14,1667,1667,0,1.0,227,7.315
c0509199-3584-491e-a27b-3382a46c51fd,2026-07-01T15:30:14,1667,1667,0,1.0,227,7.315
c0509199-3584-491e-a27b-3382a46c51fd,2026-07-01T15:30:14,1667,1667,0,1.0,227,7.315
c0509199-3584-491e-a27b-3382a46c51fd,2026-07-01T15:30:14,1667,1667,0,1.0,227,7.315
c0509199-3584-491e-a27b-3382a46c51fd,2026-07-01T15:30:14,1662,1662,0,1.0,227,7.315
c0509199-3584-491e-a27b-3382a46c51fd,2026-07-01T15:30:14,1662,1662,0,1.0,227,7.315
c0509199-3584-491e-a27b-3382a46c51fd,2026-07-01T15:30:14,1660,1660,0,1.0,227,7.315
c0509199-3584-491e-a27b-3382a46c51fd,2026-07-01T15:30:14,1660,1660,0,1.0,227,7.315
c0509199-3584-491e-a27b-3382a46c51fd,2026-07-01T15:30:15,1660,1660,0,1.0,227,7.315
c0509199-3584-491e-a27b-3382a46c51fd,2026-07-01T15:30:15,1660,1660,0,1.0,227,7.315
c0509199-3584-491e-a27b-3382a46c51fd,2026-07-01T15:30:15,1660,1660,0,1.0,227,7.315
c0509199-3584-491e-a27b-3382a46c51fd,2026-07-01T15:30:15,1660,1660,0,1.0,227,7.315
c0509199-3584-491e-a27b-3382a46c51fd,2026-07-01T15:30:15,1660,1660,0,1.0,227,7.302
c0509199-3584-491e-a27b-3382a46c51fd,2026-07-01T15:30:15,1660,1660,0,1.0,227,7.302
c0509199-3584-491e-a27b-3382a46c51fd,2026-07-01T15:30:15,1660,1660,0,1.0,227,7.302
c0509199-3584-491e-a27b-3382a46c51fd,2026-07-01T15:30:15,1660,1660,0,1.0,227,7.302
c0509199-3584-491e-a27b-3382a46c51fd,2026-07-01T15:30:15,1660,1660,0,1.0,227,7.302
c0509199-3584-491e-a27b-3382a46c51fd,2026-07-01T15:30:15,1660,1660,0,1.0,227,7.302
c0509199-3584-491e-a27b-3382a46c51fd,2026-07-01T15:30:16,1660,1660,0,1.0,227,7.302
c0509199-3584-491e-a27b-3382a46c51fd,2026-07-01T15:30:16,1660,1660,0,1.0,227,7.302
c0509199-3584-491e-a27b-3382a46c51fd,2026-07-01T15:30:16,1660,1660,0,1.0,226,7.302
c0509199-3584-491e-a27b-3382a46c51fd,2026-07-01T15:30:16,1660,1660,0,1.0,226,7.302
c0509199-3584-491e-a27b-3382a46c51fd,2026-07-01T15:30:16,1660,1660,0,1.0,226,7.302
c0509199-3584-491e-a27b-3382a46c51fd,2026-07-01T15:30:16,1660,1660,0,1.0,226,7.302
c0509199-3584-491e-a27b-3382a46c51fd,2026-07-01T15:30:16,1660,1660,0,1.0,226,7.302
c0509199-3584-491e-a27b-3382a46c51fd,2026-07-01T15:30:16,1660,1660,0,1.0,226,7.302
c0509199-3584-491e-a27b-3382a46c51fd,2026-07-01T15:30:16,1660,1660,0,1.0,226,7.302
c0509199-3584-491e-a27b-3382a46c51fd,2026-07-01T15:30:16,1660,1660,0,1.0,226,7.302
c0509199-3584-491e-a27b-3382a46c51fd,2026-07-01T15:30:17,1660,1660,0,1.0,226,7.298
c0509199-3584-491e-a27b-3382a46c51fd,2026-07-01T15:30:17,1660,1660,0,1.0,226,7.298
c0509199-3584-491e-a27b-3382a46c51fd,2026-07-01T15:30:17,1662,1662,0,1.0,226,7.298
c0509199-3584-491e-a27b-3382a46c51fd,2026-07-01T15:30:17,1662,1662,0,1.0,226,7.298
c0509199-3584-491e-a27b-3382a46c51fd,2026-07-01T15:30:17,1662,1662,0,1.0,226,7.298
c0509199-3584-491e-a27b-3382a46c51fd,2026-07-01T15:30:17,1662,1662,0,1.0,226,7.298
c0509199-3584-491e-a27b-3382a46c51fd,2026-07-01T15:30:17,1662,1662,0,1.0,226,7.298
c0509199-3584-491e-a27b-3382a46c51fd,2026-07-01T15:30:17,1662,1662,0,1.0,226,7.298
c0509199-3584-491e-a27b-3382a46c51fd,2026-07-01T15:30:17,1664,1664,0,1.0,226,7.298
c0509199-3584-491e-a27b-3382a46c51fd,2026-07-01T15:30:17,1664,1664,0,1.0,226,7.298
c0509199-3584-491e-a27b-3382a46c51fd,2026-07-01T15:30:18,1669,1669,0,1.0,226,7.298
c0509199-3584-491e-a27b-3382a46c51fd,2026-07-01T15:30:18,1669,1669,0,1.0,226,7.298
c0509199-3584-491e-a27b-3382a46c51fd,2026-07-01T15:30:18,1669,1669,0,1.0,226,7.298
c0509199-3584-491e-a27b-3382a46c51fd,2026-07-01T15:30:18,1669,1669,0,1.0,226,7.298
c0509199-3584-491e-a27b-3382a46c51fd,2026-07-01T15:30:18,1669,1669,0,1.0,226,7.298
c0509199-3584-491e-a27b-3382a46c51fd,2026-07-01T15:30:18,1669,1669,0,1.0,226,7.298
c0509199-3584-491e-a27b-3382a46c51fd,2026-07-01T15:30:18,1669,1669,0,1.0,226,7.319
c0509199-3584-491e-a27b-3382a46c51fd,2026-07-01T15:30:18,1669,1669,0,1.0,226,7.319
c0509199-3584-491e-a27b-3382a46c51fd,2026-07-01T15:30:18,1669,1669,0,1.0,226,7.319
c0509199-3584-491e-a27b-3382a46c51fd,2026-07-01T15:30:18,1669,1669,0,1.0,226,7.319
c0509199-3584-491e-a27b-3382a46c51fd,2026-07-01T15:30:19,1669,1669,0,1.0,226,7.319
c0509199-3584-491e-a27b-3382a46c51fd,2026-07-01T15:30:19,1669,1669,0,1.0,226,7.319
c0509199-3584-491e-a27b-3382a46c51fd,2026-07-01T15:30:19,1669,1669,0,1.0,226,7.319
c0509199-3584-491e-a27b-3382a46c51fd,2026-07-01T15:30:19,1669,1669,0,1.0,226,7.319
c0509199-3584-491e-a27b-3382a46c51fd,2026-07-01T15:30:19,1669,1669,0,1.0,227,7.319
c0509199-3584-491e-a27b-3382a46c51fd,2026-07-01T15:30:19,1669,1669,0,1.0,227,7.319
c0509199-3584-491e-a27b-3382a46c51fd,2026-07-01T15:30:19,1669,1669,0,1.0,227,7.319
c0509199-3584-491e-a27b-3382a46c51fd,2026-07-01T15:30:19,1669,1669,0,1.0,227,7.319
c0509199-3584-491e-a27b-3382a46c51fd,2026-07-01T15:30:19,1669,1669,0,1.0,227,7.319
c0509199-3584-491e-a27b-3382a46c51fd,2026-07-01T15:30:19,1669,1669,0,1.0,227,7.319
c0509199-3584-491e-a27b-3382a46c51fd,2026-07-01T15:30:20,1669,1669,0,1.0,227,7.319
c0509199-3584-491e-a27b-3382a46c51fd,2026-07-01T15:30:20,1669,1669,0,1.0,227,7.319
c0509199-3584-491e-a27b-3382a46c51fd,2026-07-01T15:30:20,1669,1669,0,1.0,227,7.319
c0509199-3584-491e-a27b-3382a46c51fd,2026-07-01T15:30:20,1669,1669,0,1.0,227,7.319
c0509199-3584-491e-a27b-3382a46c51fd,2026-07-01T15:30:20,1669,1669,0,1.0,227,7.319
c0509199-3584-491e-a27b-3382a46c51fd,2026-07-01T15:30:20,1669,1669,0,1.0,227,7.319
c0509199-3584-491e-a27b-3382a46c51fd,2026-07-01T15:30:20,1669,1669,0,1.0,227,7.319
c0509199-3584-491e-a27b-3382a46c51fd,2026-07-01T15:30:20,1669,1669,0,1.0,227,7.319
c0509199-3584-491e-a27b-3382a46c51fd,2026-07-01T15:30:20,1669,1669,0,1.0,227,7.319
c0509199-3584-491e-a27b-3382a46c51fd,2026-07-01T15:30:20,1669,1669,0,1.0,227,7.319
c0509199-3584-491e-a27b-3382a46c51fd,2026-07-01T15:30:21,1669,1669,0,1.0,227,7.319
c0509199-3584-491e-a27b-3382a46c51fd,2026-07-01T15:30:21,1669,1669,0,1.0,227,7.319
c0509199-3584-491e-a27b-3382a46c51fd,2026-07-01T15:30:21,1671,1671,0,1.0,227,7.319
c0509199-3584-491e-a27b-3382a46c51fd,2026-07-01T15:30:21,1671,1671,0,1.0,227,7.319
c0509199-3584-491e-a27b-3382a46c51fd,2026-07-01T15:30:21,1671,1671,0,1.0,227,7.319
c0509199-3584-491e-a27b-3382a46c51fd,2026-07-01T15:30:21,1671,1671,0,1.0,227,7.319
c0509199-3584-491e-a27b-3382a46c51fd,2026-07-01T15:30:21,1671,1671,0,1.0,227,7.319
c0509199-3584-491e-a27b-3382a46c51fd,2026-07-01T15:30:21,1671,1671,0,1.0,227,7.319
c0509199-3584-491e-a27b-3382a46c51fd,2026-07-01T15:30:21,1671,1671,0,1.0,227,7.323
c0509199-3584-491e-a27b-3382a46c51fd,2026-07-01T15:30:21,1671,1671,0,1.0,227,7.323
c0509199-3584-491e-a27b-3382a46c51fd,2026-07-01T15:30:22,1671,1671,0,1.0,227,7.323
c0509199-3584-491e-a27b-3382a46c51fd,2026-07-01T15:30:22,1671,1671,0,1.0,227,7.323
c0509199-3584-491e-a27b-3382a46c51fd,2026-07-01T15:30:22,1671,1671,0,1.0,227,7.323
c0509199-3584-491e-a27b-3382a46c51fd,2026-07-01T15:30:22,1671,1671,0,1.0,227,7.323
c0509199-3584-491e-a27b-3382a46c51fd,2026-07-01T15:30:22,1671,1671,0,1.0,227,7.323
c0509199-3584-491e-a27b-3382a46c51fd,2026-07-01T15:30:22,1671,1671,0,1.0,227,7.323
c0509199-3584-491e-a27b-3382a46c51fd,2026-07-01T15:30:22,1671,1671,0,1.0,227,7.323
c0509199-3584-491e-a27b-3382a46c51fd,2026-07-01T15:30:22,1671,1671,0,1.0,227,7.323
c0509199-3584-491e-a27b-3382a46c51fd,2026-07-01T15:30:22,1671,1671,0,1.0,227,7.323
c0509199-3584-491e-a27b-3382a46c51fd,2026-07-01T15:30:22,1671,1671,0,1.0,227,7.323
c0509199-3584-491e-a27b-3382a46c51fd,2026-07-01T15:30:23,1671,1671,0,1.0,227,7.323
c0509199-3584-491e-a27b-3382a46c51fd,2026-07-01T15:30:23,1671,1671,0,1.0,227,7.323
c0509199-3584-491e-a27b-3382a46c51fd,2026-07-01T15:30:23,1671,1671,0,1.0,227,7.323
c0509199-3584-491e-a27b-3382a46c51fd,2026-07-01T15:30:23,1671,1671,0,1.0,227,7.323
c0509199-3584-491e-a27b-3382a46c51fd,2026-07-01T15:30:23,1671,1671,0,1.0,227,7.323
c0509199-3584-491e-a27b-3382a46c51fd,2026-07-01T15:30:23,1671,1671,0,1.0,227,7.323
c0509199-3584-491e-a27b-3382a46c51fd,2026-07-01T15:30:23,1671,1671,0,1.0,227,7.323
c0509199-3584-491e-a27b-3382a46c51fd,2026-07-01T15:30:23,1671,1671,0,1.0,227,7.323
c0509199-3584-491e-a27b-3382a46c51fd,2026-07-01T15:30:23,1671,1671,0,1.0,227,7.323
c0509199-3584-491e-a27b-3382a46c51fd,2026-07-01T15:30:23,1671,1671,0,1.0,227,7.323
c0509199-3584-491e-a27b-3382a46c51fd,2026-07-01T15:30:24,1671,1671,0,1.0,227,7.323
c0509199-3584-491e-a27b-3382a46c51fd,2026-07-01T15:30:24,1671,1671,0,1.0,227,7.323
c0509199-3584-491e-a27b-3382a46c51fd,2026-07-01T15:30:24,1669,1669,0,1.0,227,7.323
c0509199-3584-491e-a27b-3382a46c51fd,2026-07-01T15:30:24,1669,1669,0,1.0,227,7.323
c0509199-3584-491e-a27b-3382a46c51fd,2026-07-01T15:30:24,1669,1669,0,1.0,227,7.323
c0509199-3584-491e-a27b-3382a46c51fd,2026-07-01T15:30:24,1669,1669,0,1.0,227,7.323
c0509199-3584-491e-a27b-3382a46c51fd,2026-07-01T15:30:24,1669,1669,0,1.0,227,7.323
c0509199-3584-491e-a27b-3382a46c51fd,2026-07-01T15:30:24,1669,1669,0,1.0,227,7.323
c0509199-3584-491e-a27b-3382a46c51fd,2026-07-01T15:30:24,1669,1669,0,1.0,227,7.323
c0509199-3584-491e-a27b-3382a46c51fd,2026-07-01T15:30:24,1669,1669,0,1.0,227,7.323
c0509199-3584-491e-a27b-3382a46c51fd,2026-07-01T15:30:25,1669,1669,0,1.0,227,7.319
c0509199-3584-491e-a27b-3382a46c51fd,2026-07-01T15:30:25,1669,1669,0,1.0,227,7.319
c0509199-3584-491e-a27b-3382a46c51fd,2026-07-01T15:30:25,1669,1669,0,1.0,227,7.319
c0509199-3584-491e-a27b-3382a46c51fd,2026-07-01T15:30:25,1669,1669,0,1.0,227,7.319
c0509199-3584-491e-a27b-3382a46c51fd,2026-07-01T15:30:25,1669,1669,0,1.0,227,7.319
c0509199-3584-491e-a27b-3382a46c51fd,2026-07-01T15:30:25,1669,1669,0,1.0,227,7.319
c0509199-3584-491e-a27b-3382a46c51fd,2026-07-01T15:30:25,1669,1669,0,1.0,227,7.319
c0509199-3584-491e-a27b-3382a46c51fd,2026-07-01T15:30:25,1669,1669,0,1.0,227,7.319
c0509199-3584-491e-a27b-3382a46c51fd,2026-07-01T15:30:25,1669,1669,0,1.0,227,7.319
c0509199-3584-491e-a27b-3382a46c51fd,2026-07-01T15:30:25,1669,1669,0,1.0,227,7.319
c0509199-3584-491e-a27b-3382a46c51fd,2026-07-01T15:30:26,1669,1669,0,1.0,227,7.319
c0509199-3584-491e-a27b-3382a46c51fd,2026-07-01T15:30:26,1669,1669,0,1.0,227,7.319
c0509199-3584-491e-a27b-3382a46c51fd,2026-07-01T15:30:26,1669,1669,0,1.0,227,7.319
c0509199-3584-491e-a27b-3382a46c51fd,2026-07-01T15:30:26,1669,1669,0,1.0,227,7.319
c0509199-3584-491e-a27b-3382a46c51fd,2026-07-01T15:30:26,1669,1669,0,1.0,227,7.319
c0509199-3584-491e-a27b-3382a46c51fd,2026-07-01T15:30:26,1669,1669,0,1.0,227,7.319
c0509199-3584-491e-a27b-3382a46c51fd,2026-07-01T15:30:26,1669,1669,0,1.0,227,7.319
c0509199-3584-491e-a27b-3382a46c51fd,2026-07-01T15:30:26,1669,1669,0,1.0,227,7.319
c0509199-3584-491e-a27b-3382a46c51fd,2026-07-01T15:30:26,1669,1669,0,1.0,227,7.319
c0509199-3584-491e-a27b-3382a46c51fd,2026-07-01T15:30:26,1669,1669,0,1.0,227,7.319
c0509199-3584-491e-a27b-3382a46c51fd,2026-07-01T15:30:27,1669,1669,0,1.0,227,7.319
c0509199-3584-491e-a27b-3382a46c51fd,2026-07-01T15:30:27,1669,1669,0,1.0,227,7.319
c0509199-3584-491e-a27b-3382a46c51fd,2026-07-01T15:30:27,1667,1667,0,1.0,227,7.319
c0509199-3584-491e-a27b-3382a46c51fd,2026-07-01T15:30:27,1667,1667,0,1.0,227,7.319
c0509199-3584-491e-a27b-3382a46c51fd,2026-07-01T15:30:27,1667,1667,0,1.0,227,7.319
c0509199-3584-491e-a27b-3382a46c51fd,2026-07-01T15:30:27,1667,1667,0,1.0,227,7.319
c0509199-3584-491e-a27b-3382a46c51fd,2026-07-01T15:30:27,1669,1669,0,1.0,227,7.319
c0509199-3584-491e-a27b-3382a46c51fd,2026-07-01T15:30:27,1669,1669,0,1.0,227,7.319
c0509199-3584-491e-a27b-3382a46c51fd,2026-07-01T15:30:27,1669,1669,0,1.0,227,7.319
c0509199-3584-491e-a27b-3382a46c51fd,2026-07-01T15:30:27,1669,1669,0,1.0,227,7.319
c0509199-3584-491e-a27b-3382a46c51fd,2026-07-01T15:30:28,1667,1667,0,1.0,227,7.319
c0509199-3584-491e-a27b-3382a46c51fd,2026-07-01T15:30:28,1667,1667,0,1.0,227,7.319
c0509199-3584-491e-a27b-3382a46c51fd,2026-07-01T15:30:28,1667,1667,0,1.0,227,7.319
c0509199-3584-491e-a27b-3382a46c51fd,2026-07-01T15:30:28,1667,1667,0,1.0,227,7.319
c0509199-3584-491e-a27b-3382a46c51fd,2026-07-01T15:30:28,1669,1669,0,1.0,227,7.319
c0509199-3584-491e-a27b-3382a46c51fd,2026-07-01T15:30:28,1669,1669,0,1.0,227,7.319
c0509199-3584-491e-a27b-3382a46c51fd,2026-07-01T15:30:28,1669,1669,0,1.0,227,7.319
c0509199-3584-491e-a27b-3382a46c51fd,2026-07-01T15:30:28,1669,1669,0,1.0,227,7.319
c0509199-3584-491e-a27b-3382a46c51fd,2026-07-01T15:30:28,1669,1669,0,1.0,227,7.319
c0509199-3584-491e-a27b-3382a46c51fd,2026-07-01T15:30:28,1669,1669,0,1.0,227,7.319
c0509199-3584-491e-a27b-3382a46c51fd,2026-07-01T15:30:29,1667,1667,0,1.0,227,7.319
c0509199-3584-491e-a27b-3382a46c51fd,2026-07-01T15:30:29,1667,1667,0,1.0,227,7.319
c0509199-3584-491e-a27b-3382a46c51fd,2026-07-01T15:30:29,1667,1667,0,1.0,227,7.319
c0509199-3584-491e-a27b-3382a46c51fd,2026-07-01T15:30:29,1667,1667,0,1.0,227,7.319
c0509199-3584-491e-a27b-3382a46c51fd,2026-07-01T15:30:29,1669,1669,0,1.0,227,7.319
c0509199-3584-491e-a27b-3382a46c51fd,2026-07-01T15:30:29,1669,1669,0,1.0,227,7.319
c0509199-3584-491e-a27b-3382a46c51fd,2026-07-01T15:30:29,1669,1669,0,1.0,227,7.319
c0509199-3584-491e-a27b-3382a46c51fd,2026-07-01T15:30:29,1669,1669,0,1.0,227,7.319
c0509199-3584-491e-a27b-3382a46c51fd,2026-07-01T15:30:29,1667,1667,0,1.0,227,7.315
c0509199-3584-491e-a27b-3382a46c51fd,2026-07-01T15:30:29,1667,1667,0,1.0,227,7.315
c0509199-3584-491e-a27b-3382a46c51fd,2026-07-01T15:30:30,1667,1667,0,1.0,227,7.315
c0509199-3584-491e-a27b-3382a46c51fd,2026-07-01T15:30:30,1667,1667,0,1.0,227,7.315
c0509199-3584-491e-a27b-3382a46c51fd,2026-07-01T15:30:30,1671,1671,0,1.0,227,7.315
c0509199-3584-491e-a27b-3382a46c51fd,2026-07-01T15:30:30,1671,1671,0,1.0,227,7.315
c0509199-3584-491e-a27b-3382a46c51fd,2026-07-01T15:30:30,1673,1673,0,1.0,227,7.315
c0509199-3584-491e-a27b-3382a46c51fd,2026-07-01T15:30:30,1673,1673,0,1.0,227,7.315
c0509199-3584-491e-a27b-3382a46c51fd,2026-07-01T15:30:30,1673,1673,0,1.0,227,7.315
c0509199-3584-491e-a27b-3382a46c51fd,2026-07-01T15:30:30,1673,1673,0,1.0,227,7.315
c0509199-3584-491e-a27b-3382a46c51fd,2026-07-01T15:30:31,1671,1671,0,1.0,227,7.315
c0509199-3584-491e-a27b-3382a46c51fd,2026-07-01T15:30:31,1671,1671,0,1.0,227,7.315
c0509199-3584-491e-a27b-3382a46c51fd,2026-07-01T15:30:31,1671,1671,0,1.0,227,7.315
c0509199-3584-491e-a27b-3382a46c51fd,2026-07-01T15:30:31,1671,1671,0,1.0,227,7.315
c0509199-3584-491e-a27b-3382a46c51fd,2026-07-01T15:30:31,1671,1671,0,1.0,227,7.315
c0509199-3584-491e-a27b-3382a46c51fd,2026-07-01T15:30:31,1673,1673,0,1.0,227,7.323
c0509199-3584-491e-a27b-3382a46c51fd,2026-07-01T15:30:31,1673,1673,0,1.0,227,7.323
c0509199-3584-491e-a27b-3382a46c51fd,2026-07-01T15:30:31,1673,1673,0,1.0,227,7.323
c0509199-3584-491e-a27b-3382a46c51fd,2026-07-01T15:30:31,1673,1673,0,1.0,227,7.323
c0509199-3584-491e-a27b-3382a46c51fd,2026-07-01T15:30:31,1673,1673,0,1.0,227,7.323
c0509199-3584-491e-a27b-3382a46c51fd,2026-07-01T15:30:31,1673,1673,0,1.0,227,7.323
c0509199-3584-491e-a27b-3382a46c51fd,2026-07-01T15:30:31,1673,1673,0,1.0,227,7.323
c0509199-3584-491e-a27b-3382a46c51fd,2026-07-01T15:30:32,1673,1673,0,1.0,227,7.323
c0509199-3584-491e-a27b-3382a46c51fd,2026-07-01T15:30:32,1673,1673,0,1.0,227,7.323
c0509199-3584-491e-a27b-3382a46c51fd,2026-07-01T15:30:32,1671,1671,0,1.0,227,7.323
c0509199-3584-491e-a27b-3382a46c51fd,2026-07-01T15:30:32,1671,1671,0,1.0,227,7.323
c0509199-3584-491e-a27b-3382a46c51fd,2026-07-01T15:30:32,1671,1671,0,1.0,227,7.323
c0509199-3584-491e-a27b-3382a46c51fd,2026-07-01T15:30:32,1671,1671,0,1.0,227,7.323
c0509199-3584-491e-a27b-3382a46c51fd,2026-07-01T15:30:32,1671,1671,0,1.0,227,7.323
c0509199-3584-491e-a27b-3382a46c51fd,2026-07-01T15:30:32,1671,1671,0,1.0,227,7.323
c0509199-3584-491e-a27b-3382a46c51fd,2026-07-01T15:30:32,1673,1673,0,1.0,227,7.323
c0509199-3584-491e-a27b-3382a46c51fd,2026-07-01T15:30:32,1673,1673,0,1.0,227,7.323
c0509199-3584-491e-a27b-3382a46c51fd,2026-07-01T15:30:33,1673,1673,0,1.0,227,7.323
c0509199-3584-491e-a27b-3382a46c51fd,2026-07-01T15:30:33,1673,1673,0,1.0,227,7.323
c0509199-3584-491e-a27b-3382a46c51fd,2026-07-01T15:30:33,1671,1671,0,1.0,227,7.323
c0509199-3584-491e-a27b-3382a46c51fd,2026-07-01T15:30:33,1671,1671,0,1.0,227,7.323
c0509199-3584-491e-a27b-3382a46c51fd,2026-07-01T15:30:33,1671,1671,0,1.0,227,7.323
c0509199-3584-491e-a27b-3382a46c51fd,2026-07-01T15:30:33,1671,1671,0,1.0,227,7.323
c0509199-3584-491e-a27b-3382a46c51fd,2026-07-01T15:30:33,1673,1673,0,1.0,227,7.323
c0509199-3584-491e-a27b-3382a46c51fd,2026-07-01T15:30:33,1673,1673,0,1.0,227,7.323
c0509199-3584-491e-a27b-3382a46c51fd,2026-07-01T15:30:33,1673,1673,0,1.0,227,7.323
c0509199-3584-491e-a27b-3382a46c51fd,2026-07-01T15:30:33,1673,1673,0,1.0,227,7.323
c0509199-3584-491e-a27b-3382a46c51fd,2026-07-01T15:30:34,1671,1671,0,1.0,227,7.323
c0509199-3584-491e-a27b-3382a46c51fd,2026-07-01T15:30:34,1671,1671,0,1.0,227,7.323
c0509199-3584-491e-a27b-3382a46c51fd,2026-07-01T15:30:34,1671,1671,0,1.0,227,7.323
c0509199-3584-491e-a27b-3382a46c51fd,2026-07-01T15:30:34,1671,1671,0,1.0,227,7.323
c0509199-3584-491e-a27b-3382a46c51fd,2026-07-01T15:30:34,1671,1671,0,1.0,227,7.323
c0509199-3584-491e-a27b-3382a46c51fd,2026-07-01T15:30:34,1671,1671,0,1.0,227,7.323
c0509199-3584-491e-a27b-3382a46c51fd,2026-07-01T15:30:34,1671,1671,0,1.0,227,7.319
c0509199-3584-491e-a27b-3382a46c51fd,2026-07-01T15:30:34,1671,1671,0,1.0,227,7.319
c0509199-3584-491e-a27b-3382a46c51fd,2026-07-01T15:30:34,1671,1671,0,1.0,227,7.319
c0509199-3584-491e-a27b-3382a46c51fd,2026-07-01T15:30:34,1671,1671,0,1.0,227,7.319
c0509199-3584-491e-a27b-3382a46c51fd,2026-07-01T15:30:35,1671,1671,0,1.0,227,7.319
c0509199-3584-491e-a27b-3382a46c51fd,2026-07-01T15:30:35,1671,1671,0,1.0,227,7.319
c0509199-3584-491e-a27b-3382a46c51fd,2026-07-01T15:30:35,1671,1671,0,1.0,227,7.319
c0509199-3584-491e-a27b-3382a46c51fd,2026-07-01T15:30:35,1671,1671,0,1.0,227,7.319
c0509199-3584-491e-a27b-3382a46c51fd,2026-07-01T15:30:35,1671,1671,0,1.0,227,7.319
c0509199-3584-491e-a27b-3382a46c51fd,2026-07-01T15:30:35,1671,1671,0,1.0,227,7.319
c0509199-3584-491e-a27b-3382a46c51fd,2026-07-01T15:30:35,1673,1673,0,1.0,227,7.319
c0509199-3584-491e-a27b-3382a46c51fd,2026-07-01T15:30:35,1673,1673,0,1.0,227,7.319
c0509199-3584-491e-a27b-3382a46c51fd,2026-07-01T15:30:35,1671,1671,0,1.0,227,7.319
c0509199-3584-491e-a27b-3382a46c51fd,2026-07-01T15:30:36,1671,1671,0,1.0,227,7.319
c0509199-3584-491e-a27b-3382a46c51fd,2026-07-01T15:30:36,1671,1671,0,1.0,227,7.319
c0509199-3584-491e-a27b-3382a46c51fd,2026-07-01T15:30:36,1671,1671,0,1.0,227,7.319
c0509199-3584-491e-a27b-3382a46c51fd,2026-07-01T15:30:36,1078,1662,1265,0.65,227,7.323
c0509199-3584-491e-a27b-3382a46c51fd,2026-07-01T15:30:36,1078,1662,1265,0.65,227,7.323
c0509199-3584-491e-a27b-3382a46c51fd,2026-07-01T15:30:36,22,1662,1662,0.01,227,7.323
c0509199-3584-491e-a27b-3382a46c51fd,2026-07-01T15:30:36,22,1662,1662,0.01,227,7.323
c0509199-3584-491e-a27b-3382a46c51fd,2026-07-01T15:30:36,22,1662,1662,0.01,227,7.323
c0509199-3584-491e-a27b-3382a46c51fd,2026-07-01T15:30:36,22,1662,1662,0.01,227,7.323
c0509199-3584-491e-a27b-3382a46c51fd,2026-07-01T15:30:36,22,1662,1662,0.01,227,7.323
c0509199-3584-491e-a27b-3382a46c51fd,2026-07-01T15:30:36,22,1662,1662,0.01,227,7.323
c0509199-3584-491e-a27b-3382a46c51fd,2026-07-01T15:30:37,2,1689,1689,0.0,231,7.323
c0509199-3584-491e-a27b-3382a46c51fd,2026-07-01T15:30:37,2,1689,1689,0.0,231,7.323
c0509199-3584-491e-a27b-3382a46c51fd,2026-07-01T15:30:37,2,1689,1689,0.0,231,7.323
c0509199-3584-491e-a27b-3382a46c51fd,2026-07-01T15:30:37,2,1689,1689,0.0,231,7.323
c0509199-3584-491e-a27b-3382a46c51fd,2026-07-01T15:30:37,4,1689,1689,0.0,231,7.323
c0509199-3584-491e-a27b-3382a46c51fd,2026-07-01T15:30:37,4,1689,1689,0.0,231,7.323
c0509199-3584-491e-a27b-3382a46c51fd,2026-07-01T15:30:37,4,1689,1689,0.0,231,7.323
c0509199-3584-491e-a27b-3382a46c51fd,2026-07-01T15:30:37,4,1689,1689,0.0,231,7.323
c0509199-3584-491e-a27b-3382a46c51fd,2026-07-01T15:30:37,4,1689,1689,0.0,231,7.323
c0509199-3584-491e-a27b-3382a46c51fd,2026-07-01T15:30:38,4,1689,1689,0.0,231,7.323
c0509199-3584-491e-a27b-3382a46c51fd,2026-07-01T15:30:38,4,1689,1689,0.0,231,7.323
c0509199-3584-491e-a27b-3382a46c51fd,2026-07-01T15:30:38,4,1689,1689,0.0,231,7.323
c0509199-3584-491e-a27b-3382a46c51fd,2026-07-01T15:30:38,4,1689,1689,0.0,231,7.323
c0509199-3584-491e-a27b-3382a46c51fd,2026-07-01T15:30:38,4,1689,1689,0.0,231,7.323
c0509199-3584-491e-a27b-3382a46c51fd,2026-07-01T15:30:38,4,1689,1689,0.0,231,7.323
c0509199-3584-491e-a27b-3382a46c51fd,2026-07-01T15:30:38,4,1689,1689,0.0,231,7.323
c0509199-3584-491e-a27b-3382a46c51fd,2026-07-01T15:30:38,4,10,9,0.44,231,0.043
c0509199-3584-491e-a27b-3382a46c51fd,2026-07-01T15:30:38,4,10,9,0.44,231,0.043
c0509199-3584-491e-a27b-3382a46c51fd,2026-07-01T15:30:38,4,10,9,0.44,231,0.043
c0509199-3584-491e-a27b-3382a46c51fd,2026-07-01T15:30:38,4,10,9,0.44,231,0.043
c0509199-3584-491e-a27b-3382a46c51fd,2026-07-01T15:30:39,4,10,9,0.44,231,0.043
c0509199-3584-491e-a27b-3382a46c51fd,2026-07-01T15:30:39,4,10,9,0.44,231,0.043
c0509199-3584-491e-a27b-3382a46c51fd,2026-07-01T15:30:39,4,10,9,0.42,231,0.043
c0509199-3584-491e-a27b-3382a46c51fd,2026-07-01T15:30:39,4,10,9,0.42,231,0.043
c0509199-3584-491e-a27b-3382a46c51fd,2026-07-01T15:30:39,4,10,9,0.42,231,0.043
c0509199-3584-491e-a27b-3382a46c51fd,2026-07-01T15:30:39,4,10,9,0.42,231,0.043
c0509199-3584-491e-a27b-3382a46c51fd,2026-07-01T15:30:39,4,10,9,0.43,231,0.043
c0509199-3584-491e-a27b-3382a46c51fd,2026-07-01T15:30:39,4,10,9,0.43,231,0.043
c0509199-3584-491e-a27b-3382a46c51fd,2026-07-01T15:30:39,4,10,9,0.43,231,0.043
c0509199-3584-491e-a27b-3382a46c51fd,2026-07-01T15:30:39,4,10,9,0.43,231,0.043
c0509199-3584-491e-a27b-3382a46c51fd,2026-07-01T15:30:40,4,10,9,0.43,231,0.043
c0509199-3584-491e-a27b-3382a46c51fd,2026-07-01T15:30:40,4,10,9,0.43,231,0.043
c0509199-3584-491e-a27b-3382a46c51fd,2026-07-01T15:30:40,5,10,9,0.45,231,0.043
c0509199-3584-491e-a27b-3382a46c51fd,2026-07-01T15:30:40,5,10,9,0.45,231,0.043
c0509199-3584-491e-a27b-3382a46c51fd,2026-07-01T15:30:40,5,10,9,0.45,231,0.043
c0509199-3584-491e-a27b-3382a46c51fd,2026-07-01T15:30:40,5,10,9,0.45,231,0.043
c0509199-3584-491e-a27b-3382a46c51fd,2026-07-01T15:30:40,4,10,9,0.44,231,0.043
c0509199-3584-491e-a27b-3382a46c51fd,2026-07-01T15:30:40,4,10,9,0.44,231,0.043
c0509199-3584-491e-a27b-3382a46c51fd,2026-07-01T15:30:40,4,10,9,0.44,231,0.043
c0509199-3584-491e-a27b-3382a46c51fd,2026-07-01T15:30:40,4,10,9,0.44,231,0.043
c0509199-3584-491e-a27b-3382a46c51fd,2026-07-01T15:30:41,4,10,9,0.43,231,0.044
c0509199-3584-491e-a27b-3382a46c51fd,2026-07-01T15:30:41,4,10,9,0.43,231,0.044
c0509199-3584-491e-a27b-3382a46c51fd,2026-07-01T15:30:41,5,10,9,0.44,231,0.044
c0509199-3584-491e-a27b-3382a46c51fd,2026-07-01T15:30:41,5,10,9,0.44,231,0.044
c0509199-3584-491e-a27b-3382a46c51fd,2026-07-01T15:30:41,5,10,9,0.44,231,0.044
c0509199-3584-491e-a27b-3382a46c51fd,2026-07-01T15:30:41,5,10,9,0.44,231,0.044
c0509199-3584-491e-a27b-3382a46c51fd,2026-07-01T15:30:41,4,10,9,0.42,231,0.044
c0509199-3584-491e-a27b-3382a46c51fd,2026-07-01T15:30:41,4,10,9,0.42,231,0.044
c0509199-3584-491e-a27b-3382a46c51fd,2026-07-01T15:30:41,4,10,9,0.42,231,0.044
c0509199-3584-491e-a27b-3382a46c51fd,2026-07-01T15:30:42,4,10,9,0.42,231,0.044
c0509199-3584-491e-a27b-3382a46c51fd,2026-07-01T15:30:42,4,10,9,0.42,231,0.044
c0509199-3584-491e-a27b-3382a46c51fd,2026-07-01T15:30:42,5,10,9,0.44,231,0.044
c0509199-3584-491e-a27b-3382a46c51fd,2026-07-01T15:30:42,5,10,9,0.44,231,0.044
c0509199-3584-491e-a27b-3382a46c51fd,2026-07-01T15:30:42,5,10,9,0.44,231,0.044
c0509199-3584-491e-a27b-3382a46c51fd,2026-07-01T15:30:42,5,10,9,0.44,231,0.044
c0509199-3584-491e-a27b-3382a46c51fd,2026-07-01T15:30:42,5,10,9,0.44,231,0.044
c0509199-3584-491e-a27b-3382a46c51fd,2026-07-01T15:30:42,5,10,9,0.44,231,0.044
c0509199-3584-491e-a27b-3382a46c51fd,2026-07-01T15:30:43,4,10,9,0.42,231,0.044
c0509199-3584-491e-a27b-3382a46c51fd,2026-07-01T15:30:43,4,10,9,0.42,231,0.044
c0509199-3584-491e-a27b-3382a46c51fd,2026-07-01T15:30:43,4,10,9,0.42,231,0.044
c0509199-3584-491e-a27b-3382a46c51fd,2026-07-01T15:30:43,4,10,9,0.42,231,0.044
c0509199-3584-491e-a27b-3382a46c51fd,2026-07-01T15:30:43,4,10,9,0.42,231,0.044
c0509199-3584-491e-a27b-3382a46c51fd,2026-07-01T15:30:43,4,10,9,0.44,231,0.043
c0509199-3584-491e-a27b-3382a46c51fd,2026-07-01T15:30:43,4,10,9,0.44,231,0.043
c0509199-3584-491e-a27b-3382a46c51fd,2026-07-01T15:30:43,5,10,9,0.45,231,0.043
c0509199-3584-491e-a27b-3382a46c51fd,2026-07-01T15:30:43,5,10,9,0.45,231,0.043
c0509199-3584-491e-a27b-3382a46c51fd,2026-07-01T15:30:43,5,10,9,0.45,231,0.043
c0509199-3584-491e-a27b-3382a46c51fd,2026-07-01T15:30:44,4,10,9,0.44,231,0.043
c0509199-3584-491e-a27b-3382a46c51fd,2026-07-01T15:30:44,4,10,9,0.44,231,0.043
c0509199-3584-491e-a27b-3382a46c51fd,2026-07-01T15:30:44,4,10,9,0.44,231,0.043
c0509199-3584-491e-a27b-3382a46c51fd,2026-07-01T15:30:44,4,10,9,0.44,231,0.043
c0509199-3584-491e-a27b-3382a46c51fd,2026-07-01T15:30:44,4,10,9,0.44,231,0.043
c0509199-3584-491e-a27b-3382a46c51fd,2026-07-01T15:30:44,5,10,9,0.45,231,0.043
c0509199-3584-491e-a27b-3382a46c51fd,2026-07-01T15:30:44,5,10,9,0.45,231,0.043
c0509199-3584-491e-a27b-3382a46c51fd,2026-07-01T15:30:44,652,652,0,1.0,231,0.043
c0509199-3584-491e-a27b-3382a46c51fd,2026-07-01T15:30:44,652,652,0,1.0,231,0.043
c0509199-3584-491e-a27b-3382a46c51fd,2026-07-01T15:30:44,1691,1691,0,1.0,231,0.043
c0509199-3584-491e-a27b-3382a46c51fd,2026-07-01T15:30:44,1691,1691,0,1.0,231,0.043
c0509199-3584-491e-a27b-3382a46c51fd,2026-07-01T15:30:44,1691,1691,0,1.0,231,0.043
c0509199-3584-491e-a27b-3382a46c51fd,2026-07-01T15:30:45,1682,1699,242,0.99,231,7.365
c0509199-3584-491e-a27b-3382a46c51fd,2026-07-01T15:30:45,1682,1699,242,0.99,231,7.365
c0509199-3584-491e-a27b-3382a46c51fd,2026-07-01T15:30:45,1682,1699,242,0.99,231,7.365
c0509199-3584-491e-a27b-3382a46c51fd,2026-07-01T15:30:45,1680,1699,255,0.99,231,7.365
c0509199-3584-491e-a27b-3382a46c51fd,2026-07-01T15:30:45,1680,1699,255,0.99,231,7.365
c0509199-3584-491e-a27b-3382a46c51fd,2026-07-01T15:30:45,1680,1699,255,0.99,231,7.365
c0509199-3584-491e-a27b-3382a46c51fd,2026-07-01T15:30:45,1680,1699,255,0.99,231,7.365
c0509199-3584-491e-a27b-3382a46c51fd,2026-07-01T15:30:45,1680,1699,255,0.99,231,7.365
c0509199-3584-491e-a27b-3382a46c51fd,2026-07-01T15:30:45,1680,1699,255,0.99,231,7.365
c0509199-3584-491e-a27b-3382a46c51fd,2026-07-01T15:30:45,1680,1680,0,1.0,227,7.365
c0509199-3584-491e-a27b-3382a46c51fd,2026-07-01T15:30:45,1680,1680,0,1.0,227,7.365
c0509199-3584-491e-a27b-3382a46c51fd,2026-07-01T15:30:46,1678,1678,0,1.0,227,7.365
c0509199-3584-491e-a27b-3382a46c51fd,2026-07-01T15:30:46,1678,1678,0,1.0,227,7.365
c0509199-3584-491e-a27b-3382a46c51fd,2026-07-01T15:30:46,1678,1678,0,1.0,227,7.365
c0509199-3584-491e-a27b-3382a46c51fd,2026-07-01T15:30:46,1678,1678,0,1.0,227,7.365
c0509199-3584-491e-a27b-3382a46c51fd,2026-07-01T15:30:46,1678,1678,0,1.0,227,7.365
c0509199-3584-491e-a27b-3382a46c51fd,2026-07-01T15:30:46,1678,1678,0,1.0,227,7.365
c0509199-3584-491e-a27b-3382a46c51fd,2026-07-01T15:30:46,1678,1678,0,1.0,227,7.352
c0509199-3584-491e-a27b-3382a46c51fd,2026-07-01T15:30:46,1678,1678,0,1.0,227,7.352
c0509199-3584-491e-a27b-3382a46c51fd,2026-07-01T15:30:46,1676,1676,0,1.0,227,7.352
c0509199-3584-491e-a27b-3382a46c51fd,2026-07-01T15:30:46,1676,1676,0,1.0,227,7.352
c0509199-3584-491e-a27b-3382a46c51fd,2026-07-01T15:30:47,1676,1676,0,1.0,227,7.352
c0509199-3584-491e-a27b-3382a46c51fd,2026-07-01T15:30:47,1676,1676,0,1.0,227,7.352
c0509199-3584-491e-a27b-3382a46c51fd,2026-07-01T15:30:47,1675,1675,0,1.0,227,7.352
c0509199-3584-491e-a27b-3382a46c51fd,2026-07-01T15:30:47,1675,1675,0,1.0,227,7.352
c0509199-3584-491e-a27b-3382a46c51fd,2026-07-01T15:30:47,1675,1675,0,1.0,227,7.352
c0509199-3584-491e-a27b-3382a46c51fd,2026-07-01T15:30:47,1675,1675,0,1.0,227,7.352
c0509199-3584-491e-a27b-3382a46c51fd,2026-07-01T15:30:47,1675,1675,0,1.0,227,7.352
c0509199-3584-491e-a27b-3382a46c51fd,2026-07-01T15:30:47,1675,1675,0,1.0,227,7.352
c0509199-3584-491e-a27b-3382a46c51fd,2026-07-01T15:30:47,1675,1675,0,1.0,227,7.352
c0509199-3584-491e-a27b-3382a46c51fd,2026-07-01T15:30:47,1675,1675,0,1.0,227,7.352
c0509199-3584-491e-a27b-3382a46c51fd,2026-07-01T15:30:48,1673,1673,0,1.0,227,7.352
c0509199-3584-491e-a27b-3382a46c51fd,2026-07-01T15:30:48,1673,1673,0,1.0,227,7.352
c0509199-3584-491e-a27b-3382a46c51fd,2026-07-01T15:30:48,1673,1673,0,1.0,227,7.336
c0509199-3584-491e-a27b-3382a46c51fd,2026-07-01T15:30:48,1673,1673,0,1.0,227,7.336
c0509199-3584-491e-a27b-3382a46c51fd,2026-07-01T15:30:48,1673,1673,0,1.0,227,7.336
c0509199-3584-491e-a27b-3382a46c51fd,2026-07-01T15:30:48,1673,1673,0,1.0,227,7.336
c0509199-3584-491e-a27b-3382a46c51fd,2026-07-01T15:30:48,1673,1673,0,1.0,227,7.336
c0509199-3584-491e-a27b-3382a46c51fd,2026-07-01T15:30:48,1673,1673,0,1.0,227,7.336
c0509199-3584-491e-a27b-3382a46c51fd,2026-07-01T15:30:48,1673,1673,0,1.0,227,7.336
c0509199-3584-491e-a27b-3382a46c51fd,2026-07-01T15:30:48,1673,1673,0,1.0,227,7.336
c0509199-3584-491e-a27b-3382a46c51fd,2026-07-01T15:30:49,1673,1673,0,1.0,227,7.336
c0509199-3584-491e-a27b-3382a46c51fd,2026-07-01T15:30:49,1673,1673,0,1.0,227,7.336
c0509199-3584-491e-a27b-3382a46c51fd,2026-07-01T15:30:49,1673,1673,0,1.0,227,7.336
c0509199-3584-491e-a27b-3382a46c51fd,2026-07-01T15:30:49,1673,1673,0,1.0,227,7.336
c0509199-3584-491e-a27b-3382a46c51fd,2026-07-01T15:30:49,1673,1673,0,1.0,227,7.336
c0509199-3584-491e-a27b-3382a46c51fd,2026-07-01T15:30:49,1673,1673,0,1.0,227,7.336
c0509199-3584-491e-a27b-3382a46c51fd,2026-07-01T15:30:49,1673,1673,0,1.0,227,7.336
c0509199-3584-491e-a27b-3382a46c51fd,2026-07-01T15:30:49,1673,1673,0,1.0,227,7.336
c0509199-3584-491e-a27b-3382a46c51fd,2026-07-01T15:30:49,1673,1673,0,1.0,227,7.331
c0509199-3584-491e-a27b-3382a46c51fd,2026-07-01T15:30:49,1673,1673,0,1.0,227,7.331
c0509199-3584-491e-a27b-3382a46c51fd,2026-07-01T15:30:50,1671,1671,0,1.0,227,7.331
c0509199-3584-491e-a27b-3382a46c51fd,2026-07-01T15:30:50,1671,1671,0,1.0,227,7.331
c0509199-3584-491e-a27b-3382a46c51fd,2026-07-01T15:30:50,1671,1671,0,1.0,227,7.331
c0509199-3584-491e-a27b-3382a46c51fd,2026-07-01T15:30:50,1671,1671,0,1.0,227,7.331
c0509199-3584-491e-a27b-3382a46c51fd,2026-07-01T15:30:50,1671,1671,0,1.0,227,7.331
c0509199-3584-491e-a27b-3382a46c51fd,2026-07-01T15:30:50,1671,1671,0,1.0,227,7.331
c0509199-3584-491e-a27b-3382a46c51fd,2026-07-01T15:30:50,1673,1673,0,1.0,227,7.331
c0509199-3584-491e-a27b-3382a46c51fd,2026-07-01T15:30:50,1673,1673,0,1.0,227,7.331
c0509199-3584-491e-a27b-3382a46c51fd,2026-07-01T15:30:50,1673,1673,0,1.0,227,7.331
c0509199-3584-491e-a27b-3382a46c51fd,2026-07-01T15:30:50,1673,1673,0,1.0,227,7.331
c0509199-3584-491e-a27b-3382a46c51fd,2026-07-01T15:30:51,1671,1671,0,1.0,227,7.331
c0509199-3584-491e-a27b-3382a46c51fd,2026-07-01T15:30:51,1671,1671,0,1.0,227,7.331
c0509199-3584-491e-a27b-3382a46c51fd,2026-07-01T15:30:51,1669,1669,0,1.0,227,7.331
c0509199-3584-491e-a27b-3382a46c51fd,2026-07-01T15:30:51,1669,1669,0,1.0,227,7.331
c0509199-3584-491e-a27b-3382a46c51fd,2026-07-01T15:30:51,1671,1671,0,1.0,227,7.327
c0509199-3584-491e-a27b-3382a46c51fd,2026-07-01T15:30:51,1671,1671,0,1.0,227,7.327
c0509199-3584-491e-a27b-3382a46c51fd,2026-07-01T15:30:51,1671,1671,0,1.0,227,7.327
c0509199-3584-491e-a27b-3382a46c51fd,2026-07-01T15:30:51,1671,1671,0,1.0,227,7.327
c0509199-3584-491e-a27b-3382a46c51fd,2026-07-01T15:30:51,1671,1671,0,1.0,227,7.327
c0509199-3584-491e-a27b-3382a46c51fd,2026-07-01T15:30:51,1671,1671,0,1.0,227,7.327
c0509199-3584-491e-a27b-3382a46c51fd,2026-07-01T15:30:52,1669,1669,0,1.0,227,7.327
c0509199-3584-491e-a27b-3382a46c51fd,2026-07-01T15:30:52,1669,1669,0,1.0,227,7.327
c0509199-3584-491e-a27b-3382a46c51fd,2026-07-01T15:30:52,1669,1669,0,1.0,227,7.327
c0509199-3584-491e-a27b-3382a46c51fd,2026-07-01T15:30:52,1669,1669,0,1.0,227,7.327
c0509199-3584-491e-a27b-3382a46c51fd,2026-07-01T15:30:52,1669,1669,0,1.0,227,7.327
c0509199-3584-491e-a27b-3382a46c51fd,2026-07-01T15:30:52,1669,1669,0,1.0,227,7.327
c0509199-3584-491e-a27b-3382a46c51fd,2026-07-01T15:30:52,1669,1669,0,1.0,227,7.327
c0509199-3584-491e-a27b-3382a46c51fd,2026-07-01T15:30:52,1669,1669,0,1.0,227,7.327
c0509199-3584-491e-a27b-3382a46c51fd,2026-07-01T15:30:52,1669,1669,0,1.0,227,7.327
c0509199-3584-491e-a27b-3382a46c51fd,2026-07-01T15:30:52,1669,1669,0,1.0,227,7.327
c0509199-3584-491e-a27b-3382a46c51fd,2026-07-01T15:30:53,1669,1669,0,1.0,227,7.327
c0509199-3584-491e-a27b-3382a46c51fd,2026-07-01T15:30:53,1669,1669,0,1.0,227,7.327
c0509199-3584-491e-a27b-3382a46c51fd,2026-07-01T15:30:53,1667,1667,0,1.0,227,7.327
c0509199-3584-491e-a27b-3382a46c51fd,2026-07-01T15:30:53,1664,1664,0,1.0,227,7.327
c0509199-3584-491e-a27b-3382a46c51fd,2026-07-01T15:30:53,1664,1664,0,1.0,227,7.327
c0509199-3584-491e-a27b-3382a46c51fd,2026-07-01T15:30:53,1664,1664,0,1.0,227,7.327
c0509199-3584-491e-a27b-3382a46c51fd,2026-07-01T15:30:53,1664,1664,0,1.0,227,7.327
c0509199-3584-491e-a27b-3382a46c51fd,2026-07-01T15:30:53,1664,1664,0,1.0,227,7.327
c0509199-3584-491e-a27b-3382a46c51fd,2026-07-01T15:30:53,1664,1664,0,1.0,226,7.327
c0509199-3584-491e-a27b-3382a46c51fd,2026-07-01T15:30:53,1664,1664,0,1.0,226,7.327
c0509199-3584-491e-a27b-3382a46c51fd,2026-07-01T15:30:54,1664,1664,0,1.0,226,7.327
c0509199-3584-491e-a27b-3382a46c51fd,2026-07-01T15:30:54,1664,1664,0,1.0,226,7.327
c0509199-3584-491e-a27b-3382a46c51fd,2026-07-01T15:30:54,1665,1665,0,1.0,226,7.327
c0509199-3584-491e-a27b-3382a46c51fd,2026-07-01T15:30:54,1665,1665,0,1.0,226,7.327
c0509199-3584-491e-a27b-3382a46c51fd,2026-07-01T15:30:54,1665,1665,0,1.0,226,7.327
c0509199-3584-491e-a27b-3382a46c51fd,2026-07-01T15:30:54,1665,1665,0,1.0,226,7.327
c0509199-3584-491e-a27b-3382a46c51fd,2026-07-01T15:30:54,1667,1667,0,1.0,226,7.315
c0509199-3584-491e-a27b-3382a46c51fd,2026-07-01T15:30:54,1667,1667,0,1.0,226,7.315
c0509199-3584-491e-a27b-3382a46c51fd,2026-07-01T15:30:54,1667,1667,0,1.0,226,7.315
c0509199-3584-491e-a27b-3382a46c51fd,2026-07-01T15:30:54,1667,1667,0,1.0,226,7.315
c0509199-3584-491e-a27b-3382a46c51fd,2026-07-01T15:30:55,1665,1665,0,1.0,226,7.315
c0509199-3584-491e-a27b-3382a46c51fd,2026-07-01T15:30:55,1665,1665,0,1.0,226,7.315
c0509199-3584-491e-a27b-3382a46c51fd,2026-07-01T15:30:55,1667,1667,0,1.0,226,7.315
c0509199-3584-491e-a27b-3382a46c51fd,2026-07-01T15:30:55,1667,1667,0,1.0,226,7.315
c0509199-3584-491e-a27b-3382a46c51fd,2026-07-01T15:30:55,1669,1669,0,1.0,227,7.315
c0509199-3584-491e-a27b-3382a46c51fd,2026-07-01T15:30:55,1669,1669,0,1.0,227,7.315
c0509199-3584-491e-a27b-3382a46c51fd,2026-07-01T15:30:55,1669,1669,0,1.0,227,7.315
c0509199-3584-491e-a27b-3382a46c51fd,2026-07-01T15:30:55,1669,1669,0,1.0,227,7.315
c0509199-3584-491e-a27b-3382a46c51fd,2026-07-01T15:30:55,1669,1669,0,1.0,227,7.315
c0509199-3584-491e-a27b-3382a46c51fd,2026-07-01T15:30:55,1669,1669,0,1.0,227,7.315
c0509199-3584-491e-a27b-3382a46c51fd,2026-07-01T15:30:56,1669,1669,0,1.0,227,7.315
c0509199-3584-491e-a27b-3382a46c51fd,2026-07-01T15:30:56,1669,1669,0,1.0,227,7.315
c0509199-3584-491e-a27b-3382a46c51fd,2026-07-01T15:30:56,1669,1669,0,1.0,227,7.319
c0509199-3584-491e-a27b-3382a46c51fd,2026-07-01T15:30:56,1669,1669,0,1.0,227,7.319
c0509199-3584-491e-a27b-3382a46c51fd,2026-07-01T15:30:56,1671,1671,0,1.0,227,7.319
c0509199-3584-491e-a27b-3382a46c51fd,2026-07-01T15:30:56,1671,1671,0,1.0,227,7.319
c0509199-3584-491e-a27b-3382a46c51fd,2026-07-01T15:30:56,1673,1673,0,1.0,227,7.319
c0509199-3584-491e-a27b-3382a46c51fd,2026-07-01T15:30:56,1673,1673,0,1.0,227,7.319
c0509199-3584-491e-a27b-3382a46c51fd,2026-07-01T15:30:56,1671,1671,0,1.0,227,7.319
c0509199-3584-491e-a27b-3382a46c51fd,2026-07-01T15:30:56,1671,1671,0,1.0,227,7.319
c0509199-3584-491e-a27b-3382a46c51fd,2026-07-01T15:30:57,1671,1671,0,1.0,227,7.319
c0509199-3584-491e-a27b-3382a46c51fd,2026-07-01T15:30:57,1671,1671,0,1.0,227,7.319
c0509199-3584-491e-a27b-3382a46c51fd,2026-07-01T15:30:57,1671,1671,0,1.0,227,7.319
c0509199-3584-491e-a27b-3382a46c51fd,2026-07-01T15:30:57,1671,1671,0,1.0,227,7.319
c0509199-3584-491e-a27b-3382a46c51fd,2026-07-01T15:30:57,1671,1671,0,1.0,227,7.319
c0509199-3584-491e-a27b-3382a46c51fd,2026-07-01T15:30:57,1671,1671,0,1.0,227,7.319
c0509199-3584-491e-a27b-3382a46c51fd,2026-07-01T15:30:57,1673,1673,0,1.0,227,7.319
c0509199-3584-491e-a27b-3382a46c51fd,2026-07-01T15:30:57,1673,1673,0,1.0,227,7.319
c0509199-3584-491e-a27b-3382a46c51fd,2026-07-01T15:30:57,1673,1673,0,1.0,227,7.331
c0509199-3584-491e-a27b-3382a46c51fd,2026-07-01T15:30:57,1673,1673,0,1.0,227,7.331
c0509199-3584-491e-a27b-3382a46c51fd,2026-07-01T15:30:58,1673,1673,0,1.0,227,7.331
c0509199-3584-491e-a27b-3382a46c51fd,2026-07-01T15:30:58,1673,1673,0,1.0,227,7.331
c0509199-3584-491e-a27b-3382a46c51fd,2026-07-01T15:30:58,1671,1671,0,1.0,227,7.331
c0509199-3584-491e-a27b-3382a46c51fd,2026-07-01T15:30:58,1671,1671,0,1.0,227,7.331
c0509199-3584-491e-a27b-3382a46c51fd,2026-07-01T15:30:58,1671,1671,0,1.0,227,7.331
c0509199-3584-491e-a27b-3382a46c51fd,2026-07-01T15:30:58,1671,1671,0,1.0,227,7.331
c0509199-3584-491e-a27b-3382a46c51fd,2026-07-01T15:30:58,1671,1671,0,1.0,227,7.331
c0509199-3584-491e-a27b-3382a46c51fd,2026-07-01T15:30:58,1671,1671,0,1.0,227,7.331
c0509199-3584-491e-a27b-3382a46c51fd,2026-07-01T15:30:58,1671,1671,0,1.0,227,7.331
c0509199-3584-491e-a27b-3382a46c51fd,2026-07-01T15:30:58,1671,1671,0,1.0,227,7.331
c0509199-3584-491e-a27b-3382a46c51fd,2026-07-01T15:30:59,1671,1671,0,1.0,227,7.331
c0509199-3584-491e-a27b-3382a46c51fd,2026-07-01T15:30:59,1671,1671,0,1.0,227,7.331
c0509199-3584-491e-a27b-3382a46c51fd,2026-07-01T15:30:59,1671,1671,0,1.0,227,7.331
c0509199-3584-491e-a27b-3382a46c51fd,2026-07-01T15:30:59,1671,1671,0,1.0,227,7.331
c0509199-3584-491e-a27b-3382a46c51fd,2026-07-01T15:30:59,1671,1671,0,1.0,227,7.323
c0509199-3584-491e-a27b-3382a46c51fd,2026-07-01T15:30:59,1671,1671,0,1.0,227,7.323
c0509199-3584-491e-a27b-3382a46c51fd,2026-07-01T15:30:59,1671,1671,0,1.0,227,7.323
c0509199-3584-491e-a27b-3382a46c51fd,2026-07-01T15:30:59,1671,1671,0,1.0,227,7.323
c0509199-3584-491e-a27b-3382a46c51fd,2026-07-01T15:30:59,1669,1669,0,1.0,227,7.323
c0509199-3584-491e-a27b-3382a46c51fd,2026-07-01T15:30:59,1669,1669,0,1.0,227,7.323
c0509199-3584-491e-a27b-3382a46c51fd,2026-07-01T15:31:00,1669,1669,0,1.0,227,7.323
c0509199-3584-491e-a27b-3382a46c51fd,2026-07-01T15:31:00,1669,1669,0,1.0,227,7.323
c0509199-3584-491e-a27b-3382a46c51fd,2026-07-01T15:31:00,1669,1669,0,1.0,227,7.323
c0509199-3584-491e-a27b-3382a46c51fd,2026-07-01T15:31:00,1669,1669,0,1.0,227,7.323
c0509199-3584-491e-a27b-3382a46c51fd,2026-07-01T15:31:00,1669,1669,0,1.0,227,7.323
c0509199-3584-491e-a27b-3382a46c51fd,2026-07-01T15:31:00,1669,1669,0,1.0,227,7.323
c0509199-3584-491e-a27b-3382a46c51fd,2026-07-01T15:31:00,1669,1669,0,1.0,227,7.323
c0509199-3584-491e-a27b-3382a46c51fd,2026-07-01T15:31:00,1669,1669,0,1.0,227,7.323
c0509199-3584-491e-a27b-3382a46c51fd,2026-07-01T15:31:00,1671,1671,0,1.0,227,7.323
c0509199-3584-491e-a27b-3382a46c51fd,2026-07-01T15:31:00,1671,1671,0,1.0,227,7.323
c0509199-3584-491e-a27b-3382a46c51fd,2026-07-01T15:31:01,1671,1671,0,1.0,227,7.323
c0509199-3584-491e-a27b-3382a46c51fd,2026-07-01T15:31:01,1671,1671,0,1.0,227,7.323
c0509199-3584-491e-a27b-3382a46c51fd,2026-07-01T15:31:01,1669,1669,0,1.0,227,7.323
c0509199-3584-491e-a27b-3382a46c51fd,2026-07-01T15:31:01,1669,1669,0,1.0,227,7.323
c0509199-3584-491e-a27b-3382a46c51fd,2026-07-01T15:31:01,1669,1669,0,1.0,227,7.323
c0509199-3584-491e-a27b-3382a46c51fd,2026-07-01T15:31:01,1669,1669,0,1.0,227,7.323
c0509199-3584-491e-a27b-3382a46c51fd,2026-07-01T15:31:01,1671,1671,0,1.0,227,7.323
c0509199-3584-491e-a27b-3382a46c51fd,2026-07-01T15:31:01,1671,1671,0,1.0,227,7.323
c0509199-3584-491e-a27b-3382a46c51fd,2026-07-01T15:31:01,1669,1669,0,1.0,227,7.323
c0509199-3584-491e-a27b-3382a46c51fd,2026-07-01T15:31:01,1669,1669,0,1.0,227,7.323
c0509199-3584-491e-a27b-3382a46c51fd,2026-07-01T15:31:02,1669,1669,0,1.0,227,7.323
c0509199-3584-491e-a27b-3382a46c51fd,2026-07-01T15:31:02,1669,1669,0,1.0,227,7.323
c0509199-3584-491e-a27b-3382a46c51fd,2026-07-01T15:31:02,1669,1669,0,1.0,227,7.323
c0509199-3584-491e-a27b-3382a46c51fd,2026-07-01T15:31:02,1669,1669,0,1.0,227,7.323
c0509199-3584-491e-a27b-3382a46c51fd,2026-07-01T15:31:02,1671,1671,0,1.0,227,7.323
c0509199-3584-491e-a27b-3382a46c51fd,2026-07-01T15:31:02,1671,1671,0,1.0,227,7.323
c0509199-3584-491e-a27b-3382a46c51fd,2026-07-01T15:31:02,1669,1669,0,1.0,227,7.319
c0509199-3584-491e-a27b-3382a46c51fd,2026-07-01T15:31:02,1669,1669,0,1.0,227,7.319
c0509199-3584-491e-a27b-3382a46c51fd,2026-07-01T15:31:02,1669,1669,0,1.0,227,7.319
c0509199-3584-491e-a27b-3382a46c51fd,2026-07-01T15:31:02,1669,1669,0,1.0,227,7.319
c0509199-3584-491e-a27b-3382a46c51fd,2026-07-01T15:31:03,1671,1671,0,1.0,227,7.319
c0509199-3584-491e-a27b-3382a46c51fd,2026-07-01T15:31:03,1671,1671,0,1.0,227,7.319
c0509199-3584-491e-a27b-3382a46c51fd,2026-07-01T15:31:03,1669,1669,0,1.0,227,7.319
c0509199-3584-491e-a27b-3382a46c51fd,2026-07-01T15:31:03,1669,1669,0,1.0,227,7.319
c0509199-3584-491e-a27b-3382a46c51fd,2026-07-01T15:31:03,1669,1669,0,1.0,227,7.319
c0509199-3584-491e-a27b-3382a46c51fd,2026-07-01T15:31:03,1669,1669,0,1.0,227,7.319
c0509199-3584-491e-a27b-3382a46c51fd,2026-07-01T15:31:03,1671,1671,0,1.0,227,7.319
c0509199-3584-491e-a27b-3382a46c51fd,2026-07-01T15:31:03,1671,1671,0,1.0,227,7.319
c0509199-3584-491e-a27b-3382a46c51fd,2026-07-01T15:31:03,1673,1673,0,1.0,227,7.319
c0509199-3584-491e-a27b-3382a46c51fd,2026-07-01T15:31:03,1673,1673,0,1.0,227,7.319
c0509199-3584-491e-a27b-3382a46c51fd,2026-07-01T15:31:04,1673,1673,0,1.0,227,7.319
c0509199-3584-491e-a27b-3382a46c51fd,2026-07-01T15:31:04,1673,1673,0,1.0,227,7.319
c0509199-3584-491e-a27b-3382a46c51fd,2026-07-01T15:31:04,1673,1673,0,1.0,227,7.327
c0509199-3584-491e-a27b-3382a46c51fd,2026-07-01T15:31:04,1673,1673,0,1.0,227,7.327
c0509199-3584-491e-a27b-3382a46c51fd,2026-07-01T15:31:04,1673,1673,0,1.0,227,7.327
c0509199-3584-491e-a27b-3382a46c51fd,2026-07-01T15:31:04,1673,1673,0,1.0,227,7.327
c0509199-3584-491e-a27b-3382a46c51fd,2026-07-01T15:31:04,1673,1673,0,1.0,227,7.327
c0509199-3584-491e-a27b-3382a46c51fd,2026-07-01T15:31:04,1673,1673,0,1.0,227,7.327
c0509199-3584-491e-a27b-3382a46c51fd,2026-07-01T15:31:04,1673,1673,0,1.0,227,7.327
c0509199-3584-491e-a27b-3382a46c51fd,2026-07-01T15:31:04,1673,1673,0,1.0,227,7.327
c0509199-3584-491e-a27b-3382a46c51fd,2026-07-01T15:31:05,1673,1673,0,1.0,227,7.327
c0509199-3584-491e-a27b-3382a46c51fd,2026-07-01T15:31:05,1673,1673,0,1.0,227,7.327
c0509199-3584-491e-a27b-3382a46c51fd,2026-07-01T15:31:05,1673,1673,0,1.0,227,7.327
c0509199-3584-491e-a27b-3382a46c51fd,2026-07-01T15:31:05,1673,1673,0,1.0,227,7.327
c0509199-3584-491e-a27b-3382a46c51fd,2026-07-01T15:31:05,1671,1671,0,1.0,227,7.327
c0509199-3584-491e-a27b-3382a46c51fd,2026-07-01T15:31:05,1671,1671,0,1.0,227,7.327
c0509199-3584-491e-a27b-3382a46c51fd,2026-07-01T15:31:05,1671,1671,0,1.0,227,7.327
c0509199-3584-491e-a27b-3382a46c51fd,2026-07-01T15:31:05,1671,1671,0,1.0,227,7.327
c0509199-3584-491e-a27b-3382a46c51fd,2026-07-01T15:31:05,1671,1671,0,1.0,227,7.323
c0509199-3584-491e-a27b-3382a46c51fd,2026-07-01T15:31:05,1671,1671,0,1.0,227,7.323
c0509199-3584-491e-a27b-3382a46c51fd,2026-07-01T15:31:06,1671,1671,0,1.0,227,7.323
c0509199-3584-491e-a27b-3382a46c51fd,2026-07-01T15:31:06,1671,1671,0,1.0,227,7.323
c0509199-3584-491e-a27b-3382a46c51fd,2026-07-01T15:31:06,1671,1671,0,1.0,227,7.323
c0509199-3584-491e-a27b-3382a46c51fd,2026-07-01T15:31:06,1671,1671,0,1.0,227,7.323
c0509199-3584-491e-a27b-3382a46c51fd,2026-07-01T15:31:06,1671,1671,0,1.0,227,7.323
c0509199-3584-491e-a27b-3382a46c51fd,2026-07-01T15:31:06,1671,1671,0,1.0,227,7.323
c0509199-3584-491e-a27b-3382a46c51fd,2026-07-01T15:31:06,1671,1671,0,1.0,227,7.323
c0509199-3584-491e-a27b-3382a46c51fd,2026-07-01T15:31:06,1671,1671,0,1.0,227,7.323
c0509199-3584-491e-a27b-3382a46c51fd,2026-07-01T15:31:06,1671,1671,0,1.0,227,7.323
c0509199-3584-491e-a27b-3382a46c51fd,2026-07-01T15:31:06,1671,1671,0,1.0,227,7.323
c0509199-3584-491e-a27b-3382a46c51fd,2026-07-01T15:31:07,1671,1671,0,1.0,227,7.323
c0509199-3584-491e-a27b-3382a46c51fd,2026-07-01T15:31:07,1671,1671,0,1.0,227,7.323
c0509199-3584-491e-a27b-3382a46c51fd,2026-07-01T15:31:07,1671,1671,0,1.0,227,7.323
c0509199-3584-491e-a27b-3382a46c51fd,2026-07-01T15:31:07,1671,1671,0,1.0,227,7.323
c0509199-3584-491e-a27b-3382a46c51fd,2026-07-01T15:31:07,1671,1671,0,1.0,227,7.323
c0509199-3584-491e-a27b-3382a46c51fd,2026-07-01T15:31:07,1671,1671,0,1.0,227,7.323
c0509199-3584-491e-a27b-3382a46c51fd,2026-07-01T15:31:07,1671,1671,0,1.0,227,7.323
c0509199-3584-491e-a27b-3382a46c51fd,2026-07-01T15:31:07,1671,1671,0,1.0,227,7.323
c0509199-3584-491e-a27b-3382a46c51fd,2026-07-01T15:31:07,1671,1671,0,1.0,227,7.323
c0509199-3584-491e-a27b-3382a46c51fd,2026-07-01T15:31:07,1671,1671,0,1.0,227,7.323
c0509199-3584-491e-a27b-3382a46c51fd,2026-07-01T15:31:08,1669,1669,0,1.0,227,7.323
c0509199-3584-491e-a27b-3382a46c51fd,2026-07-01T15:31:08,1669,1669,0,1.0,227,7.323
c0509199-3584-491e-a27b-3382a46c51fd,2026-07-01T15:31:08,1671,1671,0,1.0,227,7.323
c0509199-3584-491e-a27b-3382a46c51fd,2026-07-01T15:31:08,1671,1671,0,1.0,227,7.323
c0509199-3584-491e-a27b-3382a46c51fd,2026-07-01T15:31:08,1671,1671,0,1.0,227,7.323
c0509199-3584-491e-a27b-3382a46c51fd,2026-07-01T15:31:08,1671,1671,0,1.0,227,7.323
c0509199-3584-491e-a27b-3382a46c51fd,2026-07-01T15:31:08,1671,1671,0,1.0,227,7.323
c0509199-3584-491e-a27b-3382a46c51fd,2026-07-01T15:31:08,1671,1671,0,1.0,227,7.323
c0509199-3584-491e-a27b-3382a46c51fd,2026-07-01T15:31:08,1671,1671,0,1.0,227,7.323
c0509199-3584-491e-a27b-3382a46c51fd,2026-07-01T15:31:08,1671,1671,0,1.0,227,7.323
c0509199-3584-491e-a27b-3382a46c51fd,2026-07-01T15:31:09,1671,1671,0,1.0,227,7.323
c0509199-3584-491e-a27b-3382a46c51fd,2026-07-01T15:31:09,1671,1671,0,1.0,227,7.323
c0509199-3584-491e-a27b-3382a46c51fd,2026-07-01T15:31:09,1671,1671,0,1.0,227,7.323
c0509199-3584-491e-a27b-3382a46c51fd,2026-07-01T15:31:09,1671,1671,0,1.0,227,7.323
c0509199-3584-491e-a27b-3382a46c51fd,2026-07-01T15:31:09,1669,1669,0,1.0,227,7.323
c0509199-3584-491e-a27b-3382a46c51fd,2026-07-01T15:31:09,1669,1669,0,1.0,227,7.323
c0509199-3584-491e-a27b-3382a46c51fd,2026-07-01T15:31:09,1669,1669,0,1.0,227,7.323
c0509199-3584-491e-a27b-3382a46c51fd,2026-07-01T15:31:09,1669,1669,0,1.0,227,7.323
c0509199-3584-491e-a27b-3382a46c51fd,2026-07-01T15:31:09,1669,1669,0,1.0,227,7.323
c0509199-3584-491e-a27b-3382a46c51fd,2026-07-01T15:31:09,1669,1669,0,1.0,227,7.323
c0509199-3584-491e-a27b-3382a46c51fd,2026-07-01T15:31:10,1669,1669,0,1.0,227,7.323
c0509199-3584-491e-a27b-3382a46c51fd,2026-07-01T15:31:10,1669,1669,0,1.0,227,7.323
c0509199-3584-491e-a27b-3382a46c51fd,2026-07-01T15:31:10,1669,1669,0,1.0,227,7.323
c0509199-3584-491e-a27b-3382a46c51fd,2026-07-01T15:31:10,1669,1669,0,1.0,227,7.323
c0509199-3584-491e-a27b-3382a46c51fd,2026-07-01T15:31:10,1669,1669,0,1.0,227,7.323
c0509199-3584-491e-a27b-3382a46c51fd,2026-07-01T15:31:10,1669,1669,0,1.0,227,7.323
c0509199-3584-491e-a27b-3382a46c51fd,2026-07-01T15:31:10,1669,1669,0,1.0,227,7.319
c0509199-3584-491e-a27b-3382a46c51fd,2026-07-01T15:31:10,1669,1669,0,1.0,227,7.319
c0509199-3584-491e-a27b-3382a46c51fd,2026-07-01T15:31:10,1669,1669,0,1.0,227,7.319
c0509199-3584-491e-a27b-3382a46c51fd,2026-07-01T15:31:10,1669,1669,0,1.0,227,7.319
c0509199-3584-491e-a27b-3382a46c51fd,2026-07-01T15:31:11,1669,1669,0,1.0,227,7.319
c0509199-3584-491e-a27b-3382a46c51fd,2026-07-01T15:31:11,1669,1669,0,1.0,227,7.319
c0509199-3584-491e-a27b-3382a46c51fd,2026-07-01T15:31:11,1669,1669,0,1.0,227,7.319
c0509199-3584-491e-a27b-3382a46c51fd,2026-07-01T15:31:11,1669,1669,0,1.0,227,7.319
c0509199-3584-491e-a27b-3382a46c51fd,2026-07-01T15:31:11,1669,1669,0,1.0,227,7.319
c0509199-3584-491e-a27b-3382a46c51fd,2026-07-01T15:31:11,1669,1669,0,1.0,227,7.319
c0509199-3584-491e-a27b-3382a46c51fd,2026-07-01T15:31:11,1671,1671,0,1.0,227,7.319
c0509199-3584-491e-a27b-3382a46c51fd,2026-07-01T15:31:11,1671,1671,0,1.0,227,7.319
c0509199-3584-491e-a27b-3382a46c51fd,2026-07-01T15:31:11,1673,1673,0,1.0,227,7.319
c0509199-3584-491e-a27b-3382a46c51fd,2026-07-01T15:31:11,1673,1673,0,1.0,227,7.319
c0509199-3584-491e-a27b-3382a46c51fd,2026-07-01T15:31:12,1673,1673,0,1.0,227,7.319
c0509199-3584-491e-a27b-3382a46c51fd,2026-07-01T15:31:12,1673,1673,0,1.0,227,7.319
c0509199-3584-491e-a27b-3382a46c51fd,2026-07-01T15:31:12,1673,1673,0,1.0,227,7.323
c0509199-3584-491e-a27b-3382a46c51fd,2026-07-01T15:31:12,1673,1673,0,1.0,227,7.323
c0509199-3584-491e-a27b-3382a46c51fd,2026-07-01T15:31:12,1673,1673,0,1.0,227,7.323
c0509199-3584-491e-a27b-3382a46c51fd,2026-07-01T15:31:12,1673,1673,0,1.0,227,7.323
c0509199-3584-491e-a27b-3382a46c51fd,2026-07-01T15:31:12,1673,1673,0,1.0,227,7.323
c0509199-3584-491e-a27b-3382a46c51fd,2026-07-01T15:31:12,1673,1673,0,1.0,227,7.323
c0509199-3584-491e-a27b-3382a46c51fd,2026-07-01T15:31:12,1669,1669,0,1.0,227,7.323
c0509199-3584-491e-a27b-3382a46c51fd,2026-07-01T15:31:12,1669,1669,0,1.0,227,7.323
c0509199-3584-491e-a27b-3382a46c51fd,2026-07-01T15:31:13,1669,1669,0,1.0,227,7.323
c0509199-3584-491e-a27b-3382a46c51fd,2026-07-01T15:31:13,1669,1669,0,1.0,227,7.323
c0509199-3584-491e-a27b-3382a46c51fd,2026-07-01T15:31:13,1669,1669,0,1.0,227,7.323
c0509199-3584-491e-a27b-3382a46c51fd,2026-07-01T15:31:13,1669,1669,0,1.0,227,7.323
c0509199-3584-491e-a27b-3382a46c51fd,2026-07-01T15:31:13,1669,1669,0,1.0,227,7.323
c0509199-3584-491e-a27b-3382a46c51fd,2026-07-01T15:31:13,1669,1669,0,1.0,227,7.323
c0509199-3584-491e-a27b-3382a46c51fd,2026-07-01T15:31:13,1665,1665,0,1.0,227,7.323
c0509199-3584-491e-a27b-3382a46c51fd,2026-07-01T15:31:13,1665,1665,0,1.0,227,7.323
c0509199-3584-491e-a27b-3382a46c51fd,2026-07-01T15:31:13,1662,1662,0,1.0,227,7.302
c0509199-3584-491e-a27b-3382a46c51fd,2026-07-01T15:31:13,1662,1662,0,1.0,227,7.302
c0509199-3584-491e-a27b-3382a46c51fd,2026-07-01T15:31:14,1662,1662,0,1.0,227,7.302
c0509199-3584-491e-a27b-3382a46c51fd,2026-07-01T15:31:14,1662,1662,0,1.0,227,7.302
c0509199-3584-491e-a27b-3382a46c51fd,2026-07-01T15:31:14,1662,1662,0,1.0,227,7.302
c0509199-3584-491e-a27b-3382a46c51fd,2026-07-01T15:31:14,1662,1662,0,1.0,227,7.302
c0509199-3584-491e-a27b-3382a46c51fd,2026-07-01T15:31:14,1662,1662,0,1.0,227,7.302
c0509199-3584-491e-a27b-3382a46c51fd,2026-07-01T15:31:14,1662,1662,0,1.0,227,7.302
c0509199-3584-491e-a27b-3382a46c51fd,2026-07-01T15:31:14,1662,1662,0,1.0,226,7.302
c0509199-3584-491e-a27b-3382a46c51fd,2026-07-01T15:31:14,1662,1662,0,1.0,226,7.302
c0509199-3584-491e-a27b-3382a46c51fd,2026-07-01T15:31:14,1662,1662,0,1.0,226,7.302
c0509199-3584-491e-a27b-3382a46c51fd,2026-07-01T15:31:14,1662,1662,0,1.0,226,7.302
c0509199-3584-491e-a27b-3382a46c51fd,2026-07-01T15:31:15,1662,1662,0,1.0,226,7.302
c0509199-3584-491e-a27b-3382a46c51fd,2026-07-01T15:31:15,1662,1662,0,1.0,226,7.302
c0509199-3584-491e-a27b-3382a46c51fd,2026-07-01T15:31:15,1662,1662,0,1.0,226,7.302
c0509199-3584-491e-a27b-3382a46c51fd,2026-07-01T15:31:15,1662,1662,0,1.0,226,7.302
c0509199-3584-491e-a27b-3382a46c51fd,2026-07-01T15:31:15,1662,1662,0,1.0,226,7.302
c0509199-3584-491e-a27b-3382a46c51fd,2026-07-01T15:31:15,1662,1662,0,1.0,226,7.302
c0509199-3584-491e-a27b-3382a46c51fd,2026-07-01T15:31:15,1662,1662,0,1.0,226,7.302
c0509199-3584-491e-a27b-3382a46c51fd,2026-07-01T15:31:15,1662,1662,0,1.0,226,7.302
c0509199-3584-491e-a27b-3382a46c51fd,2026-07-01T15:31:15,1662,1662,0,1.0,226,7.302
c0509199-3584-491e-a27b-3382a46c51fd,2026-07-01T15:31:15,1662,1662,0,1.0,226,7.302
c0509199-3584-491e-a27b-3382a46c51fd,2026-07-01T15:31:16,1662,1662,0,1.0,226,7.302
c0509199-3584-491e-a27b-3382a46c51fd,2026-07-01T15:31:16,1662,1662,0,1.0,226,7.302
c0509199-3584-491e-a27b-3382a46c51fd,2026-07-01T15:31:16,1662,1662,0,1.0,226,7.302
c0509199-3584-491e-a27b-3382a46c51fd,2026-07-01T15:31:16,1662,1662,0,1.0,226,7.302
c0509199-3584-491e-a27b-3382a46c51fd,2026-07-01T15:31:16,1662,1662,0,1.0,226,7.302
c0509199-3584-491e-a27b-3382a46c51fd,2026-07-01T15:31:16,1662,1662,0,1.0,226,7.302
c0509199-3584-491e-a27b-3382a46c51fd,2026-07-01T15:31:16,1662,1662,0,1.0,226,7.302
c0509199-3584-491e-a27b-3382a46c51fd,2026-07-01T15:31:16,1662,1662,0,1.0,226,7.302
c0509199-3584-491e-a27b-3382a46c51fd,2026-07-01T15:31:16,1662,1662,0,1.0,226,7.302
c0509199-3584-491e-a27b-3382a46c51fd,2026-07-01T15:31:16,1662,1662,0,1.0,226,7.302
c0509199-3584-491e-a27b-3382a46c51fd,2026-07-01T15:31:17,1664,1664,0,1.0,226,7.302
c0509199-3584-491e-a27b-3382a46c51fd,2026-07-01T15:31:17,1664,1664,0,1.0,226,7.302
c0509199-3584-491e-a27b-3382a46c51fd,2026-07-01T15:31:17,1664,1664,0,1.0,226,7.302
c0509199-3584-491e-a27b-3382a46c51fd,2026-07-01T15:31:17,1664,1664,0,1.0,226,7.302
c0509199-3584-491e-a27b-3382a46c51fd,2026-07-01T15:31:17,1664,1664,0,1.0,226,7.302
c0509199-3584-491e-a27b-3382a46c51fd,2026-07-01T15:31:17,1664,1664,0,1.0,226,7.302
c0509199-3584-491e-a27b-3382a46c51fd,2026-07-01T15:31:17,1664,1664,0,1.0,226,7.302
c0509199-3584-491e-a27b-3382a46c51fd,2026-07-01T15:31:17,1662,1662,0,1.0,226,7.302
c0509199-3584-491e-a27b-3382a46c51fd,2026-07-01T15:31:17,1662,1662,0,1.0,226,7.302
c0509199-3584-491e-a27b-3382a46c51fd,2026-07-01T15:31:17,1662,1662,0,1.0,226,7.302
c0509199-3584-491e-a27b-3382a46c51fd,2026-07-01T15:31:18,1662,1662,0,1.0,226,7.302
c0509199-3584-491e-a27b-3382a46c51fd,2026-07-01T15:31:18,1662,1662,0,1.0,226,7.302
c0509199-3584-491e-a27b-3382a46c51fd,2026-07-01T15:31:18,1662,1662,0,1.0,226,7.302
c0509199-3584-491e-a27b-3382a46c51fd,2026-07-01T15:31:18,1662,1662,0,1.0,226,7.302
c0509199-3584-491e-a27b-3382a46c51fd,2026-07-01T15:31:18,1662,1662,0,1.0,226,7.302
c0509199-3584-491e-a27b-3382a46c51fd,2026-07-01T15:31:18,1662,1662,0,1.0,226,7.302
c0509199-3584-491e-a27b-3382a46c51fd,2026-07-01T15:31:18,1662,1662,0,1.0,226,7.298
c0509199-3584-491e-a27b-3382a46c51fd,2026-07-01T15:31:18,1662,1662,0,1.0,226,7.298
c0509199-3584-491e-a27b-3382a46c51fd,2026-07-01T15:31:18,1662,1662,0,1.0,226,7.298
c0509199-3584-491e-a27b-3382a46c51fd,2026-07-01T15:31:18,1662,1662,0,1.0,226,7.298
c0509199-3584-491e-a27b-3382a46c51fd,2026-07-01T15:31:19,1662,1662,0,1.0,226,7.298
c0509199-3584-491e-a27b-3382a46c51fd,2026-07-01T15:31:19,1662,1662,0,1.0,226,7.298
c0509199-3584-491e-a27b-3382a46c51fd,2026-07-01T15:31:19,1660,1660,0,1.0,226,7.298
c0509199-3584-491e-a27b-3382a46c51fd,2026-07-01T15:31:19,1660,1660,0,1.0,226,7.298
c0509199-3584-491e-a27b-3382a46c51fd,2026-07-01T15:31:19,765,1654,1466,0.46,227,7.298
c0509199-3584-491e-a27b-3382a46c51fd,2026-07-01T15:31:19,765,1654,1466,0.46,227,7.298
c0509199-3584-491e-a27b-3382a46c51fd,2026-07-01T15:31:19,11,1654,1654,0.01,227,7.298
c0509199-3584-491e-a27b-3382a46c51fd,2026-07-01T15:31:19,11,1654,1654,0.01,227,7.298
c0509199-3584-491e-a27b-3382a46c51fd,2026-07-01T15:31:19,11,1654,1654,0.01,227,7.298
c0509199-3584-491e-a27b-3382a46c51fd,2026-07-01T15:31:19,11,1654,1654,0.01,227,7.298
c0509199-3584-491e-a27b-3382a46c51fd,2026-07-01T15:31:20,4,1654,1654,0.0,227,7.298
c0509199-3584-491e-a27b-3382a46c51fd,2026-07-01T15:31:20,4,1654,1654,0.0,227,7.298
c0509199-3584-491e-a27b-3382a46c51fd,2026-07-01T15:31:20,4,1654,1654,0.0,227,7.298
c0509199-3584-491e-a27b-3382a46c51fd,2026-07-01T15:31:20,4,1654,1654,0.0,227,7.298
c0509199-3584-491e-a27b-3382a46c51fd,2026-07-01T15:31:20,4,1654,1654,0.0,227,7.298
c0509199-3584-491e-a27b-3382a46c51fd,2026-07-01T15:31:20,4,1654,1654,0.0,227,7.298
c0509199-3584-491e-a27b-3382a46c51fd,2026-07-01T15:31:20,4,1654,1654,0.0,227,7.298
c0509199-3584-491e-a27b-3382a46c51fd,2026-07-01T15:31:20,4,1654,1654,0.0,227,7.298
c0509199-3584-491e-a27b-3382a46c51fd,2026-07-01T15:31:20,4,1654,1654,0.0,227,7.298
c0509199-3584-491e-a27b-3382a46c51fd,2026-07-01T15:31:20,4,1654,1654,0.0,227,7.298
c0509199-3584-491e-a27b-3382a46c51fd,2026-07-01T15:31:21,4,10,9,0.45,227,0.043
c0509199-3584-491e-a27b-3382a46c51fd,2026-07-01T15:31:21,4,10,9,0.45,227,0.043
c0509199-3584-491e-a27b-3382a46c51fd,2026-07-01T15:31:21,4,10,9,0.45,227,0.043
c0509199-3584-491e-a27b-3382a46c51fd,2026-07-01T15:31:21,4,10,9,0.45,227,0.043
c0509199-3584-491e-a27b-3382a46c51fd,2026-07-01T15:31:21,4,10,9,0.44,227,0.043
c0509199-3584-491e-a27b-3382a46c51fd,2026-07-01T15:31:21,4,10,9,0.44,227,0.043
c0509199-3584-491e-a27b-3382a46c51fd,2026-07-01T15:31:21,4,10,9,0.44,227,0.043
c0509199-3584-491e-a27b-3382a46c51fd,2026-07-01T15:31:21,4,10,9,0.44,227,0.043
c0509199-3584-491e-a27b-3382a46c51fd,2026-07-01T15:31:21,4,10,9,0.43,230,0.043
c0509199-3584-491e-a27b-3382a46c51fd,2026-07-01T15:31:21,4,10,9,0.43,230,0.043
c0509199-3584-491e-a27b-3382a46c51fd,2026-07-01T15:31:22,4,10,9,0.44,230,0.043
c0509199-3584-491e-a27b-3382a46c51fd,2026-07-01T15:31:22,4,10,9,0.44,230,0.043
c0509199-3584-491e-a27b-3382a46c51fd,2026-07-01T15:31:22,4,10,9,0.44,230,0.043
c0509199-3584-491e-a27b-3382a46c51fd,2026-07-01T15:31:22,4,10,9,0.44,230,0.043
c0509199-3584-491e-a27b-3382a46c51fd,2026-07-01T15:31:22,4,10,9,0.44,230,0.043
c0509199-3584-491e-a27b-3382a46c51fd,2026-07-01T15:31:22,4,10,9,0.44,230,0.043
c0509199-3584-491e-a27b-3382a46c51fd,2026-07-01T15:31:22,4,10,9,0.44,230,0.043
c0509199-3584-491e-a27b-3382a46c51fd,2026-07-01T15:31:22,4,10,9,0.44,230,0.043
c0509199-3584-491e-a27b-3382a46c51fd,2026-07-01T15:31:22,5,10,9,0.45,230,0.043
c0509199-3584-491e-a27b-3382a46c51fd,2026-07-01T15:31:22,5,10,9,0.45,230,0.043
c0509199-3584-491e-a27b-3382a46c51fd,2026-07-01T15:31:23,4,10,9,0.44,230,0.043
c0509199-3584-491e-a27b-3382a46c51fd,2026-07-01T15:31:23,4,10,9,0.44,230,0.043
c0509199-3584-491e-a27b-3382a46c51fd,2026-07-01T15:31:23,4,10,9,0.44,230,0.043
c0509199-3584-491e-a27b-3382a46c51fd,2026-07-01T15:31:23,4,10,9,0.44,230,0.043
c0509199-3584-491e-a27b-3382a46c51fd,2026-07-01T15:31:23,4,10,9,0.42,230,0.043
c0509199-3584-491e-a27b-3382a46c51fd,2026-07-01T15:31:23,4,10,9,0.42,230,0.043
c0509199-3584-491e-a27b-3382a46c51fd,2026-07-01T15:31:23,4,10,9,0.42,230,0.043
c0509199-3584-491e-a27b-3382a46c51fd,2026-07-01T15:31:23,4,10,9,0.42,230,0.043
c0509199-3584-491e-a27b-3382a46c51fd,2026-07-01T15:31:23,4,10,9,0.42,230,0.043
c0509199-3584-491e-a27b-3382a46c51fd,2026-07-01T15:31:23,4,10,9,0.42,230,0.043
c0509199-3584-491e-a27b-3382a46c51fd,2026-07-01T15:31:24,4,10,9,0.42,230,0.043
c0509199-3584-491e-a27b-3382a46c51fd,2026-07-01T15:31:24,4,10,9,0.42,230,0.043
c0509199-3584-491e-a27b-3382a46c51fd,2026-07-01T15:31:24,4,10,9,0.43,230,0.043
c0509199-3584-491e-a27b-3382a46c51fd,2026-07-01T15:31:24,4,10,9,0.43,230,0.043
c0509199-3584-491e-a27b-3382a46c51fd,2026-07-01T15:31:24,4,10,9,0.43,230,0.043
c0509199-3584-491e-a27b-3382a46c51fd,2026-07-01T15:31:24,4,10,9,0.43,230,0.043
c0509199-3584-491e-a27b-3382a46c51fd,2026-07-01T15:31:24,4,10,9,0.42,230,0.043
c0509199-3584-491e-a27b-3382a46c51fd,2026-07-01T15:31:24,4,10,9,0.42,230,0.043
c0509199-3584-491e-a27b-3382a46c51fd,2026-07-01T15:31:24,4,10,9,0.44,230,0.043
c0509199-3584-491e-a27b-3382a46c51fd,2026-07-01T15:31:24,4,10,9,0.44,230,0.043
c0509199-3584-491e-a27b-3382a46c51fd,2026-07-01T15:31:25,4,10,9,0.44,230,0.043
c0509199-3584-491e-a27b-3382a46c51fd,2026-07-01T15:31:25,4,10,9,0.44,230,0.043
c0509199-3584-491e-a27b-3382a46c51fd,2026-07-01T15:31:25,4,10,9,0.44,230,0.043
c0509199-3584-491e-a27b-3382a46c51fd,2026-07-01T15:31:25,4,10,9,0.44,230,0.043
c0509199-3584-491e-a27b-3382a46c51fd,2026-07-01T15:31:25,4,10,9,0.44,230,0.043
c0509199-3584-491e-a27b-3382a46c51fd,2026-07-01T15:31:25,4,10,9,0.44,230,0.043
c0509199-3584-491e-a27b-3382a46c51fd,2026-07-01T15:31:25,4,10,9,0.44,230,0.043
c0509199-3584-491e-a27b-3382a46c51fd,2026-07-01T15:31:25,4,10,9,0.44,230,0.043
c0509199-3584-491e-a27b-3382a46c51fd,2026-07-01T15:31:25,4,10,9,0.43,230,0.044
c0509199-3584-491e-a27b-3382a46c51fd,2026-07-01T15:31:25,4,10,9,0.43,230,0.044
c0509199-3584-491e-a27b-3382a46c51fd,2026-07-01T15:31:26,4,10,9,0.41,230,0.044
c0509199-3584-491e-a27b-3382a46c51fd,2026-07-01T15:31:26,4,10,9,0.41,230,0.044
c0509199-3584-491e-a27b-3382a46c51fd,2026-07-01T15:31:26,4,10,9,0.43,230,0.044
c0509199-3584-491e-a27b-3382a46c51fd,2026-07-01T15:31:26,4,10,9,0.43,230,0.044
c0509199-3584-491e-a27b-3382a46c51fd,2026-07-01T15:31:26,4,10,9,0.43,230,0.044
c0509199-3584-491e-a27b-3382a46c51fd,2026-07-01T15:31:26,4,10,9,0.43,230,0.044
c0509199-3584-491e-a27b-3382a46c51fd,2026-07-01T15:31:26,4,10,9,0.42,230,0.044
c0509199-3584-491e-a27b-3382a46c51fd,2026-07-01T15:31:26,4,10,9,0.42,230,0.044
c0509199-3584-491e-a27b-3382a46c51fd,2026-07-01T15:31:26,4,10,9,0.42,230,0.044
c0509199-3584-491e-a27b-3382a46c51fd,2026-07-01T15:31:26,4,10,9,0.42,230,0.044
c0509199-3584-491e-a27b-3382a46c51fd,2026-07-01T15:31:27,4,10,9,0.43,230,0.044
c0509199-3584-491e-a27b-3382a46c51fd,2026-07-01T15:31:27,4,10,9,0.43,230,0.044
c0509199-3584-491e-a27b-3382a46c51fd,2026-07-01T15:31:27,5,10,9,0.44,230,0.044
c0509199-3584-491e-a27b-3382a46c51fd,2026-07-01T15:31:27,5,10,9,0.44,230,0.044
c0509199-3584-491e-a27b-3382a46c51fd,2026-07-01T15:31:27,5,10,9,0.44,230,0.044
c0509199-3584-491e-a27b-3382a46c51fd,2026-07-01T15:31:27,5,10,9,0.44,230,0.044
c0509199-3584-491e-a27b-3382a46c51fd,2026-07-01T15:31:27,4,10,9,0.42,230,0.044
c0509199-3584-491e-a27b-3382a46c51fd,2026-07-01T15:31:27,4,10,9,0.42,230,0.044
c0509199-3584-491e-a27b-3382a46c51fd,2026-07-01T15:31:27,4,10,9,0.42,230,0.044
c0509199-3584-491e-a27b-3382a46c51fd,2026-07-01T15:31:27,4,10,9,0.42,230,0.044
c0509199-3584-491e-a27b-3382a46c51fd,2026-07-01T15:31:28,5,10,9,0.44,230,0.044
c0509199-3584-491e-a27b-3382a46c51fd,2026-07-01T15:31:28,5,10,9,0.44,230,0.044
c0509199-3584-491e-a27b-3382a46c51fd,2026-07-01T15:31:28,244,244,0,1.0,230,0.106
c0509199-3584-491e-a27b-3382a46c51fd,2026-07-01T15:31:28,244,244,0,1.0,230,0.106
c0509199-3584-491e-a27b-3382a46c51fd,2026-07-01T15:31:28,1684,1684,0,1.0,230,0.106
c0509199-3584-491e-a27b-3382a46c51fd,2026-07-01T15:31:28,1684,1684,0,1.0,230,0.106
c0509199-3584-491e-a27b-3382a46c51fd,2026-07-01T15:31:28,1676,1676,0,1.0,230,0.106
c0509199-3584-491e-a27b-3382a46c51fd,2026-07-01T15:31:28,1676,1676,0,1.0,230,0.106
c0509199-3584-491e-a27b-3382a46c51fd,2026-07-01T15:31:28,1675,1675,0,1.0,230,0.106
c0509199-3584-491e-a27b-3382a46c51fd,2026-07-01T15:31:28,1675,1675,0,1.0,230,0.106
c0509199-3584-491e-a27b-3382a46c51fd,2026-07-01T15:31:29,1675,1675,0,1.0,227,0.106
c0509199-3584-491e-a27b-3382a46c51fd,2026-07-01T15:31:29,1675,1675,0,1.0,227,0.106
c0509199-3584-491e-a27b-3382a46c51fd,2026-07-01T15:31:29,1675,1675,0,1.0,227,0.106
c0509199-3584-491e-a27b-3382a46c51fd,2026-07-01T15:31:29,1675,1675,0,1.0,227,0.106
c0509199-3584-491e-a27b-3382a46c51fd,2026-07-01T15:31:29,1673,1673,0,1.0,227,0.106
c0509199-3584-491e-a27b-3382a46c51fd,2026-07-01T15:31:29,1673,1673,0,1.0,227,0.106
c0509199-3584-491e-a27b-3382a46c51fd,2026-07-01T15:31:29,1673,1673,0,1.0,227,0.106
c0509199-3584-491e-a27b-3382a46c51fd,2026-07-01T15:31:29,1673,1673,0,1.0,227,0.106
c0509199-3584-491e-a27b-3382a46c51fd,2026-07-01T15:31:29,1673,1673,0,1.0,227,7.344
c0509199-3584-491e-a27b-3382a46c51fd,2026-07-01T15:31:29,1673,1673,0,1.0,227,7.344
c0509199-3584-491e-a27b-3382a46c51fd,2026-07-01T15:31:30,1673,1673,0,1.0,227,7.344
c0509199-3584-491e-a27b-3382a46c51fd,2026-07-01T15:31:30,1673,1673,0,1.0,227,7.344
c0509199-3584-491e-a27b-3382a46c51fd,2026-07-01T15:31:30,1671,1671,0,1.0,227,7.344
c0509199-3584-491e-a27b-3382a46c51fd,2026-07-01T15:31:30,1671,1671,0,1.0,227,7.344
c0509199-3584-491e-a27b-3382a46c51fd,2026-07-01T15:31:30,1671,1671,0,1.0,227,7.344
c0509199-3584-491e-a27b-3382a46c51fd,2026-07-01T15:31:30,1671,1671,0,1.0,227,7.344
c0509199-3584-491e-a27b-3382a46c51fd,2026-07-01T15:31:30,1671,1671,0,1.0,226,7.344
c0509199-3584-491e-a27b-3382a46c51fd,2026-07-01T15:31:30,1671,1671,0,1.0,226,7.344
c0509199-3584-491e-a27b-3382a46c51fd,2026-07-01T15:31:30,1669,1669,0,1.0,226,7.344
c0509199-3584-491e-a27b-3382a46c51fd,2026-07-01T15:31:30,1669,1669,0,1.0,226,7.344
c0509199-3584-491e-a27b-3382a46c51fd,2026-07-01T15:31:31,1669,1669,0,1.0,226,7.344
c0509199-3584-491e-a27b-3382a46c51fd,2026-07-01T15:31:31,1669,1669,0,1.0,226,7.344
c0509199-3584-491e-a27b-3382a46c51fd,2026-07-01T15:31:31,1669,1669,0,1.0,226,7.344
c0509199-3584-491e-a27b-3382a46c51fd,2026-07-01T15:31:31,1669,1669,0,1.0,226,7.344
c0509199-3584-491e-a27b-3382a46c51fd,2026-07-01T15:31:31,1667,1667,0,1.0,226,7.323
c0509199-3584-491e-a27b-3382a46c51fd,2026-07-01T15:31:31,1667,1667,0,1.0,226,7.323
c0509199-3584-491e-a27b-3382a46c51fd,2026-07-01T15:31:31,1667,1667,0,1.0,226,7.323
c0509199-3584-491e-a27b-3382a46c51fd,2026-07-01T15:31:31,1667,1667,0,1.0,226,7.323
c0509199-3584-491e-a27b-3382a46c51fd,2026-07-01T15:31:31,1667,1667,0,1.0,226,7.323
c0509199-3584-491e-a27b-3382a46c51fd,2026-07-01T15:31:31,1667,1667,0,1.0,226,7.323
c0509199-3584-491e-a27b-3382a46c51fd,2026-07-01T15:31:32,1667,1667,0,1.0,226,7.323
c0509199-3584-491e-a27b-3382a46c51fd,2026-07-01T15:31:32,1667,1667,0,1.0,226,7.323
c0509199-3584-491e-a27b-3382a46c51fd,2026-07-01T15:31:32,1667,1667,0,1.0,226,7.323
c0509199-3584-491e-a27b-3382a46c51fd,2026-07-01T15:31:32,1667,1667,0,1.0,226,7.323
c0509199-3584-491e-a27b-3382a46c51fd,2026-07-01T15:31:32,1667,1667,0,1.0,226,7.323
c0509199-3584-491e-a27b-3382a46c51fd,2026-07-01T15:31:32,1667,1667,0,1.0,226,7.323
c0509199-3584-491e-a27b-3382a46c51fd,2026-07-01T15:31:32,1667,1667,0,1.0,226,7.323
c0509199-3584-491e-a27b-3382a46c51fd,2026-07-01T15:31:32,1667,1667,0,1.0,226,7.323
c0509199-3584-491e-a27b-3382a46c51fd,2026-07-01T15:31:32,1667,1667,0,1.0,226,7.323
c0509199-3584-491e-a27b-3382a46c51fd,2026-07-01T15:31:33,1667,1667,0,1.0,226,7.319
c0509199-3584-491e-a27b-3382a46c51fd,2026-07-01T15:31:33,1667,1667,0,1.0,226,7.319
c0509199-3584-491e-a27b-3382a46c51fd,2026-07-01T15:31:33,1667,1667,0,1.0,226,7.319
c0509199-3584-491e-a27b-3382a46c51fd,2026-07-01T15:31:33,1667,1667,0,1.0,226,7.319
c0509199-3584-491e-a27b-3382a46c51fd,2026-07-01T15:31:33,1667,1667,0,1.0,226,7.319
c0509199-3584-491e-a27b-3382a46c51fd,2026-07-01T15:31:33,1667,1667,0,1.0,226,7.319
c0509199-3584-491e-a27b-3382a46c51fd,2026-07-01T15:31:33,1667,1667,0,1.0,226,7.319
c0509199-3584-491e-a27b-3382a46c51fd,2026-07-01T15:31:33,1667,1667,0,1.0,226,7.319
c0509199-3584-491e-a27b-3382a46c51fd,2026-07-01T15:31:33,1667,1667,0,1.0,226,7.319
c0509199-3584-491e-a27b-3382a46c51fd,2026-07-01T15:31:33,1667,1667,0,1.0,226,7.319
c0509199-3584-491e-a27b-3382a46c51fd,2026-07-01T15:31:33,1667,1667,0,1.0,226,7.319
c0509199-3584-491e-a27b-3382a46c51fd,2026-07-01T15:31:34,1667,1667,0,1.0,226,7.319
c0509199-3584-491e-a27b-3382a46c51fd,2026-07-01T15:31:34,1667,1667,0,1.0,226,7.319
c0509199-3584-491e-a27b-3382a46c51fd,2026-07-01T15:31:34,1667,1667,0,1.0,226,7.319
c0509199-3584-491e-a27b-3382a46c51fd,2026-07-01T15:31:34,1667,1667,0,1.0,226,7.319
c0509199-3584-491e-a27b-3382a46c51fd,2026-07-01T15:31:34,1667,1667,0,1.0,226,7.319
c0509199-3584-491e-a27b-3382a46c51fd,2026-07-01T15:31:34,1667,1667,0,1.0,226,7.319
c0509199-3584-491e-a27b-3382a46c51fd,2026-07-01T15:31:34,1667,1667,0,1.0,226,7.319
c0509199-3584-491e-a27b-3382a46c51fd,2026-07-01T15:31:34,1667,1667,0,1.0,226,7.319
c0509199-3584-491e-a27b-3382a46c51fd,2026-07-01T15:31:34,1667,1667,0,1.0,226,7.319
c0509199-3584-491e-a27b-3382a46c51fd,2026-07-01T15:31:35,1667,1667,0,1.0,226,7.319
c0509199-3584-491e-a27b-3382a46c51fd,2026-07-01T15:31:35,1667,1667,0,1.0,226,7.319
c0509199-3584-491e-a27b-3382a46c51fd,2026-07-01T15:31:35,1667,1667,0,1.0,226,7.319
c0509199-3584-491e-a27b-3382a46c51fd,2026-07-01T15:31:35,1665,1665,0,1.0,226,7.319
c0509199-3584-491e-a27b-3382a46c51fd,2026-07-01T15:31:35,1665,1665,0,1.0,226,7.319
c0509199-3584-491e-a27b-3382a46c51fd,2026-07-01T15:31:35,1667,1667,0,1.0,226,7.319
c0509199-3584-491e-a27b-3382a46c51fd,2026-07-01T15:31:35,1667,1667,0,1.0,226,7.319
c0509199-3584-491e-a27b-3382a46c51fd,2026-07-01T15:31:35,1667,1667,0,1.0,226,7.319
c0509199-3584-491e-a27b-3382a46c51fd,2026-07-01T15:31:35,1667,1667,0,1.0,226,7.319
c0509199-3584-491e-a27b-3382a46c51fd,2026-07-01T15:31:35,1667,1667,0,1.0,226,7.319
c0509199-3584-491e-a27b-3382a46c51fd,2026-07-01T15:31:35,1667,1667,0,1.0,226,7.319
c0509199-3584-491e-a27b-3382a46c51fd,2026-07-01T15:31:36,1667,1667,0,1.0,226,7.319
c0509199-3584-491e-a27b-3382a46c51fd,2026-07-01T15:31:36,1667,1667,0,1.0,226,7.319
c0509199-3584-491e-a27b-3382a46c51fd,2026-07-01T15:31:36,1667,1667,0,1.0,226,7.319
c0509199-3584-491e-a27b-3382a46c51fd,2026-07-01T15:31:36,1667,1667,0,1.0,226,7.319
c0509199-3584-491e-a27b-3382a46c51fd,2026-07-01T15:31:36,1667,1667,0,1.0,226,7.319
c0509199-3584-491e-a27b-3382a46c51fd,2026-07-01T15:31:36,1667,1667,0,1.0,226,7.319
c0509199-3584-491e-a27b-3382a46c51fd,2026-07-01T15:31:36,1667,1667,0,1.0,226,7.319
c0509199-3584-491e-a27b-3382a46c51fd,2026-07-01T15:31:36,1667,1667,0,1.0,226,7.319
c0509199-3584-491e-a27b-3382a46c51fd,2026-07-01T15:31:36,1667,1667,0,1.0,226,7.319
c0509199-3584-491e-a27b-3382a46c51fd,2026-07-01T15:31:36,1667,1667,0,1.0,226,7.319
c0509199-3584-491e-a27b-3382a46c51fd,2026-07-01T15:31:37,1667,1667,0,1.0,226,7.319
c0509199-3584-491e-a27b-3382a46c51fd,2026-07-01T15:31:37,1667,1667,0,1.0,226,7.319
c0509199-3584-491e-a27b-3382a46c51fd,2026-07-01T15:31:37,1667,1667,0,1.0,226,7.319
c0509199-3584-491e-a27b-3382a46c51fd,2026-07-01T15:31:37,1667,1667,0,1.0,226,7.319
c0509199-3584-491e-a27b-3382a46c51fd,2026-07-01T15:31:37,1669,1669,0,1.0,226,7.319
c0509199-3584-491e-a27b-3382a46c51fd,2026-07-01T15:31:37,1669,1669,0,1.0,226,7.319
c0509199-3584-491e-a27b-3382a46c51fd,2026-07-01T15:31:37,1671,1671,0,1.0,226,7.319
c0509199-3584-491e-a27b-3382a46c51fd,2026-07-01T15:31:37,1671,1671,0,1.0,226,7.319
c0509199-3584-491e-a27b-3382a46c51fd,2026-07-01T15:31:37,1671,1671,0,1.0,226,7.323
c0509199-3584-491e-a27b-3382a46c51fd,2026-07-01T15:31:37,1671,1671,0,1.0,226,7.323
c0509199-3584-491e-a27b-3382a46c51fd,2026-07-01T15:31:38,1671,1671,0,1.0,226,7.323
c0509199-3584-491e-a27b-3382a46c51fd,2026-07-01T15:31:38,1671,1671,0,1.0,226,7.323
c0509199-3584-491e-a27b-3382a46c51fd,2026-07-01T15:31:38,1671,1671,0,1.0,226,7.323
c0509199-3584-491e-a27b-3382a46c51fd,2026-07-01T15:31:38,1671,1671,0,1.0,226,7.323
c0509199-3584-491e-a27b-3382a46c51fd,2026-07-01T15:31:38,1671,1671,0,1.0,226,7.323
c0509199-3584-491e-a27b-3382a46c51fd,2026-07-01T15:31:38,1671,1671,0,1.0,226,7.323
c0509199-3584-491e-a27b-3382a46c51fd,2026-07-01T15:31:38,1669,1669,0,1.0,227,7.323
c0509199-3584-491e-a27b-3382a46c51fd,2026-07-01T15:31:38,1669,1669,0,1.0,227,7.323
c0509199-3584-491e-a27b-3382a46c51fd,2026-07-01T15:31:38,1669,1669,0,1.0,227,7.323
c0509199-3584-491e-a27b-3382a46c51fd,2026-07-01T15:31:38,1669,1669,0,1.0,227,7.323
c0509199-3584-491e-a27b-3382a46c51fd,2026-07-01T15:31:39,1669,1669,0,1.0,227,7.323
c0509199-3584-491e-a27b-3382a46c51fd,2026-07-01T15:31:39,1669,1669,0,1.0,227,7.323
c0509199-3584-491e-a27b-3382a46c51fd,2026-07-01T15:31:39,1671,1671,0,1.0,227,7.323
c0509199-3584-491e-a27b-3382a46c51fd,2026-07-01T15:31:39,1671,1671,0,1.0,227,7.323
c0509199-3584-491e-a27b-3382a46c51fd,2026-07-01T15:31:39,1671,1671,0,1.0,227,7.323
c0509199-3584-491e-a27b-3382a46c51fd,2026-07-01T15:31:39,1671,1671,0,1.0,227,7.323
c0509199-3584-491e-a27b-3382a46c51fd,2026-07-01T15:31:39,1671,1671,0,1.0,227,7.323
c0509199-3584-491e-a27b-3382a46c51fd,2026-07-01T15:31:39,1671,1671,0,1.0,227,7.323
c0509199-3584-491e-a27b-3382a46c51fd,2026-07-01T15:31:39,1671,1671,0,1.0,227,7.323
c0509199-3584-491e-a27b-3382a46c51fd,2026-07-01T15:31:39,1671,1671,0,1.0,227,7.323
c0509199-3584-491e-a27b-3382a46c51fd,2026-07-01T15:31:40,1673,1673,0,1.0,227,7.323
c0509199-3584-491e-a27b-3382a46c51fd,2026-07-01T15:31:40,1673,1673,0,1.0,227,7.323
c0509199-3584-491e-a27b-3382a46c51fd,2026-07-01T15:31:40,1673,1673,0,1.0,227,7.323
c0509199-3584-491e-a27b-3382a46c51fd,2026-07-01T15:31:40,1673,1673,0,1.0,227,7.323
c0509199-3584-491e-a27b-3382a46c51fd,2026-07-01T15:31:40,1673,1673,0,1.0,227,7.323
c0509199-3584-491e-a27b-3382a46c51fd,2026-07-01T15:31:40,1673,1673,0,1.0,227,7.323
c0509199-3584-491e-a27b-3382a46c51fd,2026-07-01T15:31:40,1673,1673,0,1.0,227,7.323
c0509199-3584-491e-a27b-3382a46c51fd,2026-07-01T15:31:40,1673,1673,0,1.0,227,7.323
c0509199-3584-491e-a27b-3382a46c51fd,2026-07-01T15:31:40,1673,1673,0,1.0,227,7.323
c0509199-3584-491e-a27b-3382a46c51fd,2026-07-01T15:31:40,1673,1673,0,1.0,227,7.323
c0509199-3584-491e-a27b-3382a46c51fd,2026-07-01T15:31:41,1673,1673,0,1.0,227,7.331
c0509199-3584-491e-a27b-3382a46c51fd,2026-07-01T15:31:41,1673,1673,0,1.0,227,7.331
c0509199-3584-491e-a27b-3382a46c51fd,2026-07-01T15:31:41,1673,1673,0,1.0,227,7.331
c0509199-3584-491e-a27b-3382a46c51fd,2026-07-01T15:31:41,1673,1673,0,1.0,227,7.331
c0509199-3584-491e-a27b-3382a46c51fd,2026-07-01T15:31:41,1675,1675,0,1.0,227,7.331
c0509199-3584-491e-a27b-3382a46c51fd,2026-07-01T15:31:41,1675,1675,0,1.0,227,7.331
c0509199-3584-491e-a27b-3382a46c51fd,2026-07-01T15:31:41,1673,1673,0,1.0,227,7.331
c0509199-3584-491e-a27b-3382a46c51fd,2026-07-01T15:31:41,1673,1673,0,1.0,227,7.331
c0509199-3584-491e-a27b-3382a46c51fd,2026-07-01T15:31:41,1673,1673,0,1.0,227,7.331
c0509199-3584-491e-a27b-3382a46c51fd,2026-07-01T15:31:41,1673,1673,0,1.0,227,7.331
c0509199-3584-491e-a27b-3382a46c51fd,2026-07-01T15:31:42,1673,1673,0,1.0,227,7.331
c0509199-3584-491e-a27b-3382a46c51fd,2026-07-01T15:31:42,1673,1673,0,1.0,227,7.331
c0509199-3584-491e-a27b-3382a46c51fd,2026-07-01T15:31:42,1673,1673,0,1.0,227,7.331
c0509199-3584-491e-a27b-3382a46c51fd,2026-07-01T15:31:42,1673,1673,0,1.0,227,7.331
c0509199-3584-491e-a27b-3382a46c51fd,2026-07-01T15:31:42,1673,1673,0,1.0,227,7.331
c0509199-3584-491e-a27b-3382a46c51fd,2026-07-01T15:31:42,1673,1673,0,1.0,227,7.331
c0509199-3584-491e-a27b-3382a46c51fd,2026-07-01T15:31:42,1673,1673,0,1.0,227,7.327
c0509199-3584-491e-a27b-3382a46c51fd,2026-07-01T15:31:42,1673,1673,0,1.0,227,7.327
c0509199-3584-491e-a27b-3382a46c51fd,2026-07-01T15:31:42,1673,1673,0,1.0,227,7.327
c0509199-3584-491e-a27b-3382a46c51fd,2026-07-01T15:31:42,1673,1673,0,1.0,227,7.327
c0509199-3584-491e-a27b-3382a46c51fd,2026-07-01T15:31:43,1673,1673,0,1.0,227,7.327
c0509199-3584-491e-a27b-3382a46c51fd,2026-07-01T15:31:43,1673,1673,0,1.0,227,7.327
c0509199-3584-491e-a27b-3382a46c51fd,2026-07-01T15:31:43,1675,1675,0,1.0,227,7.327
c0509199-3584-491e-a27b-3382a46c51fd,2026-07-01T15:31:43,1675,1675,0,1.0,227,7.327
c0509199-3584-491e-a27b-3382a46c51fd,2026-07-01T15:31:43,1676,1676,0,1.0,227,7.327
c0509199-3584-491e-a27b-3382a46c51fd,2026-07-01T15:31:43,1676,1676,0,1.0,227,7.327
c0509199-3584-491e-a27b-3382a46c51fd,2026-07-01T15:31:43,1676,1676,0,1.0,227,7.327
c0509199-3584-491e-a27b-3382a46c51fd,2026-07-01T15:31:43,1676,1676,0,1.0,227,7.327
c0509199-3584-491e-a27b-3382a46c51fd,2026-07-01T15:31:43,1676,1676,0,1.0,227,7.327
c0509199-3584-491e-a27b-3382a46c51fd,2026-07-01T15:31:43,1676,1676,0,1.0,227,7.327
c0509199-3584-491e-a27b-3382a46c51fd,2026-07-01T15:31:44,1676,1676,0,1.0,227,7.327
c0509199-3584-491e-a27b-3382a46c51fd,2026-07-01T15:31:44,1676,1676,0,1.0,227,7.327
c0509199-3584-491e-a27b-3382a46c51fd,2026-07-01T15:31:44,1676,1676,0,1.0,227,7.336
c0509199-3584-491e-a27b-3382a46c51fd,2026-07-01T15:31:44,1676,1676,0,1.0,227,7.336
c0509199-3584-491e-a27b-3382a46c51fd,2026-07-01T15:31:44,1676,1676,0,1.0,227,7.336
c0509199-3584-491e-a27b-3382a46c51fd,2026-07-01T15:31:44,1676,1676,0,1.0,227,7.336
c0509199-3584-491e-a27b-3382a46c51fd,2026-07-01T15:31:44,1676,1676,0,1.0,227,7.336
c0509199-3584-491e-a27b-3382a46c51fd,2026-07-01T15:31:44,1676,1676,0,1.0,227,7.336
c0509199-3584-491e-a27b-3382a46c51fd,2026-07-01T15:31:44,1676,1676,0,1.0,227,7.336
c0509199-3584-491e-a27b-3382a46c51fd,2026-07-01T15:31:44,1676,1676,0,1.0,227,7.336
c0509199-3584-491e-a27b-3382a46c51fd,2026-07-01T15:31:45,1676,1676,0,1.0,227,7.336
c0509199-3584-491e-a27b-3382a46c51fd,2026-07-01T15:31:45,1676,1676,0,1.0,227,7.336
c0509199-3584-491e-a27b-3382a46c51fd,2026-07-01T15:31:45,1676,1676,0,1.0,227,7.336
c0509199-3584-491e-a27b-3382a46c51fd,2026-07-01T15:31:45,1676,1676,0,1.0,227,7.336
c0509199-3584-491e-a27b-3382a46c51fd,2026-07-01T15:31:45,1676,1676,0,1.0,227,7.336
c0509199-3584-491e-a27b-3382a46c51fd,2026-07-01T15:31:45,1676,1676,0,1.0,227,7.336
c0509199-3584-491e-a27b-3382a46c51fd,2026-07-01T15:31:45,1676,1676,0,1.0,227,7.336
c0509199-3584-491e-a27b-3382a46c51fd,2026-07-01T15:31:45,1676,1676,0,1.0,227,7.336
c0509199-3584-491e-a27b-3382a46c51fd,2026-07-01T15:31:45,1676,1676,0,1.0,227,7.336
c0509199-3584-491e-a27b-3382a46c51fd,2026-07-01T15:31:45,1676,1676,0,1.0,227,7.336
c0509199-3584-491e-a27b-3382a46c51fd,2026-07-01T15:31:46,1676,1676,0,1.0,227,7.336
c0509199-3584-491e-a27b-3382a46c51fd,2026-07-01T15:31:46,1676,1676,0,1.0,227,7.336
c0509199-3584-491e-a27b-3382a46c51fd,2026-07-01T15:31:46,1676,1676,0,1.0,227,7.336
c0509199-3584-491e-a27b-3382a46c51fd,2026-07-01T15:31:46,1676,1676,0,1.0,227,7.336
c0509199-3584-491e-a27b-3382a46c51fd,2026-07-01T15:31:46,1676,1676,0,1.0,227,7.336
c0509199-3584-491e-a27b-3382a46c51fd,2026-07-01T15:31:46,1676,1676,0,1.0,227,7.336
c0509199-3584-491e-a27b-3382a46c51fd,2026-07-01T15:31:46,1676,1676,0,1.0,227,7.336
c0509199-3584-491e-a27b-3382a46c51fd,2026-07-01T15:31:46,1676,1676,0,1.0,227,7.336
c0509199-3584-491e-a27b-3382a46c51fd,2026-07-01T15:31:46,1676,1676,0,1.0,227,7.336
c0509199-3584-491e-a27b-3382a46c51fd,2026-07-01T15:31:46,1676,1676,0,1.0,227,7.336
c0509199-3584-491e-a27b-3382a46c51fd,2026-07-01T15:31:47,1676,1676,0,1.0,227,7.336
c0509199-3584-491e-a27b-3382a46c51fd,2026-07-01T15:31:47,1676,1676,0,1.0,227,7.336
c0509199-3584-491e-a27b-3382a46c51fd,2026-07-01T15:31:47,1676,1676,0,1.0,227,7.336
c0509199-3584-491e-a27b-3382a46c51fd,2026-07-01T15:31:47,1676,1676,0,1.0,227,7.336
c0509199-3584-491e-a27b-3382a46c51fd,2026-07-01T15:31:47,1676,1676,0,1.0,227,7.336
c0509199-3584-491e-a27b-3382a46c51fd,2026-07-01T15:31:47,1676,1676,0,1.0,227,7.336
c0509199-3584-491e-a27b-3382a46c51fd,2026-07-01T15:31:47,1676,1676,0,1.0,227,7.336
c0509199-3584-491e-a27b-3382a46c51fd,2026-07-01T15:31:47,1676,1676,0,1.0,227,7.336
c0509199-3584-491e-a27b-3382a46c51fd,2026-07-01T15:31:47,1676,1676,0,1.0,227,7.336
c0509199-3584-491e-a27b-3382a46c51fd,2026-07-01T15:31:47,1676,1676,0,1.0,227,7.336
c0509199-3584-491e-a27b-3382a46c51fd,2026-07-01T15:31:48,1676,1676,0,1.0,227,7.336
c0509199-3584-491e-a27b-3382a46c51fd,2026-07-01T15:31:48,1676,1676,0,1.0,227,7.336
c0509199-3584-491e-a27b-3382a46c51fd,2026-07-01T15:31:48,1676,1676,0,1.0,227,7.336
c0509199-3584-491e-a27b-3382a46c51fd,2026-07-01T15:31:48,1676,1676,0,1.0,227,7.336
c0509199-3584-491e-a27b-3382a46c51fd,2026-07-01T15:31:48,1676,1676,0,1.0,227,7.336
c0509199-3584-491e-a27b-3382a46c51fd,2026-07-01T15:31:48,1676,1676,0,1.0,227,7.336
c0509199-3584-491e-a27b-3382a46c51fd,2026-07-01T15:31:48,1676,1676,0,1.0,227,7.336
c0509199-3584-491e-a27b-3382a46c51fd,2026-07-01T15:31:48,1676,1676,0,1.0,227,7.336
c0509199-3584-491e-a27b-3382a46c51fd,2026-07-01T15:31:48,1676,1676,0,1.0,227,7.336
c0509199-3584-491e-a27b-3382a46c51fd,2026-07-01T15:31:48,1676,1676,0,1.0,227,7.336
c0509199-3584-491e-a27b-3382a46c51fd,2026-07-01T15:31:49,1675,1675,0,1.0,227,7.331
c0509199-3584-491e-a27b-3382a46c51fd,2026-07-01T15:31:49,1675,1675,0,1.0,227,7.331
c0509199-3584-491e-a27b-3382a46c51fd,2026-07-01T15:31:49,1675,1675,0,1.0,227,7.331
c0509199-3584-491e-a27b-3382a46c51fd,2026-07-01T15:31:49,1675,1675,0,1.0,227,7.331
c0509199-3584-491e-a27b-3382a46c51fd,2026-07-01T15:31:49,1675,1675,0,1.0,227,7.331
c0509199-3584-491e-a27b-3382a46c51fd,2026-07-01T15:31:49,1675,1675,0,1.0,227,7.331
c0509199-3584-491e-a27b-3382a46c51fd,2026-07-01T15:31:49,1675,1675,0,1.0,227,7.331
c0509199-3584-491e-a27b-3382a46c51fd,2026-07-01T15:31:49,1675,1675,0,1.0,227,7.331
c0509199-3584-491e-a27b-3382a46c51fd,2026-07-01T15:31:49,1675,1675,0,1.0,227,7.331
c0509199-3584-491e-a27b-3382a46c51fd,2026-07-01T15:31:49,1675,1675,0,1.0,227,7.331
c0509199-3584-491e-a27b-3382a46c51fd,2026-07-01T15:31:50,1675,1675,0,1.0,227,7.331
c0509199-3584-491e-a27b-3382a46c51fd,2026-07-01T15:31:50,1675,1675,0,1.0,227,7.331
c0509199-3584-491e-a27b-3382a46c51fd,2026-07-01T15:31:50,1675,1675,0,1.0,227,7.331
c0509199-3584-491e-a27b-3382a46c51fd,2026-07-01T15:31:50,1675,1675,0,1.0,227,7.331
c0509199-3584-491e-a27b-3382a46c51fd,2026-07-01T15:31:50,1675,1675,0,1.0,227,7.331
c0509199-3584-491e-a27b-3382a46c51fd,2026-07-01T15:31:50,1675,1675,0,1.0,227,7.331
c0509199-3584-491e-a27b-3382a46c51fd,2026-07-01T15:31:50,1675,1675,0,1.0,227,7.331
c0509199-3584-491e-a27b-3382a46c51fd,2026-07-01T15:31:50,1675,1675,0,1.0,227,7.331
c0509199-3584-491e-a27b-3382a46c51fd,2026-07-01T15:31:50,1673,1673,0,1.0,227,7.331
c0509199-3584-491e-a27b-3382a46c51fd,2026-07-01T15:31:50,1673,1673,0,1.0,227,7.331
c0509199-3584-491e-a27b-3382a46c51fd,2026-07-01T15:31:51,1673,1673,0,1.0,227,7.331
c0509199-3584-491e-a27b-3382a46c51fd,2026-07-01T15:31:51,1673,1673,0,1.0,227,7.331
c0509199-3584-491e-a27b-3382a46c51fd,2026-07-01T15:31:51,1673,1673,0,1.0,227,7.331
c0509199-3584-491e-a27b-3382a46c51fd,2026-07-01T15:31:51,1673,1673,0,1.0,227,7.331
c0509199-3584-491e-a27b-3382a46c51fd,2026-07-01T15:31:51,1671,1671,0,1.0,227,7.331
c0509199-3584-491e-a27b-3382a46c51fd,2026-07-01T15:31:51,1671,1671,0,1.0,227,7.331
c0509199-3584-491e-a27b-3382a46c51fd,2026-07-01T15:31:51,1673,1673,0,1.0,227,7.331
c0509199-3584-491e-a27b-3382a46c51fd,2026-07-01T15:31:51,1673,1673,0,1.0,227,7.331
c0509199-3584-491e-a27b-3382a46c51fd,2026-07-01T15:31:51,1671,1671,0,1.0,227,7.331
c0509199-3584-491e-a27b-3382a46c51fd,2026-07-01T15:31:51,1671,1671,0,1.0,227,7.331
c0509199-3584-491e-a27b-3382a46c51fd,2026-07-01T15:31:52,1671,1671,0,1.0,227,7.331
c0509199-3584-491e-a27b-3382a46c51fd,2026-07-01T15:31:52,1671,1671,0,1.0,227,7.331
c0509199-3584-491e-a27b-3382a46c51fd,2026-07-01T15:31:52,1671,1671,0,1.0,227,7.323
c0509199-3584-491e-a27b-3382a46c51fd,2026-07-01T15:31:52,1671,1671,0,1.0,227,7.323
c0509199-3584-491e-a27b-3382a46c51fd,2026-07-01T15:31:52,1673,1673,0,1.0,227,7.323
c0509199-3584-491e-a27b-3382a46c51fd,2026-07-01T15:31:52,1673,1673,0,1.0,227,7.323
c0509199-3584-491e-a27b-3382a46c51fd,2026-07-01T15:31:52,1673,1673,0,1.0,227,7.323
c0509199-3584-491e-a27b-3382a46c51fd,2026-07-01T15:31:52,1673,1673,0,1.0,227,7.323
c0509199-3584-491e-a27b-3382a46c51fd,2026-07-01T15:31:52,1671,1671,0,1.0,227,7.323
c0509199-3584-491e-a27b-3382a46c51fd,2026-07-01T15:31:52,1671,1671,0,1.0,227,7.323
c0509199-3584-491e-a27b-3382a46c51fd,2026-07-01T15:31:53,1671,1671,0,1.0,227,7.323
c0509199-3584-491e-a27b-3382a46c51fd,2026-07-01T15:31:53,1671,1671,0,1.0,227,7.323
c0509199-3584-491e-a27b-3382a46c51fd,2026-07-01T15:31:53,1671,1671,0,1.0,227,7.323
c0509199-3584-491e-a27b-3382a46c51fd,2026-07-01T15:31:53,1671,1671,0,1.0,227,7.323
c0509199-3584-491e-a27b-3382a46c51fd,2026-07-01T15:31:53,1581,1662,513,0.95,227,7.323
c0509199-3584-491e-a27b-3382a46c51fd,2026-07-01T15:31:53,1581,1662,513,0.95,227,7.323
c0509199-3584-491e-a27b-3382a46c51fd,2026-07-01T15:31:53,167,1662,1654,0.1,227,7.323
c0509199-3584-491e-a27b-3382a46c51fd,2026-07-01T15:31:53,167,1662,1654,0.1,227,7.323
c0509199-3584-491e-a27b-3382a46c51fd,2026-07-01T15:31:53,16,1662,1662,0.01,227,7.323
c0509199-3584-491e-a27b-3382a46c51fd,2026-07-01T15:31:53,16,1662,1662,0.01,227,7.323
c0509199-3584-491e-a27b-3382a46c51fd,2026-07-01T15:31:54,16,1662,1662,0.01,227,7.323
c0509199-3584-491e-a27b-3382a46c51fd,2026-07-01T15:31:54,16,1662,1662,0.01,227,7.323
c0509199-3584-491e-a27b-3382a46c51fd,2026-07-01T15:31:54,3,1662,1662,0.0,227,7.323
c0509199-3584-491e-a27b-3382a46c51fd,2026-07-01T15:31:54,3,1662,1662,0.0,227,7.323
c0509199-3584-491e-a27b-3382a46c51fd,2026-07-01T15:31:54,3,1662,1662,0.0,227,7.323
c0509199-3584-491e-a27b-3382a46c51fd,2026-07-01T15:31:54,3,1662,1662,0.0,227,7.323
c0509199-3584-491e-a27b-3382a46c51fd,2026-07-01T15:31:54,4,12,12,0.33,227,0.054
c0509199-3584-491e-a27b-3382a46c51fd,2026-07-01T15:31:54,4,12,12,0.33,227,0.054
c0509199-3584-491e-a27b-3382a46c51fd,2026-07-01T15:31:54,4,12,12,0.33,227,0.054
c0509199-3584-491e-a27b-3382a46c51fd,2026-07-01T15:31:54,4,12,12,0.33,227,0.054
c0509199-3584-491e-a27b-3382a46c51fd,2026-07-01T15:31:55,5,12,11,0.37,227,0.054
c0509199-3584-491e-a27b-3382a46c51fd,2026-07-01T15:31:55,5,12,11,0.37,227,0.054
c0509199-3584-491e-a27b-3382a46c51fd,2026-07-01T15:31:55,5,12,11,0.37,227,0.054
c0509199-3584-491e-a27b-3382a46c51fd,2026-07-01T15:31:55,5,12,11,0.37,227,0.054
c0509199-3584-491e-a27b-3382a46c51fd,2026-07-01T15:31:55,4,12,12,0.35,231,0.054
c0509199-3584-491e-a27b-3382a46c51fd,2026-07-01T15:31:55,4,12,12,0.35,231,0.054
c0509199-3584-491e-a27b-3382a46c51fd,2026-07-01T15:31:55,4,12,12,0.35,231,0.054
c0509199-3584-491e-a27b-3382a46c51fd,2026-07-01T15:31:55,4,12,12,0.35,231,0.054
c0509199-3584-491e-a27b-3382a46c51fd,2026-07-01T15:31:55,4,12,12,0.35,231,0.054
c0509199-3584-491e-a27b-3382a46c51fd,2026-07-01T15:31:55,4,12,12,0.35,231,0.054
c0509199-3584-491e-a27b-3382a46c51fd,2026-07-01T15:31:56,4,12,12,0.35,231,0.054
c0509199-3584-491e-a27b-3382a46c51fd,2026-07-01T15:31:56,4,12,12,0.35,231,0.054
c0509199-3584-491e-a27b-3382a46c51fd,2026-07-01T15:31:56,4,12,12,0.35,231,0.054
c0509199-3584-491e-a27b-3382a46c51fd,2026-07-01T15:31:56,4,12,12,0.35,231,0.054
c0509199-3584-491e-a27b-3382a46c51fd,2026-07-01T15:31:56,4,12,12,0.35,231,0.054
c0509199-3584-491e-a27b-3382a46c51fd,2026-07-01T15:31:56,4,12,12,0.35,231,0.054
c0509199-3584-491e-a27b-3382a46c51fd,2026-07-01T15:31:56,4,12,12,0.35,231,0.054
c0509199-3584-491e-a27b-3382a46c51fd,2026-07-01T15:31:56,5,12,12,0.36,231,0.054
c0509199-3584-491e-a27b-3382a46c51fd,2026-07-01T15:31:56,5,12,12,0.36,231,0.054
c0509199-3584-491e-a27b-3382a46c51fd,2026-07-01T15:31:57,5,10,9,0.45,231,0.043
c0509199-3584-491e-a27b-3382a46c51fd,2026-07-01T15:31:57,5,10,9,0.45,231,0.043
c0509199-3584-491e-a27b-3382a46c51fd,2026-07-01T15:31:57,5,10,9,0.45,231,0.043
c0509199-3584-491e-a27b-3382a46c51fd,2026-07-01T15:31:57,5,10,9,0.45,231,0.043
c0509199-3584-491e-a27b-3382a46c51fd,2026-07-01T15:31:57,5,10,9,0.45,231,0.043
c0509199-3584-491e-a27b-3382a46c51fd,2026-07-01T15:31:57,4,10,9,0.42,231,0.043
c0509199-3584-491e-a27b-3382a46c51fd,2026-07-01T15:31:57,4,10,9,0.42,231,0.043
c0509199-3584-491e-a27b-3382a46c51fd,2026-07-01T15:31:57,4,10,9,0.42,231,0.043
c0509199-3584-491e-a27b-3382a46c51fd,2026-07-01T15:31:57,4,10,9,0.42,231,0.043
c0509199-3584-491e-a27b-3382a46c51fd,2026-07-01T15:31:57,4,10,9,0.43,231,0.043
c0509199-3584-491e-a27b-3382a46c51fd,2026-07-01T15:31:57,4,10,9,0.43,231,0.043
c0509199-3584-491e-a27b-3382a46c51fd,2026-07-01T15:31:58,4,10,9,0.43,231,0.043
c0509199-3584-491e-a27b-3382a46c51fd,2026-07-01T15:31:58,4,10,9,0.43,231,0.043
c0509199-3584-491e-a27b-3382a46c51fd,2026-07-01T15:31:58,4,10,9,0.44,231,0.043
c0509199-3584-491e-a27b-3382a46c51fd,2026-07-01T15:31:58,4,10,9,0.44,231,0.043
c0509199-3584-491e-a27b-3382a46c51fd,2026-07-01T15:31:58,4,10,9,0.43,231,0.043
c0509199-3584-491e-a27b-3382a46c51fd,2026-07-01T15:31:58,4,10,9,0.43,231,0.043
c0509199-3584-491e-a27b-3382a46c51fd,2026-07-01T15:31:58,4,10,9,0.43,231,0.043
c0509199-3584-491e-a27b-3382a46c51fd,2026-07-01T15:32:01,4,10,9,0.44,231,0.043
c0509199-3584-491e-a27b-3382a46c51fd,2026-07-01T15:32:01,4,10,9,0.44,231,0.043
c0509199-3584-491e-a27b-3382a46c51fd,2026-07-01T15:32:01,4,10,9,0.44,231,0.043
c0509199-3584-491e-a27b-3382a46c51fd,2026-07-01T15:32:01,4,10,9,0.44,231,0.043
c0509199-3584-491e-a27b-3382a46c51fd,2026-07-01T15:32:01,4,10,9,0.43,231,0.043
c0509199-3584-491e-a27b-3382a46c51fd,2026-07-01T15:32:01,4,10,9,0.43,231,0.043
c0509199-3584-491e-a27b-3382a46c51fd,2026-07-01T15:32:01,4,10,9,0.43,231,0.043
c0509199-3584-491e-a27b-3382a46c51fd,2026-07-01T15:32:02,4,10,9,0.43,231,0.043
c0509199-3584-491e-a27b-3382a46c51fd,2026-07-01T15:32:02,4,10,9,0.43,231,0.043
c0509199-3584-491e-a27b-3382a46c51fd,2026-07-01T15:32:02,4,10,9,0.43,231,0.043
c0509199-3584-491e-a27b-3382a46c51fd,2026-07-01T15:32:02,5,10,8,0.54,231,0.043
c0509199-3584-491e-a27b-3382a46c51fd,2026-07-01T15:32:02,5,10,8,0.54,231,0.043
c0509199-3584-491e-a27b-3382a46c51fd,2026-07-01T15:32:02,5,10,8,0.54,231,0.043
c0509199-3584-491e-a27b-3382a46c51fd,2026-07-01T15:32:02,1328,1328,0,1.0,231,0.043
c0509199-3584-491e-a27b-3382a46c51fd,2026-07-01T15:32:02,1328,1328,0,1.0,231,0.043
c0509199-3584-491e-a27b-3382a46c51fd,2026-07-01T15:32:02,1328,1328,0,1.0,231,0.043
c0509199-3584-491e-a27b-3382a46c51fd,2026-07-01T15:32:02,1328,1328,0,1.0,231,0.043
c0509199-3584-491e-a27b-3382a46c51fd,2026-07-01T15:32:02,1689,1689,0,1.0,227,0.043
c0509199-3584-491e-a27b-3382a46c51fd,2026-07-01T15:32:02,1689,1689,0,1.0,227,0.043
c0509199-3584-491e-a27b-3382a46c51fd,2026-07-01T15:32:02,1686,1686,0,1.0,227,0.043
c0509199-3584-491e-a27b-3382a46c51fd,2026-07-01T15:32:02,1686,1686,0,1.0,227,0.043
c0509199-3584-491e-a27b-3382a46c51fd,2026-07-01T15:32:03,1684,1684,0,1.0,227,0.043
c0509199-3584-491e-a27b-3382a46c51fd,2026-07-01T15:32:03,1684,1684,0,1.0,227,0.043
c0509199-3584-491e-a27b-3382a46c51fd,2026-07-01T15:32:03,1684,1684,0,1.0,227,0.043
c0509199-3584-491e-a27b-3382a46c51fd,2026-07-01T15:32:03,1684,1684,0,1.0,227,0.043
c0509199-3584-491e-a27b-3382a46c51fd,2026-07-01T15:32:03,1684,1684,0,1.0,227,7.374
c0509199-3584-491e-a27b-3382a46c51fd,2026-07-01T15:32:03,1684,1684,0,1.0,227,7.374
c0509199-3584-491e-a27b-3382a46c51fd,2026-07-01T15:32:03,1684,1684,0,1.0,227,7.374
c0509199-3584-491e-a27b-3382a46c51fd,2026-07-01T15:32:03,1684,1684,0,1.0,227,7.374
c0509199-3584-491e-a27b-3382a46c51fd,2026-07-01T15:32:03,1684,1684,0,1.0,227,7.374
c0509199-3584-491e-a27b-3382a46c51fd,2026-07-01T15:32:03,1682,1682,0,1.0,227,7.374
c0509199-3584-491e-a27b-3382a46c51fd,2026-07-01T15:32:03,1682,1682,0,1.0,227,7.374
c0509199-3584-491e-a27b-3382a46c51fd,2026-07-01T15:32:03,1682,1682,0,1.0,227,7.374
c0509199-3584-491e-a27b-3382a46c51fd,2026-07-01T15:32:04,1680,1680,0,1.0,227,7.374
c0509199-3584-491e-a27b-3382a46c51fd,2026-07-01T15:32:04,1680,1680,0,1.0,227,7.374
c0509199-3584-491e-a27b-3382a46c51fd,2026-07-01T15:32:04,1680,1680,0,1.0,227,7.374
c0509199-3584-491e-a27b-3382a46c51fd,2026-07-01T15:32:04,1680,1680,0,1.0,227,7.374
c0509199-3584-491e-a27b-3382a46c51fd,2026-07-01T15:32:04,1680,1680,0,1.0,227,7.374
c0509199-3584-491e-a27b-3382a46c51fd,2026-07-01T15:32:04,1680,1680,0,1.0,227,7.374
c0509199-3584-491e-a27b-3382a46c51fd,2026-07-01T15:32:04,1680,1680,0,1.0,227,7.374
c0509199-3584-491e-a27b-3382a46c51fd,2026-07-01T15:32:04,1680,1680,0,1.0,227,7.374
c0509199-3584-491e-a27b-3382a46c51fd,2026-07-01T15:32:04,1678,1678,0,1.0,227,7.374
c0509199-3584-491e-a27b-3382a46c51fd,2026-07-01T15:32:04,1678,1678,0,1.0,227,7.374
c0509199-3584-491e-a27b-3382a46c51fd,2026-07-01T15:32:05,1678,1678,0,1.0,227,7.352
c0509199-3584-491e-a27b-3382a46c51fd,2026-07-01T15:32:05,1678,1678,0,1.0,227,7.352
c0509199-3584-491e-a27b-3382a46c51fd,2026-07-01T15:32:05,1678,1678,0,1.0,227,7.352
c0509199-3584-491e-a27b-3382a46c51fd,2026-07-01T15:32:05,1678,1678,0,1.0,227,7.352
c0509199-3584-491e-a27b-3382a46c51fd,2026-07-01T15:32:05,1678,1678,0,1.0,227,7.352
c0509199-3584-491e-a27b-3382a46c51fd,2026-07-01T15:32:05,1676,1676,0,1.0,227,7.352
c0509199-3584-491e-a27b-3382a46c51fd,2026-07-01T15:32:05,1676,1676,0,1.0,227,7.352
c0509199-3584-491e-a27b-3382a46c51fd,2026-07-01T15:32:05,1676,1676,0,1.0,227,7.352
c0509199-3584-491e-a27b-3382a46c51fd,2026-07-01T15:32:05,1676,1676,0,1.0,227,7.352
c0509199-3584-491e-a27b-3382a46c51fd,2026-07-01T15:32:05,1676,1676,0,1.0,227,7.352
c0509199-3584-491e-a27b-3382a46c51fd,2026-07-01T15:32:05,1676,1676,0,1.0,227,7.352
c0509199-3584-491e-a27b-3382a46c51fd,2026-07-01T15:32:05,1676,1676,0,1.0,227,7.352
c0509199-3584-491e-a27b-3382a46c51fd,2026-07-01T15:32:05,1676,1676,0,1.0,227,7.352
c0509199-3584-491e-a27b-3382a46c51fd,2026-07-01T15:32:06,1675,1675,0,1.0,227,7.352
c0509199-3584-491e-a27b-3382a46c51fd,2026-07-01T15:32:06,1675,1675,0,1.0,227,7.352
c0509199-3584-491e-a27b-3382a46c51fd,2026-07-01T15:32:06,1675,1675,0,1.0,227,7.352
c0509199-3584-491e-a27b-3382a46c51fd,2026-07-01T15:32:06,1675,1675,0,1.0,227,7.352
c0509199-3584-491e-a27b-3382a46c51fd,2026-07-01T15:32:06,1675,1675,0,1.0,227,7.352
c0509199-3584-491e-a27b-3382a46c51fd,2026-07-01T15:32:06,1675,1675,0,1.0,227,7.352
c0509199-3584-491e-a27b-3382a46c51fd,2026-07-01T15:32:06,1675,1675,0,1.0,227,7.352
c0509199-3584-491e-a27b-3382a46c51fd,2026-07-01T15:32:06,1675,1675,0,1.0,227,7.352
c0509199-3584-491e-a27b-3382a46c51fd,2026-07-01T15:32:06,1675,1675,0,1.0,227,7.352
c0509199-3584-491e-a27b-3382a46c51fd,2026-07-01T15:32:06,1675,1675,0,1.0,227,7.352
c0509199-3584-491e-a27b-3382a46c51fd,2026-07-01T15:32:06,1676,1676,0,1.0,227,7.34
c0509199-3584-491e-a27b-3382a46c51fd,2026-07-01T15:32:06,1676,1676,0,1.0,227,7.34
c0509199-3584-491e-a27b-3382a46c51fd,2026-07-01T15:32:06,1676,1676,0,1.0,227,7.34
c0509199-3584-491e-a27b-3382a46c51fd,2026-07-01T15:32:06,1676,1676,0,1.0,227,7.34
c0509199-3584-491e-a27b-3382a46c51fd,2026-07-01T15:32:06,1676,1676,0,1.0,227,7.34
c0509199-3584-491e-a27b-3382a46c51fd,2026-07-01T15:32:07,1675,1675,0,1.0,227,7.34
c0509199-3584-491e-a27b-3382a46c51fd,2026-07-01T15:32:07,1675,1675,0,1.0,227,7.34
c0509199-3584-491e-a27b-3382a46c51fd,2026-07-01T15:32:07,1675,1675,0,1.0,227,7.34
c0509199-3584-491e-a27b-3382a46c51fd,2026-07-01T15:32:07,1675,1675,0,1.0,227,7.34
c0509199-3584-491e-a27b-3382a46c51fd,2026-07-01T15:32:07,1675,1675,0,1.0,227,7.34
c0509199-3584-491e-a27b-3382a46c51fd,2026-07-01T15:32:07,1676,1676,0,1.0,227,7.34
c0509199-3584-491e-a27b-3382a46c51fd,2026-07-01T15:32:07,1676,1676,0,1.0,227,7.34
c0509199-3584-491e-a27b-3382a46c51fd,2026-07-01T15:32:07,1676,1676,0,1.0,227,7.34
c0509199-3584-491e-a27b-3382a46c51fd,2026-07-01T15:32:07,1675,1675,0,1.0,227,7.34
c0509199-3584-491e-a27b-3382a46c51fd,2026-07-01T15:32:07,1675,1675,0,1.0,227,7.34
c0509199-3584-491e-a27b-3382a46c51fd,2026-07-01T15:32:07,1675,1675,0,1.0,227,7.34
c0509199-3584-491e-a27b-3382a46c51fd,2026-07-01T15:32:07,1675,1675,0,1.0,227,7.34
c0509199-3584-491e-a27b-3382a46c51fd,2026-07-01T15:32:07,1675,1675,0,1.0,227,7.34
c0509199-3584-491e-a27b-3382a46c51fd,2026-07-01T15:32:07,1675,1675,0,1.0,227,7.34
c0509199-3584-491e-a27b-3382a46c51fd,2026-07-01T15:32:08,1675,1675,0,1.0,227,7.34
c0509199-3584-491e-a27b-3382a46c51fd,2026-07-01T15:32:08,1675,1675,0,1.0,227,7.34
c0509199-3584-491e-a27b-3382a46c51fd,2026-07-01T15:32:08,1675,1675,0,1.0,227,7.34
c0509199-3584-491e-a27b-3382a46c51fd,2026-07-01T15:32:08,1676,1676,0,1.0,227,7.336
c0509199-3584-491e-a27b-3382a46c51fd,2026-07-01T15:32:08,1676,1676,0,1.0,227,7.336
c0509199-3584-491e-a27b-3382a46c51fd,2026-07-01T15:32:08,1676,1676,0,1.0,227,7.336
c0509199-3584-491e-a27b-3382a46c51fd,2026-07-01T15:32:08,1676,1676,0,1.0,227,7.336
c0509199-3584-491e-a27b-3382a46c51fd,2026-07-01T15:32:08,1676,1676,0,1.0,227,7.336
c0509199-3584-491e-a27b-3382a46c51fd,2026-07-01T15:32:08,1676,1676,0,1.0,227,7.336
c0509199-3584-491e-a27b-3382a46c51fd,2026-07-01T15:32:08,1676,1676,0,1.0,227,7.336
c0509199-3584-491e-a27b-3382a46c51fd,2026-07-01T15:32:08,1676,1676,0,1.0,227,7.336
c0509199-3584-491e-a27b-3382a46c51fd,2026-07-01T15:32:09,1676,1676,0,1.0,227,7.336
c0509199-3584-491e-a27b-3382a46c51fd,2026-07-01T15:32:09,1676,1676,0,1.0,227,7.336
c0509199-3584-491e-a27b-3382a46c51fd,2026-07-01T15:32:09,1676,1676,0,1.0,227,7.336
c0509199-3584-491e-a27b-3382a46c51fd,2026-07-01T15:32:09,1676,1676,0,1.0,227,7.336
c0509199-3584-491e-a27b-3382a46c51fd,2026-07-01T15:32:09,1676,1676,0,1.0,227,7.336
c0509199-3584-491e-a27b-3382a46c51fd,2026-07-01T15:32:09,1676,1676,0,1.0,227,7.336
c0509199-3584-491e-a27b-3382a46c51fd,2026-07-01T15:32:09,1676,1676,0,1.0,227,7.336
c0509199-3584-491e-a27b-3382a46c51fd,2026-07-01T15:32:09,1676,1676,0,1.0,227,7.336
c0509199-3584-491e-a27b-3382a46c51fd,2026-07-01T15:32:09,1676,1676,0,1.0,227,7.336
c0509199-3584-491e-a27b-3382a46c51fd,2026-07-01T15:32:09,1676,1676,0,1.0,227,7.336
c0509199-3584-491e-a27b-3382a46c51fd,2026-07-01T15:32:09,1676,1676,0,1.0,227,7.336
c0509199-3584-491e-a27b-3382a46c51fd,2026-07-01T15:32:09,1676,1676,0,1.0,227,7.336
c0509199-3584-491e-a27b-3382a46c51fd,2026-07-01T15:32:09,1676,1676,0,1.0,227,7.336
c0509199-3584-491e-a27b-3382a46c51fd,2026-07-01T15:32:09,1676,1676,0,1.0,227,7.336
c0509199-3584-491e-a27b-3382a46c51fd,2026-07-01T15:32:10,1676,1676,0,1.0,227,7.336
c0509199-3584-491e-a27b-3382a46c51fd,2026-07-01T15:32:10,1676,1676,0,1.0,227,7.336
c0509199-3584-491e-a27b-3382a46c51fd,2026-07-01T15:32:10,1676,1676,0,1.0,227,7.336
c0509199-3584-491e-a27b-3382a46c51fd,2026-07-01T15:32:10,1676,1676,0,1.0,227,7.336
c0509199-3584-491e-a27b-3382a46c51fd,2026-07-01T15:32:10,1676,1676,0,1.0,227,7.336
c0509199-3584-491e-a27b-3382a46c51fd,2026-07-01T15:32:10,1676,1676,0,1.0,227,7.336
c0509199-3584-491e-a27b-3382a46c51fd,2026-07-01T15:32:10,1676,1676,0,1.0,227,7.336
c0509199-3584-491e-a27b-3382a46c51fd,2026-07-01T15:32:10,1676,1676,0,1.0,227,7.336
c0509199-3584-491e-a27b-3382a46c51fd,2026-07-01T15:32:10,1676,1676,0,1.0,227,7.336
c0509199-3584-491e-a27b-3382a46c51fd,2026-07-01T15:32:10,1676,1676,0,1.0,227,7.336
c0509199-3584-491e-a27b-3382a46c51fd,2026-07-01T15:32:10,1676,1676,0,1.0,227,7.336
c0509199-3584-491e-a27b-3382a46c51fd,2026-07-01T15:32:10,1676,1676,0,1.0,227,7.336
c0509199-3584-491e-a27b-3382a46c51fd,2026-07-01T15:32:10,1676,1676,0,1.0,227,7.336
c0509199-3584-491e-a27b-3382a46c51fd,2026-07-01T15:32:11,1675,1675,0,1.0,227,7.336
c0509199-3584-491e-a27b-3382a46c51fd,2026-07-01T15:32:11,1675,1675,0,1.0,227,7.336
c0509199-3584-491e-a27b-3382a46c51fd,2026-07-01T15:32:11,1675,1675,0,1.0,227,7.336
c0509199-3584-491e-a27b-3382a46c51fd,2026-07-01T15:32:11,1675,1675,0,1.0,227,7.336
c0509199-3584-491e-a27b-3382a46c51fd,2026-07-01T15:32:11,1675,1675,0,1.0,227,7.336
c0509199-3584-491e-a27b-3382a46c51fd,2026-07-01T15:32:11,1675,1675,0,1.0,227,7.336
c0509199-3584-491e-a27b-3382a46c51fd,2026-07-01T15:32:11,1671,1671,0,1.0,227,7.336
c0509199-3584-491e-a27b-3382a46c51fd,2026-07-01T15:32:11,1671,1671,0,1.0,227,7.336
c0509199-3584-491e-a27b-3382a46c51fd,2026-07-01T15:32:11,1671,1671,0,1.0,227,7.336
c0509199-3584-491e-a27b-3382a46c51fd,2026-07-01T15:32:11,1671,1671,0,1.0,227,7.336
c0509199-3584-491e-a27b-3382a46c51fd,2026-07-01T15:32:12,1669,1669,0,1.0,227,7.336
c0509199-3584-491e-a27b-3382a46c51fd,2026-07-01T15:32:12,1669,1669,0,1.0,227,7.336
c0509199-3584-491e-a27b-3382a46c51fd,2026-07-01T15:32:12,1669,1669,0,1.0,226,7.336
c0509199-3584-491e-a27b-3382a46c51fd,2026-07-01T15:32:12,1669,1669,0,1.0,226,7.336
c0509199-3584-491e-a27b-3382a46c51fd,2026-07-01T15:32:12,1671,1671,0,1.0,226,7.336
c0509199-3584-491e-a27b-3382a46c51fd,2026-07-01T15:32:12,1671,1671,0,1.0,226,7.336
c0509199-3584-491e-a27b-3382a46c51fd,2026-07-01T15:32:12,1671,1671,0,1.0,226,7.336
c0509199-3584-491e-a27b-3382a46c51fd,2026-07-01T15:32:12,1671,1671,0,1.0,226,7.336
c0509199-3584-491e-a27b-3382a46c51fd,2026-07-01T15:32:12,1671,1671,0,1.0,226,7.336
c0509199-3584-491e-a27b-3382a46c51fd,2026-07-01T15:32:12,1671,1671,0,1.0,226,7.336
c0509199-3584-491e-a27b-3382a46c51fd,2026-07-01T15:32:13,1671,1671,0,1.0,226,7.327
c0509199-3584-491e-a27b-3382a46c51fd,2026-07-01T15:32:13,1671,1671,0,1.0,226,7.327
c0509199-3584-491e-a27b-3382a46c51fd,2026-07-01T15:32:13,1671,1671,0,1.0,226,7.327
c0509199-3584-491e-a27b-3382a46c51fd,2026-07-01T15:32:13,1671,1671,0,1.0,226,7.327
c0509199-3584-491e-a27b-3382a46c51fd,2026-07-01T15:32:13,1671,1671,0,1.0,226,7.327
c0509199-3584-491e-a27b-3382a46c51fd,2026-07-01T15:32:13,1671,1671,0,1.0,226,7.327
c0509199-3584-491e-a27b-3382a46c51fd,2026-07-01T15:32:13,1671,1671,0,1.0,226,7.327
c0509199-3584-491e-a27b-3382a46c51fd,2026-07-01T15:32:13,1671,1671,0,1.0,226,7.327
c0509199-3584-491e-a27b-3382a46c51fd,2026-07-01T15:32:13,1671,1671,0,1.0,227,7.327
c0509199-3584-491e-a27b-3382a46c51fd,2026-07-01T15:32:14,1671,1671,0,1.0,227,7.327
c0509199-3584-491e-a27b-3382a46c51fd,2026-07-01T15:32:14,1671,1671,0,1.0,227,7.327
c0509199-3584-491e-a27b-3382a46c51fd,2026-07-01T15:32:14,1671,1671,0,1.0,227,7.327
c0509199-3584-491e-a27b-3382a46c51fd,2026-07-01T15:32:14,1671,1671,0,1.0,227,7.327
c0509199-3584-491e-a27b-3382a46c51fd,2026-07-01T15:32:14,1671,1671,0,1.0,227,7.327
c0509199-3584-491e-a27b-3382a46c51fd,2026-07-01T15:32:14,1671,1671,0,1.0,227,7.327
c0509199-3584-491e-a27b-3382a46c51fd,2026-07-01T15:32:14,1671,1671,0,1.0,227,7.327
c0509199-3584-491e-a27b-3382a46c51fd,2026-07-01T15:32:14,1673,1673,0,1.0,227,7.327
c0509199-3584-491e-a27b-3382a46c51fd,2026-07-01T15:32:14,1673,1673,0,1.0,227,7.327
c0509199-3584-491e-a27b-3382a46c51fd,2026-07-01T15:32:14,1673,1673,0,1.0,227,7.327
c0509199-3584-491e-a27b-3382a46c51fd,2026-07-01T15:32:14,1673,1673,0,1.0,227,7.327
c0509199-3584-491e-a27b-3382a46c51fd,2026-07-01T15:32:15,1671,1671,0,1.0,227,7.327
c0509199-3584-491e-a27b-3382a46c51fd,2026-07-01T15:32:15,1671,1671,0,1.0,227,7.327
c0509199-3584-491e-a27b-3382a46c51fd,2026-07-01T15:32:15,1671,1671,0,1.0,227,7.327
c0509199-3584-491e-a27b-3382a46c51fd,2026-07-01T15:32:15,1671,1671,0,1.0,227,7.327
c0509199-3584-491e-a27b-3382a46c51fd,2026-07-01T15:32:15,1673,1673,0,1.0,227,7.327
c0509199-3584-491e-a27b-3382a46c51fd,2026-07-01T15:32:15,1673,1673,0,1.0,227,7.327
c0509199-3584-491e-a27b-3382a46c51fd,2026-07-01T15:32:15,1673,1673,0,1.0,227,7.327
c0509199-3584-491e-a27b-3382a46c51fd,2026-07-01T15:32:15,1673,1673,0,1.0,227,7.327
c0509199-3584-491e-a27b-3382a46c51fd,2026-07-01T15:32:15,1671,1671,0,1.0,227,7.327
c0509199-3584-491e-a27b-3382a46c51fd,2026-07-01T15:32:15,1671,1671,0,1.0,227,7.327
c0509199-3584-491e-a27b-3382a46c51fd,2026-07-01T15:32:16,1671,1671,0,1.0,227,7.327
c0509199-3584-491e-a27b-3382a46c51fd,2026-07-01T15:32:16,1671,1671,0,1.0,227,7.327
c0509199-3584-491e-a27b-3382a46c51fd,2026-07-01T15:32:16,1671,1671,0,1.0,227,7.327
c0509199-3584-491e-a27b-3382a46c51fd,2026-07-01T15:32:16,1671,1671,0,1.0,227,7.327
c0509199-3584-491e-a27b-3382a46c51fd,2026-07-01T15:32:16,1671,1671,0,1.0,227,7.327
c0509199-3584-491e-a27b-3382a46c51fd,2026-07-01T15:32:16,1671,1671,0,1.0,227,7.327
c0509199-3584-491e-a27b-3382a46c51fd,2026-07-01T15:32:16,1671,1671,0,1.0,227,7.327
c0509199-3584-491e-a27b-3382a46c51fd,2026-07-01T15:32:16,1671,1671,0,1.0,227,7.327
c0509199-3584-491e-a27b-3382a46c51fd,2026-07-01T15:32:16,1671,1671,0,1.0,227,7.327
c0509199-3584-491e-a27b-3382a46c51fd,2026-07-01T15:32:16,1671,1671,0,1.0,227,7.327
c0509199-3584-491e-a27b-3382a46c51fd,2026-07-01T15:32:17,1671,1671,0,1.0,227,7.327
c0509199-3584-491e-a27b-3382a46c51fd,2026-07-01T15:32:17,1671,1671,0,1.0,227,7.327
c0509199-3584-491e-a27b-3382a46c51fd,2026-07-01T15:32:17,1671,1671,0,1.0,227,7.327
c0509199-3584-491e-a27b-3382a46c51fd,2026-07-01T15:32:17,1671,1671,0,1.0,227,7.327
c0509199-3584-491e-a27b-3382a46c51fd,2026-07-01T15:32:17,1673,1673,0,1.0,227,7.327
c0509199-3584-491e-a27b-3382a46c51fd,2026-07-01T15:32:17,1673,1673,0,1.0,227,7.327
c0509199-3584-491e-a27b-3382a46c51fd,2026-07-01T15:32:17,1673,1673,0,1.0,227,7.327
c0509199-3584-491e-a27b-3382a46c51fd,2026-07-01T15:32:17,1673,1673,0,1.0,227,7.327
c0509199-3584-491e-a27b-3382a46c51fd,2026-07-01T15:32:17,1673,1673,0,1.0,227,7.327
c0509199-3584-491e-a27b-3382a46c51fd,2026-07-01T15:32:17,1673,1673,0,1.0,227,7.327
c0509199-3584-491e-a27b-3382a46c51fd,2026-07-01T15:32:18,1673,1673,0,1.0,227,7.327
c0509199-3584-491e-a27b-3382a46c51fd,2026-07-01T15:32:18,1673,1673,0,1.0,227,7.327
c0509199-3584-491e-a27b-3382a46c51fd,2026-07-01T15:32:18,1673,1673,0,1.0,227,7.327
c0509199-3584-491e-a27b-3382a46c51fd,2026-07-01T15:32:18,1673,1673,0,1.0,227,7.327
c0509199-3584-491e-a27b-3382a46c51fd,2026-07-01T15:32:18,1673,1673,0,1.0,227,7.327
c0509199-3584-491e-a27b-3382a46c51fd,2026-07-01T15:32:18,1673,1673,0,1.0,227,7.327
c0509199-3584-491e-a27b-3382a46c51fd,2026-07-01T15:32:18,1673,1673,0,1.0,227,7.327
c0509199-3584-491e-a27b-3382a46c51fd,2026-07-01T15:32:18,1673,1673,0,1.0,227,7.327
c0509199-3584-491e-a27b-3382a46c51fd,2026-07-01T15:32:18,1673,1673,0,1.0,227,7.327
c0509199-3584-491e-a27b-3382a46c51fd,2026-07-01T15:32:18,1673,1673,0,1.0,227,7.327
c0509199-3584-491e-a27b-3382a46c51fd,2026-07-01T15:32:19,1673,1673,0,1.0,227,7.327
c0509199-3584-491e-a27b-3382a46c51fd,2026-07-01T15:32:19,1673,1673,0,1.0,227,7.327
c0509199-3584-491e-a27b-3382a46c51fd,2026-07-01T15:32:19,1671,1671,0,1.0,227,7.327
c0509199-3584-491e-a27b-3382a46c51fd,2026-07-01T15:32:19,1671,1671,0,1.0,227,7.327
c0509199-3584-491e-a27b-3382a46c51fd,2026-07-01T15:32:19,1673,1673,0,1.0,227,7.327
c0509199-3584-491e-a27b-3382a46c51fd,2026-07-01T15:32:19,1673,1673,0,1.0,227,7.327
c0509199-3584-491e-a27b-3382a46c51fd,2026-07-01T15:32:19,1673,1673,0,1.0,227,7.327
c0509199-3584-491e-a27b-3382a46c51fd,2026-07-01T15:32:19,1673,1673,0,1.0,227,7.327
c0509199-3584-491e-a27b-3382a46c51fd,2026-07-01T15:32:19,1671,1671,0,1.0,227,7.327
c0509199-3584-491e-a27b-3382a46c51fd,2026-07-01T15:32:19,1671,1671,0,1.0,227,7.327
c0509199-3584-491e-a27b-3382a46c51fd,2026-07-01T15:32:20,1671,1671,0,1.0,227,7.327
c0509199-3584-491e-a27b-3382a46c51fd,2026-07-01T15:32:20,1671,1671,0,1.0,227,7.327
c0509199-3584-491e-a27b-3382a46c51fd,2026-07-01T15:32:20,1671,1671,0,1.0,227,7.327
c0509199-3584-491e-a27b-3382a46c51fd,2026-07-01T15:32:20,1671,1671,0,1.0,227,7.327
c0509199-3584-491e-a27b-3382a46c51fd,2026-07-01T15:32:20,1671,1671,0,1.0,227,7.327
c0509199-3584-491e-a27b-3382a46c51fd,2026-07-01T15:32:20,1671,1671,0,1.0,227,7.327
c0509199-3584-491e-a27b-3382a46c51fd,2026-07-01T15:32:20,1671,1671,0,1.0,227,7.327
c0509199-3584-491e-a27b-3382a46c51fd,2026-07-01T15:32:20,1671,1671,0,1.0,227,7.327
c0509199-3584-491e-a27b-3382a46c51fd,2026-07-01T15:32:20,1673,1673,0,1.0,227,7.327
c0509199-3584-491e-a27b-3382a46c51fd,2026-07-01T15:32:20,1673,1673,0,1.0,227,7.327
c0509199-3584-491e-a27b-3382a46c51fd,2026-07-01T15:32:21,1671,1671,0,1.0,227,7.327
c0509199-3584-491e-a27b-3382a46c51fd,2026-07-01T15:32:21,1671,1671,0,1.0,227,7.327
c0509199-3584-491e-a27b-3382a46c51fd,2026-07-01T15:32:21,1671,1671,0,1.0,227,7.327
c0509199-3584-491e-a27b-3382a46c51fd,2026-07-01T15:32:21,1671,1671,0,1.0,227,7.327
c0509199-3584-491e-a27b-3382a46c51fd,2026-07-01T15:32:21,1671,1671,0,1.0,227,7.327
c0509199-3584-491e-a27b-3382a46c51fd,2026-07-01T15:32:21,1671,1671,0,1.0,227,7.327
c0509199-3584-491e-a27b-3382a46c51fd,2026-07-01T15:32:21,1673,1673,0,1.0,227,7.327
c0509199-3584-491e-a27b-3382a46c51fd,2026-07-01T15:32:21,1673,1673,0,1.0,227,7.327
c0509199-3584-491e-a27b-3382a46c51fd,2026-07-01T15:32:21,1673,1673,0,1.0,227,7.327
c0509199-3584-491e-a27b-3382a46c51fd,2026-07-01T15:32:21,1673,1673,0,1.0,227,7.327
c0509199-3584-491e-a27b-3382a46c51fd,2026-07-01T15:32:22,1671,1671,0,1.0,227,7.327
c0509199-3584-491e-a27b-3382a46c51fd,2026-07-01T15:32:22,1671,1671,0,1.0,227,7.327
c0509199-3584-491e-a27b-3382a46c51fd,2026-07-01T15:32:22,1671,1671,0,1.0,227,7.327
c0509199-3584-491e-a27b-3382a46c51fd,2026-07-01T15:32:22,1671,1671,0,1.0,227,7.327
c0509199-3584-491e-a27b-3382a46c51fd,2026-07-01T15:32:22,1671,1671,0,1.0,227,7.327
c0509199-3584-491e-a27b-3382a46c51fd,2026-07-01T15:32:22,1671,1671,0,1.0,227,7.327
c0509199-3584-491e-a27b-3382a46c51fd,2026-07-01T15:32:22,1671,1671,0,1.0,227,7.327
c0509199-3584-491e-a27b-3382a46c51fd,2026-07-01T15:32:22,1671,1671,0,1.0,227,7.327
c0509199-3584-491e-a27b-3382a46c51fd,2026-07-01T15:32:22,1671,1671,0,1.0,227,7.327
c0509199-3584-491e-a27b-3382a46c51fd,2026-07-01T15:32:22,1671,1671,0,1.0,227,7.327
c0509199-3584-491e-a27b-3382a46c51fd,2026-07-01T15:32:23,1671,1671,0,1.0,227,7.327
c0509199-3584-491e-a27b-3382a46c51fd,2026-07-01T15:32:23,1671,1671,0,1.0,227,7.327
c0509199-3584-491e-a27b-3382a46c51fd,2026-07-01T15:32:23,1673,1673,0,1.0,227,7.327
c0509199-3584-491e-a27b-3382a46c51fd,2026-07-01T15:32:23,1673,1673,0,1.0,227,7.327
c0509199-3584-491e-a27b-3382a46c51fd,2026-07-01T15:32:23,1675,1675,0,1.0,227,7.327
c0509199-3584-491e-a27b-3382a46c51fd,2026-07-01T15:32:23,1675,1675,0,1.0,227,7.327
c0509199-3584-491e-a27b-3382a46c51fd,2026-07-01T15:32:23,1676,1676,0,1.0,227,7.327
c0509199-3584-491e-a27b-3382a46c51fd,2026-07-01T15:32:23,1676,1676,0,1.0,227,7.327
c0509199-3584-491e-a27b-3382a46c51fd,2026-07-01T15:32:23,1676,1676,0,1.0,227,7.327
c0509199-3584-491e-a27b-3382a46c51fd,2026-07-01T15:32:23,1676,1676,0,1.0,227,7.327
c0509199-3584-491e-a27b-3382a46c51fd,2026-07-01T15:32:24,1676,1676,0,1.0,227,7.327
c0509199-3584-491e-a27b-3382a46c51fd,2026-07-01T15:32:24,1676,1676,0,1.0,227,7.327
c0509199-3584-491e-a27b-3382a46c51fd,2026-07-01T15:32:24,1676,1676,0,1.0,227,7.336
c0509199-3584-491e-a27b-3382a46c51fd,2026-07-01T15:32:24,1676,1676,0,1.0,227,7.336
c0509199-3584-491e-a27b-3382a46c51fd,2026-07-01T15:32:24,1676,1676,0,1.0,227,7.336
c0509199-3584-491e-a27b-3382a46c51fd,2026-07-01T15:32:24,1676,1676,0,1.0,227,7.336
c0509199-3584-491e-a27b-3382a46c51fd,2026-07-01T15:32:24,1676,1676,0,1.0,227,7.336
c0509199-3584-491e-a27b-3382a46c51fd,2026-07-01T15:32:24,1676,1676,0,1.0,227,7.336
c0509199-3584-491e-a27b-3382a46c51fd,2026-07-01T15:32:24,1676,1676,0,1.0,227,7.336
c0509199-3584-491e-a27b-3382a46c51fd,2026-07-01T15:32:24,1676,1676,0,1.0,227,7.336
c0509199-3584-491e-a27b-3382a46c51fd,2026-07-01T15:32:25,1676,1676,0,1.0,227,7.336
c0509199-3584-491e-a27b-3382a46c51fd,2026-07-01T15:32:25,1676,1676,0,1.0,227,7.336
c0509199-3584-491e-a27b-3382a46c51fd,2026-07-01T15:32:25,1676,1676,0,1.0,227,7.336
c0509199-3584-491e-a27b-3382a46c51fd,2026-07-01T15:32:25,1676,1676,0,1.0,227,7.336
c0509199-3584-491e-a27b-3382a46c51fd,2026-07-01T15:32:25,1676,1676,0,1.0,227,7.336
c0509199-3584-491e-a27b-3382a46c51fd,2026-07-01T15:32:25,1676,1676,0,1.0,227,7.336
c0509199-3584-491e-a27b-3382a46c51fd,2026-07-01T15:32:25,1676,1676,0,1.0,227,7.336
c0509199-3584-491e-a27b-3382a46c51fd,2026-07-01T15:32:25,1676,1676,0,1.0,227,7.336
c0509199-3584-491e-a27b-3382a46c51fd,2026-07-01T15:32:25,1676,1676,0,1.0,227,7.336
c0509199-3584-491e-a27b-3382a46c51fd,2026-07-01T15:32:26,1676,1676,0,1.0,227,7.336
c0509199-3584-491e-a27b-3382a46c51fd,2026-07-01T15:32:26,1675,1675,0,1.0,227,7.336
c0509199-3584-491e-a27b-3382a46c51fd,2026-07-01T15:32:26,1675,1675,0,1.0,227,7.336
c0509199-3584-491e-a27b-3382a46c51fd,2026-07-01T15:32:27,1675,1675,0,1.0,227,7.336
c0509199-3584-491e-a27b-3382a46c51fd,2026-07-01T15:32:27,1675,1675,0,1.0,227,7.336
c0509199-3584-491e-a27b-3382a46c51fd,2026-07-01T15:32:27,1675,1675,0,1.0,227,7.336
c0509199-3584-491e-a27b-3382a46c51fd,2026-07-01T15:32:27,1676,1676,0,1.0,227,7.336
c0509199-3584-491e-a27b-3382a46c51fd,2026-07-01T15:32:27,1676,1676,0,1.0,227,7.336
c0509199-3584-491e-a27b-3382a46c51fd,2026-07-01T15:32:27,1676,1676,0,1.0,227,7.336
c0509199-3584-491e-a27b-3382a46c51fd,2026-07-01T15:32:27,1676,1676,0,1.0,227,7.336
c0509199-3584-491e-a27b-3382a46c51fd,2026-07-01T15:32:27,1676,1676,0,1.0,227,7.336
c0509199-3584-491e-a27b-3382a46c51fd,2026-07-01T15:32:27,1676,1676,0,1.0,227,7.336
c0509199-3584-491e-a27b-3382a46c51fd,2026-07-01T15:32:27,1676,1676,0,1.0,227,7.336
c0509199-3584-491e-a27b-3382a46c51fd,2026-07-01T15:32:27,1676,1676,0,1.0,227,7.336
c0509199-3584-491e-a27b-3382a46c51fd,2026-07-01T15:32:27,1676,1676,0,1.0,227,7.336
c0509199-3584-491e-a27b-3382a46c51fd,2026-07-01T15:32:28,1675,1675,0,1.0,227,7.336
c0509199-3584-491e-a27b-3382a46c51fd,2026-07-01T15:32:28,1675,1675,0,1.0,227,7.336
c0509199-3584-491e-a27b-3382a46c51fd,2026-07-01T15:32:28,1675,1675,0,1.0,227,7.336
c0509199-3584-491e-a27b-3382a46c51fd,2026-07-01T15:32:28,1675,1675,0,1.0,227,7.336
c0509199-3584-491e-a27b-3382a46c51fd,2026-07-01T15:32:28,1675,1675,0,1.0,227,7.336
c0509199-3584-491e-a27b-3382a46c51fd,2026-07-01T15:32:28,1676,1676,0,1.0,227,7.336
c0509199-3584-491e-a27b-3382a46c51fd,2026-07-01T15:32:28,1676,1676,0,1.0,227,7.336
c0509199-3584-491e-a27b-3382a46c51fd,2026-07-01T15:32:28,1676,1676,0,1.0,227,7.336
c0509199-3584-491e-a27b-3382a46c51fd,2026-07-01T15:32:28,1676,1676,0,1.0,227,7.336
c0509199-3584-491e-a27b-3382a46c51fd,2026-07-01T15:32:28,1676,1676,0,1.0,227,7.336
c0509199-3584-491e-a27b-3382a46c51fd,2026-07-01T15:32:29,1676,1676,0,1.0,227,7.331
c0509199-3584-491e-a27b-3382a46c51fd,2026-07-01T15:32:29,1676,1676,0,1.0,227,7.331
c0509199-3584-491e-a27b-3382a46c51fd,2026-07-01T15:32:29,1676,1676,0,1.0,227,7.331
c0509199-3584-491e-a27b-3382a46c51fd,2026-07-01T15:32:29,1676,1676,0,1.0,227,7.331
c0509199-3584-491e-a27b-3382a46c51fd,2026-07-01T15:32:29,1676,1676,0,1.0,227,7.331
c0509199-3584-491e-a27b-3382a46c51fd,2026-07-01T15:32:29,1676,1676,0,1.0,227,7.331
c0509199-3584-491e-a27b-3382a46c51fd,2026-07-01T15:32:29,1676,1676,0,1.0,227,7.331
c0509199-3584-491e-a27b-3382a46c51fd,2026-07-01T15:32:29,1676,1676,0,1.0,227,7.331
c0509199-3584-491e-a27b-3382a46c51fd,2026-07-01T15:32:29,1676,1676,0,1.0,227,7.331
c0509199-3584-491e-a27b-3382a46c51fd,2026-07-01T15:32:29,1676,1676,0,1.0,227,7.331
c0509199-3584-491e-a27b-3382a46c51fd,2026-07-01T15:32:29,1676,1676,0,1.0,227,7.331
c0509199-3584-491e-a27b-3382a46c51fd,2026-07-01T15:32:29,1676,1676,0,1.0,227,7.331
c0509199-3584-491e-a27b-3382a46c51fd,2026-07-01T15:32:30,1676,1676,0,1.0,227,7.331
c0509199-3584-491e-a27b-3382a46c51fd,2026-07-01T15:32:30,1676,1676,0,1.0,227,7.331
c0509199-3584-491e-a27b-3382a46c51fd,2026-07-01T15:32:30,1676,1676,0,1.0,227,7.331
c0509199-3584-491e-a27b-3382a46c51fd,2026-07-01T15:32:30,1676,1676,0,1.0,227,7.331
c0509199-3584-491e-a27b-3382a46c51fd,2026-07-01T15:32:30,1676,1676,0,1.0,227,7.331
c0509199-3584-491e-a27b-3382a46c51fd,2026-07-01T15:32:30,1675,1675,0,1.0,227,7.331
c0509199-3584-491e-a27b-3382a46c51fd,2026-07-01T15:32:30,1675,1675,0,1.0,227,7.331
c0509199-3584-491e-a27b-3382a46c51fd,2026-07-01T15:32:30,1675,1675,0,1.0,227,7.331
c0509199-3584-491e-a27b-3382a46c51fd,2026-07-01T15:32:30,1676,1676,0,1.0,227,7.331
c0509199-3584-491e-a27b-3382a46c51fd,2026-07-01T15:32:30,1676,1676,0,1.0,227,7.331
c0509199-3584-491e-a27b-3382a46c51fd,2026-07-01T15:32:30,1676,1676,0,1.0,227,7.331
