run_id,Time,Power,ApparentPower,ReactivePower,Factor,Voltage,Current
8d73ab27-25dc-4964-929d-01cd8ce9fabe,2026-07-01T15:58:27,5,6,5,0.7,231,0.028
8d73ab27-25dc-4964-929d-01cd8ce9fabe,2026-07-01T15:58:27,5,6,5,0.7,231,0.028
8d73ab27-25dc-4964-929d-01cd8ce9fabe,2026-07-01T15:58:27,5,6,5,0.7,231,0.028
8d73ab27-25dc-4964-929d-01cd8ce9fabe,2026-07-01T15:58:27,5,6,5,0.7,231,0.028
8d73ab27-25dc-4964-929d-01cd8ce9fabe,2026-07-01T15:58:27,5,6,5,0.7,231,0.028
8d73ab27-25dc-4964-929d-01cd8ce9fabe,2026-07-01T15:58:27,5,6,5,0.7,231,0.028
8d73ab27-25dc-4964-929d-01cd8ce9fabe,2026-07-01T15:58:27,5,6,5,0.7,231,0.028
8d73ab27-25dc-4964-929d-01cd8ce9fabe,2026-07-01T15:58:27,4,6,5,0.68,231,0.028
8d73ab27-25dc-4964-929d-01cd8ce9fabe,2026-07-01T15:58:27,4,6,5,0.68,231,0.028
8d73ab27-25dc-4964-929d-01cd8ce9fabe,2026-07-01T15:58:28,4,6,5,0.68,231,0.028
8d73ab27-25dc-4964-929d-01cd8ce9fabe,2026-07-01T15:58:28,4,6,5,0.68,231,0.028
8d73ab27-25dc-4964-929d-01cd8ce9fabe,2026-07-01T15:58:28,5,10,9,0.44,231,0.044
8d73ab27-25dc-4964-929d-01cd8ce9fabe,2026-07-01T15:58:28,5,10,9,0.44,231,0.044
8d73ab27-25dc-4964-929d-01cd8ce9fabe,2026-07-01T15:58:28,5,10,9,0.44,231,0.044
8d73ab27-25dc-4964-929d-01cd8ce9fabe,2026-07-01T15:58:28,5,10,9,0.44,231,0.044
8d73ab27-25dc-4964-929d-01cd8ce9fabe,2026-07-01T15:58:28,4,10,9,0.42,231,0.044
8d73ab27-25dc-4964-929d-01cd8ce9fabe,2026-07-01T15:58:28,4,10,9,0.42,231,0.044
8d73ab27-25dc-4964-929d-01cd8ce9fabe,2026-07-01T15:58:28,4,10,9,0.42,231,0.044
8d73ab27-25dc-4964-929d-01cd8ce9fabe,2026-07-01T15:58:28,4,10,9,0.42,231,0.044
8d73ab27-25dc-4964-929d-01cd8ce9fabe,2026-07-01T15:58:29,5,10,9,0.44,231,0.044
8d73ab27-25dc-4964-929d-01cd8ce9fabe,2026-07-01T15:58:29,5,10,9,0.44,231,0.044
8d73ab27-25dc-4964-929d-01cd8ce9fabe,2026-07-01T15:58:29,4,10,9,0.42,231,0.044
8d73ab27-25dc-4964-929d-01cd8ce9fabe,2026-07-01T15:58:29,4,10,9,0.42,231,0.044
8d73ab27-25dc-4964-929d-01cd8ce9fabe,2026-07-01T15:58:29,4,10,9,0.42,231,0.044
8d73ab27-25dc-4964-929d-01cd8ce9fabe,2026-07-01T15:58:29,4,10,9,0.42,231,0.044
8d73ab27-25dc-4964-929d-01cd8ce9fabe,2026-07-01T15:58:29,4,10,9,0.43,231,0.044
8d73ab27-25dc-4964-929d-01cd8ce9fabe,2026-07-01T15:58:29,4,10,9,0.43,231,0.044
8d73ab27-25dc-4964-929d-01cd8ce9fabe,2026-07-01T15:58:29,4,10,9,0.43,231,0.044
8d73ab27-25dc-4964-929d-01cd8ce9fabe,2026-07-01T15:58:29,4,10,9,0.43,231,0.044
8d73ab27-25dc-4964-929d-01cd8ce9fabe,2026-07-01T15:58:30,5,10,9,0.45,231,0.044
8d73ab27-25dc-4964-929d-01cd8ce9fabe,2026-07-01T15:58:30,4,10,9,0.43,231,0.044
8d73ab27-25dc-4964-929d-01cd8ce9fabe,2026-07-01T15:58:30,4,10,9,0.43,231,0.044
8d73ab27-25dc-4964-929d-01cd8ce9fabe,2026-07-01T15:58:30,4,10,9,0.43,231,0.044
8d73ab27-25dc-4964-929d-01cd8ce9fabe,2026-07-01T15:58:30,4,10,9,0.43,231,0.044
8d73ab27-25dc-4964-929d-01cd8ce9fabe,2026-07-01T15:58:30,5,10,9,0.44,231,0.044
8d73ab27-25dc-4964-929d-01cd8ce9fabe,2026-07-01T15:58:30,5,10,9,0.44,231,0.044
8d73ab27-25dc-4964-929d-01cd8ce9fabe,2026-07-01T15:58:30,5,10,9,0.44,231,0.044
8d73ab27-25dc-4964-929d-01cd8ce9fabe,2026-07-01T15:58:30,5,10,9,0.44,231,0.044
8d73ab27-25dc-4964-929d-01cd8ce9fabe,2026-07-01T15:58:31,4,10,9,0.42,231,0.044
8d73ab27-25dc-4964-929d-01cd8ce9fabe,2026-07-01T15:58:31,4,10,9,0.42,231,0.044
8d73ab27-25dc-4964-929d-01cd8ce9fabe,2026-07-01T15:58:31,4,10,9,0.42,231,0.044
8d73ab27-25dc-4964-929d-01cd8ce9fabe,2026-07-01T15:58:31,4,10,9,0.42,231,0.044
8d73ab27-25dc-4964-929d-01cd8ce9fabe,2026-07-01T15:58:31,5,10,9,0.44,230,0.044
8d73ab27-25dc-4964-929d-01cd8ce9fabe,2026-07-01T15:58:31,5,10,9,0.44,230,0.044
8d73ab27-25dc-4964-929d-01cd8ce9fabe,2026-07-01T15:58:31,5,10,9,0.45,230,0.044
8d73ab27-25dc-4964-929d-01cd8ce9fabe,2026-07-01T15:58:31,5,10,9,0.45,230,0.044
8d73ab27-25dc-4964-929d-01cd8ce9fabe,2026-07-01T15:58:31,5,10,9,0.45,230,0.044
8d73ab27-25dc-4964-929d-01cd8ce9fabe,2026-07-01T15:58:32,4,10,9,0.43,230,0.044
8d73ab27-25dc-4964-929d-01cd8ce9fabe,2026-07-01T15:58:32,4,10,9,0.43,230,0.044
8d73ab27-25dc-4964-929d-01cd8ce9fabe,2026-07-01T15:58:32,4,10,9,0.43,230,0.044
8d73ab27-25dc-4964-929d-01cd8ce9fabe,2026-07-01T15:58:32,4,10,9,0.43,230,0.044
8d73ab27-25dc-4964-929d-01cd8ce9fabe,2026-07-01T15:58:32,5,10,9,0.44,230,0.044
8d73ab27-25dc-4964-929d-01cd8ce9fabe,2026-07-01T15:58:32,5,10,9,0.44,230,0.044
8d73ab27-25dc-4964-929d-01cd8ce9fabe,2026-07-01T15:58:32,5,10,9,0.44,230,0.044
8d73ab27-25dc-4964-929d-01cd8ce9fabe,2026-07-01T15:58:32,5,10,9,0.44,230,0.044
8d73ab27-25dc-4964-929d-01cd8ce9fabe,2026-07-01T15:58:33,4,10,9,0.44,230,0.043
8d73ab27-25dc-4964-929d-01cd8ce9fabe,2026-07-01T15:58:33,4,10,9,0.44,230,0.043
8d73ab27-25dc-4964-929d-01cd8ce9fabe,2026-07-01T15:58:33,4,10,9,0.44,230,0.043
8d73ab27-25dc-4964-929d-01cd8ce9fabe,2026-07-01T15:58:33,4,10,9,0.44,230,0.043
8d73ab27-25dc-4964-929d-01cd8ce9fabe,2026-07-01T15:58:33,5,10,9,0.45,230,0.043
8d73ab27-25dc-4964-929d-01cd8ce9fabe,2026-07-01T15:58:33,5,10,9,0.45,230,0.043
8d73ab27-25dc-4964-929d-01cd8ce9fabe,2026-07-01T15:58:33,5,10,9,0.46,230,0.043
8d73ab27-25dc-4964-929d-01cd8ce9fabe,2026-07-01T15:58:33,5,10,9,0.46,231,0.043
8d73ab27-25dc-4964-929d-01cd8ce9fabe,2026-07-01T15:58:33,5,10,9,0.46,231,0.043
8d73ab27-25dc-4964-929d-01cd8ce9fabe,2026-07-01T15:58:34,4,10,9,0.43,231,0.043
8d73ab27-25dc-4964-929d-01cd8ce9fabe,2026-07-01T15:58:34,4,10,9,0.43,231,0.043
8d73ab27-25dc-4964-929d-01cd8ce9fabe,2026-07-01T15:58:34,4,10,9,0.43,231,0.043
8d73ab27-25dc-4964-929d-01cd8ce9fabe,2026-07-01T15:58:34,5,10,9,0.45,231,0.043
8d73ab27-25dc-4964-929d-01cd8ce9fabe,2026-07-01T15:58:34,5,10,9,0.45,231,0.043
8d73ab27-25dc-4964-929d-01cd8ce9fabe,2026-07-01T15:58:34,5,10,9,0.45,231,0.043
8d73ab27-25dc-4964-929d-01cd8ce9fabe,2026-07-01T15:58:34,5,10,9,0.45,231,0.043
8d73ab27-25dc-4964-929d-01cd8ce9fabe,2026-07-01T15:58:34,4,10,9,0.44,231,0.043
8d73ab27-25dc-4964-929d-01cd8ce9fabe,2026-07-01T15:58:34,4,10,9,0.44,231,0.043
8d73ab27-25dc-4964-929d-01cd8ce9fabe,2026-07-01T15:58:35,4,10,9,0.44,231,0.043
8d73ab27-25dc-4964-929d-01cd8ce9fabe,2026-07-01T15:58:35,4,10,9,0.44,231,0.043
8d73ab27-25dc-4964-929d-01cd8ce9fabe,2026-07-01T15:58:35,4,10,9,0.44,231,0.043
8d73ab27-25dc-4964-929d-01cd8ce9fabe,2026-07-01T15:58:35,4,10,9,0.44,231,0.043
8d73ab27-25dc-4964-929d-01cd8ce9fabe,2026-07-01T15:58:35,4,10,9,0.42,231,0.044
8d73ab27-25dc-4964-929d-01cd8ce9fabe,2026-07-01T15:58:35,4,10,9,0.42,231,0.044
8d73ab27-25dc-4964-929d-01cd8ce9fabe,2026-07-01T15:58:35,4,10,9,0.42,231,0.044
8d73ab27-25dc-4964-929d-01cd8ce9fabe,2026-07-01T15:58:35,4,10,9,0.42,231,0.044
8d73ab27-25dc-4964-929d-01cd8ce9fabe,2026-07-01T15:58:35,4,10,9,0.43,231,0.044
8d73ab27-25dc-4964-929d-01cd8ce9fabe,2026-07-01T15:58:35,4,10,9,0.43,231,0.044
8d73ab27-25dc-4964-929d-01cd8ce9fabe,2026-07-01T15:58:36,5,10,9,0.44,231,0.044
8d73ab27-25dc-4964-929d-01cd8ce9fabe,2026-07-01T15:58:36,5,10,9,0.44,231,0.044
8d73ab27-25dc-4964-929d-01cd8ce9fabe,2026-07-01T15:58:36,5,10,9,0.44,230,0.044
8d73ab27-25dc-4964-929d-01cd8ce9fabe,2026-07-01T15:58:36,5,10,9,0.44,230,0.044
8d73ab27-25dc-4964-929d-01cd8ce9fabe,2026-07-01T15:58:36,4,10,9,0.42,230,0.044
8d73ab27-25dc-4964-929d-01cd8ce9fabe,2026-07-01T15:58:36,4,10,9,0.42,230,0.044
8d73ab27-25dc-4964-929d-01cd8ce9fabe,2026-07-01T15:58:36,4,10,9,0.43,230,0.044
8d73ab27-25dc-4964-929d-01cd8ce9fabe,2026-07-01T15:58:36,4,10,9,0.43,230,0.044
8d73ab27-25dc-4964-929d-01cd8ce9fabe,2026-07-01T15:58:37,4,10,9,0.43,230,0.044
8d73ab27-25dc-4964-929d-01cd8ce9fabe,2026-07-01T15:58:37,5,10,9,0.44,230,0.044
8d73ab27-25dc-4964-929d-01cd8ce9fabe,2026-07-01T15:58:37,5,10,9,0.44,230,0.044
8d73ab27-25dc-4964-929d-01cd8ce9fabe,2026-07-01T15:58:37,4,10,9,0.43,230,0.044
8d73ab27-25dc-4964-929d-01cd8ce9fabe,2026-07-01T15:58:37,4,10,9,0.43,230,0.044
8d73ab27-25dc-4964-929d-01cd8ce9fabe,2026-07-01T15:58:37,4,10,9,0.43,230,0.044
8d73ab27-25dc-4964-929d-01cd8ce9fabe,2026-07-01T15:58:37,4,10,9,0.43,230,0.044
8d73ab27-25dc-4964-929d-01cd8ce9fabe,2026-07-01T15:58:37,4,10,9,0.43,230,0.044
8d73ab27-25dc-4964-929d-01cd8ce9fabe,2026-07-01T15:58:37,4,10,9,0.43,230,0.044
8d73ab27-25dc-4964-929d-01cd8ce9fabe,2026-07-01T15:58:38,4,10,9,0.43,230,0.044
8d73ab27-25dc-4964-929d-01cd8ce9fabe,2026-07-01T15:58:38,4,10,9,0.43,230,0.044
8d73ab27-25dc-4964-929d-01cd8ce9fabe,2026-07-01T15:58:38,5,10,9,0.44,230,0.044
8d73ab27-25dc-4964-929d-01cd8ce9fabe,2026-07-01T15:58:38,5,10,9,0.44,230,0.044
8d73ab27-25dc-4964-929d-01cd8ce9fabe,2026-07-01T15:58:38,5,10,9,0.44,230,0.044
8d73ab27-25dc-4964-929d-01cd8ce9fabe,2026-07-01T15:58:38,5,10,9,0.44,230,0.044
8d73ab27-25dc-4964-929d-01cd8ce9fabe,2026-07-01T15:58:38,5,10,9,0.44,231,0.044
8d73ab27-25dc-4964-929d-01cd8ce9fabe,2026-07-01T15:58:38,5,10,9,0.44,231,0.044
8d73ab27-25dc-4964-929d-01cd8ce9fabe,2026-07-01T15:58:38,5,10,9,0.44,231,0.044
8d73ab27-25dc-4964-929d-01cd8ce9fabe,2026-07-01T15:58:38,5,10,9,0.44,231,0.044
8d73ab27-25dc-4964-929d-01cd8ce9fabe,2026-07-01T15:58:39,5,10,9,0.44,231,0.044
8d73ab27-25dc-4964-929d-01cd8ce9fabe,2026-07-01T15:58:39,4,10,9,0.43,231,0.044
8d73ab27-25dc-4964-929d-01cd8ce9fabe,2026-07-01T15:58:39,4,10,9,0.43,231,0.044
8d73ab27-25dc-4964-929d-01cd8ce9fabe,2026-07-01T15:58:39,4,10,9,0.43,231,0.044
8d73ab27-25dc-4964-929d-01cd8ce9fabe,2026-07-01T15:58:39,4,10,9,0.43,231,0.044
8d73ab27-25dc-4964-929d-01cd8ce9fabe,2026-07-01T15:58:39,5,10,9,0.45,231,0.044
8d73ab27-25dc-4964-929d-01cd8ce9fabe,2026-07-01T15:58:39,5,10,9,0.45,231,0.044
8d73ab27-25dc-4964-929d-01cd8ce9fabe,2026-07-01T15:58:39,4,10,9,0.42,231,0.044
8d73ab27-25dc-4964-929d-01cd8ce9fabe,2026-07-01T15:58:39,4,10,9,0.42,231,0.044
8d73ab27-25dc-4964-929d-01cd8ce9fabe,2026-07-01T15:58:40,4,10,9,0.42,231,0.044
8d73ab27-25dc-4964-929d-01cd8ce9fabe,2026-07-01T15:58:40,4,10,9,0.42,231,0.044
8d73ab27-25dc-4964-929d-01cd8ce9fabe,2026-07-01T15:58:40,5,10,9,0.45,231,0.044
8d73ab27-25dc-4964-929d-01cd8ce9fabe,2026-07-01T15:58:40,5,10,9,0.45,231,0.044
8d73ab27-25dc-4964-929d-01cd8ce9fabe,2026-07-01T15:58:40,5,10,9,0.45,231,0.044
8d73ab27-25dc-4964-929d-01cd8ce9fabe,2026-07-01T15:58:40,5,10,9,0.45,231,0.044
8d73ab27-25dc-4964-929d-01cd8ce9fabe,2026-07-01T15:58:40,5,10,9,0.45,231,0.044
8d73ab27-25dc-4964-929d-01cd8ce9fabe,2026-07-01T15:58:41,4,10,9,0.43,231,0.044
8d73ab27-25dc-4964-929d-01cd8ce9fabe,2026-07-01T15:58:41,4,10,9,0.43,231,0.044
8d73ab27-25dc-4964-929d-01cd8ce9fabe,2026-07-01T15:58:41,5,10,9,0.44,231,0.044
8d73ab27-25dc-4964-929d-01cd8ce9fabe,2026-07-01T15:58:41,5,10,9,0.44,231,0.044
8d73ab27-25dc-4964-929d-01cd8ce9fabe,2026-07-01T15:58:41,5,10,9,0.44,231,0.044
8d73ab27-25dc-4964-929d-01cd8ce9fabe,2026-07-01T15:58:41,4,10,9,0.43,231,0.044
8d73ab27-25dc-4964-929d-01cd8ce9fabe,2026-07-01T15:58:41,4,10,9,0.43,231,0.044
8d73ab27-25dc-4964-929d-01cd8ce9fabe,2026-07-01T15:58:41,4,10,9,0.43,231,0.044
8d73ab27-25dc-4964-929d-01cd8ce9fabe,2026-07-01T15:58:41,4,10,9,0.43,231,0.044
8d73ab27-25dc-4964-929d-01cd8ce9fabe,2026-07-01T15:58:41,4,10,9,0.43,231,0.044
8d73ab27-25dc-4964-929d-01cd8ce9fabe,2026-07-01T15:58:42,5,10,9,0.44,231,0.044
8d73ab27-25dc-4964-929d-01cd8ce9fabe,2026-07-01T15:58:42,5,10,9,0.44,231,0.044
8d73ab27-25dc-4964-929d-01cd8ce9fabe,2026-07-01T15:58:42,4,10,9,0.43,231,0.044
8d73ab27-25dc-4964-929d-01cd8ce9fabe,2026-07-01T15:58:42,4,10,9,0.43,231,0.044
8d73ab27-25dc-4964-929d-01cd8ce9fabe,2026-07-01T15:58:42,4,10,9,0.43,231,0.044
8d73ab27-25dc-4964-929d-01cd8ce9fabe,2026-07-01T15:58:42,4,10,9,0.43,231,0.044
8d73ab27-25dc-4964-929d-01cd8ce9fabe,2026-07-01T15:58:42,45,45,0,1.0,231,0.115
8d73ab27-25dc-4964-929d-01cd8ce9fabe,2026-07-01T15:58:43,1682,1682,0,1.0,231,0.115
8d73ab27-25dc-4964-929d-01cd8ce9fabe,2026-07-01T15:58:43,1682,1682,0,1.0,231,0.115
8d73ab27-25dc-4964-929d-01cd8ce9fabe,2026-07-01T15:58:43,1680,1680,0,1.0,231,0.115
8d73ab27-25dc-4964-929d-01cd8ce9fabe,2026-07-01T15:58:43,1680,1680,0,1.0,227,0.115
8d73ab27-25dc-4964-929d-01cd8ce9fabe,2026-07-01T15:58:43,1680,1680,0,1.0,227,0.115
8d73ab27-25dc-4964-929d-01cd8ce9fabe,2026-07-01T15:58:43,1680,1680,0,1.0,227,0.115
8d73ab27-25dc-4964-929d-01cd8ce9fabe,2026-07-01T15:58:43,1680,1680,0,1.0,227,0.115
8d73ab27-25dc-4964-929d-01cd8ce9fabe,2026-07-01T15:58:43,1678,1678,0,1.0,227,0.115
8d73ab27-25dc-4964-929d-01cd8ce9fabe,2026-07-01T15:58:43,1678,1678,0,1.0,227,0.115
8d73ab27-25dc-4964-929d-01cd8ce9fabe,2026-07-01T15:58:44,1678,1678,0,1.0,227,0.115
8d73ab27-25dc-4964-929d-01cd8ce9fabe,2026-07-01T15:58:44,1678,1678,0,1.0,227,0.115
8d73ab27-25dc-4964-929d-01cd8ce9fabe,2026-07-01T15:58:44,1678,1678,0,1.0,227,7.357
8d73ab27-25dc-4964-929d-01cd8ce9fabe,2026-07-01T15:58:44,1678,1678,0,1.0,227,7.357
8d73ab27-25dc-4964-929d-01cd8ce9fabe,2026-07-01T15:58:44,1678,1678,0,1.0,227,7.357
8d73ab27-25dc-4964-929d-01cd8ce9fabe,2026-07-01T15:58:44,1678,1678,0,1.0,227,7.357
8d73ab27-25dc-4964-929d-01cd8ce9fabe,2026-07-01T15:58:44,1676,1676,0,1.0,227,7.357
8d73ab27-25dc-4964-929d-01cd8ce9fabe,2026-07-01T15:58:44,1676,1676,0,1.0,227,7.357
8d73ab27-25dc-4964-929d-01cd8ce9fabe,2026-07-01T15:58:44,1676,1676,0,1.0,227,7.357
8d73ab27-25dc-4964-929d-01cd8ce9fabe,2026-07-01T15:58:44,1676,1676,0,1.0,227,7.357
8d73ab27-25dc-4964-929d-01cd8ce9fabe,2026-07-01T15:58:45,1676,1676,0,1.0,227,7.357
8d73ab27-25dc-4964-929d-01cd8ce9fabe,2026-07-01T15:58:45,1676,1676,0,1.0,227,7.357
8d73ab27-25dc-4964-929d-01cd8ce9fabe,2026-07-01T15:58:45,1675,1675,0,1.0,227,7.357
8d73ab27-25dc-4964-929d-01cd8ce9fabe,2026-07-01T15:58:45,1675,1675,0,1.0,227,7.357
8d73ab27-25dc-4964-929d-01cd8ce9fabe,2026-07-01T15:58:45,1671,1671,0,1.0,227,7.357
8d73ab27-25dc-4964-929d-01cd8ce9fabe,2026-07-01T15:58:45,1671,1671,0,1.0,227,7.357
8d73ab27-25dc-4964-929d-01cd8ce9fabe,2026-07-01T15:58:45,1671,1671,0,1.0,227,7.357
8d73ab27-25dc-4964-929d-01cd8ce9fabe,2026-07-01T15:58:46,1669,1669,0,1.0,227,7.323
8d73ab27-25dc-4964-929d-01cd8ce9fabe,2026-07-01T15:58:46,1669,1669,0,1.0,227,7.323
8d73ab27-25dc-4964-929d-01cd8ce9fabe,2026-07-01T15:58:46,1669,1669,0,1.0,227,7.323
8d73ab27-25dc-4964-929d-01cd8ce9fabe,2026-07-01T15:58:46,1669,1669,0,1.0,227,7.323
8d73ab27-25dc-4964-929d-01cd8ce9fabe,2026-07-01T15:58:46,1669,1669,0,1.0,227,7.323
8d73ab27-25dc-4964-929d-01cd8ce9fabe,2026-07-01T15:58:46,1669,1669,0,1.0,227,7.323
8d73ab27-25dc-4964-929d-01cd8ce9fabe,2026-07-01T15:58:46,1667,1667,0,1.0,227,7.323
8d73ab27-25dc-4964-929d-01cd8ce9fabe,2026-07-01T15:58:46,1667,1667,0,1.0,227,7.323
8d73ab27-25dc-4964-929d-01cd8ce9fabe,2026-07-01T15:58:46,1667,1667,0,1.0,227,7.323
8d73ab27-25dc-4964-929d-01cd8ce9fabe,2026-07-01T15:58:47,1667,1667,0,1.0,227,7.323
8d73ab27-25dc-4964-929d-01cd8ce9fabe,2026-07-01T15:58:47,1667,1667,0,1.0,227,7.323
8d73ab27-25dc-4964-929d-01cd8ce9fabe,2026-07-01T15:58:47,1669,1669,0,1.0,227,7.323
8d73ab27-25dc-4964-929d-01cd8ce9fabe,2026-07-01T15:58:47,1669,1669,0,1.0,227,7.323
8d73ab27-25dc-4964-929d-01cd8ce9fabe,2026-07-01T15:58:47,1669,1669,0,1.0,227,7.323
8d73ab27-25dc-4964-929d-01cd8ce9fabe,2026-07-01T15:58:47,1667,1667,0,1.0,227,7.319
8d73ab27-25dc-4964-929d-01cd8ce9fabe,2026-07-01T15:58:47,1667,1667,0,1.0,227,7.319
8d73ab27-25dc-4964-929d-01cd8ce9fabe,2026-07-01T15:58:47,1667,1667,0,1.0,227,7.319
8d73ab27-25dc-4964-929d-01cd8ce9fabe,2026-07-01T15:58:47,1667,1667,0,1.0,227,7.319
8d73ab27-25dc-4964-929d-01cd8ce9fabe,2026-07-01T15:58:47,1667,1667,0,1.0,227,7.319
8d73ab27-25dc-4964-929d-01cd8ce9fabe,2026-07-01T15:58:47,1667,1667,0,1.0,227,7.319
8d73ab27-25dc-4964-929d-01cd8ce9fabe,2026-07-01T15:58:47,1667,1667,0,1.0,227,7.319
8d73ab27-25dc-4964-929d-01cd8ce9fabe,2026-07-01T15:58:48,1667,1667,0,1.0,227,7.319
8d73ab27-25dc-4964-929d-01cd8ce9fabe,2026-07-01T15:58:48,1667,1667,0,1.0,227,7.319
8d73ab27-25dc-4964-929d-01cd8ce9fabe,2026-07-01T15:58:48,1667,1667,0,1.0,227,7.319
8d73ab27-25dc-4964-929d-01cd8ce9fabe,2026-07-01T15:58:48,1667,1667,0,1.0,227,7.319
8d73ab27-25dc-4964-929d-01cd8ce9fabe,2026-07-01T15:58:48,1667,1667,0,1.0,227,7.319
8d73ab27-25dc-4964-929d-01cd8ce9fabe,2026-07-01T15:58:48,1667,1667,0,1.0,227,7.319
8d73ab27-25dc-4964-929d-01cd8ce9fabe,2026-07-01T15:58:48,1667,1667,0,1.0,227,7.319
8d73ab27-25dc-4964-929d-01cd8ce9fabe,2026-07-01T15:58:48,1667,1667,0,1.0,227,7.319
8d73ab27-25dc-4964-929d-01cd8ce9fabe,2026-07-01T15:58:48,1665,1665,0,1.0,227,7.319
8d73ab27-25dc-4964-929d-01cd8ce9fabe,2026-07-01T15:58:48,1665,1665,0,1.0,227,7.319
8d73ab27-25dc-4964-929d-01cd8ce9fabe,2026-07-01T15:58:48,1665,1665,0,1.0,227,7.319
8d73ab27-25dc-4964-929d-01cd8ce9fabe,2026-07-01T15:58:49,1665,1665,0,1.0,227,7.315
8d73ab27-25dc-4964-929d-01cd8ce9fabe,2026-07-01T15:58:49,1665,1665,0,1.0,227,7.315
8d73ab27-25dc-4964-929d-01cd8ce9fabe,2026-07-01T15:58:49,1665,1665,0,1.0,227,7.315
8d73ab27-25dc-4964-929d-01cd8ce9fabe,2026-07-01T15:58:49,1665,1665,0,1.0,227,7.315
8d73ab27-25dc-4964-929d-01cd8ce9fabe,2026-07-01T15:58:49,1665,1665,0,1.0,227,7.315
8d73ab27-25dc-4964-929d-01cd8ce9fabe,2026-07-01T15:58:49,1665,1665,0,1.0,227,7.315
8d73ab27-25dc-4964-929d-01cd8ce9fabe,2026-07-01T15:58:49,1665,1665,0,1.0,227,7.315
8d73ab27-25dc-4964-929d-01cd8ce9fabe,2026-07-01T15:58:49,1665,1665,0,1.0,227,7.315
8d73ab27-25dc-4964-929d-01cd8ce9fabe,2026-07-01T15:58:49,1664,1664,0,1.0,227,7.315
8d73ab27-25dc-4964-929d-01cd8ce9fabe,2026-07-01T15:58:49,1664,1664,0,1.0,227,7.315
8d73ab27-25dc-4964-929d-01cd8ce9fabe,2026-07-01T15:58:49,1664,1664,0,1.0,227,7.315
8d73ab27-25dc-4964-929d-01cd8ce9fabe,2026-07-01T15:58:49,1664,1664,0,1.0,227,7.315
8d73ab27-25dc-4964-929d-01cd8ce9fabe,2026-07-01T15:58:49,1664,1664,0,1.0,227,7.315
8d73ab27-25dc-4964-929d-01cd8ce9fabe,2026-07-01T15:58:50,1664,1664,0,1.0,227,7.315
8d73ab27-25dc-4964-929d-01cd8ce9fabe,2026-07-01T15:58:50,1664,1664,0,1.0,227,7.315
8d73ab27-25dc-4964-929d-01cd8ce9fabe,2026-07-01T15:58:50,1664,1664,0,1.0,227,7.315
8d73ab27-25dc-4964-929d-01cd8ce9fabe,2026-07-01T15:58:50,1664,1664,0,1.0,227,7.315
8d73ab27-25dc-4964-929d-01cd8ce9fabe,2026-07-01T15:58:50,1664,1664,0,1.0,227,7.315
8d73ab27-25dc-4964-929d-01cd8ce9fabe,2026-07-01T15:58:50,1664,1664,0,1.0,227,7.315
8d73ab27-25dc-4964-929d-01cd8ce9fabe,2026-07-01T15:58:50,1664,1664,0,1.0,227,7.315
8d73ab27-25dc-4964-929d-01cd8ce9fabe,2026-07-01T15:58:50,1664,1664,0,1.0,227,7.315
8d73ab27-25dc-4964-929d-01cd8ce9fabe,2026-07-01T15:58:50,1664,1664,0,1.0,227,7.31
8d73ab27-25dc-4964-929d-01cd8ce9fabe,2026-07-01T15:58:50,1664,1664,0,1.0,227,7.31
8d73ab27-25dc-4964-929d-01cd8ce9fabe,2026-07-01T15:58:50,1664,1664,0,1.0,227,7.31
8d73ab27-25dc-4964-929d-01cd8ce9fabe,2026-07-01T15:58:50,1664,1664,0,1.0,227,7.31
8d73ab27-25dc-4964-929d-01cd8ce9fabe,2026-07-01T15:58:51,1664,1664,0,1.0,227,7.31
8d73ab27-25dc-4964-929d-01cd8ce9fabe,2026-07-01T15:58:51,1664,1664,0,1.0,227,7.31
8d73ab27-25dc-4964-929d-01cd8ce9fabe,2026-07-01T15:58:52,1664,1664,0,1.0,226,7.31
8d73ab27-25dc-4964-929d-01cd8ce9fabe,2026-07-01T15:58:52,1664,1664,0,1.0,226,7.31
8d73ab27-25dc-4964-929d-01cd8ce9fabe,2026-07-01T15:58:52,1664,1664,0,1.0,226,7.31
8d73ab27-25dc-4964-929d-01cd8ce9fabe,2026-07-01T15:58:52,1664,1664,0,1.0,226,7.31
8d73ab27-25dc-4964-929d-01cd8ce9fabe,2026-07-01T15:58:52,1664,1664,0,1.0,226,7.31
8d73ab27-25dc-4964-929d-01cd8ce9fabe,2026-07-01T15:58:52,1664,1664,0,1.0,226,7.31
8d73ab27-25dc-4964-929d-01cd8ce9fabe,2026-07-01T15:58:52,1664,1664,0,1.0,226,7.31
8d73ab27-25dc-4964-929d-01cd8ce9fabe,2026-07-01T15:58:52,1662,1662,0,1.0,226,7.31
8d73ab27-25dc-4964-929d-01cd8ce9fabe,2026-07-01T15:58:52,1662,1662,0,1.0,226,7.31
8d73ab27-25dc-4964-929d-01cd8ce9fabe,2026-07-01T15:58:53,1664,1664,0,1.0,226,7.31
8d73ab27-25dc-4964-929d-01cd8ce9fabe,2026-07-01T15:58:53,1664,1664,0,1.0,226,7.31
8d73ab27-25dc-4964-929d-01cd8ce9fabe,2026-07-01T15:58:53,1664,1664,0,1.0,226,7.31
8d73ab27-25dc-4964-929d-01cd8ce9fabe,2026-07-01T15:58:53,1664,1664,0,1.0,226,7.31
8d73ab27-25dc-4964-929d-01cd8ce9fabe,2026-07-01T15:58:53,1662,1662,0,1.0,226,7.31
8d73ab27-25dc-4964-929d-01cd8ce9fabe,2026-07-01T15:58:53,1662,1662,0,1.0,226,7.31
8d73ab27-25dc-4964-929d-01cd8ce9fabe,2026-07-01T15:58:53,1664,1664,0,1.0,226,7.31
8d73ab27-25dc-4964-929d-01cd8ce9fabe,2026-07-01T15:58:53,1664,1664,0,1.0,226,7.31
8d73ab27-25dc-4964-929d-01cd8ce9fabe,2026-07-01T15:58:53,1664,1664,0,1.0,226,7.306
8d73ab27-25dc-4964-929d-01cd8ce9fabe,2026-07-01T15:58:53,1664,1664,0,1.0,226,7.306
8d73ab27-25dc-4964-929d-01cd8ce9fabe,2026-07-01T15:58:54,1665,1665,0,1.0,226,7.306
8d73ab27-25dc-4964-929d-01cd8ce9fabe,2026-07-01T15:58:54,1665,1665,0,1.0,226,7.306
8d73ab27-25dc-4964-929d-01cd8ce9fabe,2026-07-01T15:58:54,1665,1665,0,1.0,226,7.306
8d73ab27-25dc-4964-929d-01cd8ce9fabe,2026-07-01T15:58:54,1665,1665,0,1.0,226,7.306
8d73ab27-25dc-4964-929d-01cd8ce9fabe,2026-07-01T15:58:54,1665,1665,0,1.0,226,7.306
8d73ab27-25dc-4964-929d-01cd8ce9fabe,2026-07-01T15:58:54,1665,1665,0,1.0,226,7.306
8d73ab27-25dc-4964-929d-01cd8ce9fabe,2026-07-01T15:58:54,1665,1665,0,1.0,226,7.306
8d73ab27-25dc-4964-929d-01cd8ce9fabe,2026-07-01T15:58:54,1665,1665,0,1.0,226,7.306
8d73ab27-25dc-4964-929d-01cd8ce9fabe,2026-07-01T15:58:54,1665,1665,0,1.0,226,7.306
8d73ab27-25dc-4964-929d-01cd8ce9fabe,2026-07-01T15:58:54,1665,1665,0,1.0,226,7.306
8d73ab27-25dc-4964-929d-01cd8ce9fabe,2026-07-01T15:58:54,1665,1665,0,1.0,226,7.306
8d73ab27-25dc-4964-929d-01cd8ce9fabe,2026-07-01T15:58:55,1665,1665,0,1.0,226,7.306
8d73ab27-25dc-4964-929d-01cd8ce9fabe,2026-07-01T15:58:55,1665,1665,0,1.0,226,7.306
8d73ab27-25dc-4964-929d-01cd8ce9fabe,2026-07-01T15:58:55,1665,1665,0,1.0,226,7.306
8d73ab27-25dc-4964-929d-01cd8ce9fabe,2026-07-01T15:58:55,1665,1665,0,1.0,226,7.306
8d73ab27-25dc-4964-929d-01cd8ce9fabe,2026-07-01T15:58:55,1665,1665,0,1.0,226,7.306
8d73ab27-25dc-4964-929d-01cd8ce9fabe,2026-07-01T15:58:55,1665,1665,0,1.0,226,7.306
8d73ab27-25dc-4964-929d-01cd8ce9fabe,2026-07-01T15:58:56,1665,1665,0,1.0,226,7.31
8d73ab27-25dc-4964-929d-01cd8ce9fabe,2026-07-01T15:58:56,1665,1665,0,1.0,226,7.31
8d73ab27-25dc-4964-929d-01cd8ce9fabe,2026-07-01T15:58:56,1665,1665,0,1.0,226,7.31
8d73ab27-25dc-4964-929d-01cd8ce9fabe,2026-07-01T15:58:56,1665,1665,0,1.0,226,7.31
8d73ab27-25dc-4964-929d-01cd8ce9fabe,2026-07-01T15:58:56,1665,1665,0,1.0,226,7.31
8d73ab27-25dc-4964-929d-01cd8ce9fabe,2026-07-01T15:58:56,1665,1665,0,1.0,226,7.31
8d73ab27-25dc-4964-929d-01cd8ce9fabe,2026-07-01T15:58:57,1665,1665,0,1.0,226,7.306
8d73ab27-25dc-4964-929d-01cd8ce9fabe,2026-07-01T15:58:57,1665,1665,0,1.0,226,7.306
8d73ab27-25dc-4964-929d-01cd8ce9fabe,2026-07-01T15:58:57,1665,1665,0,1.0,226,7.306
8d73ab27-25dc-4964-929d-01cd8ce9fabe,2026-07-01T15:58:57,1665,1665,0,1.0,226,7.306
8d73ab27-25dc-4964-929d-01cd8ce9fabe,2026-07-01T15:58:57,1665,1665,0,1.0,226,7.306
8d73ab27-25dc-4964-929d-01cd8ce9fabe,2026-07-01T15:58:57,1665,1665,0,1.0,226,7.306
8d73ab27-25dc-4964-929d-01cd8ce9fabe,2026-07-01T15:58:57,1665,1665,0,1.0,226,7.306
8d73ab27-25dc-4964-929d-01cd8ce9fabe,2026-07-01T15:58:57,1665,1665,0,1.0,226,7.306
8d73ab27-25dc-4964-929d-01cd8ce9fabe,2026-07-01T15:58:57,1665,1665,0,1.0,226,7.306
8d73ab27-25dc-4964-929d-01cd8ce9fabe,2026-07-01T15:58:57,1665,1665,0,1.0,226,7.306
8d73ab27-25dc-4964-929d-01cd8ce9fabe,2026-07-01T15:58:57,1665,1665,0,1.0,226,7.306
8d73ab27-25dc-4964-929d-01cd8ce9fabe,2026-07-01T15:58:58,1665,1665,0,1.0,226,7.306
8d73ab27-25dc-4964-929d-01cd8ce9fabe,2026-07-01T15:58:58,1665,1665,0,1.0,226,7.306
8d73ab27-25dc-4964-929d-01cd8ce9fabe,2026-07-01T15:58:58,1665,1665,0,1.0,226,7.306
8d73ab27-25dc-4964-929d-01cd8ce9fabe,2026-07-01T15:58:58,1665,1665,0,1.0,226,7.306
8d73ab27-25dc-4964-929d-01cd8ce9fabe,2026-07-01T15:58:58,1665,1665,0,1.0,226,7.306
8d73ab27-25dc-4964-929d-01cd8ce9fabe,2026-07-01T15:58:58,1665,1665,0,1.0,226,7.306
8d73ab27-25dc-4964-929d-01cd8ce9fabe,2026-07-01T15:58:58,1665,1665,0,1.0,226,7.306
8d73ab27-25dc-4964-929d-01cd8ce9fabe,2026-07-01T15:58:58,1665,1665,0,1.0,226,7.306
8d73ab27-25dc-4964-929d-01cd8ce9fabe,2026-07-01T15:58:58,1665,1665,0,1.0,226,7.306
8d73ab27-25dc-4964-929d-01cd8ce9fabe,2026-07-01T15:59:01,1665,1665,0,1.0,227,7.31
8d73ab27-25dc-4964-929d-01cd8ce9fabe,2026-07-01T15:59:01,1665,1665,0,1.0,227,7.31
8d73ab27-25dc-4964-929d-01cd8ce9fabe,2026-07-01T15:59:01,1664,1664,0,1.0,227,7.31
8d73ab27-25dc-4964-929d-01cd8ce9fabe,2026-07-01T15:59:01,1664,1664,0,1.0,227,7.31
8d73ab27-25dc-4964-929d-01cd8ce9fabe,2026-07-01T15:59:01,1664,1664,0,1.0,227,7.31
8d73ab27-25dc-4964-929d-01cd8ce9fabe,2026-07-01T15:59:01,1664,1664,0,1.0,227,7.31
8d73ab27-25dc-4964-929d-01cd8ce9fabe,2026-07-01T15:59:01,1665,1665,0,1.0,227,7.31
8d73ab27-25dc-4964-929d-01cd8ce9fabe,2026-07-01T15:59:01,1665,1665,0,1.0,227,7.31
8d73ab27-25dc-4964-929d-01cd8ce9fabe,2026-07-01T15:59:01,1664,1664,0,1.0,227,7.306
8d73ab27-25dc-4964-929d-01cd8ce9fabe,2026-07-01T15:59:01,1664,1664,0,1.0,227,7.306
8d73ab27-25dc-4964-929d-01cd8ce9fabe,2026-07-01T15:59:01,1664,1664,0,1.0,227,7.306
8d73ab27-25dc-4964-929d-01cd8ce9fabe,2026-07-01T15:59:01,1664,1664,0,1.0,227,7.306
8d73ab27-25dc-4964-929d-01cd8ce9fabe,2026-07-01T15:59:02,1664,1664,0,1.0,227,7.306
8d73ab27-25dc-4964-929d-01cd8ce9fabe,2026-07-01T15:59:02,1664,1664,0,1.0,227,7.306
8d73ab27-25dc-4964-929d-01cd8ce9fabe,2026-07-01T15:59:02,1664,1664,0,1.0,227,7.306
8d73ab27-25dc-4964-929d-01cd8ce9fabe,2026-07-01T15:59:02,1664,1664,0,1.0,227,7.306
8d73ab27-25dc-4964-929d-01cd8ce9fabe,2026-07-01T15:59:02,1664,1664,0,1.0,227,7.306
8d73ab27-25dc-4964-929d-01cd8ce9fabe,2026-07-01T15:59:02,1664,1664,0,1.0,227,7.306
8d73ab27-25dc-4964-929d-01cd8ce9fabe,2026-07-01T15:59:02,1664,1664,0,1.0,227,7.306
8d73ab27-25dc-4964-929d-01cd8ce9fabe,2026-07-01T15:59:02,1664,1664,0,1.0,227,7.306
8d73ab27-25dc-4964-929d-01cd8ce9fabe,2026-07-01T15:59:02,1664,1664,0,1.0,227,7.306
8d73ab27-25dc-4964-929d-01cd8ce9fabe,2026-07-01T15:59:02,1664,1664,0,1.0,227,7.306
8d73ab27-25dc-4964-929d-01cd8ce9fabe,2026-07-01T15:59:02,1664,1664,0,1.0,226,7.306
8d73ab27-25dc-4964-929d-01cd8ce9fabe,2026-07-01T15:59:02,1664,1664,0,1.0,226,7.306
8d73ab27-25dc-4964-929d-01cd8ce9fabe,2026-07-01T15:59:02,1664,1664,0,1.0,226,7.306
8d73ab27-25dc-4964-929d-01cd8ce9fabe,2026-07-01T15:59:02,1664,1664,0,1.0,226,7.306
8d73ab27-25dc-4964-929d-01cd8ce9fabe,2026-07-01T15:59:02,1664,1664,0,1.0,226,7.306
8d73ab27-25dc-4964-929d-01cd8ce9fabe,2026-07-01T15:59:03,1665,1665,0,1.0,226,7.306
8d73ab27-25dc-4964-929d-01cd8ce9fabe,2026-07-01T15:59:03,1665,1665,0,1.0,226,7.306
8d73ab27-25dc-4964-929d-01cd8ce9fabe,2026-07-01T15:59:03,1665,1665,0,1.0,226,7.306
8d73ab27-25dc-4964-929d-01cd8ce9fabe,2026-07-01T15:59:03,1665,1665,0,1.0,226,7.306
8d73ab27-25dc-4964-929d-01cd8ce9fabe,2026-07-01T15:59:03,1665,1665,0,1.0,226,7.31
8d73ab27-25dc-4964-929d-01cd8ce9fabe,2026-07-01T15:59:03,1665,1665,0,1.0,226,7.31
8d73ab27-25dc-4964-929d-01cd8ce9fabe,2026-07-01T15:59:03,1665,1665,0,1.0,226,7.31
8d73ab27-25dc-4964-929d-01cd8ce9fabe,2026-07-01T15:59:03,1664,1664,0,1.0,226,7.31
8d73ab27-25dc-4964-929d-01cd8ce9fabe,2026-07-01T15:59:03,1664,1664,0,1.0,226,7.31
8d73ab27-25dc-4964-929d-01cd8ce9fabe,2026-07-01T15:59:03,1658,1658,0,1.0,226,7.31
8d73ab27-25dc-4964-929d-01cd8ce9fabe,2026-07-01T15:59:03,1658,1658,0,1.0,226,7.31
8d73ab27-25dc-4964-929d-01cd8ce9fabe,2026-07-01T15:59:03,1658,1658,0,1.0,226,7.31
8d73ab27-25dc-4964-929d-01cd8ce9fabe,2026-07-01T15:59:04,1658,1658,0,1.0,226,7.31
8d73ab27-25dc-4964-929d-01cd8ce9fabe,2026-07-01T15:59:04,1658,1658,0,1.0,226,7.31
8d73ab27-25dc-4964-929d-01cd8ce9fabe,2026-07-01T15:59:04,1658,1658,0,1.0,226,7.31
8d73ab27-25dc-4964-929d-01cd8ce9fabe,2026-07-01T15:59:04,1658,1658,0,1.0,226,7.31
8d73ab27-25dc-4964-929d-01cd8ce9fabe,2026-07-01T15:59:04,1658,1658,0,1.0,226,7.31
8d73ab27-25dc-4964-929d-01cd8ce9fabe,2026-07-01T15:59:04,1658,1658,0,1.0,226,7.31
8d73ab27-25dc-4964-929d-01cd8ce9fabe,2026-07-01T15:59:04,1660,1660,0,1.0,226,7.31
8d73ab27-25dc-4964-929d-01cd8ce9fabe,2026-07-01T15:59:04,1660,1660,0,1.0,226,7.31
8d73ab27-25dc-4964-929d-01cd8ce9fabe,2026-07-01T15:59:04,1658,1658,0,1.0,226,7.31
8d73ab27-25dc-4964-929d-01cd8ce9fabe,2026-07-01T15:59:04,1658,1658,0,1.0,226,7.31
8d73ab27-25dc-4964-929d-01cd8ce9fabe,2026-07-01T15:59:05,1660,1660,0,1.0,226,7.294
8d73ab27-25dc-4964-929d-01cd8ce9fabe,2026-07-01T15:59:05,1660,1660,0,1.0,226,7.294
8d73ab27-25dc-4964-929d-01cd8ce9fabe,2026-07-01T15:59:05,1660,1660,0,1.0,226,7.294
8d73ab27-25dc-4964-929d-01cd8ce9fabe,2026-07-01T15:59:05,1660,1660,0,1.0,226,7.294
8d73ab27-25dc-4964-929d-01cd8ce9fabe,2026-07-01T15:59:05,1660,1660,0,1.0,226,7.294
8d73ab27-25dc-4964-929d-01cd8ce9fabe,2026-07-01T15:59:05,1660,1660,0,1.0,226,7.294
8d73ab27-25dc-4964-929d-01cd8ce9fabe,2026-07-01T15:59:05,1660,1660,0,1.0,226,7.294
8d73ab27-25dc-4964-929d-01cd8ce9fabe,2026-07-01T15:59:05,1660,1660,0,1.0,226,7.294
8d73ab27-25dc-4964-929d-01cd8ce9fabe,2026-07-01T15:59:07,1667,1667,0,1.0,226,7.294
8d73ab27-25dc-4964-929d-01cd8ce9fabe,2026-07-01T15:59:07,1667,1667,0,1.0,226,7.294
8d73ab27-25dc-4964-929d-01cd8ce9fabe,2026-07-01T15:59:07,1667,1667,0,1.0,226,7.294
8d73ab27-25dc-4964-929d-01cd8ce9fabe,2026-07-01T15:59:11,1665,1665,0,1.0,227,7.31
8d73ab27-25dc-4964-929d-01cd8ce9fabe,2026-07-01T15:59:11,1665,1665,0,1.0,227,7.31
8d73ab27-25dc-4964-929d-01cd8ce9fabe,2026-07-01T15:59:11,1665,1665,0,1.0,227,7.31
8d73ab27-25dc-4964-929d-01cd8ce9fabe,2026-07-01T15:59:11,1665,1665,0,1.0,227,7.31
8d73ab27-25dc-4964-929d-01cd8ce9fabe,2026-07-01T15:59:11,1667,1667,0,1.0,227,7.31
8d73ab27-25dc-4964-929d-01cd8ce9fabe,2026-07-01T15:59:11,1667,1667,0,1.0,227,7.31
8d73ab27-25dc-4964-929d-01cd8ce9fabe,2026-07-01T15:59:11,1667,1667,0,1.0,227,7.31
8d73ab27-25dc-4964-929d-01cd8ce9fabe,2026-07-01T15:59:11,1665,1665,0,1.0,227,7.31
8d73ab27-25dc-4964-929d-01cd8ce9fabe,2026-07-01T15:59:11,1665,1665,0,1.0,227,7.31
8d73ab27-25dc-4964-929d-01cd8ce9fabe,2026-07-01T15:59:11,1665,1665,0,1.0,227,7.31
8d73ab27-25dc-4964-929d-01cd8ce9fabe,2026-07-01T15:59:11,1665,1665,0,1.0,227,7.31
8d73ab27-25dc-4964-929d-01cd8ce9fabe,2026-07-01T15:59:11,1667,1667,0,1.0,227,7.31
8d73ab27-25dc-4964-929d-01cd8ce9fabe,2026-07-01T15:59:11,1667,1667,0,1.0,227,7.31
8d73ab27-25dc-4964-929d-01cd8ce9fabe,2026-07-01T15:59:11,1665,1665,0,1.0,227,7.31
8d73ab27-25dc-4964-929d-01cd8ce9fabe,2026-07-01T15:59:11,1665,1665,0,1.0,227,7.31
8d73ab27-25dc-4964-929d-01cd8ce9fabe,2026-07-01T15:59:12,1667,1667,0,1.0,227,7.31
8d73ab27-25dc-4964-929d-01cd8ce9fabe,2026-07-01T15:59:12,1667,1667,0,1.0,227,7.31
8d73ab27-25dc-4964-929d-01cd8ce9fabe,2026-07-01T15:59:12,1667,1667,0,1.0,227,7.31
8d73ab27-25dc-4964-929d-01cd8ce9fabe,2026-07-01T15:59:12,1667,1667,0,1.0,227,7.31
8d73ab27-25dc-4964-929d-01cd8ce9fabe,2026-07-01T15:59:12,1667,1667,0,1.0,227,7.31
8d73ab27-25dc-4964-929d-01cd8ce9fabe,2026-07-01T15:59:12,1667,1667,0,1.0,227,7.31
8d73ab27-25dc-4964-929d-01cd8ce9fabe,2026-07-01T15:59:12,1665,1665,0,1.0,227,7.31
8d73ab27-25dc-4964-929d-01cd8ce9fabe,2026-07-01T15:59:12,1665,1665,0,1.0,227,7.31
8d73ab27-25dc-4964-929d-01cd8ce9fabe,2026-07-01T15:59:12,1667,1667,0,1.0,227,7.31
8d73ab27-25dc-4964-929d-01cd8ce9fabe,2026-07-01T15:59:12,1667,1667,0,1.0,227,7.31
8d73ab27-25dc-4964-929d-01cd8ce9fabe,2026-07-01T15:59:12,1667,1667,0,1.0,227,7.31
8d73ab27-25dc-4964-929d-01cd8ce9fabe,2026-07-01T15:59:13,1665,1665,0,1.0,227,7.31
8d73ab27-25dc-4964-929d-01cd8ce9fabe,2026-07-01T15:59:13,1665,1665,0,1.0,227,7.31
8d73ab27-25dc-4964-929d-01cd8ce9fabe,2026-07-01T15:59:13,1665,1665,0,1.0,227,7.31
8d73ab27-25dc-4964-929d-01cd8ce9fabe,2026-07-01T15:59:13,1665,1665,0,1.0,227,7.31
8d73ab27-25dc-4964-929d-01cd8ce9fabe,2026-07-01T15:59:13,1665,1665,0,1.0,227,7.31
8d73ab27-25dc-4964-929d-01cd8ce9fabe,2026-07-01T15:59:13,1665,1665,0,1.0,227,7.31
8d73ab27-25dc-4964-929d-01cd8ce9fabe,2026-07-01T15:59:13,1665,1665,0,1.0,227,7.31
8d73ab27-25dc-4964-929d-01cd8ce9fabe,2026-07-01T15:59:13,1665,1665,0,1.0,227,7.31
8d73ab27-25dc-4964-929d-01cd8ce9fabe,2026-07-01T15:59:13,1665,1665,0,1.0,227,7.31
8d73ab27-25dc-4964-929d-01cd8ce9fabe,2026-07-01T15:59:13,1665,1665,0,1.0,227,7.31
8d73ab27-25dc-4964-929d-01cd8ce9fabe,2026-07-01T15:59:13,1665,1665,0,1.0,227,7.31
8d73ab27-25dc-4964-929d-01cd8ce9fabe,2026-07-01T15:59:13,1665,1665,0,1.0,227,7.31
8d73ab27-25dc-4964-929d-01cd8ce9fabe,2026-07-01T15:59:13,1665,1665,0,1.0,227,7.31
8d73ab27-25dc-4964-929d-01cd8ce9fabe,2026-07-01T15:59:13,1665,1665,0,1.0,227,7.31
8d73ab27-25dc-4964-929d-01cd8ce9fabe,2026-07-01T15:59:14,1244,1656,1092,0.75,227,7.306
8d73ab27-25dc-4964-929d-01cd8ce9fabe,2026-07-01T15:59:14,1244,1656,1092,0.75,227,7.306
8d73ab27-25dc-4964-929d-01cd8ce9fabe,2026-07-01T15:59:14,1244,1656,1092,0.75,227,7.306
8d73ab27-25dc-4964-929d-01cd8ce9fabe,2026-07-01T15:59:14,30,1656,1655,0.02,227,7.306
8d73ab27-25dc-4964-929d-01cd8ce9fabe,2026-07-01T15:59:14,30,1656,1655,0.02,227,7.306
8d73ab27-25dc-4964-929d-01cd8ce9fabe,2026-07-01T15:59:14,30,1656,1655,0.02,227,7.306
8d73ab27-25dc-4964-929d-01cd8ce9fabe,2026-07-01T15:59:14,17,1656,1655,0.01,227,7.306
8d73ab27-25dc-4964-929d-01cd8ce9fabe,2026-07-01T15:59:14,17,1656,1655,0.01,227,7.306
8d73ab27-25dc-4964-929d-01cd8ce9fabe,2026-07-01T15:59:14,17,1656,1655,0.01,227,7.306
8d73ab27-25dc-4964-929d-01cd8ce9fabe,2026-07-01T15:59:14,17,1656,1655,0.01,227,7.306
8d73ab27-25dc-4964-929d-01cd8ce9fabe,2026-07-01T15:59:14,17,1656,1655,0.01,227,7.306
8d73ab27-25dc-4964-929d-01cd8ce9fabe,2026-07-01T15:59:14,17,1656,1655,0.01,227,7.306
8d73ab27-25dc-4964-929d-01cd8ce9fabe,2026-07-01T15:59:14,2,1683,1683,0.0,230,7.306
8d73ab27-25dc-4964-929d-01cd8ce9fabe,2026-07-01T15:59:14,2,1683,1683,0.0,230,7.306
8d73ab27-25dc-4964-929d-01cd8ce9fabe,2026-07-01T15:59:15,2,1683,1683,0.0,230,7.306
8d73ab27-25dc-4964-929d-01cd8ce9fabe,2026-07-01T15:59:15,2,1683,1683,0.0,230,7.306
8d73ab27-25dc-4964-929d-01cd8ce9fabe,2026-07-01T15:59:15,2,1683,1683,0.0,230,7.306
8d73ab27-25dc-4964-929d-01cd8ce9fabe,2026-07-01T15:59:15,4,1683,1683,0.0,230,7.306
8d73ab27-25dc-4964-929d-01cd8ce9fabe,2026-07-01T15:59:15,4,1683,1683,0.0,230,7.306
8d73ab27-25dc-4964-929d-01cd8ce9fabe,2026-07-01T15:59:15,4,1683,1683,0.0,230,7.306
8d73ab27-25dc-4964-929d-01cd8ce9fabe,2026-07-01T15:59:15,4,1683,1683,0.0,230,7.306
8d73ab27-25dc-4964-929d-01cd8ce9fabe,2026-07-01T15:59:15,4,1683,1683,0.0,230,7.306
8d73ab27-25dc-4964-929d-01cd8ce9fabe,2026-07-01T15:59:15,4,1683,1683,0.0,230,7.306
8d73ab27-25dc-4964-929d-01cd8ce9fabe,2026-07-01T15:59:15,4,1683,1683,0.0,230,7.306
8d73ab27-25dc-4964-929d-01cd8ce9fabe,2026-07-01T15:59:15,4,1683,1683,0.0,230,7.306
8d73ab27-25dc-4964-929d-01cd8ce9fabe,2026-07-01T15:59:15,4,1683,1683,0.0,230,7.306
8d73ab27-25dc-4964-929d-01cd8ce9fabe,2026-07-01T15:59:16,4,1683,1683,0.0,230,7.306
8d73ab27-25dc-4964-929d-01cd8ce9fabe,2026-07-01T15:59:16,4,1683,1683,0.0,230,7.306
8d73ab27-25dc-4964-929d-01cd8ce9fabe,2026-07-01T15:59:16,4,1683,1683,0.0,230,7.306
8d73ab27-25dc-4964-929d-01cd8ce9fabe,2026-07-01T15:59:16,4,1683,1683,0.0,230,7.306
8d73ab27-25dc-4964-929d-01cd8ce9fabe,2026-07-01T15:59:16,4,1683,1683,0.0,230,7.306
8d73ab27-25dc-4964-929d-01cd8ce9fabe,2026-07-01T15:59:16,4,10,9,0.42,230,0.043
8d73ab27-25dc-4964-929d-01cd8ce9fabe,2026-07-01T15:59:16,4,10,9,0.42,230,0.043
8d73ab27-25dc-4964-929d-01cd8ce9fabe,2026-07-01T15:59:16,4,10,9,0.42,230,0.043
8d73ab27-25dc-4964-929d-01cd8ce9fabe,2026-07-01T15:59:16,4,10,9,0.43,230,0.043
8d73ab27-25dc-4964-929d-01cd8ce9fabe,2026-07-01T15:59:16,4,10,9,0.43,230,0.043
8d73ab27-25dc-4964-929d-01cd8ce9fabe,2026-07-01T15:59:16,4,10,9,0.43,230,0.043
8d73ab27-25dc-4964-929d-01cd8ce9fabe,2026-07-01T15:59:16,4,10,9,0.43,230,0.043
8d73ab27-25dc-4964-929d-01cd8ce9fabe,2026-07-01T15:59:17,4,10,9,0.43,230,0.043
8d73ab27-25dc-4964-929d-01cd8ce9fabe,2026-07-01T15:59:17,4,10,9,0.43,230,0.043
8d73ab27-25dc-4964-929d-01cd8ce9fabe,2026-07-01T15:59:17,4,10,9,0.43,230,0.043
8d73ab27-25dc-4964-929d-01cd8ce9fabe,2026-07-01T15:59:17,4,10,9,0.43,230,0.043
8d73ab27-25dc-4964-929d-01cd8ce9fabe,2026-07-01T15:59:17,4,10,9,0.43,230,0.043
8d73ab27-25dc-4964-929d-01cd8ce9fabe,2026-07-01T15:59:17,4,10,9,0.43,230,0.043
8d73ab27-25dc-4964-929d-01cd8ce9fabe,2026-07-01T15:59:17,4,10,9,0.44,230,0.043
8d73ab27-25dc-4964-929d-01cd8ce9fabe,2026-07-01T15:59:18,4,10,9,0.43,230,0.043
8d73ab27-25dc-4964-929d-01cd8ce9fabe,2026-07-01T15:59:20,4,10,9,0.43,230,0.043
8d73ab27-25dc-4964-929d-01cd8ce9fabe,2026-07-01T15:59:20,4,10,9,0.43,230,0.043
8d73ab27-25dc-4964-929d-01cd8ce9fabe,2026-07-01T15:59:20,4,10,9,0.44,230,0.043
8d73ab27-25dc-4964-929d-01cd8ce9fabe,2026-07-01T15:59:20,4,10,9,0.44,230,0.043
8d73ab27-25dc-4964-929d-01cd8ce9fabe,2026-07-01T15:59:20,4,10,9,0.44,230,0.043
8d73ab27-25dc-4964-929d-01cd8ce9fabe,2026-07-01T15:59:20,4,10,9,0.44,230,0.043
8d73ab27-25dc-4964-929d-01cd8ce9fabe,2026-07-01T15:59:20,4,10,9,0.44,230,0.043
8d73ab27-25dc-4964-929d-01cd8ce9fabe,2026-07-01T15:59:20,4,10,9,0.44,230,0.043
8d73ab27-25dc-4964-929d-01cd8ce9fabe,2026-07-01T15:59:21,4,10,9,0.44,230,0.043
8d73ab27-25dc-4964-929d-01cd8ce9fabe,2026-07-01T15:59:21,4,10,9,0.44,230,0.043
8d73ab27-25dc-4964-929d-01cd8ce9fabe,2026-07-01T15:59:21,4,10,9,0.44,230,0.043
8d73ab27-25dc-4964-929d-01cd8ce9fabe,2026-07-01T15:59:21,4,10,9,0.43,230,0.043
8d73ab27-25dc-4964-929d-01cd8ce9fabe,2026-07-01T15:59:23,1678,1678,0,1.0,230,0.128
8d73ab27-25dc-4964-929d-01cd8ce9fabe,2026-07-01T15:59:24,1678,1678,0,1.0,230,0.128
8d73ab27-25dc-4964-929d-01cd8ce9fabe,2026-07-01T15:59:24,1678,1678,0,1.0,230,0.128
8d73ab27-25dc-4964-929d-01cd8ce9fabe,2026-07-01T15:59:24,1678,1678,0,1.0,230,0.128
8d73ab27-25dc-4964-929d-01cd8ce9fabe,2026-07-01T15:59:24,1676,1676,0,1.0,227,0.128
8d73ab27-25dc-4964-929d-01cd8ce9fabe,2026-07-01T15:59:24,1676,1676,0,1.0,227,0.128
8d73ab27-25dc-4964-929d-01cd8ce9fabe,2026-07-01T15:59:24,1676,1676,0,1.0,227,0.128
8d73ab27-25dc-4964-929d-01cd8ce9fabe,2026-07-01T15:59:24,1676,1676,0,1.0,227,0.128
8d73ab27-25dc-4964-929d-01cd8ce9fabe,2026-07-01T15:59:24,1676,1676,0,1.0,227,0.128
8d73ab27-25dc-4964-929d-01cd8ce9fabe,2026-07-01T15:59:24,1676,1676,0,1.0,227,0.128
8d73ab27-25dc-4964-929d-01cd8ce9fabe,2026-07-01T15:59:24,1676,1676,0,1.0,227,0.128
8d73ab27-25dc-4964-929d-01cd8ce9fabe,2026-07-01T15:59:25,1675,1675,0,1.0,227,7.348
8d73ab27-25dc-4964-929d-01cd8ce9fabe,2026-07-01T15:59:25,1675,1675,0,1.0,227,7.348
8d73ab27-25dc-4964-929d-01cd8ce9fabe,2026-07-01T15:59:25,1675,1675,0,1.0,227,7.348
8d73ab27-25dc-4964-929d-01cd8ce9fabe,2026-07-01T15:59:25,1675,1675,0,1.0,227,7.348
8d73ab27-25dc-4964-929d-01cd8ce9fabe,2026-07-01T15:59:25,1675,1675,0,1.0,227,7.348
8d73ab27-25dc-4964-929d-01cd8ce9fabe,2026-07-01T15:59:25,1675,1675,0,1.0,227,7.348
8d73ab27-25dc-4964-929d-01cd8ce9fabe,2026-07-01T15:59:25,1675,1675,0,1.0,227,7.348
8d73ab27-25dc-4964-929d-01cd8ce9fabe,2026-07-01T15:59:25,1675,1675,0,1.0,227,7.348
8d73ab27-25dc-4964-929d-01cd8ce9fabe,2026-07-01T15:59:25,1673,1673,0,1.0,227,7.348
8d73ab27-25dc-4964-929d-01cd8ce9fabe,2026-07-01T15:59:25,1673,1673,0,1.0,227,7.348
8d73ab27-25dc-4964-929d-01cd8ce9fabe,2026-07-01T15:59:25,1673,1673,0,1.0,227,7.348
8d73ab27-25dc-4964-929d-01cd8ce9fabe,2026-07-01T15:59:26,1673,1673,0,1.0,227,7.348
8d73ab27-25dc-4964-929d-01cd8ce9fabe,2026-07-01T15:59:26,1673,1673,0,1.0,227,7.348
8d73ab27-25dc-4964-929d-01cd8ce9fabe,2026-07-01T15:59:26,1673,1673,0,1.0,227,7.348
8d73ab27-25dc-4964-929d-01cd8ce9fabe,2026-07-01T15:59:26,1671,1671,0,1.0,227,7.348
8d73ab27-25dc-4964-929d-01cd8ce9fabe,2026-07-01T15:59:26,1671,1671,0,1.0,227,7.348
8d73ab27-25dc-4964-929d-01cd8ce9fabe,2026-07-01T15:59:26,1671,1671,0,1.0,227,7.348
8d73ab27-25dc-4964-929d-01cd8ce9fabe,2026-07-01T15:59:26,1671,1671,0,1.0,227,7.348
8d73ab27-25dc-4964-929d-01cd8ce9fabe,2026-07-01T15:59:26,1671,1671,0,1.0,227,7.348
8d73ab27-25dc-4964-929d-01cd8ce9fabe,2026-07-01T15:59:26,1671,1671,0,1.0,227,7.327
8d73ab27-25dc-4964-929d-01cd8ce9fabe,2026-07-01T15:59:26,1671,1671,0,1.0,227,7.327
8d73ab27-25dc-4964-929d-01cd8ce9fabe,2026-07-01T15:59:26,1671,1671,0,1.0,227,7.327
8d73ab27-25dc-4964-929d-01cd8ce9fabe,2026-07-01T15:59:26,1671,1671,0,1.0,227,7.327
8d73ab27-25dc-4964-929d-01cd8ce9fabe,2026-07-01T15:59:27,1669,1669,0,1.0,227,7.327
8d73ab27-25dc-4964-929d-01cd8ce9fabe,2026-07-01T15:59:27,1669,1669,0,1.0,227,7.327
8d73ab27-25dc-4964-929d-01cd8ce9fabe,2026-07-01T15:59:27,1669,1669,0,1.0,227,7.327
8d73ab27-25dc-4964-929d-01cd8ce9fabe,2026-07-01T15:59:27,1669,1669,0,1.0,227,7.327
8d73ab27-25dc-4964-929d-01cd8ce9fabe,2026-07-01T15:59:27,1673,1673,0,1.0,227,7.327
8d73ab27-25dc-4964-929d-01cd8ce9fabe,2026-07-01T15:59:28,1673,1673,0,1.0,227,7.327
8d73ab27-25dc-4964-929d-01cd8ce9fabe,2026-07-01T15:59:28,1673,1673,0,1.0,227,7.327
8d73ab27-25dc-4964-929d-01cd8ce9fabe,2026-07-01T15:59:28,1673,1673,0,1.0,227,7.327
8d73ab27-25dc-4964-929d-01cd8ce9fabe,2026-07-01T15:59:28,1671,1671,0,1.0,227,7.327
8d73ab27-25dc-4964-929d-01cd8ce9fabe,2026-07-01T15:59:28,1671,1671,0,1.0,227,7.327
8d73ab27-25dc-4964-929d-01cd8ce9fabe,2026-07-01T15:59:29,1671,1671,0,1.0,227,7.327
8d73ab27-25dc-4964-929d-01cd8ce9fabe,2026-07-01T15:59:29,1671,1671,0,1.0,227,7.327
8d73ab27-25dc-4964-929d-01cd8ce9fabe,2026-07-01T15:59:29,1671,1671,0,1.0,227,7.327
8d73ab27-25dc-4964-929d-01cd8ce9fabe,2026-07-01T15:59:29,1671,1671,0,1.0,227,7.327
8d73ab27-25dc-4964-929d-01cd8ce9fabe,2026-07-01T15:59:29,1671,1671,0,1.0,227,7.327
8d73ab27-25dc-4964-929d-01cd8ce9fabe,2026-07-01T15:59:29,1671,1671,0,1.0,227,7.327
8d73ab27-25dc-4964-929d-01cd8ce9fabe,2026-07-01T15:59:29,1671,1671,0,1.0,227,7.327
8d73ab27-25dc-4964-929d-01cd8ce9fabe,2026-07-01T15:59:29,1671,1671,0,1.0,227,7.327
8d73ab27-25dc-4964-929d-01cd8ce9fabe,2026-07-01T15:59:29,1671,1671,0,1.0,227,7.327
8d73ab27-25dc-4964-929d-01cd8ce9fabe,2026-07-01T15:59:29,1671,1671,0,1.0,227,7.327
8d73ab27-25dc-4964-929d-01cd8ce9fabe,2026-07-01T15:59:29,1671,1671,0,1.0,227,7.323
8d73ab27-25dc-4964-929d-01cd8ce9fabe,2026-07-01T15:59:29,1671,1671,0,1.0,227,7.323
8d73ab27-25dc-4964-929d-01cd8ce9fabe,2026-07-01T15:59:30,1671,1671,0,1.0,227,7.323
8d73ab27-25dc-4964-929d-01cd8ce9fabe,2026-07-01T15:59:30,1671,1671,0,1.0,227,7.323
8d73ab27-25dc-4964-929d-01cd8ce9fabe,2026-07-01T15:59:30,1669,1669,0,1.0,227,7.323
8d73ab27-25dc-4964-929d-01cd8ce9fabe,2026-07-01T15:59:30,1669,1669,0,1.0,227,7.323
8d73ab27-25dc-4964-929d-01cd8ce9fabe,2026-07-01T15:59:30,1669,1669,0,1.0,227,7.323
8d73ab27-25dc-4964-929d-01cd8ce9fabe,2026-07-01T15:59:30,1669,1669,0,1.0,227,7.323
8d73ab27-25dc-4964-929d-01cd8ce9fabe,2026-07-01T15:59:30,1669,1669,0,1.0,227,7.323
8d73ab27-25dc-4964-929d-01cd8ce9fabe,2026-07-01T15:59:30,1669,1669,0,1.0,227,7.323
8d73ab27-25dc-4964-929d-01cd8ce9fabe,2026-07-01T15:59:30,1669,1669,0,1.0,227,7.323
8d73ab27-25dc-4964-929d-01cd8ce9fabe,2026-07-01T15:59:30,1667,1667,0,1.0,227,7.323
8d73ab27-25dc-4964-929d-01cd8ce9fabe,2026-07-01T15:59:30,1667,1667,0,1.0,227,7.323
8d73ab27-25dc-4964-929d-01cd8ce9fabe,2026-07-01T15:59:31,1667,1667,0,1.0,227,7.323
8d73ab27-25dc-4964-929d-01cd8ce9fabe,2026-07-01T15:59:31,1667,1667,0,1.0,227,7.323
8d73ab27-25dc-4964-929d-01cd8ce9fabe,2026-07-01T15:59:31,1667,1667,0,1.0,227,7.323
8d73ab27-25dc-4964-929d-01cd8ce9fabe,2026-07-01T15:59:31,1667,1667,0,1.0,227,7.323
8d73ab27-25dc-4964-929d-01cd8ce9fabe,2026-07-01T15:59:31,1667,1667,0,1.0,227,7.323
8d73ab27-25dc-4964-929d-01cd8ce9fabe,2026-07-01T15:59:31,1667,1667,0,1.0,227,7.323
8d73ab27-25dc-4964-929d-01cd8ce9fabe,2026-07-01T15:59:31,1667,1667,0,1.0,227,7.315
8d73ab27-25dc-4964-929d-01cd8ce9fabe,2026-07-01T15:59:31,1667,1667,0,1.0,227,7.315
8d73ab27-25dc-4964-929d-01cd8ce9fabe,2026-07-01T15:59:31,1667,1667,0,1.0,227,7.315
8d73ab27-25dc-4964-929d-01cd8ce9fabe,2026-07-01T15:59:31,1667,1667,0,1.0,227,7.315
8d73ab27-25dc-4964-929d-01cd8ce9fabe,2026-07-01T15:59:31,1667,1667,0,1.0,227,7.315
8d73ab27-25dc-4964-929d-01cd8ce9fabe,2026-07-01T15:59:31,1667,1667,0,1.0,227,7.315
8d73ab27-25dc-4964-929d-01cd8ce9fabe,2026-07-01T15:59:31,1667,1667,0,1.0,227,7.315
8d73ab27-25dc-4964-929d-01cd8ce9fabe,2026-07-01T15:59:31,1667,1667,0,1.0,227,7.315
8d73ab27-25dc-4964-929d-01cd8ce9fabe,2026-07-01T15:59:31,1667,1667,0,1.0,227,7.315
8d73ab27-25dc-4964-929d-01cd8ce9fabe,2026-07-01T15:59:32,1667,1667,0,1.0,227,7.315
8d73ab27-25dc-4964-929d-01cd8ce9fabe,2026-07-01T15:59:32,1667,1667,0,1.0,227,7.315
8d73ab27-25dc-4964-929d-01cd8ce9fabe,2026-07-01T15:59:32,1667,1667,0,1.0,227,7.315
8d73ab27-25dc-4964-929d-01cd8ce9fabe,2026-07-01T15:59:32,1667,1667,0,1.0,227,7.315
8d73ab27-25dc-4964-929d-01cd8ce9fabe,2026-07-01T15:59:32,1667,1667,0,1.0,227,7.315
8d73ab27-25dc-4964-929d-01cd8ce9fabe,2026-07-01T15:59:32,1667,1667,0,1.0,227,7.315
8d73ab27-25dc-4964-929d-01cd8ce9fabe,2026-07-01T15:59:32,1667,1667,0,1.0,227,7.315
8d73ab27-25dc-4964-929d-01cd8ce9fabe,2026-07-01T15:59:32,1667,1667,0,1.0,227,7.315
8d73ab27-25dc-4964-929d-01cd8ce9fabe,2026-07-01T15:59:32,1667,1667,0,1.0,227,7.315
8d73ab27-25dc-4964-929d-01cd8ce9fabe,2026-07-01T15:59:32,1667,1667,0,1.0,227,7.315
8d73ab27-25dc-4964-929d-01cd8ce9fabe,2026-07-01T15:59:32,1667,1667,0,1.0,227,7.315
8d73ab27-25dc-4964-929d-01cd8ce9fabe,2026-07-01T15:59:32,1667,1667,0,1.0,227,7.315
8d73ab27-25dc-4964-929d-01cd8ce9fabe,2026-07-01T15:59:33,1667,1667,0,1.0,227,7.315
8d73ab27-25dc-4964-929d-01cd8ce9fabe,2026-07-01T15:59:33,1667,1667,0,1.0,227,7.315
8d73ab27-25dc-4964-929d-01cd8ce9fabe,2026-07-01T15:59:33,1667,1667,0,1.0,227,7.315
8d73ab27-25dc-4964-929d-01cd8ce9fabe,2026-07-01T15:59:33,1667,1667,0,1.0,227,7.315
8d73ab27-25dc-4964-929d-01cd8ce9fabe,2026-07-01T15:59:33,1667,1667,0,1.0,227,7.315
8d73ab27-25dc-4964-929d-01cd8ce9fabe,2026-07-01T15:59:33,1667,1667,0,1.0,227,7.315
8d73ab27-25dc-4964-929d-01cd8ce9fabe,2026-07-01T15:59:33,1667,1667,0,1.0,227,7.315
8d73ab27-25dc-4964-929d-01cd8ce9fabe,2026-07-01T15:59:33,1667,1667,0,1.0,227,7.315
8d73ab27-25dc-4964-929d-01cd8ce9fabe,2026-07-01T15:59:33,1667,1667,0,1.0,227,7.315
8d73ab27-25dc-4964-929d-01cd8ce9fabe,2026-07-01T15:59:34,1667,1667,0,1.0,227,7.315
8d73ab27-25dc-4964-929d-01cd8ce9fabe,2026-07-01T15:59:34,1667,1667,0,1.0,227,7.315
8d73ab27-25dc-4964-929d-01cd8ce9fabe,2026-07-01T15:59:34,1667,1667,0,1.0,227,7.315
8d73ab27-25dc-4964-929d-01cd8ce9fabe,2026-07-01T15:59:34,1667,1667,0,1.0,227,7.315
8d73ab27-25dc-4964-929d-01cd8ce9fabe,2026-07-01T15:59:34,1667,1667,0,1.0,227,7.315
8d73ab27-25dc-4964-929d-01cd8ce9fabe,2026-07-01T15:59:34,1667,1667,0,1.0,227,7.315
8d73ab27-25dc-4964-929d-01cd8ce9fabe,2026-07-01T15:59:34,1667,1667,0,1.0,227,7.315
8d73ab27-25dc-4964-929d-01cd8ce9fabe,2026-07-01T15:59:34,1667,1667,0,1.0,227,7.31
8d73ab27-25dc-4964-929d-01cd8ce9fabe,2026-07-01T15:59:34,1667,1667,0,1.0,227,7.31
8d73ab27-25dc-4964-929d-01cd8ce9fabe,2026-07-01T15:59:34,1667,1667,0,1.0,227,7.31
8d73ab27-25dc-4964-929d-01cd8ce9fabe,2026-07-01T15:59:34,1667,1667,0,1.0,227,7.31
8d73ab27-25dc-4964-929d-01cd8ce9fabe,2026-07-01T15:59:34,1667,1667,0,1.0,227,7.31
8d73ab27-25dc-4964-929d-01cd8ce9fabe,2026-07-01T15:59:34,1667,1667,0,1.0,227,7.31
8d73ab27-25dc-4964-929d-01cd8ce9fabe,2026-07-01T15:59:34,1667,1667,0,1.0,227,7.31
8d73ab27-25dc-4964-929d-01cd8ce9fabe,2026-07-01T15:59:35,1669,1669,0,1.0,227,7.31
8d73ab27-25dc-4964-929d-01cd8ce9fabe,2026-07-01T15:59:35,1669,1669,0,1.0,227,7.31
8d73ab27-25dc-4964-929d-01cd8ce9fabe,2026-07-01T15:59:35,1669,1669,0,1.0,227,7.31
8d73ab27-25dc-4964-929d-01cd8ce9fabe,2026-07-01T15:59:35,1669,1669,0,1.0,227,7.31
8d73ab27-25dc-4964-929d-01cd8ce9fabe,2026-07-01T15:59:35,1669,1669,0,1.0,227,7.31
8d73ab27-25dc-4964-929d-01cd8ce9fabe,2026-07-01T15:59:35,1669,1669,0,1.0,227,7.31
8d73ab27-25dc-4964-929d-01cd8ce9fabe,2026-07-01T15:59:35,1669,1669,0,1.0,227,7.31
8d73ab27-25dc-4964-929d-01cd8ce9fabe,2026-07-01T15:59:35,1669,1669,0,1.0,227,7.31
8d73ab27-25dc-4964-929d-01cd8ce9fabe,2026-07-01T15:59:35,1669,1669,0,1.0,227,7.31
8d73ab27-25dc-4964-929d-01cd8ce9fabe,2026-07-01T15:59:35,1669,1669,0,1.0,227,7.31
8d73ab27-25dc-4964-929d-01cd8ce9fabe,2026-07-01T15:59:35,1669,1669,0,1.0,227,7.31
8d73ab27-25dc-4964-929d-01cd8ce9fabe,2026-07-01T15:59:35,1669,1669,0,1.0,227,7.31
8d73ab27-25dc-4964-929d-01cd8ce9fabe,2026-07-01T15:59:35,1669,1669,0,1.0,227,7.31
8d73ab27-25dc-4964-929d-01cd8ce9fabe,2026-07-01T15:59:36,1669,1669,0,1.0,227,7.31
8d73ab27-25dc-4964-929d-01cd8ce9fabe,2026-07-01T15:59:36,1669,1669,0,1.0,227,7.31
8d73ab27-25dc-4964-929d-01cd8ce9fabe,2026-07-01T15:59:36,1669,1669,0,1.0,227,7.31
8d73ab27-25dc-4964-929d-01cd8ce9fabe,2026-07-01T15:59:36,1669,1669,0,1.0,227,7.31
8d73ab27-25dc-4964-929d-01cd8ce9fabe,2026-07-01T15:59:36,1669,1669,0,1.0,227,7.315
8d73ab27-25dc-4964-929d-01cd8ce9fabe,2026-07-01T15:59:36,1669,1669,0,1.0,227,7.315
8d73ab27-25dc-4964-929d-01cd8ce9fabe,2026-07-01T15:59:36,1669,1669,0,1.0,227,7.315
8d73ab27-25dc-4964-929d-01cd8ce9fabe,2026-07-01T15:59:36,1669,1669,0,1.0,227,7.315
8d73ab27-25dc-4964-929d-01cd8ce9fabe,2026-07-01T15:59:36,1667,1667,0,1.0,227,7.315
8d73ab27-25dc-4964-929d-01cd8ce9fabe,2026-07-01T15:59:36,1667,1667,0,1.0,227,7.315
8d73ab27-25dc-4964-929d-01cd8ce9fabe,2026-07-01T15:59:36,1667,1667,0,1.0,227,7.315
8d73ab27-25dc-4964-929d-01cd8ce9fabe,2026-07-01T15:59:36,1667,1667,0,1.0,227,7.315
8d73ab27-25dc-4964-929d-01cd8ce9fabe,2026-07-01T15:59:36,1667,1667,0,1.0,227,7.315
8d73ab27-25dc-4964-929d-01cd8ce9fabe,2026-07-01T15:59:37,1667,1667,0,1.0,227,7.315
8d73ab27-25dc-4964-929d-01cd8ce9fabe,2026-07-01T15:59:37,1667,1667,0,1.0,227,7.315
8d73ab27-25dc-4964-929d-01cd8ce9fabe,2026-07-01T15:59:37,1667,1667,0,1.0,227,7.315
8d73ab27-25dc-4964-929d-01cd8ce9fabe,2026-07-01T15:59:37,1667,1667,0,1.0,227,7.315
8d73ab27-25dc-4964-929d-01cd8ce9fabe,2026-07-01T15:59:37,1667,1667,0,1.0,227,7.315
8d73ab27-25dc-4964-929d-01cd8ce9fabe,2026-07-01T15:59:37,1665,1665,0,1.0,227,7.315
8d73ab27-25dc-4964-929d-01cd8ce9fabe,2026-07-01T15:59:37,1665,1665,0,1.0,227,7.315
8d73ab27-25dc-4964-929d-01cd8ce9fabe,2026-07-01T15:59:37,1665,1665,0,1.0,227,7.315
8d73ab27-25dc-4964-929d-01cd8ce9fabe,2026-07-01T15:59:37,1667,1667,0,1.0,227,7.306
8d73ab27-25dc-4964-929d-01cd8ce9fabe,2026-07-01T15:59:37,1667,1667,0,1.0,227,7.306
8d73ab27-25dc-4964-929d-01cd8ce9fabe,2026-07-01T15:59:37,1667,1667,0,1.0,227,7.306
8d73ab27-25dc-4964-929d-01cd8ce9fabe,2026-07-01T15:59:38,1665,1665,0,1.0,227,7.306
8d73ab27-25dc-4964-929d-01cd8ce9fabe,2026-07-01T15:59:38,1665,1665,0,1.0,227,7.306
8d73ab27-25dc-4964-929d-01cd8ce9fabe,2026-07-01T15:59:38,1665,1665,0,1.0,227,7.306
8d73ab27-25dc-4964-929d-01cd8ce9fabe,2026-07-01T15:59:38,1665,1665,0,1.0,227,7.306
8d73ab27-25dc-4964-929d-01cd8ce9fabe,2026-07-01T15:59:38,1667,1667,0,1.0,227,7.306
8d73ab27-25dc-4964-929d-01cd8ce9fabe,2026-07-01T15:59:38,1667,1667,0,1.0,227,7.306
8d73ab27-25dc-4964-929d-01cd8ce9fabe,2026-07-01T15:59:38,1667,1667,0,1.0,227,7.306
8d73ab27-25dc-4964-929d-01cd8ce9fabe,2026-07-01T15:59:38,1667,1667,0,1.0,226,7.306
8d73ab27-25dc-4964-929d-01cd8ce9fabe,2026-07-01T15:59:38,1667,1667,0,1.0,226,7.306
8d73ab27-25dc-4964-929d-01cd8ce9fabe,2026-07-01T15:59:38,1667,1667,0,1.0,226,7.306
8d73ab27-25dc-4964-929d-01cd8ce9fabe,2026-07-01T15:59:38,1667,1667,0,1.0,226,7.306
8d73ab27-25dc-4964-929d-01cd8ce9fabe,2026-07-01T15:59:39,1667,1667,0,1.0,226,7.306
8d73ab27-25dc-4964-929d-01cd8ce9fabe,2026-07-01T15:59:39,1667,1667,0,1.0,226,7.306
8d73ab27-25dc-4964-929d-01cd8ce9fabe,2026-07-01T15:59:39,1667,1667,0,1.0,226,7.306
8d73ab27-25dc-4964-929d-01cd8ce9fabe,2026-07-01T15:59:39,1667,1667,0,1.0,226,7.306
8d73ab27-25dc-4964-929d-01cd8ce9fabe,2026-07-01T15:59:39,1667,1667,0,1.0,226,7.306
8d73ab27-25dc-4964-929d-01cd8ce9fabe,2026-07-01T15:59:39,1667,1667,0,1.0,226,7.315
8d73ab27-25dc-4964-929d-01cd8ce9fabe,2026-07-01T15:59:39,1667,1667,0,1.0,226,7.315
8d73ab27-25dc-4964-929d-01cd8ce9fabe,2026-07-01T15:59:39,1667,1667,0,1.0,226,7.315
8d73ab27-25dc-4964-929d-01cd8ce9fabe,2026-07-01T15:59:39,1667,1667,0,1.0,226,7.315
8d73ab27-25dc-4964-929d-01cd8ce9fabe,2026-07-01T15:59:39,1667,1667,0,1.0,226,7.315
8d73ab27-25dc-4964-929d-01cd8ce9fabe,2026-07-01T15:59:40,1667,1667,0,1.0,226,7.315
8d73ab27-25dc-4964-929d-01cd8ce9fabe,2026-07-01T15:59:40,1667,1667,0,1.0,226,7.315
8d73ab27-25dc-4964-929d-01cd8ce9fabe,2026-07-01T15:59:40,1667,1667,0,1.0,227,7.315
8d73ab27-25dc-4964-929d-01cd8ce9fabe,2026-07-01T15:59:40,1669,1669,0,1.0,227,7.315
8d73ab27-25dc-4964-929d-01cd8ce9fabe,2026-07-01T15:59:40,1669,1669,0,1.0,227,7.315
8d73ab27-25dc-4964-929d-01cd8ce9fabe,2026-07-01T15:59:40,1667,1667,0,1.0,227,7.315
8d73ab27-25dc-4964-929d-01cd8ce9fabe,2026-07-01T15:59:40,1667,1667,0,1.0,227,7.315
8d73ab27-25dc-4964-929d-01cd8ce9fabe,2026-07-01T15:59:40,1667,1667,0,1.0,227,7.315
8d73ab27-25dc-4964-929d-01cd8ce9fabe,2026-07-01T15:59:41,1667,1667,0,1.0,227,7.315
8d73ab27-25dc-4964-929d-01cd8ce9fabe,2026-07-01T15:59:41,1667,1667,0,1.0,227,7.315
8d73ab27-25dc-4964-929d-01cd8ce9fabe,2026-07-01T15:59:42,1667,1667,0,1.0,227,7.315
8d73ab27-25dc-4964-929d-01cd8ce9fabe,2026-07-01T15:59:42,1667,1667,0,1.0,227,7.315
8d73ab27-25dc-4964-929d-01cd8ce9fabe,2026-07-01T15:59:42,1669,1669,0,1.0,227,7.315
8d73ab27-25dc-4964-929d-01cd8ce9fabe,2026-07-01T15:59:44,1667,1667,0,1.0,227,7.315
8d73ab27-25dc-4964-929d-01cd8ce9fabe,2026-07-01T15:59:44,1667,1667,0,1.0,227,7.315
8d73ab27-25dc-4964-929d-01cd8ce9fabe,2026-07-01T15:59:44,1667,1667,0,1.0,227,7.31
8d73ab27-25dc-4964-929d-01cd8ce9fabe,2026-07-01T15:59:44,1667,1667,0,1.0,227,7.31
8d73ab27-25dc-4964-929d-01cd8ce9fabe,2026-07-01T15:59:44,1667,1667,0,1.0,227,7.31
8d73ab27-25dc-4964-929d-01cd8ce9fabe,2026-07-01T15:59:44,1667,1667,0,1.0,227,7.31
8d73ab27-25dc-4964-929d-01cd8ce9fabe,2026-07-01T15:59:44,1667,1667,0,1.0,227,7.31
8d73ab27-25dc-4964-929d-01cd8ce9fabe,2026-07-01T15:59:44,1667,1667,0,1.0,227,7.31
8d73ab27-25dc-4964-929d-01cd8ce9fabe,2026-07-01T15:59:44,1665,1665,0,1.0,227,7.31
8d73ab27-25dc-4964-929d-01cd8ce9fabe,2026-07-01T15:59:44,1665,1665,0,1.0,227,7.31
8d73ab27-25dc-4964-929d-01cd8ce9fabe,2026-07-01T15:59:44,1665,1665,0,1.0,227,7.31
8d73ab27-25dc-4964-929d-01cd8ce9fabe,2026-07-01T15:59:44,1665,1665,0,1.0,227,7.31
8d73ab27-25dc-4964-929d-01cd8ce9fabe,2026-07-01T15:59:44,1665,1665,0,1.0,227,7.31
8d73ab27-25dc-4964-929d-01cd8ce9fabe,2026-07-01T15:59:44,1665,1665,0,1.0,227,7.31
8d73ab27-25dc-4964-929d-01cd8ce9fabe,2026-07-01T15:59:45,1667,1667,0,1.0,227,7.31
8d73ab27-25dc-4964-929d-01cd8ce9fabe,2026-07-01T15:59:45,1667,1667,0,1.0,227,7.31
8d73ab27-25dc-4964-929d-01cd8ce9fabe,2026-07-01T15:59:45,1669,1669,0,1.0,227,7.31
8d73ab27-25dc-4964-929d-01cd8ce9fabe,2026-07-01T15:59:45,1669,1669,0,1.0,227,7.31
8d73ab27-25dc-4964-929d-01cd8ce9fabe,2026-07-01T15:59:45,1669,1669,0,1.0,227,7.31
8d73ab27-25dc-4964-929d-01cd8ce9fabe,2026-07-01T15:59:45,1669,1669,0,1.0,227,7.31
8d73ab27-25dc-4964-929d-01cd8ce9fabe,2026-07-01T15:59:45,1669,1669,0,1.0,227,7.31
8d73ab27-25dc-4964-929d-01cd8ce9fabe,2026-07-01T15:59:45,1669,1669,0,1.0,227,7.31
8d73ab27-25dc-4964-929d-01cd8ce9fabe,2026-07-01T15:59:45,1669,1669,0,1.0,227,7.31
8d73ab27-25dc-4964-929d-01cd8ce9fabe,2026-07-01T15:59:45,1669,1669,0,1.0,227,7.31
8d73ab27-25dc-4964-929d-01cd8ce9fabe,2026-07-01T15:59:45,1669,1669,0,1.0,227,7.31
8d73ab27-25dc-4964-929d-01cd8ce9fabe,2026-07-01T15:59:45,1669,1669,0,1.0,227,7.315
8d73ab27-25dc-4964-929d-01cd8ce9fabe,2026-07-01T15:59:45,1669,1669,0,1.0,227,7.315
8d73ab27-25dc-4964-929d-01cd8ce9fabe,2026-07-01T15:59:46,1669,1669,0,1.0,227,7.315
8d73ab27-25dc-4964-929d-01cd8ce9fabe,2026-07-01T15:59:46,1669,1669,0,1.0,227,7.315
8d73ab27-25dc-4964-929d-01cd8ce9fabe,2026-07-01T15:59:46,1669,1669,0,1.0,227,7.315
8d73ab27-25dc-4964-929d-01cd8ce9fabe,2026-07-01T15:59:46,1669,1669,0,1.0,227,7.315
8d73ab27-25dc-4964-929d-01cd8ce9fabe,2026-07-01T15:59:46,1669,1669,0,1.0,227,7.315
8d73ab27-25dc-4964-929d-01cd8ce9fabe,2026-07-01T15:59:46,1669,1669,0,1.0,227,7.315
8d73ab27-25dc-4964-929d-01cd8ce9fabe,2026-07-01T15:59:46,1669,1669,0,1.0,227,7.315
8d73ab27-25dc-4964-929d-01cd8ce9fabe,2026-07-01T15:59:46,1669,1669,0,1.0,227,7.315
8d73ab27-25dc-4964-929d-01cd8ce9fabe,2026-07-01T15:59:46,1669,1669,0,1.0,227,7.315
8d73ab27-25dc-4964-929d-01cd8ce9fabe,2026-07-01T15:59:46,1669,1669,0,1.0,227,7.315
8d73ab27-25dc-4964-929d-01cd8ce9fabe,2026-07-01T15:59:46,1669,1669,0,1.0,227,7.315
8d73ab27-25dc-4964-929d-01cd8ce9fabe,2026-07-01T15:59:46,1669,1669,0,1.0,227,7.315
8d73ab27-25dc-4964-929d-01cd8ce9fabe,2026-07-01T15:59:46,1669,1669,0,1.0,227,7.315
8d73ab27-25dc-4964-929d-01cd8ce9fabe,2026-07-01T15:59:47,1669,1669,0,1.0,227,7.315
8d73ab27-25dc-4964-929d-01cd8ce9fabe,2026-07-01T15:59:47,1669,1669,0,1.0,227,7.315
8d73ab27-25dc-4964-929d-01cd8ce9fabe,2026-07-01T15:59:47,1669,1669,0,1.0,227,7.315
8d73ab27-25dc-4964-929d-01cd8ce9fabe,2026-07-01T15:59:47,1669,1669,0,1.0,227,7.315
8d73ab27-25dc-4964-929d-01cd8ce9fabe,2026-07-01T15:59:47,1669,1669,0,1.0,227,7.315
8d73ab27-25dc-4964-929d-01cd8ce9fabe,2026-07-01T15:59:47,1669,1669,0,1.0,227,7.315
8d73ab27-25dc-4964-929d-01cd8ce9fabe,2026-07-01T15:59:47,1669,1669,0,1.0,227,7.315
8d73ab27-25dc-4964-929d-01cd8ce9fabe,2026-07-01T15:59:47,1669,1669,0,1.0,227,7.315
8d73ab27-25dc-4964-929d-01cd8ce9fabe,2026-07-01T15:59:47,1669,1669,0,1.0,227,7.315
8d73ab27-25dc-4964-929d-01cd8ce9fabe,2026-07-01T15:59:47,1669,1669,0,1.0,227,7.315
8d73ab27-25dc-4964-929d-01cd8ce9fabe,2026-07-01T15:59:47,1669,1669,0,1.0,227,7.315
8d73ab27-25dc-4964-929d-01cd8ce9fabe,2026-07-01T15:59:48,1669,1669,0,1.0,227,7.315
8d73ab27-25dc-4964-929d-01cd8ce9fabe,2026-07-01T15:59:48,1669,1669,0,1.0,227,7.315
8d73ab27-25dc-4964-929d-01cd8ce9fabe,2026-07-01T15:59:48,1669,1669,0,1.0,227,7.315
8d73ab27-25dc-4964-929d-01cd8ce9fabe,2026-07-01T15:59:48,1669,1669,0,1.0,227,7.315
8d73ab27-25dc-4964-929d-01cd8ce9fabe,2026-07-01T15:59:48,1669,1669,0,1.0,227,7.315
8d73ab27-25dc-4964-929d-01cd8ce9fabe,2026-07-01T15:59:48,1669,1669,0,1.0,227,7.315
8d73ab27-25dc-4964-929d-01cd8ce9fabe,2026-07-01T15:59:48,1669,1669,0,1.0,227,7.315
8d73ab27-25dc-4964-929d-01cd8ce9fabe,2026-07-01T15:59:48,1669,1669,0,1.0,227,7.315
8d73ab27-25dc-4964-929d-01cd8ce9fabe,2026-07-01T15:59:48,1669,1669,0,1.0,227,7.315
8d73ab27-25dc-4964-929d-01cd8ce9fabe,2026-07-01T15:59:48,1669,1669,0,1.0,227,7.315
8d73ab27-25dc-4964-929d-01cd8ce9fabe,2026-07-01T15:59:48,1669,1669,0,1.0,227,7.315
8d73ab27-25dc-4964-929d-01cd8ce9fabe,2026-07-01T15:59:48,1669,1669,0,1.0,227,7.315
8d73ab27-25dc-4964-929d-01cd8ce9fabe,2026-07-01T15:59:49,1669,1669,0,1.0,227,7.315
8d73ab27-25dc-4964-929d-01cd8ce9fabe,2026-07-01T15:59:51,1669,1669,0,1.0,227,7.315
8d73ab27-25dc-4964-929d-01cd8ce9fabe,2026-07-01T15:59:51,1669,1669,0,1.0,227,7.315
8d73ab27-25dc-4964-929d-01cd8ce9fabe,2026-07-01T15:59:51,1669,1669,0,1.0,227,7.315
8d73ab27-25dc-4964-929d-01cd8ce9fabe,2026-07-01T15:59:51,1669,1669,0,1.0,227,7.315
8d73ab27-25dc-4964-929d-01cd8ce9fabe,2026-07-01T15:59:51,1669,1669,0,1.0,227,7.315
8d73ab27-25dc-4964-929d-01cd8ce9fabe,2026-07-01T15:59:51,1669,1669,0,1.0,227,7.315
8d73ab27-25dc-4964-929d-01cd8ce9fabe,2026-07-01T15:59:51,863,1658,1415,0.52,227,7.315
8d73ab27-25dc-4964-929d-01cd8ce9fabe,2026-07-01T15:59:51,863,1658,1415,0.52,227,7.315
8d73ab27-25dc-4964-929d-01cd8ce9fabe,2026-07-01T15:59:51,19,1658,1658,0.01,227,7.315
8d73ab27-25dc-4964-929d-01cd8ce9fabe,2026-07-01T15:59:51,19,1658,1658,0.01,227,7.315
8d73ab27-25dc-4964-929d-01cd8ce9fabe,2026-07-01T15:59:51,19,1658,1658,0.01,227,7.315
8d73ab27-25dc-4964-929d-01cd8ce9fabe,2026-07-01T15:59:53,4,10,9,0.44,227,0.042
8d73ab27-25dc-4964-929d-01cd8ce9fabe,2026-07-01T15:59:53,4,10,9,0.44,227,0.042
8d73ab27-25dc-4964-929d-01cd8ce9fabe,2026-07-01T15:59:53,4,10,9,0.44,227,0.042
8d73ab27-25dc-4964-929d-01cd8ce9fabe,2026-07-01T15:59:53,4,10,8,0.46,227,0.042
8d73ab27-25dc-4964-929d-01cd8ce9fabe,2026-07-01T15:59:53,4,10,8,0.46,227,0.042
8d73ab27-25dc-4964-929d-01cd8ce9fabe,2026-07-01T15:59:53,4,10,8,0.46,227,0.042
8d73ab27-25dc-4964-929d-01cd8ce9fabe,2026-07-01T15:59:53,4,10,8,0.46,227,0.042
8d73ab27-25dc-4964-929d-01cd8ce9fabe,2026-07-01T15:59:53,4,10,8,0.46,227,0.042
8d73ab27-25dc-4964-929d-01cd8ce9fabe,2026-07-01T15:59:53,5,10,9,0.47,230,0.042
8d73ab27-25dc-4964-929d-01cd8ce9fabe,2026-07-01T15:59:53,5,10,9,0.47,230,0.042
8d73ab27-25dc-4964-929d-01cd8ce9fabe,2026-07-01T15:59:53,5,10,9,0.47,230,0.042
8d73ab27-25dc-4964-929d-01cd8ce9fabe,2026-07-01T15:59:54,5,10,9,0.47,230,0.042
8d73ab27-25dc-4964-929d-01cd8ce9fabe,2026-07-01T15:59:54,5,10,9,0.47,230,0.042
8d73ab27-25dc-4964-929d-01cd8ce9fabe,2026-07-01T15:59:54,4,10,9,0.44,230,0.042
8d73ab27-25dc-4964-929d-01cd8ce9fabe,2026-07-01T15:59:54,4,10,9,0.44,230,0.042
8d73ab27-25dc-4964-929d-01cd8ce9fabe,2026-07-01T15:59:54,4,10,9,0.44,230,0.042
8d73ab27-25dc-4964-929d-01cd8ce9fabe,2026-07-01T15:59:54,4,10,9,0.45,230,0.042
8d73ab27-25dc-4964-929d-01cd8ce9fabe,2026-07-01T15:59:54,4,10,9,0.45,230,0.042
8d73ab27-25dc-4964-929d-01cd8ce9fabe,2026-07-01T15:59:54,4,10,9,0.45,230,0.042
8d73ab27-25dc-4964-929d-01cd8ce9fabe,2026-07-01T15:59:54,4,10,9,0.45,230,0.042
8d73ab27-25dc-4964-929d-01cd8ce9fabe,2026-07-01T15:59:54,4,10,9,0.45,230,0.042
8d73ab27-25dc-4964-929d-01cd8ce9fabe,2026-07-01T15:59:54,4,10,9,0.45,230,0.042
8d73ab27-25dc-4964-929d-01cd8ce9fabe,2026-07-01T15:59:54,4,10,9,0.43,230,0.042
8d73ab27-25dc-4964-929d-01cd8ce9fabe,2026-07-01T15:59:54,4,10,9,0.43,230,0.042
8d73ab27-25dc-4964-929d-01cd8ce9fabe,2026-07-01T15:59:55,4,10,9,0.43,230,0.042
8d73ab27-25dc-4964-929d-01cd8ce9fabe,2026-07-01T15:59:55,4,10,9,0.43,230,0.042
8d73ab27-25dc-4964-929d-01cd8ce9fabe,2026-07-01T15:59:55,4,10,9,0.44,230,0.042
8d73ab27-25dc-4964-929d-01cd8ce9fabe,2026-07-01T15:59:55,4,10,9,0.44,230,0.042
8d73ab27-25dc-4964-929d-01cd8ce9fabe,2026-07-01T15:59:55,4,10,9,0.44,230,0.042
8d73ab27-25dc-4964-929d-01cd8ce9fabe,2026-07-01T15:59:55,4,10,9,0.43,230,0.043
8d73ab27-25dc-4964-929d-01cd8ce9fabe,2026-07-01T15:59:55,4,10,9,0.43,230,0.043
8d73ab27-25dc-4964-929d-01cd8ce9fabe,2026-07-01T15:59:55,4,10,9,0.42,230,0.043
8d73ab27-25dc-4964-929d-01cd8ce9fabe,2026-07-01T15:59:55,4,10,9,0.42,230,0.043
8d73ab27-25dc-4964-929d-01cd8ce9fabe,2026-07-01T15:59:55,4,10,9,0.42,230,0.043
8d73ab27-25dc-4964-929d-01cd8ce9fabe,2026-07-01T15:59:55,4,10,9,0.43,230,0.043
8d73ab27-25dc-4964-929d-01cd8ce9fabe,2026-07-01T15:59:55,4,10,9,0.43,230,0.043
8d73ab27-25dc-4964-929d-01cd8ce9fabe,2026-07-01T15:59:56,4,10,9,0.43,230,0.043
8d73ab27-25dc-4964-929d-01cd8ce9fabe,2026-07-01T15:59:56,4,10,9,0.43,230,0.043
8d73ab27-25dc-4964-929d-01cd8ce9fabe,2026-07-01T15:59:56,4,10,9,0.43,230,0.043
8d73ab27-25dc-4964-929d-01cd8ce9fabe,2026-07-01T15:59:56,4,10,9,0.42,230,0.043
8d73ab27-25dc-4964-929d-01cd8ce9fabe,2026-07-01T15:59:56,4,10,9,0.42,230,0.043
8d73ab27-25dc-4964-929d-01cd8ce9fabe,2026-07-01T15:59:56,4,10,9,0.42,230,0.043
8d73ab27-25dc-4964-929d-01cd8ce9fabe,2026-07-01T15:59:56,4,10,9,0.42,230,0.043
8d73ab27-25dc-4964-929d-01cd8ce9fabe,2026-07-01T15:59:56,4,10,9,0.43,230,0.043
8d73ab27-25dc-4964-929d-01cd8ce9fabe,2026-07-01T15:59:56,4,10,9,0.43,230,0.043
8d73ab27-25dc-4964-929d-01cd8ce9fabe,2026-07-01T15:59:56,4,10,9,0.43,230,0.043
8d73ab27-25dc-4964-929d-01cd8ce9fabe,2026-07-01T15:59:56,4,10,9,0.43,230,0.043
8d73ab27-25dc-4964-929d-01cd8ce9fabe,2026-07-01T15:59:56,4,10,9,0.43,230,0.043
8d73ab27-25dc-4964-929d-01cd8ce9fabe,2026-07-01T15:59:56,4,10,9,0.43,230,0.043
8d73ab27-25dc-4964-929d-01cd8ce9fabe,2026-07-01T15:59:56,4,10,9,0.43,230,0.043
8d73ab27-25dc-4964-929d-01cd8ce9fabe,2026-07-01T15:59:57,4,10,9,0.44,230,0.043
8d73ab27-25dc-4964-929d-01cd8ce9fabe,2026-07-01T15:59:57,4,10,9,0.44,230,0.043
8d73ab27-25dc-4964-929d-01cd8ce9fabe,2026-07-01T15:59:57,4,10,9,0.44,230,0.043
8d73ab27-25dc-4964-929d-01cd8ce9fabe,2026-07-01T15:59:57,4,10,9,0.43,230,0.043
8d73ab27-25dc-4964-929d-01cd8ce9fabe,2026-07-01T15:59:57,4,10,9,0.43,230,0.043
8d73ab27-25dc-4964-929d-01cd8ce9fabe,2026-07-01T15:59:57,4,10,9,0.43,230,0.043
8d73ab27-25dc-4964-929d-01cd8ce9fabe,2026-07-01T15:59:57,4,10,9,0.43,230,0.043
8d73ab27-25dc-4964-929d-01cd8ce9fabe,2026-07-01T15:59:57,4,10,9,0.43,230,0.043
8d73ab27-25dc-4964-929d-01cd8ce9fabe,2026-07-01T15:59:57,4,10,9,0.44,230,0.043
8d73ab27-25dc-4964-929d-01cd8ce9fabe,2026-07-01T15:59:57,4,10,9,0.44,230,0.043
8d73ab27-25dc-4964-929d-01cd8ce9fabe,2026-07-01T15:59:57,4,10,9,0.44,230,0.043
8d73ab27-25dc-4964-929d-01cd8ce9fabe,2026-07-01T15:59:57,4,10,9,0.43,230,0.044
8d73ab27-25dc-4964-929d-01cd8ce9fabe,2026-07-01T15:59:57,4,10,9,0.43,230,0.044
8d73ab27-25dc-4964-929d-01cd8ce9fabe,2026-07-01T15:59:57,4,10,9,0.43,230,0.044
8d73ab27-25dc-4964-929d-01cd8ce9fabe,2026-07-01T15:59:57,4,10,9,0.43,230,0.044
8d73ab27-25dc-4964-929d-01cd8ce9fabe,2026-07-01T15:59:58,4,10,9,0.41,230,0.044
8d73ab27-25dc-4964-929d-01cd8ce9fabe,2026-07-01T15:59:58,4,10,9,0.41,230,0.044
8d73ab27-25dc-4964-929d-01cd8ce9fabe,2026-07-01T15:59:58,4,10,9,0.41,230,0.044
8d73ab27-25dc-4964-929d-01cd8ce9fabe,2026-07-01T15:59:58,4,10,9,0.42,230,0.044
8d73ab27-25dc-4964-929d-01cd8ce9fabe,2026-07-01T15:59:58,4,10,9,0.42,230,0.044
8d73ab27-25dc-4964-929d-01cd8ce9fabe,2026-07-01T15:59:58,4,10,9,0.42,230,0.044
8d73ab27-25dc-4964-929d-01cd8ce9fabe,2026-07-01T15:59:58,4,10,9,0.42,230,0.044
8d73ab27-25dc-4964-929d-01cd8ce9fabe,2026-07-01T15:59:58,4,10,9,0.42,230,0.044
8d73ab27-25dc-4964-929d-01cd8ce9fabe,2026-07-01T15:59:58,4,10,9,0.42,230,0.044
8d73ab27-25dc-4964-929d-01cd8ce9fabe,2026-07-01T15:59:58,4,10,9,0.43,230,0.044
8d73ab27-25dc-4964-929d-01cd8ce9fabe,2026-07-01T15:59:58,4,10,9,0.43,230,0.044
8d73ab27-25dc-4964-929d-01cd8ce9fabe,2026-07-01T15:59:59,4,10,9,0.43,230,0.044
8d73ab27-25dc-4964-929d-01cd8ce9fabe,2026-07-01T15:59:59,4,10,9,0.43,230,0.044
8d73ab27-25dc-4964-929d-01cd8ce9fabe,2026-07-01T15:59:59,4,10,9,0.43,230,0.044
8d73ab27-25dc-4964-929d-01cd8ce9fabe,2026-07-01T15:59:59,4,10,9,0.43,230,0.044
8d73ab27-25dc-4964-929d-01cd8ce9fabe,2026-07-01T15:59:59,4,10,9,0.43,230,0.044
8d73ab27-25dc-4964-929d-01cd8ce9fabe,2026-07-01T15:59:59,4,10,9,0.43,230,0.044
8d73ab27-25dc-4964-929d-01cd8ce9fabe,2026-07-01T15:59:59,4,10,9,0.43,230,0.044
8d73ab27-25dc-4964-929d-01cd8ce9fabe,2026-07-01T15:59:59,4,10,9,0.43,230,0.044
8d73ab27-25dc-4964-929d-01cd8ce9fabe,2026-07-01T15:59:59,4,10,9,0.43,230,0.044
8d73ab27-25dc-4964-929d-01cd8ce9fabe,2026-07-01T15:59:59,4,10,9,0.43,230,0.044
8d73ab27-25dc-4964-929d-01cd8ce9fabe,2026-07-01T15:59:59,4,10,9,0.43,230,0.044
8d73ab27-25dc-4964-929d-01cd8ce9fabe,2026-07-01T16:00:00,4,10,9,0.43,230,0.044
8d73ab27-25dc-4964-929d-01cd8ce9fabe,2026-07-01T16:00:00,4,10,9,0.43,230,0.044
8d73ab27-25dc-4964-929d-01cd8ce9fabe,2026-07-01T16:00:00,4,10,9,0.44,230,0.043
8d73ab27-25dc-4964-929d-01cd8ce9fabe,2026-07-01T16:00:00,4,10,9,0.44,230,0.043
8d73ab27-25dc-4964-929d-01cd8ce9fabe,2026-07-01T16:00:00,4,10,9,0.44,230,0.043
8d73ab27-25dc-4964-929d-01cd8ce9fabe,2026-07-01T16:00:00,4,10,9,0.44,230,0.043
8d73ab27-25dc-4964-929d-01cd8ce9fabe,2026-07-01T16:00:00,4,10,9,0.44,230,0.043
8d73ab27-25dc-4964-929d-01cd8ce9fabe,2026-07-01T16:00:00,4,10,9,0.44,230,0.043
8d73ab27-25dc-4964-929d-01cd8ce9fabe,2026-07-01T16:00:00,4,10,9,0.44,230,0.043
8d73ab27-25dc-4964-929d-01cd8ce9fabe,2026-07-01T16:00:00,4,10,9,0.44,230,0.043
8d73ab27-25dc-4964-929d-01cd8ce9fabe,2026-07-01T16:00:00,4,10,9,0.43,230,0.043
8d73ab27-25dc-4964-929d-01cd8ce9fabe,2026-07-01T16:00:00,4,10,9,0.43,230,0.043
8d73ab27-25dc-4964-929d-01cd8ce9fabe,2026-07-01T16:00:00,4,10,9,0.43,230,0.043
8d73ab27-25dc-4964-929d-01cd8ce9fabe,2026-07-01T16:00:01,4,10,9,0.43,230,0.043
8d73ab27-25dc-4964-929d-01cd8ce9fabe,2026-07-01T16:00:01,4,10,9,0.43,230,0.043
8d73ab27-25dc-4964-929d-01cd8ce9fabe,2026-07-01T16:00:01,4,10,9,0.43,230,0.043
8d73ab27-25dc-4964-929d-01cd8ce9fabe,2026-07-01T16:00:01,4,10,9,0.43,230,0.043
8d73ab27-25dc-4964-929d-01cd8ce9fabe,2026-07-01T16:00:01,90,90,0,1.0,230,0.043
8d73ab27-25dc-4964-929d-01cd8ce9fabe,2026-07-01T16:00:01,90,90,0,1.0,230,0.043
8d73ab27-25dc-4964-929d-01cd8ce9fabe,2026-07-01T16:00:01,1655,1655,0,1.0,230,0.043
8d73ab27-25dc-4964-929d-01cd8ce9fabe,2026-07-01T16:00:01,1655,1655,0,1.0,230,0.043
8d73ab27-25dc-4964-929d-01cd8ce9fabe,2026-07-01T16:00:01,1682,1682,0,1.0,230,0.043
8d73ab27-25dc-4964-929d-01cd8ce9fabe,2026-07-01T16:00:01,1682,1682,0,1.0,230,0.043
8d73ab27-25dc-4964-929d-01cd8ce9fabe,2026-07-01T16:00:01,1682,1697,227,0.99,230,7.369
8d73ab27-25dc-4964-929d-01cd8ce9fabe,2026-07-01T16:00:01,1682,1697,227,0.99,230,7.369
8d73ab27-25dc-4964-929d-01cd8ce9fabe,2026-07-01T16:00:02,1680,1697,241,0.99,230,7.369
8d73ab27-25dc-4964-929d-01cd8ce9fabe,2026-07-01T16:00:02,1680,1697,241,0.99,230,7.369
8d73ab27-25dc-4964-929d-01cd8ce9fabe,2026-07-01T16:00:02,1678,1697,253,0.99,230,7.369
8d73ab27-25dc-4964-929d-01cd8ce9fabe,2026-07-01T16:00:02,1678,1697,253,0.99,230,7.369
8d73ab27-25dc-4964-929d-01cd8ce9fabe,2026-07-01T16:00:02,1678,1697,253,0.99,230,7.369
8d73ab27-25dc-4964-929d-01cd8ce9fabe,2026-07-01T16:00:02,1678,1697,253,0.99,230,7.369
8d73ab27-25dc-4964-929d-01cd8ce9fabe,2026-07-01T16:00:02,1678,1678,0,1.0,227,7.369
8d73ab27-25dc-4964-929d-01cd8ce9fabe,2026-07-01T16:00:02,1678,1678,0,1.0,227,7.369
8d73ab27-25dc-4964-929d-01cd8ce9fabe,2026-07-01T16:00:02,1678,1678,0,1.0,227,7.369
8d73ab27-25dc-4964-929d-01cd8ce9fabe,2026-07-01T16:00:02,1678,1678,0,1.0,227,7.369
8d73ab27-25dc-4964-929d-01cd8ce9fabe,2026-07-01T16:00:03,1678,1678,0,1.0,227,7.369
8d73ab27-25dc-4964-929d-01cd8ce9fabe,2026-07-01T16:00:03,1678,1678,0,1.0,227,7.369
8d73ab27-25dc-4964-929d-01cd8ce9fabe,2026-07-01T16:00:03,1678,1678,0,1.0,227,7.369
8d73ab27-25dc-4964-929d-01cd8ce9fabe,2026-07-01T16:00:03,1678,1678,0,1.0,227,7.369
8d73ab27-25dc-4964-929d-01cd8ce9fabe,2026-07-01T16:00:03,1676,1676,0,1.0,227,7.344
8d73ab27-25dc-4964-929d-01cd8ce9fabe,2026-07-01T16:00:03,1676,1676,0,1.0,227,7.344
8d73ab27-25dc-4964-929d-01cd8ce9fabe,2026-07-01T16:00:03,1676,1676,0,1.0,227,7.344
8d73ab27-25dc-4964-929d-01cd8ce9fabe,2026-07-01T16:00:03,1676,1676,0,1.0,227,7.344
8d73ab27-25dc-4964-929d-01cd8ce9fabe,2026-07-01T16:00:03,1676,1676,0,1.0,227,7.344
8d73ab27-25dc-4964-929d-01cd8ce9fabe,2026-07-01T16:00:03,1676,1676,0,1.0,227,7.344
8d73ab27-25dc-4964-929d-01cd8ce9fabe,2026-07-01T16:00:03,1676,1676,0,1.0,227,7.344
8d73ab27-25dc-4964-929d-01cd8ce9fabe,2026-07-01T16:00:04,1676,1676,0,1.0,227,7.344
8d73ab27-25dc-4964-929d-01cd8ce9fabe,2026-07-01T16:00:04,1676,1676,0,1.0,227,7.344
8d73ab27-25dc-4964-929d-01cd8ce9fabe,2026-07-01T16:00:04,1676,1676,0,1.0,227,7.344
8d73ab27-25dc-4964-929d-01cd8ce9fabe,2026-07-01T16:00:04,1675,1675,0,1.0,227,7.344
8d73ab27-25dc-4964-929d-01cd8ce9fabe,2026-07-01T16:00:04,1675,1675,0,1.0,227,7.344
8d73ab27-25dc-4964-929d-01cd8ce9fabe,2026-07-01T16:00:04,1675,1675,0,1.0,227,7.344
8d73ab27-25dc-4964-929d-01cd8ce9fabe,2026-07-01T16:00:04,1675,1675,0,1.0,227,7.344
8d73ab27-25dc-4964-929d-01cd8ce9fabe,2026-07-01T16:00:04,1675,1675,0,1.0,227,7.344
8d73ab27-25dc-4964-929d-01cd8ce9fabe,2026-07-01T16:00:04,1675,1675,0,1.0,227,7.344
8d73ab27-25dc-4964-929d-01cd8ce9fabe,2026-07-01T16:00:05,1675,1675,0,1.0,227,7.331
8d73ab27-25dc-4964-929d-01cd8ce9fabe,2026-07-01T16:00:05,1675,1675,0,1.0,227,7.331
8d73ab27-25dc-4964-929d-01cd8ce9fabe,2026-07-01T16:00:05,1675,1675,0,1.0,227,7.331
8d73ab27-25dc-4964-929d-01cd8ce9fabe,2026-07-01T16:00:05,1675,1675,0,1.0,227,7.331
8d73ab27-25dc-4964-929d-01cd8ce9fabe,2026-07-01T16:00:05,1675,1675,0,1.0,227,7.331
8d73ab27-25dc-4964-929d-01cd8ce9fabe,2026-07-01T16:00:05,1675,1675,0,1.0,227,7.331
8d73ab27-25dc-4964-929d-01cd8ce9fabe,2026-07-01T16:00:05,1675,1675,0,1.0,227,7.331
8d73ab27-25dc-4964-929d-01cd8ce9fabe,2026-07-01T16:00:05,1675,1675,0,1.0,227,7.331
8d73ab27-25dc-4964-929d-01cd8ce9fabe,2026-07-01T16:00:05,1673,1673,0,1.0,227,7.331
8d73ab27-25dc-4964-929d-01cd8ce9fabe,2026-07-01T16:00:05,1673,1673,0,1.0,227,7.331
8d73ab27-25dc-4964-929d-01cd8ce9fabe,2026-07-01T16:00:05,1673,1673,0,1.0,227,7.331
8d73ab27-25dc-4964-929d-01cd8ce9fabe,2026-07-01T16:00:05,1673,1673,0,1.0,227,7.331
8d73ab27-25dc-4964-929d-01cd8ce9fabe,2026-07-01T16:00:05,1673,1673,0,1.0,227,7.331
8d73ab27-25dc-4964-929d-01cd8ce9fabe,2026-07-01T16:00:05,1673,1673,0,1.0,227,7.331
8d73ab27-25dc-4964-929d-01cd8ce9fabe,2026-07-01T16:00:06,1671,1671,0,1.0,227,7.331
8d73ab27-25dc-4964-929d-01cd8ce9fabe,2026-07-01T16:00:06,1671,1671,0,1.0,227,7.331
8d73ab27-25dc-4964-929d-01cd8ce9fabe,2026-07-01T16:00:06,1671,1671,0,1.0,227,7.331
8d73ab27-25dc-4964-929d-01cd8ce9fabe,2026-07-01T16:00:06,1671,1671,0,1.0,227,7.331
8d73ab27-25dc-4964-929d-01cd8ce9fabe,2026-07-01T16:00:06,1671,1671,0,1.0,227,7.331
8d73ab27-25dc-4964-929d-01cd8ce9fabe,2026-07-01T16:00:06,1671,1671,0,1.0,227,7.331
8d73ab27-25dc-4964-929d-01cd8ce9fabe,2026-07-01T16:00:06,1671,1671,0,1.0,227,7.331
8d73ab27-25dc-4964-929d-01cd8ce9fabe,2026-07-01T16:00:06,1671,1671,0,1.0,227,7.323
8d73ab27-25dc-4964-929d-01cd8ce9fabe,2026-07-01T16:00:06,1671,1671,0,1.0,227,7.323
8d73ab27-25dc-4964-929d-01cd8ce9fabe,2026-07-01T16:00:06,1673,1673,0,1.0,227,7.323
8d73ab27-25dc-4964-929d-01cd8ce9fabe,2026-07-01T16:00:06,1673,1673,0,1.0,227,7.323
8d73ab27-25dc-4964-929d-01cd8ce9fabe,2026-07-01T16:00:06,1673,1673,0,1.0,227,7.323
8d73ab27-25dc-4964-929d-01cd8ce9fabe,2026-07-01T16:00:07,1671,1671,0,1.0,227,7.323
8d73ab27-25dc-4964-929d-01cd8ce9fabe,2026-07-01T16:00:07,1671,1671,0,1.0,227,7.323
8d73ab27-25dc-4964-929d-01cd8ce9fabe,2026-07-01T16:00:07,1671,1671,0,1.0,227,7.323
8d73ab27-25dc-4964-929d-01cd8ce9fabe,2026-07-01T16:00:07,1671,1671,0,1.0,227,7.323
8d73ab27-25dc-4964-929d-01cd8ce9fabe,2026-07-01T16:00:07,1671,1671,0,1.0,227,7.323
8d73ab27-25dc-4964-929d-01cd8ce9fabe,2026-07-01T16:00:07,1671,1671,0,1.0,227,7.323
8d73ab27-25dc-4964-929d-01cd8ce9fabe,2026-07-01T16:00:07,1671,1671,0,1.0,227,7.323
8d73ab27-25dc-4964-929d-01cd8ce9fabe,2026-07-01T16:00:07,1671,1671,0,1.0,227,7.323
8d73ab27-25dc-4964-929d-01cd8ce9fabe,2026-07-01T16:00:07,1671,1671,0,1.0,227,7.323
8d73ab27-25dc-4964-929d-01cd8ce9fabe,2026-07-01T16:00:07,1671,1671,0,1.0,227,7.323
8d73ab27-25dc-4964-929d-01cd8ce9fabe,2026-07-01T16:00:07,1671,1671,0,1.0,227,7.323
8d73ab27-25dc-4964-929d-01cd8ce9fabe,2026-07-01T16:00:07,1671,1671,0,1.0,227,7.323
8d73ab27-25dc-4964-929d-01cd8ce9fabe,2026-07-01T16:00:07,1671,1671,0,1.0,227,7.323
8d73ab27-25dc-4964-929d-01cd8ce9fabe,2026-07-01T16:00:07,1671,1671,0,1.0,227,7.323
8d73ab27-25dc-4964-929d-01cd8ce9fabe,2026-07-01T16:00:07,1671,1671,0,1.0,227,7.323
8d73ab27-25dc-4964-929d-01cd8ce9fabe,2026-07-01T16:00:08,1673,1673,0,1.0,227,7.323
8d73ab27-25dc-4964-929d-01cd8ce9fabe,2026-07-01T16:00:08,1673,1673,0,1.0,227,7.323
8d73ab27-25dc-4964-929d-01cd8ce9fabe,2026-07-01T16:00:08,1675,1675,0,1.0,227,7.331
8d73ab27-25dc-4964-929d-01cd8ce9fabe,2026-07-01T16:00:08,1675,1675,0,1.0,227,7.331
8d73ab27-25dc-4964-929d-01cd8ce9fabe,2026-07-01T16:00:08,1675,1675,0,1.0,227,7.331
8d73ab27-25dc-4964-929d-01cd8ce9fabe,2026-07-01T16:00:08,1675,1675,0,1.0,227,7.331
8d73ab27-25dc-4964-929d-01cd8ce9fabe,2026-07-01T16:00:08,1675,1675,0,1.0,227,7.331
8d73ab27-25dc-4964-929d-01cd8ce9fabe,2026-07-01T16:00:08,1675,1675,0,1.0,227,7.331
8d73ab27-25dc-4964-929d-01cd8ce9fabe,2026-07-01T16:00:08,1675,1675,0,1.0,227,7.331
8d73ab27-25dc-4964-929d-01cd8ce9fabe,2026-07-01T16:00:08,1675,1675,0,1.0,227,7.331
8d73ab27-25dc-4964-929d-01cd8ce9fabe,2026-07-01T16:00:09,1675,1675,0,1.0,227,7.331
8d73ab27-25dc-4964-929d-01cd8ce9fabe,2026-07-01T16:00:10,1673,1673,0,1.0,227,7.327
8d73ab27-25dc-4964-929d-01cd8ce9fabe,2026-07-01T16:00:10,1673,1673,0,1.0,227,7.327
8d73ab27-25dc-4964-929d-01cd8ce9fabe,2026-07-01T16:00:10,1673,1673,0,1.0,227,7.327
8d73ab27-25dc-4964-929d-01cd8ce9fabe,2026-07-01T16:00:10,1673,1673,0,1.0,227,7.327
8d73ab27-25dc-4964-929d-01cd8ce9fabe,2026-07-01T16:00:10,1673,1673,0,1.0,227,7.327
8d73ab27-25dc-4964-929d-01cd8ce9fabe,2026-07-01T16:00:10,1673,1673,0,1.0,227,7.327
8d73ab27-25dc-4964-929d-01cd8ce9fabe,2026-07-01T16:00:10,1673,1673,0,1.0,227,7.327
8d73ab27-25dc-4964-929d-01cd8ce9fabe,2026-07-01T16:00:10,1673,1673,0,1.0,227,7.327
8d73ab27-25dc-4964-929d-01cd8ce9fabe,2026-07-01T16:00:10,1673,1673,0,1.0,227,7.327
8d73ab27-25dc-4964-929d-01cd8ce9fabe,2026-07-01T16:00:10,1673,1673,0,1.0,227,7.327
8d73ab27-25dc-4964-929d-01cd8ce9fabe,2026-07-01T16:00:10,1673,1673,0,1.0,227,7.327
8d73ab27-25dc-4964-929d-01cd8ce9fabe,2026-07-01T16:00:10,1673,1673,0,1.0,227,7.327
8d73ab27-25dc-4964-929d-01cd8ce9fabe,2026-07-01T16:00:11,1673,1673,0,1.0,227,7.327
8d73ab27-25dc-4964-929d-01cd8ce9fabe,2026-07-01T16:00:11,1673,1673,0,1.0,227,7.327
8d73ab27-25dc-4964-929d-01cd8ce9fabe,2026-07-01T16:00:11,1673,1673,0,1.0,227,7.327
8d73ab27-25dc-4964-929d-01cd8ce9fabe,2026-07-01T16:00:11,1673,1673,0,1.0,227,7.327
8d73ab27-25dc-4964-929d-01cd8ce9fabe,2026-07-01T16:00:11,1673,1673,0,1.0,227,7.327
8d73ab27-25dc-4964-929d-01cd8ce9fabe,2026-07-01T16:00:11,1673,1673,0,1.0,227,7.327
8d73ab27-25dc-4964-929d-01cd8ce9fabe,2026-07-01T16:00:11,1673,1673,0,1.0,227,7.323
8d73ab27-25dc-4964-929d-01cd8ce9fabe,2026-07-01T16:00:11,1673,1673,0,1.0,227,7.323
8d73ab27-25dc-4964-929d-01cd8ce9fabe,2026-07-01T16:00:11,1673,1673,0,1.0,227,7.323
8d73ab27-25dc-4964-929d-01cd8ce9fabe,2026-07-01T16:00:11,1673,1673,0,1.0,227,7.323
8d73ab27-25dc-4964-929d-01cd8ce9fabe,2026-07-01T16:00:11,1673,1673,0,1.0,227,7.323
8d73ab27-25dc-4964-929d-01cd8ce9fabe,2026-07-01T16:00:11,1673,1673,0,1.0,227,7.323
8d73ab27-25dc-4964-929d-01cd8ce9fabe,2026-07-01T16:00:11,1673,1673,0,1.0,227,7.323
8d73ab27-25dc-4964-929d-01cd8ce9fabe,2026-07-01T16:00:12,1673,1673,0,1.0,227,7.323
8d73ab27-25dc-4964-929d-01cd8ce9fabe,2026-07-01T16:00:12,1673,1673,0,1.0,227,7.323
8d73ab27-25dc-4964-929d-01cd8ce9fabe,2026-07-01T16:00:12,1673,1673,0,1.0,227,7.323
8d73ab27-25dc-4964-929d-01cd8ce9fabe,2026-07-01T16:00:12,1673,1673,0,1.0,227,7.323
8d73ab27-25dc-4964-929d-01cd8ce9fabe,2026-07-01T16:00:12,1673,1673,0,1.0,227,7.323
8d73ab27-25dc-4964-929d-01cd8ce9fabe,2026-07-01T16:00:12,1673,1673,0,1.0,227,7.323
8d73ab27-25dc-4964-929d-01cd8ce9fabe,2026-07-01T16:00:12,1673,1673,0,1.0,227,7.323
8d73ab27-25dc-4964-929d-01cd8ce9fabe,2026-07-01T16:00:14,1673,1673,0,1.0,227,7.323
8d73ab27-25dc-4964-929d-01cd8ce9fabe,2026-07-01T16:00:14,1673,1673,0,1.0,227,7.323
8d73ab27-25dc-4964-929d-01cd8ce9fabe,2026-07-01T16:00:15,1671,1671,0,1.0,227,7.323
8d73ab27-25dc-4964-929d-01cd8ce9fabe,2026-07-01T16:00:15,1671,1671,0,1.0,227,7.323
8d73ab27-25dc-4964-929d-01cd8ce9fabe,2026-07-01T16:00:15,1671,1671,0,1.0,227,7.323
8d73ab27-25dc-4964-929d-01cd8ce9fabe,2026-07-01T16:00:15,1671,1671,0,1.0,227,7.323
8d73ab27-25dc-4964-929d-01cd8ce9fabe,2026-07-01T16:00:15,1671,1671,0,1.0,227,7.323
8d73ab27-25dc-4964-929d-01cd8ce9fabe,2026-07-01T16:00:15,1673,1673,0,1.0,227,7.323
8d73ab27-25dc-4964-929d-01cd8ce9fabe,2026-07-01T16:00:15,1673,1673,0,1.0,227,7.323
8d73ab27-25dc-4964-929d-01cd8ce9fabe,2026-07-01T16:00:15,1673,1673,0,1.0,227,7.323
8d73ab27-25dc-4964-929d-01cd8ce9fabe,2026-07-01T16:00:15,1671,1671,0,1.0,227,7.323
8d73ab27-25dc-4964-929d-01cd8ce9fabe,2026-07-01T16:00:15,1671,1671,0,1.0,227,7.323
8d73ab27-25dc-4964-929d-01cd8ce9fabe,2026-07-01T16:00:15,1671,1671,0,1.0,227,7.323
8d73ab27-25dc-4964-929d-01cd8ce9fabe,2026-07-01T16:00:15,1671,1671,0,1.0,227,7.323
8d73ab27-25dc-4964-929d-01cd8ce9fabe,2026-07-01T16:00:15,1671,1671,0,1.0,227,7.323
8d73ab27-25dc-4964-929d-01cd8ce9fabe,2026-07-01T16:00:15,1671,1671,0,1.0,227,7.323
8d73ab27-25dc-4964-929d-01cd8ce9fabe,2026-07-01T16:00:16,1671,1671,0,1.0,227,7.323
8d73ab27-25dc-4964-929d-01cd8ce9fabe,2026-07-01T16:00:16,1671,1671,0,1.0,227,7.323
8d73ab27-25dc-4964-929d-01cd8ce9fabe,2026-07-01T16:00:16,1671,1671,0,1.0,227,7.323
8d73ab27-25dc-4964-929d-01cd8ce9fabe,2026-07-01T16:00:16,1671,1671,0,1.0,227,7.323
8d73ab27-25dc-4964-929d-01cd8ce9fabe,2026-07-01T16:00:16,1671,1671,0,1.0,227,7.323
8d73ab27-25dc-4964-929d-01cd8ce9fabe,2026-07-01T16:00:16,1671,1671,0,1.0,227,7.323
8d73ab27-25dc-4964-929d-01cd8ce9fabe,2026-07-01T16:00:16,1671,1671,0,1.0,227,7.323
8d73ab27-25dc-4964-929d-01cd8ce9fabe,2026-07-01T16:00:16,1671,1671,0,1.0,227,7.323
8d73ab27-25dc-4964-929d-01cd8ce9fabe,2026-07-01T16:00:16,1671,1671,0,1.0,227,7.323
8d73ab27-25dc-4964-929d-01cd8ce9fabe,2026-07-01T16:00:16,1671,1671,0,1.0,227,7.323
8d73ab27-25dc-4964-929d-01cd8ce9fabe,2026-07-01T16:00:16,1671,1671,0,1.0,227,7.323
8d73ab27-25dc-4964-929d-01cd8ce9fabe,2026-07-01T16:00:16,1673,1673,0,1.0,227,7.323
8d73ab27-25dc-4964-929d-01cd8ce9fabe,2026-07-01T16:00:16,1673,1673,0,1.0,227,7.323
8d73ab27-25dc-4964-929d-01cd8ce9fabe,2026-07-01T16:00:17,1673,1673,0,1.0,227,7.323
8d73ab27-25dc-4964-929d-01cd8ce9fabe,2026-07-01T16:00:17,1673,1673,0,1.0,227,7.323
8d73ab27-25dc-4964-929d-01cd8ce9fabe,2026-07-01T16:00:17,1673,1673,0,1.0,227,7.323
8d73ab27-25dc-4964-929d-01cd8ce9fabe,2026-07-01T16:00:17,1671,1671,0,1.0,227,7.323
8d73ab27-25dc-4964-929d-01cd8ce9fabe,2026-07-01T16:00:17,1671,1671,0,1.0,227,7.323
8d73ab27-25dc-4964-929d-01cd8ce9fabe,2026-07-01T16:00:17,1673,1673,0,1.0,227,7.323
8d73ab27-25dc-4964-929d-01cd8ce9fabe,2026-07-01T16:00:17,1673,1673,0,1.0,227,7.323
8d73ab27-25dc-4964-929d-01cd8ce9fabe,2026-07-01T16:00:17,1673,1673,0,1.0,227,7.323
8d73ab27-25dc-4964-929d-01cd8ce9fabe,2026-07-01T16:00:17,1673,1673,0,1.0,227,7.323
8d73ab27-25dc-4964-929d-01cd8ce9fabe,2026-07-01T16:00:17,1673,1673,0,1.0,227,7.323
8d73ab27-25dc-4964-929d-01cd8ce9fabe,2026-07-01T16:00:17,1673,1673,0,1.0,227,7.323
8d73ab27-25dc-4964-929d-01cd8ce9fabe,2026-07-01T16:00:17,1673,1673,0,1.0,227,7.323
8d73ab27-25dc-4964-929d-01cd8ce9fabe,2026-07-01T16:00:17,1673,1673,0,1.0,227,7.323
8d73ab27-25dc-4964-929d-01cd8ce9fabe,2026-07-01T16:00:18,1673,1673,0,1.0,227,7.323
8d73ab27-25dc-4964-929d-01cd8ce9fabe,2026-07-01T16:00:18,1673,1673,0,1.0,227,7.323
8d73ab27-25dc-4964-929d-01cd8ce9fabe,2026-07-01T16:00:18,1673,1673,0,1.0,227,7.323
8d73ab27-25dc-4964-929d-01cd8ce9fabe,2026-07-01T16:00:18,1673,1673,0,1.0,227,7.323
8d73ab27-25dc-4964-929d-01cd8ce9fabe,2026-07-01T16:00:18,1673,1673,0,1.0,227,7.323
8d73ab27-25dc-4964-929d-01cd8ce9fabe,2026-07-01T16:00:18,1673,1673,0,1.0,227,7.323
8d73ab27-25dc-4964-929d-01cd8ce9fabe,2026-07-01T16:00:18,1673,1673,0,1.0,227,7.323
8d73ab27-25dc-4964-929d-01cd8ce9fabe,2026-07-01T16:00:18,1673,1673,0,1.0,227,7.323
8d73ab27-25dc-4964-929d-01cd8ce9fabe,2026-07-01T16:00:18,1673,1673,0,1.0,227,7.323
8d73ab27-25dc-4964-929d-01cd8ce9fabe,2026-07-01T16:00:18,1673,1673,0,1.0,227,7.323
8d73ab27-25dc-4964-929d-01cd8ce9fabe,2026-07-01T16:00:18,1673,1673,0,1.0,227,7.323
8d73ab27-25dc-4964-929d-01cd8ce9fabe,2026-07-01T16:00:18,1673,1673,0,1.0,227,7.323
8d73ab27-25dc-4964-929d-01cd8ce9fabe,2026-07-01T16:00:18,1673,1673,0,1.0,227,7.323
8d73ab27-25dc-4964-929d-01cd8ce9fabe,2026-07-01T16:00:19,1673,1673,0,1.0,227,7.323
8d73ab27-25dc-4964-929d-01cd8ce9fabe,2026-07-01T16:00:19,1673,1673,0,1.0,227,7.323
8d73ab27-25dc-4964-929d-01cd8ce9fabe,2026-07-01T16:00:19,1673,1673,0,1.0,227,7.323
8d73ab27-25dc-4964-929d-01cd8ce9fabe,2026-07-01T16:00:19,1671,1671,0,1.0,227,7.323
8d73ab27-25dc-4964-929d-01cd8ce9fabe,2026-07-01T16:00:19,1671,1671,0,1.0,227,7.323
8d73ab27-25dc-4964-929d-01cd8ce9fabe,2026-07-01T16:00:19,1671,1671,0,1.0,227,7.323
8d73ab27-25dc-4964-929d-01cd8ce9fabe,2026-07-01T16:00:19,1671,1671,0,1.0,227,7.319
8d73ab27-25dc-4964-929d-01cd8ce9fabe,2026-07-01T16:00:19,1671,1671,0,1.0,227,7.319
8d73ab27-25dc-4964-929d-01cd8ce9fabe,2026-07-01T16:00:19,1671,1671,0,1.0,227,7.319
8d73ab27-25dc-4964-929d-01cd8ce9fabe,2026-07-01T16:00:19,1671,1671,0,1.0,227,7.319
8d73ab27-25dc-4964-929d-01cd8ce9fabe,2026-07-01T16:00:19,1671,1671,0,1.0,227,7.319
8d73ab27-25dc-4964-929d-01cd8ce9fabe,2026-07-01T16:00:19,1671,1671,0,1.0,227,7.319
8d73ab27-25dc-4964-929d-01cd8ce9fabe,2026-07-01T16:00:20,1671,1671,0,1.0,227,7.319
8d73ab27-25dc-4964-929d-01cd8ce9fabe,2026-07-01T16:00:20,1671,1671,0,1.0,227,7.319
8d73ab27-25dc-4964-929d-01cd8ce9fabe,2026-07-01T16:00:20,1671,1671,0,1.0,227,7.319
8d73ab27-25dc-4964-929d-01cd8ce9fabe,2026-07-01T16:00:20,1671,1671,0,1.0,227,7.319
8d73ab27-25dc-4964-929d-01cd8ce9fabe,2026-07-01T16:00:20,1671,1671,0,1.0,227,7.319
8d73ab27-25dc-4964-929d-01cd8ce9fabe,2026-07-01T16:00:20,1671,1671,0,1.0,227,7.319
8d73ab27-25dc-4964-929d-01cd8ce9fabe,2026-07-01T16:00:20,1671,1671,0,1.0,227,7.319
8d73ab27-25dc-4964-929d-01cd8ce9fabe,2026-07-01T16:00:20,1671,1671,0,1.0,227,7.319
8d73ab27-25dc-4964-929d-01cd8ce9fabe,2026-07-01T16:00:20,1671,1671,0,1.0,227,7.319
8d73ab27-25dc-4964-929d-01cd8ce9fabe,2026-07-01T16:00:20,1671,1671,0,1.0,227,7.319
8d73ab27-25dc-4964-929d-01cd8ce9fabe,2026-07-01T16:00:20,1671,1671,0,1.0,227,7.319
8d73ab27-25dc-4964-929d-01cd8ce9fabe,2026-07-01T16:00:20,1671,1671,0,1.0,227,7.319
8d73ab27-25dc-4964-929d-01cd8ce9fabe,2026-07-01T16:00:20,1671,1671,0,1.0,227,7.319
8d73ab27-25dc-4964-929d-01cd8ce9fabe,2026-07-01T16:00:21,1671,1671,0,1.0,227,7.323
8d73ab27-25dc-4964-929d-01cd8ce9fabe,2026-07-01T16:00:21,1671,1671,0,1.0,227,7.323
8d73ab27-25dc-4964-929d-01cd8ce9fabe,2026-07-01T16:00:21,1671,1671,0,1.0,227,7.323
8d73ab27-25dc-4964-929d-01cd8ce9fabe,2026-07-01T16:00:21,1673,1673,0,1.0,227,7.323
8d73ab27-25dc-4964-929d-01cd8ce9fabe,2026-07-01T16:00:21,1673,1673,0,1.0,227,7.323
8d73ab27-25dc-4964-929d-01cd8ce9fabe,2026-07-01T16:00:21,1671,1671,0,1.0,227,7.323
8d73ab27-25dc-4964-929d-01cd8ce9fabe,2026-07-01T16:00:21,1671,1671,0,1.0,227,7.323
8d73ab27-25dc-4964-929d-01cd8ce9fabe,2026-07-01T16:00:21,1671,1671,0,1.0,227,7.323
8d73ab27-25dc-4964-929d-01cd8ce9fabe,2026-07-01T16:00:21,1671,1671,0,1.0,227,7.323
8d73ab27-25dc-4964-929d-01cd8ce9fabe,2026-07-01T16:00:21,1671,1671,0,1.0,227,7.323
8d73ab27-25dc-4964-929d-01cd8ce9fabe,2026-07-01T16:00:21,1671,1671,0,1.0,227,7.323
8d73ab27-25dc-4964-929d-01cd8ce9fabe,2026-07-01T16:00:22,1671,1671,0,1.0,227,7.323
8d73ab27-25dc-4964-929d-01cd8ce9fabe,2026-07-01T16:00:22,1671,1671,0,1.0,227,7.323
8d73ab27-25dc-4964-929d-01cd8ce9fabe,2026-07-01T16:00:22,1671,1671,0,1.0,227,7.323
8d73ab27-25dc-4964-929d-01cd8ce9fabe,2026-07-01T16:00:22,1671,1671,0,1.0,227,7.323
8d73ab27-25dc-4964-929d-01cd8ce9fabe,2026-07-01T16:00:22,1671,1671,0,1.0,227,7.323
8d73ab27-25dc-4964-929d-01cd8ce9fabe,2026-07-01T16:00:22,1671,1671,0,1.0,227,7.323
8d73ab27-25dc-4964-929d-01cd8ce9fabe,2026-07-01T16:00:22,1671,1671,0,1.0,227,7.323
8d73ab27-25dc-4964-929d-01cd8ce9fabe,2026-07-01T16:00:22,1671,1671,0,1.0,227,7.323
8d73ab27-25dc-4964-929d-01cd8ce9fabe,2026-07-01T16:00:22,1673,1673,0,1.0,227,7.323
8d73ab27-25dc-4964-929d-01cd8ce9fabe,2026-07-01T16:00:22,1673,1673,0,1.0,227,7.323
8d73ab27-25dc-4964-929d-01cd8ce9fabe,2026-07-01T16:00:22,1673,1673,0,1.0,227,7.323
8d73ab27-25dc-4964-929d-01cd8ce9fabe,2026-07-01T16:00:22,1671,1671,0,1.0,227,7.323
8d73ab27-25dc-4964-929d-01cd8ce9fabe,2026-07-01T16:00:22,1671,1671,0,1.0,227,7.323
8d73ab27-25dc-4964-929d-01cd8ce9fabe,2026-07-01T16:00:22,1671,1671,0,1.0,227,7.323
8d73ab27-25dc-4964-929d-01cd8ce9fabe,2026-07-01T16:00:23,1671,1671,0,1.0,227,7.323
8d73ab27-25dc-4964-929d-01cd8ce9fabe,2026-07-01T16:00:23,1671,1671,0,1.0,227,7.323
8d73ab27-25dc-4964-929d-01cd8ce9fabe,2026-07-01T16:00:23,1671,1671,0,1.0,227,7.323
8d73ab27-25dc-4964-929d-01cd8ce9fabe,2026-07-01T16:00:23,1671,1671,0,1.0,227,7.323
8d73ab27-25dc-4964-929d-01cd8ce9fabe,2026-07-01T16:00:23,1671,1671,0,1.0,227,7.323
8d73ab27-25dc-4964-929d-01cd8ce9fabe,2026-07-01T16:00:23,1671,1671,0,1.0,227,7.323
8d73ab27-25dc-4964-929d-01cd8ce9fabe,2026-07-01T16:00:23,1671,1671,0,1.0,227,7.323
8d73ab27-25dc-4964-929d-01cd8ce9fabe,2026-07-01T16:00:23,1671,1671,0,1.0,227,7.323
8d73ab27-25dc-4964-929d-01cd8ce9fabe,2026-07-01T16:00:23,1671,1671,0,1.0,227,7.323
8d73ab27-25dc-4964-929d-01cd8ce9fabe,2026-07-01T16:00:23,1671,1671,0,1.0,227,7.323
8d73ab27-25dc-4964-929d-01cd8ce9fabe,2026-07-01T16:00:23,1671,1671,0,1.0,227,7.323
8d73ab27-25dc-4964-929d-01cd8ce9fabe,2026-07-01T16:00:24,1671,1671,0,1.0,227,7.323
8d73ab27-25dc-4964-929d-01cd8ce9fabe,2026-07-01T16:00:24,1671,1671,0,1.0,227,7.323
8d73ab27-25dc-4964-929d-01cd8ce9fabe,2026-07-01T16:00:24,1671,1671,0,1.0,227,7.323
8d73ab27-25dc-4964-929d-01cd8ce9fabe,2026-07-01T16:00:24,1671,1671,0,1.0,227,7.323
8d73ab27-25dc-4964-929d-01cd8ce9fabe,2026-07-01T16:00:24,1671,1671,0,1.0,227,7.323
8d73ab27-25dc-4964-929d-01cd8ce9fabe,2026-07-01T16:00:24,1671,1671,0,1.0,227,7.323
8d73ab27-25dc-4964-929d-01cd8ce9fabe,2026-07-01T16:00:24,1671,1671,0,1.0,227,7.323
8d73ab27-25dc-4964-929d-01cd8ce9fabe,2026-07-01T16:00:24,1671,1671,0,1.0,227,7.323
8d73ab27-25dc-4964-929d-01cd8ce9fabe,2026-07-01T16:00:24,1673,1673,0,1.0,227,7.323
8d73ab27-25dc-4964-929d-01cd8ce9fabe,2026-07-01T16:00:24,1673,1673,0,1.0,227,7.323
8d73ab27-25dc-4964-929d-01cd8ce9fabe,2026-07-01T16:00:25,1673,1673,0,1.0,227,7.323
8d73ab27-25dc-4964-929d-01cd8ce9fabe,2026-07-01T16:00:25,1673,1673,0,1.0,227,7.323
8d73ab27-25dc-4964-929d-01cd8ce9fabe,2026-07-01T16:00:25,1673,1673,0,1.0,227,7.323
8d73ab27-25dc-4964-929d-01cd8ce9fabe,2026-07-01T16:00:25,1673,1673,0,1.0,227,7.323
8d73ab27-25dc-4964-929d-01cd8ce9fabe,2026-07-01T16:00:25,1673,1673,0,1.0,227,7.323
8d73ab27-25dc-4964-929d-01cd8ce9fabe,2026-07-01T16:00:25,1673,1673,0,1.0,227,7.323
8d73ab27-25dc-4964-929d-01cd8ce9fabe,2026-07-01T16:00:25,1673,1673,0,1.0,227,7.323
8d73ab27-25dc-4964-929d-01cd8ce9fabe,2026-07-01T16:00:27,1671,1671,0,1.0,227,7.319
8d73ab27-25dc-4964-929d-01cd8ce9fabe,2026-07-01T16:00:28,1671,1671,0,1.0,227,7.319
8d73ab27-25dc-4964-929d-01cd8ce9fabe,2026-07-01T16:00:28,1671,1671,0,1.0,227,7.319
8d73ab27-25dc-4964-929d-01cd8ce9fabe,2026-07-01T16:00:28,1671,1671,0,1.0,227,7.319
8d73ab27-25dc-4964-929d-01cd8ce9fabe,2026-07-01T16:00:28,1671,1671,0,1.0,227,7.319
8d73ab27-25dc-4964-929d-01cd8ce9fabe,2026-07-01T16:00:28,1671,1671,0,1.0,227,7.319
8d73ab27-25dc-4964-929d-01cd8ce9fabe,2026-07-01T16:00:28,1671,1671,0,1.0,227,7.319
8d73ab27-25dc-4964-929d-01cd8ce9fabe,2026-07-01T16:00:28,1669,1669,0,1.0,227,7.319
8d73ab27-25dc-4964-929d-01cd8ce9fabe,2026-07-01T16:00:28,1669,1669,0,1.0,227,7.319
8d73ab27-25dc-4964-929d-01cd8ce9fabe,2026-07-01T16:00:28,1669,1669,0,1.0,227,7.319
8d73ab27-25dc-4964-929d-01cd8ce9fabe,2026-07-01T16:00:28,1669,1669,0,1.0,227,7.319
8d73ab27-25dc-4964-929d-01cd8ce9fabe,2026-07-01T16:00:29,1669,1669,0,1.0,227,7.315
8d73ab27-25dc-4964-929d-01cd8ce9fabe,2026-07-01T16:00:29,1669,1669,0,1.0,227,7.315
8d73ab27-25dc-4964-929d-01cd8ce9fabe,2026-07-01T16:00:29,1669,1669,0,1.0,227,7.315
8d73ab27-25dc-4964-929d-01cd8ce9fabe,2026-07-01T16:00:29,1669,1669,0,1.0,227,7.315
8d73ab27-25dc-4964-929d-01cd8ce9fabe,2026-07-01T16:00:29,1669,1669,0,1.0,227,7.315
8d73ab27-25dc-4964-929d-01cd8ce9fabe,2026-07-01T16:00:29,1669,1669,0,1.0,227,7.315
8d73ab27-25dc-4964-929d-01cd8ce9fabe,2026-07-01T16:00:29,1669,1669,0,1.0,227,7.315
8d73ab27-25dc-4964-929d-01cd8ce9fabe,2026-07-01T16:00:29,1669,1669,0,1.0,227,7.315
8d73ab27-25dc-4964-929d-01cd8ce9fabe,2026-07-01T16:00:29,1669,1669,0,1.0,227,7.315
8d73ab27-25dc-4964-929d-01cd8ce9fabe,2026-07-01T16:00:29,1669,1669,0,1.0,227,7.315
8d73ab27-25dc-4964-929d-01cd8ce9fabe,2026-07-01T16:00:30,1669,1669,0,1.0,227,7.315
8d73ab27-25dc-4964-929d-01cd8ce9fabe,2026-07-01T16:00:30,1669,1669,0,1.0,227,7.315
8d73ab27-25dc-4964-929d-01cd8ce9fabe,2026-07-01T16:00:30,1000,1658,1322,0.6,227,7.315
8d73ab27-25dc-4964-929d-01cd8ce9fabe,2026-07-01T16:00:32,4,12,11,0.36,227,0.052
8d73ab27-25dc-4964-929d-01cd8ce9fabe,2026-07-01T16:00:32,4,12,11,0.36,227,0.052
8d73ab27-25dc-4964-929d-01cd8ce9fabe,2026-07-01T16:00:32,4,12,11,0.36,230,0.052
8d73ab27-25dc-4964-929d-01cd8ce9fabe,2026-07-01T16:00:32,4,12,11,0.36,230,0.052
8d73ab27-25dc-4964-929d-01cd8ce9fabe,2026-07-01T16:00:32,4,12,11,0.36,230,0.052
8d73ab27-25dc-4964-929d-01cd8ce9fabe,2026-07-01T16:00:32,4,12,11,0.36,230,0.052
8d73ab27-25dc-4964-929d-01cd8ce9fabe,2026-07-01T16:00:32,4,12,11,0.36,230,0.052
8d73ab27-25dc-4964-929d-01cd8ce9fabe,2026-07-01T16:00:32,4,12,11,0.37,230,0.052
8d73ab27-25dc-4964-929d-01cd8ce9fabe,2026-07-01T16:00:32,4,12,11,0.37,230,0.052
8d73ab27-25dc-4964-929d-01cd8ce9fabe,2026-07-01T16:00:32,4,12,11,0.37,230,0.052
8d73ab27-25dc-4964-929d-01cd8ce9fabe,2026-07-01T16:00:32,4,12,11,0.37,230,0.052
8d73ab27-25dc-4964-929d-01cd8ce9fabe,2026-07-01T16:00:35,4,10,9,0.43,231,0.042
8d73ab27-25dc-4964-929d-01cd8ce9fabe,2026-07-01T16:00:35,4,10,9,0.43,231,0.042
8d73ab27-25dc-4964-929d-01cd8ce9fabe,2026-07-01T16:00:35,4,10,9,0.43,231,0.042
8d73ab27-25dc-4964-929d-01cd8ce9fabe,2026-07-01T16:00:35,4,10,9,0.45,231,0.042
8d73ab27-25dc-4964-929d-01cd8ce9fabe,2026-07-01T16:00:35,4,10,9,0.45,231,0.042
8d73ab27-25dc-4964-929d-01cd8ce9fabe,2026-07-01T16:00:35,4,10,9,0.45,231,0.042
8d73ab27-25dc-4964-929d-01cd8ce9fabe,2026-07-01T16:00:35,4,10,9,0.45,231,0.042
8d73ab27-25dc-4964-929d-01cd8ce9fabe,2026-07-01T16:00:35,4,10,9,0.45,231,0.042
8d73ab27-25dc-4964-929d-01cd8ce9fabe,2026-07-01T16:00:35,4,10,9,0.45,231,0.042
8d73ab27-25dc-4964-929d-01cd8ce9fabe,2026-07-01T16:00:36,4,10,9,0.45,231,0.042
8d73ab27-25dc-4964-929d-01cd8ce9fabe,2026-07-01T16:00:36,4,10,9,0.45,231,0.042
8d73ab27-25dc-4964-929d-01cd8ce9fabe,2026-07-01T16:00:36,4,10,9,0.45,231,0.042
8d73ab27-25dc-4964-929d-01cd8ce9fabe,2026-07-01T16:00:36,4,10,9,0.45,231,0.042
8d73ab27-25dc-4964-929d-01cd8ce9fabe,2026-07-01T16:00:36,4,10,9,0.42,231,0.043
8d73ab27-25dc-4964-929d-01cd8ce9fabe,2026-07-01T16:00:36,4,10,9,0.42,231,0.043
8d73ab27-25dc-4964-929d-01cd8ce9fabe,2026-07-01T16:00:36,4,10,9,0.42,231,0.043
8d73ab27-25dc-4964-929d-01cd8ce9fabe,2026-07-01T16:00:36,4,10,9,0.42,231,0.043
8d73ab27-25dc-4964-929d-01cd8ce9fabe,2026-07-01T16:00:36,4,10,9,0.42,231,0.043
8d73ab27-25dc-4964-929d-01cd8ce9fabe,2026-07-01T16:00:36,4,10,9,0.42,231,0.043
8d73ab27-25dc-4964-929d-01cd8ce9fabe,2026-07-01T16:00:36,4,10,9,0.43,231,0.043
8d73ab27-25dc-4964-929d-01cd8ce9fabe,2026-07-01T16:00:36,4,10,9,0.43,231,0.043
8d73ab27-25dc-4964-929d-01cd8ce9fabe,2026-07-01T16:00:36,4,10,9,0.43,231,0.043
8d73ab27-25dc-4964-929d-01cd8ce9fabe,2026-07-01T16:00:36,4,10,9,0.42,231,0.043
8d73ab27-25dc-4964-929d-01cd8ce9fabe,2026-07-01T16:00:36,4,10,9,0.42,231,0.043
8d73ab27-25dc-4964-929d-01cd8ce9fabe,2026-07-01T16:00:36,4,10,9,0.42,231,0.043
8d73ab27-25dc-4964-929d-01cd8ce9fabe,2026-07-01T16:00:37,4,10,9,0.42,230,0.043
8d73ab27-25dc-4964-929d-01cd8ce9fabe,2026-07-01T16:00:37,4,10,9,0.42,230,0.043
8d73ab27-25dc-4964-929d-01cd8ce9fabe,2026-07-01T16:00:37,4,10,9,0.44,230,0.043
8d73ab27-25dc-4964-929d-01cd8ce9fabe,2026-07-01T16:00:37,4,10,9,0.44,230,0.043
8d73ab27-25dc-4964-929d-01cd8ce9fabe,2026-07-01T16:00:37,4,10,9,0.44,230,0.043
8d73ab27-25dc-4964-929d-01cd8ce9fabe,2026-07-01T16:00:37,4,10,9,0.44,230,0.043
8d73ab27-25dc-4964-929d-01cd8ce9fabe,2026-07-01T16:00:37,4,10,9,0.44,230,0.043
8d73ab27-25dc-4964-929d-01cd8ce9fabe,2026-07-01T16:00:37,4,10,9,0.44,230,0.043
8d73ab27-25dc-4964-929d-01cd8ce9fabe,2026-07-01T16:00:37,4,10,9,0.44,230,0.043
8d73ab27-25dc-4964-929d-01cd8ce9fabe,2026-07-01T16:00:37,4,10,9,0.42,230,0.043
8d73ab27-25dc-4964-929d-01cd8ce9fabe,2026-07-01T16:00:37,4,10,9,0.42,230,0.043
8d73ab27-25dc-4964-929d-01cd8ce9fabe,2026-07-01T16:00:37,4,10,9,0.42,230,0.043
8d73ab27-25dc-4964-929d-01cd8ce9fabe,2026-07-01T16:00:37,4,10,9,0.42,230,0.043
8d73ab27-25dc-4964-929d-01cd8ce9fabe,2026-07-01T16:00:38,5,10,9,0.45,230,0.043
8d73ab27-25dc-4964-929d-01cd8ce9fabe,2026-07-01T16:00:38,5,10,9,0.45,230,0.043
8d73ab27-25dc-4964-929d-01cd8ce9fabe,2026-07-01T16:00:38,5,10,9,0.45,230,0.043
8d73ab27-25dc-4964-929d-01cd8ce9fabe,2026-07-01T16:00:38,4,10,9,0.43,230,0.043
8d73ab27-25dc-4964-929d-01cd8ce9fabe,2026-07-01T16:00:38,4,10,9,0.43,230,0.043
8d73ab27-25dc-4964-929d-01cd8ce9fabe,2026-07-01T16:00:38,4,10,9,0.43,230,0.043
8d73ab27-25dc-4964-929d-01cd8ce9fabe,2026-07-01T16:00:38,4,10,9,0.43,230,0.043
8d73ab27-25dc-4964-929d-01cd8ce9fabe,2026-07-01T16:00:38,4,10,9,0.42,230,0.043
8d73ab27-25dc-4964-929d-01cd8ce9fabe,2026-07-01T16:00:38,4,10,9,0.42,230,0.043
8d73ab27-25dc-4964-929d-01cd8ce9fabe,2026-07-01T16:00:38,4,10,9,0.42,230,0.043
8d73ab27-25dc-4964-929d-01cd8ce9fabe,2026-07-01T16:00:38,4,10,9,0.42,230,0.043
8d73ab27-25dc-4964-929d-01cd8ce9fabe,2026-07-01T16:00:38,4,10,9,0.42,230,0.043
8d73ab27-25dc-4964-929d-01cd8ce9fabe,2026-07-01T16:00:38,4,10,9,0.42,230,0.043
8d73ab27-25dc-4964-929d-01cd8ce9fabe,2026-07-01T16:00:39,4,10,9,0.43,230,0.043
8d73ab27-25dc-4964-929d-01cd8ce9fabe,2026-07-01T16:00:39,4,10,9,0.43,230,0.043
8d73ab27-25dc-4964-929d-01cd8ce9fabe,2026-07-01T16:00:39,4,10,9,0.43,230,0.043
8d73ab27-25dc-4964-929d-01cd8ce9fabe,2026-07-01T16:00:39,4,10,9,0.43,230,0.043
8d73ab27-25dc-4964-929d-01cd8ce9fabe,2026-07-01T16:00:39,4,10,9,0.43,230,0.043
8d73ab27-25dc-4964-929d-01cd8ce9fabe,2026-07-01T16:00:39,4,10,9,0.42,230,0.043
8d73ab27-25dc-4964-929d-01cd8ce9fabe,2026-07-01T16:00:39,4,10,9,0.42,230,0.043
8d73ab27-25dc-4964-929d-01cd8ce9fabe,2026-07-01T16:00:39,4,10,9,0.44,230,0.043
8d73ab27-25dc-4964-929d-01cd8ce9fabe,2026-07-01T16:00:39,4,10,9,0.44,230,0.043
8d73ab27-25dc-4964-929d-01cd8ce9fabe,2026-07-01T16:00:39,4,10,9,0.44,230,0.043
8d73ab27-25dc-4964-929d-01cd8ce9fabe,2026-07-01T16:00:39,4,10,9,0.44,230,0.043
8d73ab27-25dc-4964-929d-01cd8ce9fabe,2026-07-01T16:00:39,4,10,9,0.44,230,0.043
8d73ab27-25dc-4964-929d-01cd8ce9fabe,2026-07-01T16:00:40,509,509,0,1.0,230,0.043
8d73ab27-25dc-4964-929d-01cd8ce9fabe,2026-07-01T16:00:40,509,509,0,1.0,230,0.043
8d73ab27-25dc-4964-929d-01cd8ce9fabe,2026-07-01T16:00:40,1695,1719,287,0.99,230,7.464
8d73ab27-25dc-4964-929d-01cd8ce9fabe,2026-07-01T16:00:40,1695,1719,287,0.99,230,7.464
8d73ab27-25dc-4964-929d-01cd8ce9fabe,2026-07-01T16:00:40,1684,1719,347,0.98,230,7.464
8d73ab27-25dc-4964-929d-01cd8ce9fabe,2026-07-01T16:00:40,1684,1719,347,0.98,230,7.464
8d73ab27-25dc-4964-929d-01cd8ce9fabe,2026-07-01T16:00:40,1684,1719,347,0.98,230,7.464
8d73ab27-25dc-4964-929d-01cd8ce9fabe,2026-07-01T16:00:40,1682,1719,356,0.98,230,7.464
8d73ab27-25dc-4964-929d-01cd8ce9fabe,2026-07-01T16:00:40,1682,1719,356,0.98,230,7.464
8d73ab27-25dc-4964-929d-01cd8ce9fabe,2026-07-01T16:00:41,1682,1694,206,0.99,227,7.464
8d73ab27-25dc-4964-929d-01cd8ce9fabe,2026-07-01T16:00:41,1682,1694,206,0.99,227,7.464
8d73ab27-25dc-4964-929d-01cd8ce9fabe,2026-07-01T16:00:41,1680,1694,221,0.99,227,7.464
8d73ab27-25dc-4964-929d-01cd8ce9fabe,2026-07-01T16:00:41,1680,1694,221,0.99,227,7.464
8d73ab27-25dc-4964-929d-01cd8ce9fabe,2026-07-01T16:00:41,1680,1694,221,0.99,227,7.464
8d73ab27-25dc-4964-929d-01cd8ce9fabe,2026-07-01T16:00:41,1680,1694,221,0.99,227,7.464
8d73ab27-25dc-4964-929d-01cd8ce9fabe,2026-07-01T16:00:41,1680,1694,221,0.99,227,7.464
8d73ab27-25dc-4964-929d-01cd8ce9fabe,2026-07-01T16:00:41,1680,1694,221,0.99,227,7.464
8d73ab27-25dc-4964-929d-01cd8ce9fabe,2026-07-01T16:00:41,1680,1694,221,0.99,227,7.464
8d73ab27-25dc-4964-929d-01cd8ce9fabe,2026-07-01T16:00:41,1680,1680,0,1.0,227,7.357
8d73ab27-25dc-4964-929d-01cd8ce9fabe,2026-07-01T16:00:41,1680,1680,0,1.0,227,7.357
8d73ab27-25dc-4964-929d-01cd8ce9fabe,2026-07-01T16:00:41,1680,1680,0,1.0,227,7.357
8d73ab27-25dc-4964-929d-01cd8ce9fabe,2026-07-01T16:00:42,1680,1680,0,1.0,227,7.357
8d73ab27-25dc-4964-929d-01cd8ce9fabe,2026-07-01T16:00:42,1680,1680,0,1.0,227,7.357
8d73ab27-25dc-4964-929d-01cd8ce9fabe,2026-07-01T16:00:42,1680,1680,0,1.0,227,7.357
8d73ab27-25dc-4964-929d-01cd8ce9fabe,2026-07-01T16:00:42,1678,1678,0,1.0,227,7.357
8d73ab27-25dc-4964-929d-01cd8ce9fabe,2026-07-01T16:00:42,1678,1678,0,1.0,227,7.357
8d73ab27-25dc-4964-929d-01cd8ce9fabe,2026-07-01T16:00:42,1678,1678,0,1.0,227,7.357
8d73ab27-25dc-4964-929d-01cd8ce9fabe,2026-07-01T16:00:42,1678,1678,0,1.0,227,7.357
8d73ab27-25dc-4964-929d-01cd8ce9fabe,2026-07-01T16:00:42,1678,1678,0,1.0,227,7.357
8d73ab27-25dc-4964-929d-01cd8ce9fabe,2026-07-01T16:00:42,1678,1678,0,1.0,227,7.357
8d73ab27-25dc-4964-929d-01cd8ce9fabe,2026-07-01T16:00:42,1678,1678,0,1.0,227,7.357
8d73ab27-25dc-4964-929d-01cd8ce9fabe,2026-07-01T16:00:42,1678,1678,0,1.0,227,7.357
8d73ab27-25dc-4964-929d-01cd8ce9fabe,2026-07-01T16:00:42,1678,1678,0,1.0,227,7.357
8d73ab27-25dc-4964-929d-01cd8ce9fabe,2026-07-01T16:00:42,1678,1678,0,1.0,227,7.357
8d73ab27-25dc-4964-929d-01cd8ce9fabe,2026-07-01T16:00:42,1678,1678,0,1.0,227,7.357
8d73ab27-25dc-4964-929d-01cd8ce9fabe,2026-07-01T16:00:43,1676,1676,0,1.0,227,7.357
8d73ab27-25dc-4964-929d-01cd8ce9fabe,2026-07-01T16:00:43,1676,1676,0,1.0,227,7.357
8d73ab27-25dc-4964-929d-01cd8ce9fabe,2026-07-01T16:00:43,1676,1676,0,1.0,227,7.357
8d73ab27-25dc-4964-929d-01cd8ce9fabe,2026-07-01T16:00:43,1676,1676,0,1.0,227,7.357
8d73ab27-25dc-4964-929d-01cd8ce9fabe,2026-07-01T16:00:43,1676,1676,0,1.0,227,7.34
8d73ab27-25dc-4964-929d-01cd8ce9fabe,2026-07-01T16:00:43,1676,1676,0,1.0,227,7.34
8d73ab27-25dc-4964-929d-01cd8ce9fabe,2026-07-01T16:00:46,1675,1675,0,1.0,227,7.34
8d73ab27-25dc-4964-929d-01cd8ce9fabe,2026-07-01T16:00:46,1675,1675,0,1.0,227,7.34
8d73ab27-25dc-4964-929d-01cd8ce9fabe,2026-07-01T16:00:46,1675,1675,0,1.0,227,7.34
8d73ab27-25dc-4964-929d-01cd8ce9fabe,2026-07-01T16:00:46,1675,1675,0,1.0,227,7.34
8d73ab27-25dc-4964-929d-01cd8ce9fabe,2026-07-01T16:00:46,1675,1675,0,1.0,227,7.34
8d73ab27-25dc-4964-929d-01cd8ce9fabe,2026-07-01T16:00:46,1673,1673,0,1.0,227,7.327
8d73ab27-25dc-4964-929d-01cd8ce9fabe,2026-07-01T16:00:46,1673,1673,0,1.0,227,7.327
8d73ab27-25dc-4964-929d-01cd8ce9fabe,2026-07-01T16:00:46,1673,1673,0,1.0,227,7.327
8d73ab27-25dc-4964-929d-01cd8ce9fabe,2026-07-01T16:00:47,1675,1675,0,1.0,227,7.327
8d73ab27-25dc-4964-929d-01cd8ce9fabe,2026-07-01T16:00:47,1675,1675,0,1.0,227,7.327
8d73ab27-25dc-4964-929d-01cd8ce9fabe,2026-07-01T16:00:47,1675,1675,0,1.0,227,7.327
8d73ab27-25dc-4964-929d-01cd8ce9fabe,2026-07-01T16:00:47,1675,1675,0,1.0,227,7.327
8d73ab27-25dc-4964-929d-01cd8ce9fabe,2026-07-01T16:00:47,1675,1675,0,1.0,227,7.327
8d73ab27-25dc-4964-929d-01cd8ce9fabe,2026-07-01T16:00:47,1675,1675,0,1.0,227,7.327
8d73ab27-25dc-4964-929d-01cd8ce9fabe,2026-07-01T16:00:47,1675,1675,0,1.0,227,7.327
8d73ab27-25dc-4964-929d-01cd8ce9fabe,2026-07-01T16:00:47,1675,1675,0,1.0,227,7.327
8d73ab27-25dc-4964-929d-01cd8ce9fabe,2026-07-01T16:00:47,1675,1675,0,1.0,227,7.327
8d73ab27-25dc-4964-929d-01cd8ce9fabe,2026-07-01T16:00:49,1671,1671,0,1.0,227,7.331
8d73ab27-25dc-4964-929d-01cd8ce9fabe,2026-07-01T16:00:49,1671,1671,0,1.0,227,7.323
8d73ab27-25dc-4964-929d-01cd8ce9fabe,2026-07-01T16:00:49,1671,1671,0,1.0,227,7.323
8d73ab27-25dc-4964-929d-01cd8ce9fabe,2026-07-01T16:00:50,1671,1671,0,1.0,227,7.323
8d73ab27-25dc-4964-929d-01cd8ce9fabe,2026-07-01T16:00:50,1671,1671,0,1.0,227,7.323
8d73ab27-25dc-4964-929d-01cd8ce9fabe,2026-07-01T16:00:52,1673,1673,0,1.0,227,7.323
8d73ab27-25dc-4964-929d-01cd8ce9fabe,2026-07-01T16:00:52,1673,1673,0,1.0,227,7.323
8d73ab27-25dc-4964-929d-01cd8ce9fabe,2026-07-01T16:00:52,1671,1671,0,1.0,227,7.323
8d73ab27-25dc-4964-929d-01cd8ce9fabe,2026-07-01T16:00:52,1671,1671,0,1.0,227,7.323
8d73ab27-25dc-4964-929d-01cd8ce9fabe,2026-07-01T16:00:52,1671,1671,0,1.0,227,7.323
8d73ab27-25dc-4964-929d-01cd8ce9fabe,2026-07-01T16:00:52,1671,1671,0,1.0,227,7.323
8d73ab27-25dc-4964-929d-01cd8ce9fabe,2026-07-01T16:00:52,1673,1673,0,1.0,227,7.323
8d73ab27-25dc-4964-929d-01cd8ce9fabe,2026-07-01T16:00:52,1673,1673,0,1.0,227,7.323
8d73ab27-25dc-4964-929d-01cd8ce9fabe,2026-07-01T16:00:53,1673,1673,0,1.0,227,7.327
8d73ab27-25dc-4964-929d-01cd8ce9fabe,2026-07-01T16:00:53,1673,1673,0,1.0,227,7.327
8d73ab27-25dc-4964-929d-01cd8ce9fabe,2026-07-01T16:00:53,1673,1673,0,1.0,227,7.327
8d73ab27-25dc-4964-929d-01cd8ce9fabe,2026-07-01T16:00:53,1673,1673,0,1.0,227,7.327
8d73ab27-25dc-4964-929d-01cd8ce9fabe,2026-07-01T16:00:53,1673,1673,0,1.0,227,7.327
8d73ab27-25dc-4964-929d-01cd8ce9fabe,2026-07-01T16:00:53,1673,1673,0,1.0,227,7.327
8d73ab27-25dc-4964-929d-01cd8ce9fabe,2026-07-01T16:00:53,1673,1673,0,1.0,227,7.327
8d73ab27-25dc-4964-929d-01cd8ce9fabe,2026-07-01T16:00:53,1673,1673,0,1.0,227,7.327
8d73ab27-25dc-4964-929d-01cd8ce9fabe,2026-07-01T16:00:53,1673,1673,0,1.0,227,7.327
8d73ab27-25dc-4964-929d-01cd8ce9fabe,2026-07-01T16:00:53,1673,1673,0,1.0,227,7.327
8d73ab27-25dc-4964-929d-01cd8ce9fabe,2026-07-01T16:00:53,1673,1673,0,1.0,227,7.327
8d73ab27-25dc-4964-929d-01cd8ce9fabe,2026-07-01T16:00:53,1673,1673,0,1.0,227,7.327
8d73ab27-25dc-4964-929d-01cd8ce9fabe,2026-07-01T16:00:53,1673,1673,0,1.0,227,7.327
8d73ab27-25dc-4964-929d-01cd8ce9fabe,2026-07-01T16:00:54,1673,1673,0,1.0,227,7.327
8d73ab27-25dc-4964-929d-01cd8ce9fabe,2026-07-01T16:00:54,1673,1673,0,1.0,227,7.327
8d73ab27-25dc-4964-929d-01cd8ce9fabe,2026-07-01T16:00:54,1673,1673,0,1.0,227,7.327
8d73ab27-25dc-4964-929d-01cd8ce9fabe,2026-07-01T16:00:54,1673,1673,0,1.0,227,7.327
8d73ab27-25dc-4964-929d-01cd8ce9fabe,2026-07-01T16:00:54,1673,1673,0,1.0,227,7.327
8d73ab27-25dc-4964-929d-01cd8ce9fabe,2026-07-01T16:00:54,1673,1673,0,1.0,227,7.327
8d73ab27-25dc-4964-929d-01cd8ce9fabe,2026-07-01T16:00:54,1673,1673,0,1.0,227,7.327
8d73ab27-25dc-4964-929d-01cd8ce9fabe,2026-07-01T16:00:54,1673,1673,0,1.0,227,7.327
8d73ab27-25dc-4964-929d-01cd8ce9fabe,2026-07-01T16:00:54,1673,1673,0,1.0,227,7.327
8d73ab27-25dc-4964-929d-01cd8ce9fabe,2026-07-01T16:00:55,1675,1675,0,1.0,227,7.327
8d73ab27-25dc-4964-929d-01cd8ce9fabe,2026-07-01T16:00:55,1675,1675,0,1.0,227,7.327
8d73ab27-25dc-4964-929d-01cd8ce9fabe,2026-07-01T16:00:57,1675,1675,0,1.0,227,7.327
8d73ab27-25dc-4964-929d-01cd8ce9fabe,2026-07-01T16:00:57,1675,1675,0,1.0,227,7.327
8d73ab27-25dc-4964-929d-01cd8ce9fabe,2026-07-01T16:00:57,1675,1675,0,1.0,227,7.327
8d73ab27-25dc-4964-929d-01cd8ce9fabe,2026-07-01T16:00:57,1675,1675,0,1.0,227,7.327
8d73ab27-25dc-4964-929d-01cd8ce9fabe,2026-07-01T16:00:57,1675,1675,0,1.0,227,7.327
8d73ab27-25dc-4964-929d-01cd8ce9fabe,2026-07-01T16:00:57,1675,1675,0,1.0,227,7.331
8d73ab27-25dc-4964-929d-01cd8ce9fabe,2026-07-01T16:00:57,1675,1675,0,1.0,227,7.331
8d73ab27-25dc-4964-929d-01cd8ce9fabe,2026-07-01T16:00:57,1675,1675,0,1.0,227,7.331
8d73ab27-25dc-4964-929d-01cd8ce9fabe,2026-07-01T16:00:58,1675,1675,0,1.0,227,7.331
8d73ab27-25dc-4964-929d-01cd8ce9fabe,2026-07-01T16:00:58,1675,1675,0,1.0,227,7.331
8d73ab27-25dc-4964-929d-01cd8ce9fabe,2026-07-01T16:00:58,1675,1675,0,1.0,227,7.331
8d73ab27-25dc-4964-929d-01cd8ce9fabe,2026-07-01T16:00:58,1675,1675,0,1.0,227,7.331
8d73ab27-25dc-4964-929d-01cd8ce9fabe,2026-07-01T16:00:58,1675,1675,0,1.0,227,7.331
8d73ab27-25dc-4964-929d-01cd8ce9fabe,2026-07-01T16:00:58,1675,1675,0,1.0,227,7.331
8d73ab27-25dc-4964-929d-01cd8ce9fabe,2026-07-01T16:00:58,1676,1676,0,1.0,227,7.331
8d73ab27-25dc-4964-929d-01cd8ce9fabe,2026-07-01T16:00:58,1676,1676,0,1.0,227,7.331
8d73ab27-25dc-4964-929d-01cd8ce9fabe,2026-07-01T16:00:58,1675,1675,0,1.0,227,7.331
8d73ab27-25dc-4964-929d-01cd8ce9fabe,2026-07-01T16:00:58,1675,1675,0,1.0,227,7.331
8d73ab27-25dc-4964-929d-01cd8ce9fabe,2026-07-01T16:00:58,1675,1675,0,1.0,227,7.331
8d73ab27-25dc-4964-929d-01cd8ce9fabe,2026-07-01T16:00:59,1676,1676,0,1.0,227,7.331
8d73ab27-25dc-4964-929d-01cd8ce9fabe,2026-07-01T16:00:59,1676,1676,0,1.0,227,7.331
8d73ab27-25dc-4964-929d-01cd8ce9fabe,2026-07-01T16:00:59,1676,1676,0,1.0,227,7.331
8d73ab27-25dc-4964-929d-01cd8ce9fabe,2026-07-01T16:00:59,1676,1676,0,1.0,227,7.331
8d73ab27-25dc-4964-929d-01cd8ce9fabe,2026-07-01T16:00:59,1676,1676,0,1.0,227,7.331
8d73ab27-25dc-4964-929d-01cd8ce9fabe,2026-07-01T16:00:59,1676,1676,0,1.0,227,7.331
8d73ab27-25dc-4964-929d-01cd8ce9fabe,2026-07-01T16:00:59,1676,1676,0,1.0,227,7.331
8d73ab27-25dc-4964-929d-01cd8ce9fabe,2026-07-01T16:00:59,1676,1676,0,1.0,227,7.331
8d73ab27-25dc-4964-929d-01cd8ce9fabe,2026-07-01T16:00:59,1676,1676,0,1.0,227,7.331
8d73ab27-25dc-4964-929d-01cd8ce9fabe,2026-07-01T16:00:59,1676,1676,0,1.0,227,7.331
8d73ab27-25dc-4964-929d-01cd8ce9fabe,2026-07-01T16:00:59,1676,1676,0,1.0,227,7.331
8d73ab27-25dc-4964-929d-01cd8ce9fabe,2026-07-01T16:00:59,1675,1675,0,1.0,227,7.331
8d73ab27-25dc-4964-929d-01cd8ce9fabe,2026-07-01T16:00:59,1675,1675,0,1.0,227,7.331
8d73ab27-25dc-4964-929d-01cd8ce9fabe,2026-07-01T16:00:59,1675,1675,0,1.0,227,7.331
8d73ab27-25dc-4964-929d-01cd8ce9fabe,2026-07-01T16:00:59,1675,1675,0,1.0,227,7.331
8d73ab27-25dc-4964-929d-01cd8ce9fabe,2026-07-01T16:01:00,1676,1676,0,1.0,227,7.331
8d73ab27-25dc-4964-929d-01cd8ce9fabe,2026-07-01T16:01:00,1676,1676,0,1.0,227,7.331
8d73ab27-25dc-4964-929d-01cd8ce9fabe,2026-07-01T16:01:00,1675,1675,0,1.0,227,7.331
8d73ab27-25dc-4964-929d-01cd8ce9fabe,2026-07-01T16:01:00,1675,1675,0,1.0,227,7.331
8d73ab27-25dc-4964-929d-01cd8ce9fabe,2026-07-01T16:01:00,1673,1673,0,1.0,227,7.331
8d73ab27-25dc-4964-929d-01cd8ce9fabe,2026-07-01T16:01:00,1673,1673,0,1.0,227,7.331
8d73ab27-25dc-4964-929d-01cd8ce9fabe,2026-07-01T16:01:00,1673,1673,0,1.0,227,7.331
8d73ab27-25dc-4964-929d-01cd8ce9fabe,2026-07-01T16:01:00,1673,1673,0,1.0,227,7.331
8d73ab27-25dc-4964-929d-01cd8ce9fabe,2026-07-01T16:01:00,1673,1673,0,1.0,227,7.331
8d73ab27-25dc-4964-929d-01cd8ce9fabe,2026-07-01T16:01:00,1673,1673,0,1.0,227,7.331
8d73ab27-25dc-4964-929d-01cd8ce9fabe,2026-07-01T16:01:00,1673,1673,0,1.0,227,7.331
8d73ab27-25dc-4964-929d-01cd8ce9fabe,2026-07-01T16:01:01,1673,1673,0,1.0,227,7.323
8d73ab27-25dc-4964-929d-01cd8ce9fabe,2026-07-01T16:01:01,1673,1673,0,1.0,227,7.323
8d73ab27-25dc-4964-929d-01cd8ce9fabe,2026-07-01T16:01:01,1673,1673,0,1.0,227,7.323
8d73ab27-25dc-4964-929d-01cd8ce9fabe,2026-07-01T16:01:01,1673,1673,0,1.0,227,7.323
8d73ab27-25dc-4964-929d-01cd8ce9fabe,2026-07-01T16:01:01,1673,1673,0,1.0,227,7.323
8d73ab27-25dc-4964-929d-01cd8ce9fabe,2026-07-01T16:01:01,1673,1673,0,1.0,227,7.323
8d73ab27-25dc-4964-929d-01cd8ce9fabe,2026-07-01T16:01:01,1673,1673,0,1.0,227,7.323
8d73ab27-25dc-4964-929d-01cd8ce9fabe,2026-07-01T16:01:01,1673,1673,0,1.0,227,7.323
8d73ab27-25dc-4964-929d-01cd8ce9fabe,2026-07-01T16:01:01,1673,1673,0,1.0,227,7.323
8d73ab27-25dc-4964-929d-01cd8ce9fabe,2026-07-01T16:01:01,1673,1673,0,1.0,227,7.323
8d73ab27-25dc-4964-929d-01cd8ce9fabe,2026-07-01T16:01:01,1673,1673,0,1.0,227,7.323
8d73ab27-25dc-4964-929d-01cd8ce9fabe,2026-07-01T16:01:01,1673,1673,0,1.0,227,7.323
8d73ab27-25dc-4964-929d-01cd8ce9fabe,2026-07-01T16:01:01,1673,1673,0,1.0,227,7.323
8d73ab27-25dc-4964-929d-01cd8ce9fabe,2026-07-01T16:01:01,1673,1673,0,1.0,227,7.323
8d73ab27-25dc-4964-929d-01cd8ce9fabe,2026-07-01T16:01:02,1673,1673,0,1.0,227,7.323
8d73ab27-25dc-4964-929d-01cd8ce9fabe,2026-07-01T16:01:02,1673,1673,0,1.0,227,7.323
8d73ab27-25dc-4964-929d-01cd8ce9fabe,2026-07-01T16:01:02,1675,1675,0,1.0,227,7.323
8d73ab27-25dc-4964-929d-01cd8ce9fabe,2026-07-01T16:01:02,1675,1675,0,1.0,227,7.323
8d73ab27-25dc-4964-929d-01cd8ce9fabe,2026-07-01T16:01:02,1675,1675,0,1.0,227,7.323
8d73ab27-25dc-4964-929d-01cd8ce9fabe,2026-07-01T16:01:02,1675,1675,0,1.0,227,7.323
8d73ab27-25dc-4964-929d-01cd8ce9fabe,2026-07-01T16:01:02,1675,1675,0,1.0,227,7.323
8d73ab27-25dc-4964-929d-01cd8ce9fabe,2026-07-01T16:01:02,1675,1675,0,1.0,227,7.323
8d73ab27-25dc-4964-929d-01cd8ce9fabe,2026-07-01T16:01:02,1675,1675,0,1.0,227,7.331
8d73ab27-25dc-4964-929d-01cd8ce9fabe,2026-07-01T16:01:02,1675,1675,0,1.0,227,7.331
8d73ab27-25dc-4964-929d-01cd8ce9fabe,2026-07-01T16:01:02,1675,1675,0,1.0,227,7.331
8d73ab27-25dc-4964-929d-01cd8ce9fabe,2026-07-01T16:01:02,1675,1675,0,1.0,227,7.331
8d73ab27-25dc-4964-929d-01cd8ce9fabe,2026-07-01T16:01:02,1675,1675,0,1.0,227,7.331
8d73ab27-25dc-4964-929d-01cd8ce9fabe,2026-07-01T16:01:03,1675,1675,0,1.0,227,7.331
8d73ab27-25dc-4964-929d-01cd8ce9fabe,2026-07-01T16:01:03,1675,1675,0,1.0,227,7.331
8d73ab27-25dc-4964-929d-01cd8ce9fabe,2026-07-01T16:01:03,1675,1675,0,1.0,227,7.331
8d73ab27-25dc-4964-929d-01cd8ce9fabe,2026-07-01T16:01:03,1675,1675,0,1.0,227,7.331
8d73ab27-25dc-4964-929d-01cd8ce9fabe,2026-07-01T16:01:03,1675,1675,0,1.0,227,7.331
8d73ab27-25dc-4964-929d-01cd8ce9fabe,2026-07-01T16:01:03,1675,1675,0,1.0,227,7.331
8d73ab27-25dc-4964-929d-01cd8ce9fabe,2026-07-01T16:01:03,1675,1675,0,1.0,227,7.331
8d73ab27-25dc-4964-929d-01cd8ce9fabe,2026-07-01T16:01:03,1675,1675,0,1.0,227,7.331
8d73ab27-25dc-4964-929d-01cd8ce9fabe,2026-07-01T16:01:03,1675,1675,0,1.0,227,7.331
8d73ab27-25dc-4964-929d-01cd8ce9fabe,2026-07-01T16:01:03,1675,1675,0,1.0,227,7.331
8d73ab27-25dc-4964-929d-01cd8ce9fabe,2026-07-01T16:01:03,1675,1675,0,1.0,227,7.331
8d73ab27-25dc-4964-929d-01cd8ce9fabe,2026-07-01T16:01:03,1675,1675,0,1.0,227,7.331
8d73ab27-25dc-4964-929d-01cd8ce9fabe,2026-07-01T16:01:04,1675,1675,0,1.0,227,7.331
8d73ab27-25dc-4964-929d-01cd8ce9fabe,2026-07-01T16:01:04,1675,1675,0,1.0,227,7.331
8d73ab27-25dc-4964-929d-01cd8ce9fabe,2026-07-01T16:01:04,1675,1675,0,1.0,227,7.331
8d73ab27-25dc-4964-929d-01cd8ce9fabe,2026-07-01T16:01:04,1675,1675,0,1.0,227,7.327
8d73ab27-25dc-4964-929d-01cd8ce9fabe,2026-07-01T16:01:04,1675,1675,0,1.0,227,7.327
8d73ab27-25dc-4964-929d-01cd8ce9fabe,2026-07-01T16:01:04,1675,1675,0,1.0,227,7.327
8d73ab27-25dc-4964-929d-01cd8ce9fabe,2026-07-01T16:01:04,1675,1675,0,1.0,227,7.327
8d73ab27-25dc-4964-929d-01cd8ce9fabe,2026-07-01T16:01:04,1675,1675,0,1.0,227,7.327
8d73ab27-25dc-4964-929d-01cd8ce9fabe,2026-07-01T16:01:04,1675,1675,0,1.0,227,7.327
8d73ab27-25dc-4964-929d-01cd8ce9fabe,2026-07-01T16:01:04,1673,1673,0,1.0,227,7.327
8d73ab27-25dc-4964-929d-01cd8ce9fabe,2026-07-01T16:01:04,1673,1673,0,1.0,227,7.327
8d73ab27-25dc-4964-929d-01cd8ce9fabe,2026-07-01T16:01:04,1673,1673,0,1.0,227,7.327
8d73ab27-25dc-4964-929d-01cd8ce9fabe,2026-07-01T16:01:04,1673,1673,0,1.0,227,7.327
8d73ab27-25dc-4964-929d-01cd8ce9fabe,2026-07-01T16:01:04,1673,1673,0,1.0,227,7.327
8d73ab27-25dc-4964-929d-01cd8ce9fabe,2026-07-01T16:01:05,1675,1675,0,1.0,227,7.327
8d73ab27-25dc-4964-929d-01cd8ce9fabe,2026-07-01T16:01:05,1675,1675,0,1.0,227,7.327
8d73ab27-25dc-4964-929d-01cd8ce9fabe,2026-07-01T16:01:05,1675,1675,0,1.0,227,7.327
8d73ab27-25dc-4964-929d-01cd8ce9fabe,2026-07-01T16:01:05,1675,1675,0,1.0,227,7.327
8d73ab27-25dc-4964-929d-01cd8ce9fabe,2026-07-01T16:01:05,1673,1673,0,1.0,227,7.327
8d73ab27-25dc-4964-929d-01cd8ce9fabe,2026-07-01T16:01:05,1673,1673,0,1.0,227,7.327
8d73ab27-25dc-4964-929d-01cd8ce9fabe,2026-07-01T16:01:05,1673,1673,0,1.0,227,7.327
8d73ab27-25dc-4964-929d-01cd8ce9fabe,2026-07-01T16:01:05,1673,1673,0,1.0,227,7.327
8d73ab27-25dc-4964-929d-01cd8ce9fabe,2026-07-01T16:01:05,1673,1673,0,1.0,227,7.327
8d73ab27-25dc-4964-929d-01cd8ce9fabe,2026-07-01T16:01:05,1673,1673,0,1.0,227,7.327
8d73ab27-25dc-4964-929d-01cd8ce9fabe,2026-07-01T16:01:05,1673,1673,0,1.0,227,7.327
8d73ab27-25dc-4964-929d-01cd8ce9fabe,2026-07-01T16:01:05,1673,1673,0,1.0,227,7.327
8d73ab27-25dc-4964-929d-01cd8ce9fabe,2026-07-01T16:01:05,1673,1673,0,1.0,227,7.323
8d73ab27-25dc-4964-929d-01cd8ce9fabe,2026-07-01T16:01:05,1673,1673,0,1.0,227,7.323
8d73ab27-25dc-4964-929d-01cd8ce9fabe,2026-07-01T16:01:06,1673,1673,0,1.0,227,7.323
8d73ab27-25dc-4964-929d-01cd8ce9fabe,2026-07-01T16:01:06,1673,1673,0,1.0,227,7.323
8d73ab27-25dc-4964-929d-01cd8ce9fabe,2026-07-01T16:01:06,1673,1673,0,1.0,227,7.323
8d73ab27-25dc-4964-929d-01cd8ce9fabe,2026-07-01T16:01:06,1673,1673,0,1.0,227,7.323
8d73ab27-25dc-4964-929d-01cd8ce9fabe,2026-07-01T16:01:06,1673,1673,0,1.0,227,7.323
8d73ab27-25dc-4964-929d-01cd8ce9fabe,2026-07-01T16:01:06,1673,1673,0,1.0,227,7.323
8d73ab27-25dc-4964-929d-01cd8ce9fabe,2026-07-01T16:01:06,1673,1673,0,1.0,227,7.323
8d73ab27-25dc-4964-929d-01cd8ce9fabe,2026-07-01T16:01:06,1673,1673,0,1.0,227,7.323
8d73ab27-25dc-4964-929d-01cd8ce9fabe,2026-07-01T16:01:06,1673,1673,0,1.0,227,7.323
8d73ab27-25dc-4964-929d-01cd8ce9fabe,2026-07-01T16:01:06,1671,1671,0,1.0,227,7.323
8d73ab27-25dc-4964-929d-01cd8ce9fabe,2026-07-01T16:01:06,1671,1671,0,1.0,227,7.323
8d73ab27-25dc-4964-929d-01cd8ce9fabe,2026-07-01T16:01:06,1671,1671,0,1.0,227,7.323
8d73ab27-25dc-4964-929d-01cd8ce9fabe,2026-07-01T16:01:07,1671,1671,0,1.0,227,7.323
8d73ab27-25dc-4964-929d-01cd8ce9fabe,2026-07-01T16:01:07,1671,1671,0,1.0,227,7.323
8d73ab27-25dc-4964-929d-01cd8ce9fabe,2026-07-01T16:01:07,1671,1671,0,1.0,227,7.323
8d73ab27-25dc-4964-929d-01cd8ce9fabe,2026-07-01T16:01:07,1671,1671,0,1.0,227,7.323
8d73ab27-25dc-4964-929d-01cd8ce9fabe,2026-07-01T16:01:07,1671,1671,0,1.0,227,7.323
8d73ab27-25dc-4964-929d-01cd8ce9fabe,2026-07-01T16:01:07,1671,1671,0,1.0,227,7.323
8d73ab27-25dc-4964-929d-01cd8ce9fabe,2026-07-01T16:01:07,1671,1671,0,1.0,227,7.323
8d73ab27-25dc-4964-929d-01cd8ce9fabe,2026-07-01T16:01:07,1671,1671,0,1.0,227,7.323
8d73ab27-25dc-4964-929d-01cd8ce9fabe,2026-07-01T16:01:07,1671,1671,0,1.0,227,7.323
8d73ab27-25dc-4964-929d-01cd8ce9fabe,2026-07-01T16:01:07,1671,1671,0,1.0,227,7.323
8d73ab27-25dc-4964-929d-01cd8ce9fabe,2026-07-01T16:01:07,1671,1671,0,1.0,227,7.323
8d73ab27-25dc-4964-929d-01cd8ce9fabe,2026-07-01T16:01:07,1671,1671,0,1.0,227,7.323
8d73ab27-25dc-4964-929d-01cd8ce9fabe,2026-07-01T16:01:08,1671,1671,0,1.0,227,7.323
8d73ab27-25dc-4964-929d-01cd8ce9fabe,2026-07-01T16:01:08,1671,1671,0,1.0,227,7.323
8d73ab27-25dc-4964-929d-01cd8ce9fabe,2026-07-01T16:01:08,1671,1671,0,1.0,227,7.323
8d73ab27-25dc-4964-929d-01cd8ce9fabe,2026-07-01T16:01:08,1671,1671,0,1.0,227,7.323
8d73ab27-25dc-4964-929d-01cd8ce9fabe,2026-07-01T16:01:08,1671,1671,0,1.0,227,7.323
8d73ab27-25dc-4964-929d-01cd8ce9fabe,2026-07-01T16:01:08,1671,1671,0,1.0,227,7.323
8d73ab27-25dc-4964-929d-01cd8ce9fabe,2026-07-01T16:01:08,1671,1671,0,1.0,227,7.323
8d73ab27-25dc-4964-929d-01cd8ce9fabe,2026-07-01T16:01:08,1671,1671,0,1.0,227,7.323
8d73ab27-25dc-4964-929d-01cd8ce9fabe,2026-07-01T16:01:08,1671,1671,0,1.0,227,7.323
8d73ab27-25dc-4964-929d-01cd8ce9fabe,2026-07-01T16:01:08,1673,1673,0,1.0,227,7.323
8d73ab27-25dc-4964-929d-01cd8ce9fabe,2026-07-01T16:01:08,1673,1673,0,1.0,227,7.323
8d73ab27-25dc-4964-929d-01cd8ce9fabe,2026-07-01T16:01:08,1673,1673,0,1.0,227,7.323
8d73ab27-25dc-4964-929d-01cd8ce9fabe,2026-07-01T16:01:08,1673,1673,0,1.0,227,7.323
8d73ab27-25dc-4964-929d-01cd8ce9fabe,2026-07-01T16:01:08,1673,1673,0,1.0,227,7.323
8d73ab27-25dc-4964-929d-01cd8ce9fabe,2026-07-01T16:01:08,1673,1673,0,1.0,227,7.323
8d73ab27-25dc-4964-929d-01cd8ce9fabe,2026-07-01T16:01:09,1673,1673,0,1.0,227,7.323
8d73ab27-25dc-4964-929d-01cd8ce9fabe,2026-07-01T16:01:09,1673,1673,0,1.0,227,7.323
8d73ab27-25dc-4964-929d-01cd8ce9fabe,2026-07-01T16:01:09,1673,1673,0,1.0,227,7.323
8d73ab27-25dc-4964-929d-01cd8ce9fabe,2026-07-01T16:01:09,463,1662,1597,0.28,227,7.323
8d73ab27-25dc-4964-929d-01cd8ce9fabe,2026-07-01T16:01:09,463,1662,1597,0.28,227,7.323
8d73ab27-25dc-4964-929d-01cd8ce9fabe,2026-07-01T16:01:09,463,1662,1597,0.28,227,7.323
8d73ab27-25dc-4964-929d-01cd8ce9fabe,2026-07-01T16:01:09,21,1662,1662,0.01,227,7.323
8d73ab27-25dc-4964-929d-01cd8ce9fabe,2026-07-01T16:01:09,21,1662,1662,0.01,227,7.323
8d73ab27-25dc-4964-929d-01cd8ce9fabe,2026-07-01T16:01:09,21,1662,1662,0.01,227,7.323
8d73ab27-25dc-4964-929d-01cd8ce9fabe,2026-07-01T16:01:09,21,1662,1662,0.01,227,7.323
8d73ab27-25dc-4964-929d-01cd8ce9fabe,2026-07-01T16:01:09,21,1662,1662,0.01,227,7.323
8d73ab27-25dc-4964-929d-01cd8ce9fabe,2026-07-01T16:01:09,21,1693,1693,0.01,231,7.323
8d73ab27-25dc-4964-929d-01cd8ce9fabe,2026-07-01T16:01:09,21,1693,1693,0.01,231,7.323
8d73ab27-25dc-4964-929d-01cd8ce9fabe,2026-07-01T16:01:10,2,1693,1693,0.0,231,7.323
8d73ab27-25dc-4964-929d-01cd8ce9fabe,2026-07-01T16:01:10,2,1693,1693,0.0,231,7.323
8d73ab27-25dc-4964-929d-01cd8ce9fabe,2026-07-01T16:01:10,2,1693,1693,0.0,231,7.323
8d73ab27-25dc-4964-929d-01cd8ce9fabe,2026-07-01T16:01:10,2,1693,1693,0.0,231,7.323
8d73ab27-25dc-4964-929d-01cd8ce9fabe,2026-07-01T16:01:10,4,1693,1693,0.0,231,7.323
8d73ab27-25dc-4964-929d-01cd8ce9fabe,2026-07-01T16:01:10,4,1693,1693,0.0,231,7.323
8d73ab27-25dc-4964-929d-01cd8ce9fabe,2026-07-01T16:01:10,4,1693,1693,0.0,231,7.323
8d73ab27-25dc-4964-929d-01cd8ce9fabe,2026-07-01T16:01:10,4,1693,1693,0.0,231,7.323
8d73ab27-25dc-4964-929d-01cd8ce9fabe,2026-07-01T16:01:10,4,1693,1693,0.0,231,7.323
8d73ab27-25dc-4964-929d-01cd8ce9fabe,2026-07-01T16:01:10,4,1693,1693,0.0,231,7.323
8d73ab27-25dc-4964-929d-01cd8ce9fabe,2026-07-01T16:01:10,4,1693,1693,0.0,231,7.323
8d73ab27-25dc-4964-929d-01cd8ce9fabe,2026-07-01T16:01:11,4,1693,1693,0.0,231,7.323
8d73ab27-25dc-4964-929d-01cd8ce9fabe,2026-07-01T16:01:11,4,1693,1693,0.0,231,7.323
8d73ab27-25dc-4964-929d-01cd8ce9fabe,2026-07-01T16:01:11,4,1693,1693,0.0,231,7.323
8d73ab27-25dc-4964-929d-01cd8ce9fabe,2026-07-01T16:01:11,4,1693,1693,0.0,231,7.323
8d73ab27-25dc-4964-929d-01cd8ce9fabe,2026-07-01T16:01:11,4,10,9,0.43,231,0.043
8d73ab27-25dc-4964-929d-01cd8ce9fabe,2026-07-01T16:01:11,4,10,9,0.43,231,0.043
8d73ab27-25dc-4964-929d-01cd8ce9fabe,2026-07-01T16:01:11,4,10,9,0.43,231,0.043
8d73ab27-25dc-4964-929d-01cd8ce9fabe,2026-07-01T16:01:11,4,10,9,0.43,231,0.043
8d73ab27-25dc-4964-929d-01cd8ce9fabe,2026-07-01T16:01:11,4,10,9,0.42,231,0.043
8d73ab27-25dc-4964-929d-01cd8ce9fabe,2026-07-01T16:01:11,4,10,9,0.42,231,0.043
8d73ab27-25dc-4964-929d-01cd8ce9fabe,2026-07-01T16:01:11,4,10,9,0.42,231,0.043
8d73ab27-25dc-4964-929d-01cd8ce9fabe,2026-07-01T16:01:12,4,10,9,0.42,231,0.043
8d73ab27-25dc-4964-929d-01cd8ce9fabe,2026-07-01T16:01:12,4,10,9,0.42,231,0.043
8d73ab27-25dc-4964-929d-01cd8ce9fabe,2026-07-01T16:01:12,4,10,9,0.42,231,0.043
8d73ab27-25dc-4964-929d-01cd8ce9fabe,2026-07-01T16:01:12,4,10,9,0.42,231,0.043
8d73ab27-25dc-4964-929d-01cd8ce9fabe,2026-07-01T16:01:12,4,10,9,0.42,231,0.043
8d73ab27-25dc-4964-929d-01cd8ce9fabe,2026-07-01T16:01:12,4,10,9,0.42,231,0.043
8d73ab27-25dc-4964-929d-01cd8ce9fabe,2026-07-01T16:01:12,4,10,9,0.42,231,0.043
8d73ab27-25dc-4964-929d-01cd8ce9fabe,2026-07-01T16:01:12,4,10,9,0.43,231,0.043
8d73ab27-25dc-4964-929d-01cd8ce9fabe,2026-07-01T16:01:12,4,10,9,0.43,231,0.043
8d73ab27-25dc-4964-929d-01cd8ce9fabe,2026-07-01T16:01:12,4,10,9,0.43,231,0.043
8d73ab27-25dc-4964-929d-01cd8ce9fabe,2026-07-01T16:01:12,4,10,9,0.43,231,0.043
8d73ab27-25dc-4964-929d-01cd8ce9fabe,2026-07-01T16:01:13,4,10,9,0.43,231,0.043
8d73ab27-25dc-4964-929d-01cd8ce9fabe,2026-07-01T16:01:13,4,10,9,0.43,231,0.043
8d73ab27-25dc-4964-929d-01cd8ce9fabe,2026-07-01T16:01:15,4,10,9,0.44,231,0.043
8d73ab27-25dc-4964-929d-01cd8ce9fabe,2026-07-01T16:01:15,4,10,9,0.44,231,0.043
8d73ab27-25dc-4964-929d-01cd8ce9fabe,2026-07-01T16:01:15,4,10,9,0.44,231,0.043
8d73ab27-25dc-4964-929d-01cd8ce9fabe,2026-07-01T16:01:15,4,10,9,0.44,231,0.043
8d73ab27-25dc-4964-929d-01cd8ce9fabe,2026-07-01T16:01:16,5,10,9,0.45,231,0.043
8d73ab27-25dc-4964-929d-01cd8ce9fabe,2026-07-01T16:01:16,5,10,9,0.45,231,0.043
8d73ab27-25dc-4964-929d-01cd8ce9fabe,2026-07-01T16:01:17,4,10,9,0.43,231,0.043
8d73ab27-25dc-4964-929d-01cd8ce9fabe,2026-07-01T16:01:17,4,10,9,0.42,231,0.043
8d73ab27-25dc-4964-929d-01cd8ce9fabe,2026-07-01T16:01:17,4,10,9,0.42,231,0.043
8d73ab27-25dc-4964-929d-01cd8ce9fabe,2026-07-01T16:01:17,4,10,9,0.42,231,0.043
8d73ab27-25dc-4964-929d-01cd8ce9fabe,2026-07-01T16:01:17,4,10,9,0.42,231,0.043
8d73ab27-25dc-4964-929d-01cd8ce9fabe,2026-07-01T16:01:17,4,10,9,0.42,231,0.043
8d73ab27-25dc-4964-929d-01cd8ce9fabe,2026-07-01T16:01:18,4,10,9,0.42,231,0.043
8d73ab27-25dc-4964-929d-01cd8ce9fabe,2026-07-01T16:01:18,4,10,9,0.42,231,0.043
8d73ab27-25dc-4964-929d-01cd8ce9fabe,2026-07-01T16:01:18,4,10,9,0.43,231,0.043
8d73ab27-25dc-4964-929d-01cd8ce9fabe,2026-07-01T16:01:18,4,10,9,0.43,231,0.043
8d73ab27-25dc-4964-929d-01cd8ce9fabe,2026-07-01T16:01:18,4,10,9,0.42,231,0.043
8d73ab27-25dc-4964-929d-01cd8ce9fabe,2026-07-01T16:01:18,4,10,9,0.42,231,0.043
8d73ab27-25dc-4964-929d-01cd8ce9fabe,2026-07-01T16:01:18,4,10,9,0.42,231,0.043
8d73ab27-25dc-4964-929d-01cd8ce9fabe,2026-07-01T16:01:18,4,10,9,0.42,231,0.043
8d73ab27-25dc-4964-929d-01cd8ce9fabe,2026-07-01T16:01:18,4,10,9,0.42,231,0.043
8d73ab27-25dc-4964-929d-01cd8ce9fabe,2026-07-01T16:01:18,26,26,0,1.0,231,0.043
8d73ab27-25dc-4964-929d-01cd8ce9fabe,2026-07-01T16:01:18,26,26,0,1.0,231,0.043
8d73ab27-25dc-4964-929d-01cd8ce9fabe,2026-07-01T16:01:19,1513,1513,0,1.0,231,0.043
8d73ab27-25dc-4964-929d-01cd8ce9fabe,2026-07-01T16:01:19,1513,1513,0,1.0,231,0.043
8d73ab27-25dc-4964-929d-01cd8ce9fabe,2026-07-01T16:01:19,1687,1687,0,1.0,231,0.043
8d73ab27-25dc-4964-929d-01cd8ce9fabe,2026-07-01T16:01:19,1687,1687,0,1.0,231,0.043
8d73ab27-25dc-4964-929d-01cd8ce9fabe,2026-07-01T16:01:19,1686,1686,0,1.0,227,0.043
8d73ab27-25dc-4964-929d-01cd8ce9fabe,2026-07-01T16:01:19,1686,1686,0,1.0,227,0.043
8d73ab27-25dc-4964-929d-01cd8ce9fabe,2026-07-01T16:01:19,1686,1686,0,1.0,227,0.043
8d73ab27-25dc-4964-929d-01cd8ce9fabe,2026-07-01T16:01:19,1686,1686,0,1.0,227,0.043
8d73ab27-25dc-4964-929d-01cd8ce9fabe,2026-07-01T16:01:19,1686,1686,0,1.0,227,0.043
8d73ab27-25dc-4964-929d-01cd8ce9fabe,2026-07-01T16:01:19,1686,1686,0,1.0,227,0.043
8d73ab27-25dc-4964-929d-01cd8ce9fabe,2026-07-01T16:01:20,1684,1684,0,1.0,227,0.043
8d73ab27-25dc-4964-929d-01cd8ce9fabe,2026-07-01T16:01:20,1684,1684,0,1.0,227,0.043
8d73ab27-25dc-4964-929d-01cd8ce9fabe,2026-07-01T16:01:20,1682,1682,0,1.0,227,7.365
8d73ab27-25dc-4964-929d-01cd8ce9fabe,2026-07-01T16:01:20,1682,1682,0,1.0,227,7.365
8d73ab27-25dc-4964-929d-01cd8ce9fabe,2026-07-01T16:01:20,1682,1682,0,1.0,227,7.365
8d73ab27-25dc-4964-929d-01cd8ce9fabe,2026-07-01T16:01:20,1682,1682,0,1.0,227,7.365
8d73ab27-25dc-4964-929d-01cd8ce9fabe,2026-07-01T16:01:20,1682,1682,0,1.0,227,7.365
8d73ab27-25dc-4964-929d-01cd8ce9fabe,2026-07-01T16:01:20,1680,1680,0,1.0,227,7.365
8d73ab27-25dc-4964-929d-01cd8ce9fabe,2026-07-01T16:01:20,1680,1680,0,1.0,227,7.365
8d73ab27-25dc-4964-929d-01cd8ce9fabe,2026-07-01T16:01:20,1680,1680,0,1.0,227,7.365
8d73ab27-25dc-4964-929d-01cd8ce9fabe,2026-07-01T16:01:20,1680,1680,0,1.0,227,7.365
8d73ab27-25dc-4964-929d-01cd8ce9fabe,2026-07-01T16:01:21,1680,1680,0,1.0,227,7.365
8d73ab27-25dc-4964-929d-01cd8ce9fabe,2026-07-01T16:01:21,1678,1678,0,1.0,227,7.365
8d73ab27-25dc-4964-929d-01cd8ce9fabe,2026-07-01T16:01:21,1678,1678,0,1.0,227,7.365
8d73ab27-25dc-4964-929d-01cd8ce9fabe,2026-07-01T16:01:21,1678,1678,0,1.0,227,7.365
8d73ab27-25dc-4964-929d-01cd8ce9fabe,2026-07-01T16:01:21,1676,1676,0,1.0,227,7.365
8d73ab27-25dc-4964-929d-01cd8ce9fabe,2026-07-01T16:01:22,1675,1675,0,1.0,227,7.34
8d73ab27-25dc-4964-929d-01cd8ce9fabe,2026-07-01T16:01:22,1675,1675,0,1.0,227,7.34
8d73ab27-25dc-4964-929d-01cd8ce9fabe,2026-07-01T16:01:22,1675,1675,0,1.0,227,7.34
8d73ab27-25dc-4964-929d-01cd8ce9fabe,2026-07-01T16:01:22,1675,1675,0,1.0,227,7.34
8d73ab27-25dc-4964-929d-01cd8ce9fabe,2026-07-01T16:01:22,1675,1675,0,1.0,227,7.34
8d73ab27-25dc-4964-929d-01cd8ce9fabe,2026-07-01T16:01:24,1675,1675,0,1.0,227,7.336
8d73ab27-25dc-4964-929d-01cd8ce9fabe,2026-07-01T16:01:25,1675,1675,0,1.0,227,7.331
8d73ab27-25dc-4964-929d-01cd8ce9fabe,2026-07-01T16:01:25,1675,1675,0,1.0,227,7.331
8d73ab27-25dc-4964-929d-01cd8ce9fabe,2026-07-01T16:01:25,1673,1673,0,1.0,227,7.331
8d73ab27-25dc-4964-929d-01cd8ce9fabe,2026-07-01T16:01:25,1673,1673,0,1.0,227,7.331
8d73ab27-25dc-4964-929d-01cd8ce9fabe,2026-07-01T16:01:25,1673,1673,0,1.0,227,7.331
8d73ab27-25dc-4964-929d-01cd8ce9fabe,2026-07-01T16:01:25,1673,1673,0,1.0,227,7.331
8d73ab27-25dc-4964-929d-01cd8ce9fabe,2026-07-01T16:01:25,1673,1673,0,1.0,227,7.331
8d73ab27-25dc-4964-929d-01cd8ce9fabe,2026-07-01T16:01:25,1673,1673,0,1.0,227,7.331
8d73ab27-25dc-4964-929d-01cd8ce9fabe,2026-07-01T16:01:25,1673,1673,0,1.0,227,7.331
8d73ab27-25dc-4964-929d-01cd8ce9fabe,2026-07-01T16:01:25,1673,1673,0,1.0,227,7.331
8d73ab27-25dc-4964-929d-01cd8ce9fabe,2026-07-01T16:01:26,1673,1673,0,1.0,227,7.331
8d73ab27-25dc-4964-929d-01cd8ce9fabe,2026-07-01T16:01:26,1673,1673,0,1.0,227,7.331
8d73ab27-25dc-4964-929d-01cd8ce9fabe,2026-07-01T16:01:26,1673,1673,0,1.0,227,7.331
8d73ab27-25dc-4964-929d-01cd8ce9fabe,2026-07-01T16:01:26,1673,1673,0,1.0,227,7.331
8d73ab27-25dc-4964-929d-01cd8ce9fabe,2026-07-01T16:01:26,1673,1673,0,1.0,227,7.331
8d73ab27-25dc-4964-929d-01cd8ce9fabe,2026-07-01T16:01:26,1673,1673,0,1.0,227,7.331
8d73ab27-25dc-4964-929d-01cd8ce9fabe,2026-07-01T16:01:26,1673,1673,0,1.0,227,7.331
8d73ab27-25dc-4964-929d-01cd8ce9fabe,2026-07-01T16:01:26,1673,1673,0,1.0,227,7.331
8d73ab27-25dc-4964-929d-01cd8ce9fabe,2026-07-01T16:01:26,1673,1673,0,1.0,227,7.331
8d73ab27-25dc-4964-929d-01cd8ce9fabe,2026-07-01T16:01:27,1673,1673,0,1.0,227,7.331
8d73ab27-25dc-4964-929d-01cd8ce9fabe,2026-07-01T16:01:27,1673,1673,0,1.0,227,7.331
8d73ab27-25dc-4964-929d-01cd8ce9fabe,2026-07-01T16:01:27,1673,1673,0,1.0,227,7.331
8d73ab27-25dc-4964-929d-01cd8ce9fabe,2026-07-01T16:01:27,1673,1673,0,1.0,227,7.331
8d73ab27-25dc-4964-929d-01cd8ce9fabe,2026-07-01T16:01:27,1673,1673,0,1.0,227,7.331
8d73ab27-25dc-4964-929d-01cd8ce9fabe,2026-07-01T16:01:27,1673,1673,0,1.0,227,7.331
8d73ab27-25dc-4964-929d-01cd8ce9fabe,2026-07-01T16:01:27,1675,1675,0,1.0,227,7.331
8d73ab27-25dc-4964-929d-01cd8ce9fabe,2026-07-01T16:01:27,1675,1675,0,1.0,227,7.331
8d73ab27-25dc-4964-929d-01cd8ce9fabe,2026-07-01T16:01:27,1675,1675,0,1.0,227,7.331
8d73ab27-25dc-4964-929d-01cd8ce9fabe,2026-07-01T16:01:27,1675,1675,0,1.0,227,7.331
8d73ab27-25dc-4964-929d-01cd8ce9fabe,2026-07-01T16:01:28,1675,1675,0,1.0,227,7.331
8d73ab27-25dc-4964-929d-01cd8ce9fabe,2026-07-01T16:01:28,1675,1675,0,1.0,227,7.331
8d73ab27-25dc-4964-929d-01cd8ce9fabe,2026-07-01T16:01:28,1675,1675,0,1.0,227,7.336
8d73ab27-25dc-4964-929d-01cd8ce9fabe,2026-07-01T16:01:28,1675,1675,0,1.0,227,7.336
8d73ab27-25dc-4964-929d-01cd8ce9fabe,2026-07-01T16:01:28,1676,1676,0,1.0,227,7.336
8d73ab27-25dc-4964-929d-01cd8ce9fabe,2026-07-01T16:01:28,1676,1676,0,1.0,227,7.336
8d73ab27-25dc-4964-929d-01cd8ce9fabe,2026-07-01T16:01:28,1676,1676,0,1.0,227,7.336
8d73ab27-25dc-4964-929d-01cd8ce9fabe,2026-07-01T16:01:28,1676,1676,0,1.0,227,7.336
8d73ab27-25dc-4964-929d-01cd8ce9fabe,2026-07-01T16:01:28,1676,1676,0,1.0,227,7.336
8d73ab27-25dc-4964-929d-01cd8ce9fabe,2026-07-01T16:01:28,1676,1676,0,1.0,227,7.336
8d73ab27-25dc-4964-929d-01cd8ce9fabe,2026-07-01T16:01:29,1675,1675,0,1.0,227,7.336
8d73ab27-25dc-4964-929d-01cd8ce9fabe,2026-07-01T16:01:29,1675,1675,0,1.0,227,7.336
8d73ab27-25dc-4964-929d-01cd8ce9fabe,2026-07-01T16:01:29,1675,1675,0,1.0,227,7.336
8d73ab27-25dc-4964-929d-01cd8ce9fabe,2026-07-01T16:01:29,1676,1676,0,1.0,227,7.336
8d73ab27-25dc-4964-929d-01cd8ce9fabe,2026-07-01T16:01:29,1676,1676,0,1.0,227,7.336
8d73ab27-25dc-4964-929d-01cd8ce9fabe,2026-07-01T16:01:29,1675,1675,0,1.0,227,7.336
8d73ab27-25dc-4964-929d-01cd8ce9fabe,2026-07-01T16:01:29,1675,1675,0,1.0,227,7.336
8d73ab27-25dc-4964-929d-01cd8ce9fabe,2026-07-01T16:01:29,1673,1673,0,1.0,227,7.336
8d73ab27-25dc-4964-929d-01cd8ce9fabe,2026-07-01T16:01:29,1673,1673,0,1.0,227,7.336
8d73ab27-25dc-4964-929d-01cd8ce9fabe,2026-07-01T16:01:29,1673,1673,0,1.0,227,7.336
8d73ab27-25dc-4964-929d-01cd8ce9fabe,2026-07-01T16:01:29,1673,1673,0,1.0,227,7.336
8d73ab27-25dc-4964-929d-01cd8ce9fabe,2026-07-01T16:01:29,1673,1673,0,1.0,227,7.327
8d73ab27-25dc-4964-929d-01cd8ce9fabe,2026-07-01T16:01:29,1673,1673,0,1.0,227,7.327
8d73ab27-25dc-4964-929d-01cd8ce9fabe,2026-07-01T16:01:30,1673,1673,0,1.0,227,7.327
8d73ab27-25dc-4964-929d-01cd8ce9fabe,2026-07-01T16:01:30,1673,1673,0,1.0,227,7.327
8d73ab27-25dc-4964-929d-01cd8ce9fabe,2026-07-01T16:01:30,1673,1673,0,1.0,227,7.327
8d73ab27-25dc-4964-929d-01cd8ce9fabe,2026-07-01T16:01:30,1671,1671,0,1.0,227,7.327
8d73ab27-25dc-4964-929d-01cd8ce9fabe,2026-07-01T16:01:30,1671,1671,0,1.0,227,7.327
8d73ab27-25dc-4964-929d-01cd8ce9fabe,2026-07-01T16:01:30,1671,1671,0,1.0,227,7.327
8d73ab27-25dc-4964-929d-01cd8ce9fabe,2026-07-01T16:01:30,1671,1671,0,1.0,227,7.327
8d73ab27-25dc-4964-929d-01cd8ce9fabe,2026-07-01T16:01:30,1671,1671,0,1.0,227,7.327
8d73ab27-25dc-4964-929d-01cd8ce9fabe,2026-07-01T16:01:30,1671,1671,0,1.0,227,7.327
8d73ab27-25dc-4964-929d-01cd8ce9fabe,2026-07-01T16:01:30,1671,1671,0,1.0,227,7.327
8d73ab27-25dc-4964-929d-01cd8ce9fabe,2026-07-01T16:01:30,1671,1671,0,1.0,227,7.327
8d73ab27-25dc-4964-929d-01cd8ce9fabe,2026-07-01T16:01:30,1671,1671,0,1.0,227,7.327
8d73ab27-25dc-4964-929d-01cd8ce9fabe,2026-07-01T16:01:31,1669,1669,0,1.0,227,7.327
8d73ab27-25dc-4964-929d-01cd8ce9fabe,2026-07-01T16:01:31,1669,1669,0,1.0,227,7.327
8d73ab27-25dc-4964-929d-01cd8ce9fabe,2026-07-01T16:01:31,1669,1669,0,1.0,227,7.327
8d73ab27-25dc-4964-929d-01cd8ce9fabe,2026-07-01T16:01:31,1669,1669,0,1.0,227,7.327
8d73ab27-25dc-4964-929d-01cd8ce9fabe,2026-07-01T16:01:31,1669,1669,0,1.0,227,7.319
8d73ab27-25dc-4964-929d-01cd8ce9fabe,2026-07-01T16:01:31,1669,1669,0,1.0,227,7.319
8d73ab27-25dc-4964-929d-01cd8ce9fabe,2026-07-01T16:01:31,1669,1669,0,1.0,227,7.319
8d73ab27-25dc-4964-929d-01cd8ce9fabe,2026-07-01T16:01:31,1667,1667,0,1.0,227,7.319
8d73ab27-25dc-4964-929d-01cd8ce9fabe,2026-07-01T16:01:31,1667,1667,0,1.0,227,7.319
8d73ab27-25dc-4964-929d-01cd8ce9fabe,2026-07-01T16:01:31,1667,1667,0,1.0,227,7.319
8d73ab27-25dc-4964-929d-01cd8ce9fabe,2026-07-01T16:01:31,1667,1667,0,1.0,227,7.319
8d73ab27-25dc-4964-929d-01cd8ce9fabe,2026-07-01T16:01:31,1667,1667,0,1.0,227,7.319
8d73ab27-25dc-4964-929d-01cd8ce9fabe,2026-07-01T16:01:32,1667,1667,0,1.0,227,7.319
8d73ab27-25dc-4964-929d-01cd8ce9fabe,2026-07-01T16:01:32,1667,1667,0,1.0,227,7.319
8d73ab27-25dc-4964-929d-01cd8ce9fabe,2026-07-01T16:01:32,1667,1667,0,1.0,227,7.319
8d73ab27-25dc-4964-929d-01cd8ce9fabe,2026-07-01T16:01:32,1667,1667,0,1.0,227,7.319
8d73ab27-25dc-4964-929d-01cd8ce9fabe,2026-07-01T16:01:32,1667,1667,0,1.0,227,7.319
8d73ab27-25dc-4964-929d-01cd8ce9fabe,2026-07-01T16:01:32,1667,1667,0,1.0,227,7.319
8d73ab27-25dc-4964-929d-01cd8ce9fabe,2026-07-01T16:01:32,1667,1667,0,1.0,227,7.319
8d73ab27-25dc-4964-929d-01cd8ce9fabe,2026-07-01T16:01:32,1667,1667,0,1.0,227,7.319
8d73ab27-25dc-4964-929d-01cd8ce9fabe,2026-07-01T16:01:32,1667,1667,0,1.0,227,7.319
8d73ab27-25dc-4964-929d-01cd8ce9fabe,2026-07-01T16:01:32,1667,1667,0,1.0,227,7.319
8d73ab27-25dc-4964-929d-01cd8ce9fabe,2026-07-01T16:01:32,1667,1667,0,1.0,227,7.319
8d73ab27-25dc-4964-929d-01cd8ce9fabe,2026-07-01T16:01:32,1667,1667,0,1.0,227,7.319
8d73ab27-25dc-4964-929d-01cd8ce9fabe,2026-07-01T16:01:32,1667,1667,0,1.0,227,7.319
8d73ab27-25dc-4964-929d-01cd8ce9fabe,2026-07-01T16:01:32,1667,1667,0,1.0,227,7.319
8d73ab27-25dc-4964-929d-01cd8ce9fabe,2026-07-01T16:01:33,1667,1667,0,1.0,227,7.315
8d73ab27-25dc-4964-929d-01cd8ce9fabe,2026-07-01T16:01:33,1667,1667,0,1.0,227,7.315
8d73ab27-25dc-4964-929d-01cd8ce9fabe,2026-07-01T16:01:33,1667,1667,0,1.0,227,7.315
8d73ab27-25dc-4964-929d-01cd8ce9fabe,2026-07-01T16:01:33,1667,1667,0,1.0,227,7.315
8d73ab27-25dc-4964-929d-01cd8ce9fabe,2026-07-01T16:01:33,1667,1667,0,1.0,227,7.315
8d73ab27-25dc-4964-929d-01cd8ce9fabe,2026-07-01T16:01:33,1667,1667,0,1.0,227,7.315
8d73ab27-25dc-4964-929d-01cd8ce9fabe,2026-07-01T16:01:33,1669,1669,0,1.0,227,7.315
8d73ab27-25dc-4964-929d-01cd8ce9fabe,2026-07-01T16:01:33,1669,1669,0,1.0,227,7.315
8d73ab27-25dc-4964-929d-01cd8ce9fabe,2026-07-01T16:01:33,1667,1667,0,1.0,227,7.315
8d73ab27-25dc-4964-929d-01cd8ce9fabe,2026-07-01T16:01:33,1667,1667,0,1.0,227,7.315
8d73ab27-25dc-4964-929d-01cd8ce9fabe,2026-07-01T16:01:34,1667,1667,0,1.0,227,7.315
8d73ab27-25dc-4964-929d-01cd8ce9fabe,2026-07-01T16:01:34,1667,1667,0,1.0,227,7.315
8d73ab27-25dc-4964-929d-01cd8ce9fabe,2026-07-01T16:01:34,1667,1667,0,1.0,227,7.315
8d73ab27-25dc-4964-929d-01cd8ce9fabe,2026-07-01T16:01:34,1667,1667,0,1.0,227,7.315
8d73ab27-25dc-4964-929d-01cd8ce9fabe,2026-07-01T16:01:34,1665,1665,0,1.0,227,7.315
8d73ab27-25dc-4964-929d-01cd8ce9fabe,2026-07-01T16:01:34,1665,1665,0,1.0,227,7.315
8d73ab27-25dc-4964-929d-01cd8ce9fabe,2026-07-01T16:01:34,1667,1667,0,1.0,227,7.315
8d73ab27-25dc-4964-929d-01cd8ce9fabe,2026-07-01T16:01:34,1667,1667,0,1.0,227,7.315
8d73ab27-25dc-4964-929d-01cd8ce9fabe,2026-07-01T16:01:34,1667,1667,0,1.0,227,7.315
8d73ab27-25dc-4964-929d-01cd8ce9fabe,2026-07-01T16:01:35,1667,1667,0,1.0,227,7.315
8d73ab27-25dc-4964-929d-01cd8ce9fabe,2026-07-01T16:01:35,1667,1667,0,1.0,227,7.315
8d73ab27-25dc-4964-929d-01cd8ce9fabe,2026-07-01T16:01:35,1667,1667,0,1.0,227,7.315
8d73ab27-25dc-4964-929d-01cd8ce9fabe,2026-07-01T16:01:35,1667,1667,0,1.0,227,7.315
8d73ab27-25dc-4964-929d-01cd8ce9fabe,2026-07-01T16:01:35,1667,1667,0,1.0,227,7.315
8d73ab27-25dc-4964-929d-01cd8ce9fabe,2026-07-01T16:01:35,1667,1667,0,1.0,227,7.315
8d73ab27-25dc-4964-929d-01cd8ce9fabe,2026-07-01T16:01:35,1669,1669,0,1.0,227,7.315
8d73ab27-25dc-4964-929d-01cd8ce9fabe,2026-07-01T16:01:35,1669,1669,0,1.0,227,7.315
8d73ab27-25dc-4964-929d-01cd8ce9fabe,2026-07-01T16:01:35,1669,1669,0,1.0,227,7.315
8d73ab27-25dc-4964-929d-01cd8ce9fabe,2026-07-01T16:01:35,1669,1669,0,1.0,227,7.315
8d73ab27-25dc-4964-929d-01cd8ce9fabe,2026-07-01T16:01:36,1671,1671,0,1.0,227,7.315
8d73ab27-25dc-4964-929d-01cd8ce9fabe,2026-07-01T16:01:36,1671,1671,0,1.0,227,7.315
8d73ab27-25dc-4964-929d-01cd8ce9fabe,2026-07-01T16:01:36,1671,1671,0,1.0,227,7.319
8d73ab27-25dc-4964-929d-01cd8ce9fabe,2026-07-01T16:01:36,1671,1671,0,1.0,227,7.319
8d73ab27-25dc-4964-929d-01cd8ce9fabe,2026-07-01T16:01:36,1671,1671,0,1.0,227,7.319
8d73ab27-25dc-4964-929d-01cd8ce9fabe,2026-07-01T16:01:36,1671,1671,0,1.0,227,7.319
8d73ab27-25dc-4964-929d-01cd8ce9fabe,2026-07-01T16:01:36,1671,1671,0,1.0,227,7.319
8d73ab27-25dc-4964-929d-01cd8ce9fabe,2026-07-01T16:01:36,1671,1671,0,1.0,227,7.319
8d73ab27-25dc-4964-929d-01cd8ce9fabe,2026-07-01T16:01:36,1673,1673,0,1.0,227,7.319
8d73ab27-25dc-4964-929d-01cd8ce9fabe,2026-07-01T16:01:36,1671,1671,0,1.0,227,7.319
8d73ab27-25dc-4964-929d-01cd8ce9fabe,2026-07-01T16:01:36,1671,1671,0,1.0,227,7.319
8d73ab27-25dc-4964-929d-01cd8ce9fabe,2026-07-01T16:01:36,1671,1671,0,1.0,227,7.319
8d73ab27-25dc-4964-929d-01cd8ce9fabe,2026-07-01T16:01:37,1671,1671,0,1.0,227,7.319
8d73ab27-25dc-4964-929d-01cd8ce9fabe,2026-07-01T16:01:37,1671,1671,0,1.0,227,7.319
8d73ab27-25dc-4964-929d-01cd8ce9fabe,2026-07-01T16:01:37,1671,1671,0,1.0,227,7.319
8d73ab27-25dc-4964-929d-01cd8ce9fabe,2026-07-01T16:01:37,1669,1669,0,1.0,227,7.319
8d73ab27-25dc-4964-929d-01cd8ce9fabe,2026-07-01T16:01:37,1669,1669,0,1.0,227,7.319
8d73ab27-25dc-4964-929d-01cd8ce9fabe,2026-07-01T16:01:37,1671,1671,0,1.0,227,7.319
8d73ab27-25dc-4964-929d-01cd8ce9fabe,2026-07-01T16:01:37,1671,1671,0,1.0,227,7.319
8d73ab27-25dc-4964-929d-01cd8ce9fabe,2026-07-01T16:01:37,1671,1671,0,1.0,227,7.319
8d73ab27-25dc-4964-929d-01cd8ce9fabe,2026-07-01T16:01:37,1671,1671,0,1.0,227,7.319
8d73ab27-25dc-4964-929d-01cd8ce9fabe,2026-07-01T16:01:37,1671,1671,0,1.0,227,7.319
8d73ab27-25dc-4964-929d-01cd8ce9fabe,2026-07-01T16:01:37,1671,1671,0,1.0,227,7.319
8d73ab27-25dc-4964-929d-01cd8ce9fabe,2026-07-01T16:01:37,1671,1671,0,1.0,227,7.319
8d73ab27-25dc-4964-929d-01cd8ce9fabe,2026-07-01T16:01:38,1671,1671,0,1.0,227,7.319
8d73ab27-25dc-4964-929d-01cd8ce9fabe,2026-07-01T16:01:38,1671,1671,0,1.0,227,7.319
8d73ab27-25dc-4964-929d-01cd8ce9fabe,2026-07-01T16:01:38,1671,1671,0,1.0,227,7.319
8d73ab27-25dc-4964-929d-01cd8ce9fabe,2026-07-01T16:01:38,1671,1671,0,1.0,227,7.319
8d73ab27-25dc-4964-929d-01cd8ce9fabe,2026-07-01T16:01:38,1671,1671,0,1.0,227,7.319
8d73ab27-25dc-4964-929d-01cd8ce9fabe,2026-07-01T16:01:38,1671,1671,0,1.0,227,7.319
8d73ab27-25dc-4964-929d-01cd8ce9fabe,2026-07-01T16:01:38,1671,1671,0,1.0,227,7.319
8d73ab27-25dc-4964-929d-01cd8ce9fabe,2026-07-01T16:01:38,1671,1671,0,1.0,227,7.319
8d73ab27-25dc-4964-929d-01cd8ce9fabe,2026-07-01T16:01:38,1671,1671,0,1.0,227,7.319
8d73ab27-25dc-4964-929d-01cd8ce9fabe,2026-07-01T16:01:38,1671,1671,0,1.0,227,7.319
8d73ab27-25dc-4964-929d-01cd8ce9fabe,2026-07-01T16:01:38,1671,1671,0,1.0,227,7.319
8d73ab27-25dc-4964-929d-01cd8ce9fabe,2026-07-01T16:01:38,1671,1671,0,1.0,227,7.319
8d73ab27-25dc-4964-929d-01cd8ce9fabe,2026-07-01T16:01:39,1673,1673,0,1.0,227,7.319
8d73ab27-25dc-4964-929d-01cd8ce9fabe,2026-07-01T16:01:39,1673,1673,0,1.0,227,7.319
8d73ab27-25dc-4964-929d-01cd8ce9fabe,2026-07-01T16:01:39,1673,1673,0,1.0,227,7.319
8d73ab27-25dc-4964-929d-01cd8ce9fabe,2026-07-01T16:01:39,1673,1673,0,1.0,227,7.319
8d73ab27-25dc-4964-929d-01cd8ce9fabe,2026-07-01T16:01:39,1673,1673,0,1.0,227,7.319
8d73ab27-25dc-4964-929d-01cd8ce9fabe,2026-07-01T16:01:39,1673,1673,0,1.0,227,7.323
8d73ab27-25dc-4964-929d-01cd8ce9fabe,2026-07-01T16:01:39,1673,1673,0,1.0,227,7.323
8d73ab27-25dc-4964-929d-01cd8ce9fabe,2026-07-01T16:01:39,1673,1673,0,1.0,227,7.323
8d73ab27-25dc-4964-929d-01cd8ce9fabe,2026-07-01T16:01:39,1673,1673,0,1.0,227,7.323
8d73ab27-25dc-4964-929d-01cd8ce9fabe,2026-07-01T16:01:39,1673,1673,0,1.0,227,7.323
8d73ab27-25dc-4964-929d-01cd8ce9fabe,2026-07-01T16:01:39,1673,1673,0,1.0,227,7.323
8d73ab27-25dc-4964-929d-01cd8ce9fabe,2026-07-01T16:01:39,1673,1673,0,1.0,227,7.323
8d73ab27-25dc-4964-929d-01cd8ce9fabe,2026-07-01T16:01:39,1673,1673,0,1.0,227,7.323
8d73ab27-25dc-4964-929d-01cd8ce9fabe,2026-07-01T16:01:40,1673,1673,0,1.0,227,7.323
8d73ab27-25dc-4964-929d-01cd8ce9fabe,2026-07-01T16:01:40,1673,1673,0,1.0,227,7.323
8d73ab27-25dc-4964-929d-01cd8ce9fabe,2026-07-01T16:01:40,1673,1673,0,1.0,227,7.323
8d73ab27-25dc-4964-929d-01cd8ce9fabe,2026-07-01T16:01:40,1673,1673,0,1.0,227,7.323
8d73ab27-25dc-4964-929d-01cd8ce9fabe,2026-07-01T16:01:40,1673,1673,0,1.0,227,7.323
8d73ab27-25dc-4964-929d-01cd8ce9fabe,2026-07-01T16:01:40,1673,1673,0,1.0,227,7.323
8d73ab27-25dc-4964-929d-01cd8ce9fabe,2026-07-01T16:01:40,1673,1673,0,1.0,227,7.323
8d73ab27-25dc-4964-929d-01cd8ce9fabe,2026-07-01T16:01:40,1673,1673,0,1.0,227,7.323
8d73ab27-25dc-4964-929d-01cd8ce9fabe,2026-07-01T16:01:40,1673,1673,0,1.0,227,7.323
8d73ab27-25dc-4964-929d-01cd8ce9fabe,2026-07-01T16:01:40,1673,1673,0,1.0,227,7.323
8d73ab27-25dc-4964-929d-01cd8ce9fabe,2026-07-01T16:01:40,1673,1673,0,1.0,227,7.323
8d73ab27-25dc-4964-929d-01cd8ce9fabe,2026-07-01T16:01:41,1673,1673,0,1.0,227,7.319
8d73ab27-25dc-4964-929d-01cd8ce9fabe,2026-07-01T16:01:41,1673,1673,0,1.0,227,7.319
8d73ab27-25dc-4964-929d-01cd8ce9fabe,2026-07-01T16:01:41,1671,1671,0,1.0,227,7.319
8d73ab27-25dc-4964-929d-01cd8ce9fabe,2026-07-01T16:01:41,1671,1671,0,1.0,227,7.319
8d73ab27-25dc-4964-929d-01cd8ce9fabe,2026-07-01T16:01:41,1669,1669,0,1.0,227,7.319
8d73ab27-25dc-4964-929d-01cd8ce9fabe,2026-07-01T16:01:41,1669,1669,0,1.0,227,7.319
8d73ab27-25dc-4964-929d-01cd8ce9fabe,2026-07-01T16:01:41,1671,1671,0,1.0,227,7.319
8d73ab27-25dc-4964-929d-01cd8ce9fabe,2026-07-01T16:01:41,1671,1671,0,1.0,227,7.319
8d73ab27-25dc-4964-929d-01cd8ce9fabe,2026-07-01T16:01:41,1671,1671,0,1.0,227,7.319
8d73ab27-25dc-4964-929d-01cd8ce9fabe,2026-07-01T16:01:41,1671,1671,0,1.0,227,7.319
8d73ab27-25dc-4964-929d-01cd8ce9fabe,2026-07-01T16:01:42,1066,1658,1271,0.64,227,7.319
8d73ab27-25dc-4964-929d-01cd8ce9fabe,2026-07-01T16:01:42,1066,1658,1271,0.64,227,7.319
8d73ab27-25dc-4964-929d-01cd8ce9fabe,2026-07-01T16:01:42,23,1658,1658,0.01,227,7.319
8d73ab27-25dc-4964-929d-01cd8ce9fabe,2026-07-01T16:01:42,23,1658,1658,0.01,227,7.319
8d73ab27-25dc-4964-929d-01cd8ce9fabe,2026-07-01T16:01:42,23,1658,1658,0.01,227,7.319
8d73ab27-25dc-4964-929d-01cd8ce9fabe,2026-07-01T16:01:42,23,1658,1658,0.01,227,7.319
8d73ab27-25dc-4964-929d-01cd8ce9fabe,2026-07-01T16:01:42,23,1658,1658,0.01,227,7.319
8d73ab27-25dc-4964-929d-01cd8ce9fabe,2026-07-01T16:01:42,23,1658,1658,0.01,227,7.319
8d73ab27-25dc-4964-929d-01cd8ce9fabe,2026-07-01T16:01:42,23,1658,1658,0.01,227,7.319
8d73ab27-25dc-4964-929d-01cd8ce9fabe,2026-07-01T16:01:42,23,1658,1658,0.01,227,7.319
8d73ab27-25dc-4964-929d-01cd8ce9fabe,2026-07-01T16:01:43,2,1658,1659,0.0,227,7.319
8d73ab27-25dc-4964-929d-01cd8ce9fabe,2026-07-01T16:01:43,2,1658,1659,0.0,227,7.319
8d73ab27-25dc-4964-929d-01cd8ce9fabe,2026-07-01T16:01:43,4,1658,1659,0.0,227,7.319
8d73ab27-25dc-4964-929d-01cd8ce9fabe,2026-07-01T16:01:43,4,1658,1659,0.0,227,7.319
8d73ab27-25dc-4964-929d-01cd8ce9fabe,2026-07-01T16:01:43,4,10,9,0.41,227,0.045
8d73ab27-25dc-4964-929d-01cd8ce9fabe,2026-07-01T16:01:43,4,10,9,0.42,227,0.045
8d73ab27-25dc-4964-929d-01cd8ce9fabe,2026-07-01T16:01:43,4,10,9,0.42,227,0.045
8d73ab27-25dc-4964-929d-01cd8ce9fabe,2026-07-01T16:01:43,4,10,9,0.42,227,0.045
8d73ab27-25dc-4964-929d-01cd8ce9fabe,2026-07-01T16:01:43,4,10,9,0.42,227,0.045
8d73ab27-25dc-4964-929d-01cd8ce9fabe,2026-07-01T16:01:44,4,10,9,0.4,227,0.045
8d73ab27-25dc-4964-929d-01cd8ce9fabe,2026-07-01T16:01:44,4,10,9,0.4,227,0.045
8d73ab27-25dc-4964-929d-01cd8ce9fabe,2026-07-01T16:01:44,4,10,10,0.39,231,0.045
8d73ab27-25dc-4964-929d-01cd8ce9fabe,2026-07-01T16:01:44,4,10,10,0.39,231,0.045
8d73ab27-25dc-4964-929d-01cd8ce9fabe,2026-07-01T16:01:44,4,10,9,0.41,231,0.045
8d73ab27-25dc-4964-929d-01cd8ce9fabe,2026-07-01T16:01:44,4,10,9,0.41,231,0.045
8d73ab27-25dc-4964-929d-01cd8ce9fabe,2026-07-01T16:01:44,4,10,9,0.41,231,0.045
8d73ab27-25dc-4964-929d-01cd8ce9fabe,2026-07-01T16:01:44,4,10,9,0.41,231,0.045
8d73ab27-25dc-4964-929d-01cd8ce9fabe,2026-07-01T16:01:44,4,10,9,0.41,231,0.045
8d73ab27-25dc-4964-929d-01cd8ce9fabe,2026-07-01T16:01:44,4,10,9,0.41,231,0.045
8d73ab27-25dc-4964-929d-01cd8ce9fabe,2026-07-01T16:01:45,4,10,9,0.41,231,0.045
8d73ab27-25dc-4964-929d-01cd8ce9fabe,2026-07-01T16:01:45,4,10,9,0.41,231,0.045
8d73ab27-25dc-4964-929d-01cd8ce9fabe,2026-07-01T16:01:45,4,10,9,0.41,231,0.045
8d73ab27-25dc-4964-929d-01cd8ce9fabe,2026-07-01T16:01:45,4,10,9,0.41,231,0.045
8d73ab27-25dc-4964-929d-01cd8ce9fabe,2026-07-01T16:01:45,4,10,9,0.41,231,0.045
8d73ab27-25dc-4964-929d-01cd8ce9fabe,2026-07-01T16:01:45,4,10,9,0.41,231,0.045
8d73ab27-25dc-4964-929d-01cd8ce9fabe,2026-07-01T16:01:45,4,10,9,0.41,231,0.045
8d73ab27-25dc-4964-929d-01cd8ce9fabe,2026-07-01T16:01:45,4,10,9,0.41,231,0.045
8d73ab27-25dc-4964-929d-01cd8ce9fabe,2026-07-01T16:01:45,4,10,9,0.41,231,0.043
8d73ab27-25dc-4964-929d-01cd8ce9fabe,2026-07-01T16:01:46,4,10,9,0.41,231,0.043
8d73ab27-25dc-4964-929d-01cd8ce9fabe,2026-07-01T16:01:46,4,10,9,0.41,231,0.043
8d73ab27-25dc-4964-929d-01cd8ce9fabe,2026-07-01T16:01:46,4,10,9,0.43,231,0.043
8d73ab27-25dc-4964-929d-01cd8ce9fabe,2026-07-01T16:01:46,4,10,9,0.43,231,0.043
8d73ab27-25dc-4964-929d-01cd8ce9fabe,2026-07-01T16:01:46,4,10,9,0.42,231,0.043
8d73ab27-25dc-4964-929d-01cd8ce9fabe,2026-07-01T16:01:46,4,10,9,0.42,231,0.043
8d73ab27-25dc-4964-929d-01cd8ce9fabe,2026-07-01T16:01:46,4,10,9,0.42,231,0.043
8d73ab27-25dc-4964-929d-01cd8ce9fabe,2026-07-01T16:01:46,4,10,9,0.42,231,0.043
8d73ab27-25dc-4964-929d-01cd8ce9fabe,2026-07-01T16:01:46,4,10,9,0.42,231,0.043
8d73ab27-25dc-4964-929d-01cd8ce9fabe,2026-07-01T16:01:46,4,10,9,0.42,231,0.043
8d73ab27-25dc-4964-929d-01cd8ce9fabe,2026-07-01T16:01:47,4,10,9,0.42,231,0.043
8d73ab27-25dc-4964-929d-01cd8ce9fabe,2026-07-01T16:01:47,4,10,9,0.42,231,0.043
8d73ab27-25dc-4964-929d-01cd8ce9fabe,2026-07-01T16:01:47,4,10,9,0.42,231,0.043
8d73ab27-25dc-4964-929d-01cd8ce9fabe,2026-07-01T16:01:47,4,10,9,0.42,231,0.043
8d73ab27-25dc-4964-929d-01cd8ce9fabe,2026-07-01T16:01:47,4,10,9,0.42,231,0.043
8d73ab27-25dc-4964-929d-01cd8ce9fabe,2026-07-01T16:01:47,4,10,9,0.42,231,0.043
8d73ab27-25dc-4964-929d-01cd8ce9fabe,2026-07-01T16:01:47,4,10,9,0.42,231,0.043
8d73ab27-25dc-4964-929d-01cd8ce9fabe,2026-07-01T16:01:47,4,10,9,0.42,231,0.043
8d73ab27-25dc-4964-929d-01cd8ce9fabe,2026-07-01T16:01:47,4,10,9,0.44,231,0.043
8d73ab27-25dc-4964-929d-01cd8ce9fabe,2026-07-01T16:01:47,4,10,9,0.44,231,0.043
8d73ab27-25dc-4964-929d-01cd8ce9fabe,2026-07-01T16:01:47,4,10,9,0.44,231,0.043
8d73ab27-25dc-4964-929d-01cd8ce9fabe,2026-07-01T16:01:47,4,10,9,0.44,231,0.043
8d73ab27-25dc-4964-929d-01cd8ce9fabe,2026-07-01T16:01:48,4,10,9,0.42,231,0.043
8d73ab27-25dc-4964-929d-01cd8ce9fabe,2026-07-01T16:01:48,4,10,9,0.42,231,0.043
8d73ab27-25dc-4964-929d-01cd8ce9fabe,2026-07-01T16:01:48,4,10,9,0.44,231,0.043
8d73ab27-25dc-4964-929d-01cd8ce9fabe,2026-07-01T16:01:48,4,10,9,0.44,231,0.043
8d73ab27-25dc-4964-929d-01cd8ce9fabe,2026-07-01T16:01:48,4,10,9,0.44,231,0.043
8d73ab27-25dc-4964-929d-01cd8ce9fabe,2026-07-01T16:01:48,4,10,9,0.44,231,0.043
8d73ab27-25dc-4964-929d-01cd8ce9fabe,2026-07-01T16:01:48,4,10,9,0.44,231,0.043
8d73ab27-25dc-4964-929d-01cd8ce9fabe,2026-07-01T16:01:48,4,10,9,0.43,231,0.043
8d73ab27-25dc-4964-929d-01cd8ce9fabe,2026-07-01T16:01:48,4,10,9,0.43,231,0.043
8d73ab27-25dc-4964-929d-01cd8ce9fabe,2026-07-01T16:01:48,4,10,9,0.43,231,0.043
8d73ab27-25dc-4964-929d-01cd8ce9fabe,2026-07-01T16:01:48,4,10,9,0.43,231,0.043
8d73ab27-25dc-4964-929d-01cd8ce9fabe,2026-07-01T16:01:49,4,10,9,0.42,231,0.043
8d73ab27-25dc-4964-929d-01cd8ce9fabe,2026-07-01T16:01:49,4,10,9,0.42,231,0.043
8d73ab27-25dc-4964-929d-01cd8ce9fabe,2026-07-01T16:01:49,4,10,9,0.42,231,0.043
8d73ab27-25dc-4964-929d-01cd8ce9fabe,2026-07-01T16:01:49,4,10,9,0.42,231,0.043
8d73ab27-25dc-4964-929d-01cd8ce9fabe,2026-07-01T16:01:49,4,10,9,0.42,231,0.043
8d73ab27-25dc-4964-929d-01cd8ce9fabe,2026-07-01T16:01:49,4,10,9,0.42,231,0.043
8d73ab27-25dc-4964-929d-01cd8ce9fabe,2026-07-01T16:01:49,4,10,9,0.44,231,0.043
8d73ab27-25dc-4964-929d-01cd8ce9fabe,2026-07-01T16:01:49,4,10,9,0.44,231,0.043
8d73ab27-25dc-4964-929d-01cd8ce9fabe,2026-07-01T16:01:49,4,10,9,0.44,231,0.043
8d73ab27-25dc-4964-929d-01cd8ce9fabe,2026-07-01T16:01:49,4,10,9,0.44,231,0.043
8d73ab27-25dc-4964-929d-01cd8ce9fabe,2026-07-01T16:01:50,4,10,9,0.42,231,0.043
8d73ab27-25dc-4964-929d-01cd8ce9fabe,2026-07-01T16:01:50,4,10,9,0.42,231,0.043
8d73ab27-25dc-4964-929d-01cd8ce9fabe,2026-07-01T16:01:50,4,10,9,0.42,231,0.043
8d73ab27-25dc-4964-929d-01cd8ce9fabe,2026-07-01T16:01:50,4,10,9,0.42,231,0.043
8d73ab27-25dc-4964-929d-01cd8ce9fabe,2026-07-01T16:01:50,4,10,9,0.42,231,0.043
8d73ab27-25dc-4964-929d-01cd8ce9fabe,2026-07-01T16:01:50,4,10,9,0.42,231,0.043
8d73ab27-25dc-4964-929d-01cd8ce9fabe,2026-07-01T16:01:50,4,10,9,0.44,231,0.043
8d73ab27-25dc-4964-929d-01cd8ce9fabe,2026-07-01T16:01:50,4,10,9,0.44,231,0.043
8d73ab27-25dc-4964-929d-01cd8ce9fabe,2026-07-01T16:01:50,4,10,9,0.44,231,0.043
8d73ab27-25dc-4964-929d-01cd8ce9fabe,2026-07-01T16:01:50,4,10,9,0.44,231,0.043
8d73ab27-25dc-4964-929d-01cd8ce9fabe,2026-07-01T16:01:50,4,10,9,0.44,231,0.043
8d73ab27-25dc-4964-929d-01cd8ce9fabe,2026-07-01T16:01:50,4,10,9,0.41,231,0.043
8d73ab27-25dc-4964-929d-01cd8ce9fabe,2026-07-01T16:01:50,4,10,9,0.41,231,0.043
8d73ab27-25dc-4964-929d-01cd8ce9fabe,2026-07-01T16:01:51,4,10,9,0.41,231,0.043
8d73ab27-25dc-4964-929d-01cd8ce9fabe,2026-07-01T16:01:51,4,10,9,0.41,231,0.043
8d73ab27-25dc-4964-929d-01cd8ce9fabe,2026-07-01T16:01:51,4,10,9,0.42,231,0.043
8d73ab27-25dc-4964-929d-01cd8ce9fabe,2026-07-01T16:01:51,4,10,9,0.43,231,0.043
8d73ab27-25dc-4964-929d-01cd8ce9fabe,2026-07-01T16:01:51,4,10,9,0.43,231,0.043
8d73ab27-25dc-4964-929d-01cd8ce9fabe,2026-07-01T16:01:51,4,10,9,0.43,231,0.043
8d73ab27-25dc-4964-929d-01cd8ce9fabe,2026-07-01T16:01:51,4,10,9,0.43,231,0.043
8d73ab27-25dc-4964-929d-01cd8ce9fabe,2026-07-01T16:01:52,1689,1689,0,1.0,231,0.395
8d73ab27-25dc-4964-929d-01cd8ce9fabe,2026-07-01T16:01:52,1689,1689,0,1.0,231,0.395
8d73ab27-25dc-4964-929d-01cd8ce9fabe,2026-07-01T16:01:52,1689,1689,0,1.0,231,0.395
8d73ab27-25dc-4964-929d-01cd8ce9fabe,2026-07-01T16:01:53,1689,1689,0,1.0,227,0.395
8d73ab27-25dc-4964-929d-01cd8ce9fabe,2026-07-01T16:01:53,1689,1689,0,1.0,227,0.395
8d73ab27-25dc-4964-929d-01cd8ce9fabe,2026-07-01T16:01:53,1687,1687,0,1.0,227,0.395
8d73ab27-25dc-4964-929d-01cd8ce9fabe,2026-07-01T16:01:53,1687,1687,0,1.0,227,0.395
8d73ab27-25dc-4964-929d-01cd8ce9fabe,2026-07-01T16:01:53,1687,1687,0,1.0,227,0.395
8d73ab27-25dc-4964-929d-01cd8ce9fabe,2026-07-01T16:01:53,1687,1687,0,1.0,227,0.395
8d73ab27-25dc-4964-929d-01cd8ce9fabe,2026-07-01T16:01:53,1687,1687,0,1.0,227,0.395
8d73ab27-25dc-4964-929d-01cd8ce9fabe,2026-07-01T16:01:53,1687,1687,0,1.0,227,0.395
8d73ab27-25dc-4964-929d-01cd8ce9fabe,2026-07-01T16:01:53,1686,1686,0,1.0,227,7.374
8d73ab27-25dc-4964-929d-01cd8ce9fabe,2026-07-01T16:01:53,1686,1686,0,1.0,227,7.374
8d73ab27-25dc-4964-929d-01cd8ce9fabe,2026-07-01T16:01:53,1686,1686,0,1.0,227,7.374
8d73ab27-25dc-4964-929d-01cd8ce9fabe,2026-07-01T16:01:54,1686,1686,0,1.0,227,7.374
8d73ab27-25dc-4964-929d-01cd8ce9fabe,2026-07-01T16:01:54,1686,1686,0,1.0,227,7.374
8d73ab27-25dc-4964-929d-01cd8ce9fabe,2026-07-01T16:01:54,1686,1686,0,1.0,227,7.374
8d73ab27-25dc-4964-929d-01cd8ce9fabe,2026-07-01T16:01:54,1686,1686,0,1.0,227,7.374
8d73ab27-25dc-4964-929d-01cd8ce9fabe,2026-07-01T16:01:56,1680,1680,0,1.0,227,7.357
8d73ab27-25dc-4964-929d-01cd8ce9fabe,2026-07-01T16:01:56,1680,1680,0,1.0,227,7.357
8d73ab27-25dc-4964-929d-01cd8ce9fabe,2026-07-01T16:01:56,1680,1680,0,1.0,227,7.357
8d73ab27-25dc-4964-929d-01cd8ce9fabe,2026-07-01T16:01:56,1680,1680,0,1.0,227,7.357
8d73ab27-25dc-4964-929d-01cd8ce9fabe,2026-07-01T16:01:56,1680,1680,0,1.0,227,7.357
8d73ab27-25dc-4964-929d-01cd8ce9fabe,2026-07-01T16:01:56,1680,1680,0,1.0,227,7.357
8d73ab27-25dc-4964-929d-01cd8ce9fabe,2026-07-01T16:01:57,1680,1680,0,1.0,227,7.348
8d73ab27-25dc-4964-929d-01cd8ce9fabe,2026-07-01T16:01:57,1680,1680,0,1.0,227,7.348
8d73ab27-25dc-4964-929d-01cd8ce9fabe,2026-07-01T16:01:57,1680,1680,0,1.0,227,7.348
8d73ab27-25dc-4964-929d-01cd8ce9fabe,2026-07-01T16:01:57,1680,1680,0,1.0,227,7.348
8d73ab27-25dc-4964-929d-01cd8ce9fabe,2026-07-01T16:01:57,1680,1680,0,1.0,227,7.348
8d73ab27-25dc-4964-929d-01cd8ce9fabe,2026-07-01T16:01:57,1680,1680,0,1.0,227,7.348
8d73ab27-25dc-4964-929d-01cd8ce9fabe,2026-07-01T16:01:57,1680,1680,0,1.0,227,7.348
8d73ab27-25dc-4964-929d-01cd8ce9fabe,2026-07-01T16:01:57,1680,1680,0,1.0,227,7.348
8d73ab27-25dc-4964-929d-01cd8ce9fabe,2026-07-01T16:01:57,1680,1680,0,1.0,227,7.348
8d73ab27-25dc-4964-929d-01cd8ce9fabe,2026-07-01T16:01:57,1680,1680,0,1.0,227,7.348
8d73ab27-25dc-4964-929d-01cd8ce9fabe,2026-07-01T16:01:57,1680,1680,0,1.0,227,7.348
8d73ab27-25dc-4964-929d-01cd8ce9fabe,2026-07-01T16:01:57,1680,1680,0,1.0,227,7.348
8d73ab27-25dc-4964-929d-01cd8ce9fabe,2026-07-01T16:01:58,1680,1680,0,1.0,227,7.348
8d73ab27-25dc-4964-929d-01cd8ce9fabe,2026-07-01T16:01:58,1680,1680,0,1.0,227,7.348
8d73ab27-25dc-4964-929d-01cd8ce9fabe,2026-07-01T16:01:58,1680,1680,0,1.0,227,7.348
8d73ab27-25dc-4964-929d-01cd8ce9fabe,2026-07-01T16:01:58,1680,1680,0,1.0,227,7.348
8d73ab27-25dc-4964-929d-01cd8ce9fabe,2026-07-01T16:01:58,1680,1680,0,1.0,227,7.348
8d73ab27-25dc-4964-929d-01cd8ce9fabe,2026-07-01T16:01:58,1680,1680,0,1.0,227,7.348
8d73ab27-25dc-4964-929d-01cd8ce9fabe,2026-07-01T16:01:58,1680,1680,0,1.0,227,7.348
8d73ab27-25dc-4964-929d-01cd8ce9fabe,2026-07-01T16:01:58,1680,1680,0,1.0,227,7.348
8d73ab27-25dc-4964-929d-01cd8ce9fabe,2026-07-01T16:01:58,1680,1680,0,1.0,227,7.348
8d73ab27-25dc-4964-929d-01cd8ce9fabe,2026-07-01T16:01:58,1680,1680,0,1.0,227,7.348
8d73ab27-25dc-4964-929d-01cd8ce9fabe,2026-07-01T16:01:58,1680,1680,0,1.0,227,7.348
8d73ab27-25dc-4964-929d-01cd8ce9fabe,2026-07-01T16:01:59,1680,1680,0,1.0,227,7.348
8d73ab27-25dc-4964-929d-01cd8ce9fabe,2026-07-01T16:01:59,1680,1680,0,1.0,227,7.348
8d73ab27-25dc-4964-929d-01cd8ce9fabe,2026-07-01T16:01:59,1680,1680,0,1.0,227,7.348
8d73ab27-25dc-4964-929d-01cd8ce9fabe,2026-07-01T16:01:59,1680,1680,0,1.0,227,7.348
8d73ab27-25dc-4964-929d-01cd8ce9fabe,2026-07-01T16:01:59,1680,1680,0,1.0,227,7.348
8d73ab27-25dc-4964-929d-01cd8ce9fabe,2026-07-01T16:01:59,1680,1680,0,1.0,227,7.348
8d73ab27-25dc-4964-929d-01cd8ce9fabe,2026-07-01T16:01:59,1680,1680,0,1.0,227,7.348
8d73ab27-25dc-4964-929d-01cd8ce9fabe,2026-07-01T16:01:59,1680,1680,0,1.0,227,7.348
8d73ab27-25dc-4964-929d-01cd8ce9fabe,2026-07-01T16:01:59,1680,1680,0,1.0,227,7.348
8d73ab27-25dc-4964-929d-01cd8ce9fabe,2026-07-01T16:01:59,1680,1680,0,1.0,227,7.348
8d73ab27-25dc-4964-929d-01cd8ce9fabe,2026-07-01T16:01:59,1680,1680,0,1.0,227,7.348
8d73ab27-25dc-4964-929d-01cd8ce9fabe,2026-07-01T16:02:00,1680,1680,0,1.0,227,7.348
8d73ab27-25dc-4964-929d-01cd8ce9fabe,2026-07-01T16:02:00,1680,1680,0,1.0,227,7.348
8d73ab27-25dc-4964-929d-01cd8ce9fabe,2026-07-01T16:02:00,1678,1678,0,1.0,227,7.344
8d73ab27-25dc-4964-929d-01cd8ce9fabe,2026-07-01T16:02:00,1678,1678,0,1.0,227,7.344
8d73ab27-25dc-4964-929d-01cd8ce9fabe,2026-07-01T16:02:00,1678,1678,0,1.0,227,7.344
8d73ab27-25dc-4964-929d-01cd8ce9fabe,2026-07-01T16:02:00,1678,1678,0,1.0,227,7.344
8d73ab27-25dc-4964-929d-01cd8ce9fabe,2026-07-01T16:02:00,1678,1678,0,1.0,227,7.344
8d73ab27-25dc-4964-929d-01cd8ce9fabe,2026-07-01T16:02:00,1678,1678,0,1.0,227,7.344
8d73ab27-25dc-4964-929d-01cd8ce9fabe,2026-07-01T16:02:00,1678,1678,0,1.0,227,7.344
8d73ab27-25dc-4964-929d-01cd8ce9fabe,2026-07-01T16:02:00,1678,1678,0,1.0,227,7.344
8d73ab27-25dc-4964-929d-01cd8ce9fabe,2026-07-01T16:02:01,1678,1678,0,1.0,227,7.344
8d73ab27-25dc-4964-929d-01cd8ce9fabe,2026-07-01T16:02:01,1678,1678,0,1.0,227,7.344
8d73ab27-25dc-4964-929d-01cd8ce9fabe,2026-07-01T16:02:01,1678,1678,0,1.0,227,7.344
8d73ab27-25dc-4964-929d-01cd8ce9fabe,2026-07-01T16:02:01,1678,1678,0,1.0,227,7.344
8d73ab27-25dc-4964-929d-01cd8ce9fabe,2026-07-01T16:02:01,1678,1678,0,1.0,227,7.344
8d73ab27-25dc-4964-929d-01cd8ce9fabe,2026-07-01T16:02:01,1678,1678,0,1.0,227,7.344
8d73ab27-25dc-4964-929d-01cd8ce9fabe,2026-07-01T16:02:01,1676,1676,0,1.0,227,7.344
8d73ab27-25dc-4964-929d-01cd8ce9fabe,2026-07-01T16:02:01,1676,1676,0,1.0,227,7.344
8d73ab27-25dc-4964-929d-01cd8ce9fabe,2026-07-01T16:02:01,1676,1676,0,1.0,227,7.344
8d73ab27-25dc-4964-929d-01cd8ce9fabe,2026-07-01T16:02:01,1676,1676,0,1.0,227,7.344
8d73ab27-25dc-4964-929d-01cd8ce9fabe,2026-07-01T16:02:01,1676,1676,0,1.0,227,7.344
8d73ab27-25dc-4964-929d-01cd8ce9fabe,2026-07-01T16:02:01,1676,1676,0,1.0,227,7.344
8d73ab27-25dc-4964-929d-01cd8ce9fabe,2026-07-01T16:02:01,1678,1678,0,1.0,227,7.336
8d73ab27-25dc-4964-929d-01cd8ce9fabe,2026-07-01T16:02:01,1678,1678,0,1.0,227,7.336
8d73ab27-25dc-4964-929d-01cd8ce9fabe,2026-07-01T16:02:02,1676,1676,0,1.0,227,7.336
8d73ab27-25dc-4964-929d-01cd8ce9fabe,2026-07-01T16:02:02,1676,1676,0,1.0,227,7.336
8d73ab27-25dc-4964-929d-01cd8ce9fabe,2026-07-01T16:02:02,1676,1676,0,1.0,227,7.336
8d73ab27-25dc-4964-929d-01cd8ce9fabe,2026-07-01T16:02:02,1676,1676,0,1.0,227,7.336
8d73ab27-25dc-4964-929d-01cd8ce9fabe,2026-07-01T16:02:02,1676,1676,0,1.0,227,7.336
8d73ab27-25dc-4964-929d-01cd8ce9fabe,2026-07-01T16:02:02,1676,1676,0,1.0,227,7.336
8d73ab27-25dc-4964-929d-01cd8ce9fabe,2026-07-01T16:02:02,1676,1676,0,1.0,227,7.336
8d73ab27-25dc-4964-929d-01cd8ce9fabe,2026-07-01T16:02:02,1676,1676,0,1.0,227,7.336
8d73ab27-25dc-4964-929d-01cd8ce9fabe,2026-07-01T16:02:02,1676,1676,0,1.0,227,7.336
8d73ab27-25dc-4964-929d-01cd8ce9fabe,2026-07-01T16:02:02,1676,1676,0,1.0,227,7.336
8d73ab27-25dc-4964-929d-01cd8ce9fabe,2026-07-01T16:02:02,1676,1676,0,1.0,227,7.336
8d73ab27-25dc-4964-929d-01cd8ce9fabe,2026-07-01T16:02:02,1676,1676,0,1.0,227,7.336
8d73ab27-25dc-4964-929d-01cd8ce9fabe,2026-07-01T16:02:03,1676,1676,0,1.0,227,7.336
8d73ab27-25dc-4964-929d-01cd8ce9fabe,2026-07-01T16:02:03,1676,1676,0,1.0,227,7.336
8d73ab27-25dc-4964-929d-01cd8ce9fabe,2026-07-01T16:02:03,1676,1676,0,1.0,227,7.336
8d73ab27-25dc-4964-929d-01cd8ce9fabe,2026-07-01T16:02:03,1676,1676,0,1.0,227,7.336
8d73ab27-25dc-4964-929d-01cd8ce9fabe,2026-07-01T16:02:03,1676,1676,0,1.0,227,7.336
8d73ab27-25dc-4964-929d-01cd8ce9fabe,2026-07-01T16:02:03,1676,1676,0,1.0,227,7.336
8d73ab27-25dc-4964-929d-01cd8ce9fabe,2026-07-01T16:02:03,1676,1676,0,1.0,227,7.336
8d73ab27-25dc-4964-929d-01cd8ce9fabe,2026-07-01T16:02:03,1676,1676,0,1.0,227,7.336
8d73ab27-25dc-4964-929d-01cd8ce9fabe,2026-07-01T16:02:03,1676,1676,0,1.0,227,7.336
8d73ab27-25dc-4964-929d-01cd8ce9fabe,2026-07-01T16:02:03,1676,1676,0,1.0,227,7.336
8d73ab27-25dc-4964-929d-01cd8ce9fabe,2026-07-01T16:02:03,1676,1676,0,1.0,227,7.336
8d73ab27-25dc-4964-929d-01cd8ce9fabe,2026-07-01T16:02:03,1676,1676,0,1.0,227,7.336
8d73ab27-25dc-4964-929d-01cd8ce9fabe,2026-07-01T16:02:03,1676,1676,0,1.0,227,7.336
8d73ab27-25dc-4964-929d-01cd8ce9fabe,2026-07-01T16:02:04,1676,1676,0,1.0,227,7.336
8d73ab27-25dc-4964-929d-01cd8ce9fabe,2026-07-01T16:02:04,1676,1676,0,1.0,227,7.336
8d73ab27-25dc-4964-929d-01cd8ce9fabe,2026-07-01T16:02:04,1676,1676,0,1.0,227,7.336
8d73ab27-25dc-4964-929d-01cd8ce9fabe,2026-07-01T16:02:04,1676,1676,0,1.0,227,7.336
8d73ab27-25dc-4964-929d-01cd8ce9fabe,2026-07-01T16:02:04,1676,1676,0,1.0,227,7.336
8d73ab27-25dc-4964-929d-01cd8ce9fabe,2026-07-01T16:02:04,1676,1676,0,1.0,227,7.336
8d73ab27-25dc-4964-929d-01cd8ce9fabe,2026-07-01T16:02:04,1676,1676,0,1.0,227,7.336
8d73ab27-25dc-4964-929d-01cd8ce9fabe,2026-07-01T16:02:04,1676,1676,0,1.0,227,7.336
8d73ab27-25dc-4964-929d-01cd8ce9fabe,2026-07-01T16:02:04,1676,1676,0,1.0,227,7.336
8d73ab27-25dc-4964-929d-01cd8ce9fabe,2026-07-01T16:02:04,1676,1676,0,1.0,227,7.336
8d73ab27-25dc-4964-929d-01cd8ce9fabe,2026-07-01T16:02:04,1676,1676,0,1.0,227,7.336
8d73ab27-25dc-4964-929d-01cd8ce9fabe,2026-07-01T16:02:04,1676,1676,0,1.0,227,7.336
8d73ab27-25dc-4964-929d-01cd8ce9fabe,2026-07-01T16:02:04,1676,1676,0,1.0,227,7.336
8d73ab27-25dc-4964-929d-01cd8ce9fabe,2026-07-01T16:02:05,1676,1676,0,1.0,227,7.336
8d73ab27-25dc-4964-929d-01cd8ce9fabe,2026-07-01T16:02:05,1676,1676,0,1.0,227,7.336
8d73ab27-25dc-4964-929d-01cd8ce9fabe,2026-07-01T16:02:05,1676,1676,0,1.0,227,7.336
8d73ab27-25dc-4964-929d-01cd8ce9fabe,2026-07-01T16:02:05,1676,1676,0,1.0,227,7.336
8d73ab27-25dc-4964-929d-01cd8ce9fabe,2026-07-01T16:02:05,1676,1676,0,1.0,227,7.336
8d73ab27-25dc-4964-929d-01cd8ce9fabe,2026-07-01T16:02:05,1676,1676,0,1.0,227,7.336
8d73ab27-25dc-4964-929d-01cd8ce9fabe,2026-07-01T16:02:05,1676,1676,0,1.0,227,7.336
8d73ab27-25dc-4964-929d-01cd8ce9fabe,2026-07-01T16:02:05,1676,1676,0,1.0,227,7.336
8d73ab27-25dc-4964-929d-01cd8ce9fabe,2026-07-01T16:02:05,1676,1676,0,1.0,227,7.336
8d73ab27-25dc-4964-929d-01cd8ce9fabe,2026-07-01T16:02:05,1676,1676,0,1.0,227,7.336
8d73ab27-25dc-4964-929d-01cd8ce9fabe,2026-07-01T16:02:05,1676,1676,0,1.0,227,7.336
8d73ab27-25dc-4964-929d-01cd8ce9fabe,2026-07-01T16:02:05,1676,1676,0,1.0,227,7.336
8d73ab27-25dc-4964-929d-01cd8ce9fabe,2026-07-01T16:02:06,1676,1676,0,1.0,227,7.336
8d73ab27-25dc-4964-929d-01cd8ce9fabe,2026-07-01T16:02:06,1676,1676,0,1.0,227,7.336
8d73ab27-25dc-4964-929d-01cd8ce9fabe,2026-07-01T16:02:06,1676,1676,0,1.0,227,7.336
8d73ab27-25dc-4964-929d-01cd8ce9fabe,2026-07-01T16:02:06,1676,1676,0,1.0,227,7.336
8d73ab27-25dc-4964-929d-01cd8ce9fabe,2026-07-01T16:02:06,1676,1676,0,1.0,227,7.336
8d73ab27-25dc-4964-929d-01cd8ce9fabe,2026-07-01T16:02:06,1676,1676,0,1.0,227,7.336
8d73ab27-25dc-4964-929d-01cd8ce9fabe,2026-07-01T16:02:06,1676,1676,0,1.0,227,7.336
8d73ab27-25dc-4964-929d-01cd8ce9fabe,2026-07-01T16:02:06,1676,1676,0,1.0,227,7.336
8d73ab27-25dc-4964-929d-01cd8ce9fabe,2026-07-01T16:02:06,1676,1676,0,1.0,227,7.336
8d73ab27-25dc-4964-929d-01cd8ce9fabe,2026-07-01T16:02:06,1676,1676,0,1.0,227,7.336
8d73ab27-25dc-4964-929d-01cd8ce9fabe,2026-07-01T16:02:06,1676,1676,0,1.0,227,7.336
8d73ab27-25dc-4964-929d-01cd8ce9fabe,2026-07-01T16:02:06,1676,1676,0,1.0,227,7.336
8d73ab27-25dc-4964-929d-01cd8ce9fabe,2026-07-01T16:02:06,1676,1676,0,1.0,227,7.336
8d73ab27-25dc-4964-929d-01cd8ce9fabe,2026-07-01T16:02:07,1675,1675,0,1.0,227,7.336
8d73ab27-25dc-4964-929d-01cd8ce9fabe,2026-07-01T16:02:07,1675,1675,0,1.0,227,7.336
8d73ab27-25dc-4964-929d-01cd8ce9fabe,2026-07-01T16:02:07,1675,1675,0,1.0,227,7.336
8d73ab27-25dc-4964-929d-01cd8ce9fabe,2026-07-01T16:02:07,1675,1675,0,1.0,227,7.336
8d73ab27-25dc-4964-929d-01cd8ce9fabe,2026-07-01T16:02:07,1675,1675,0,1.0,227,7.336
8d73ab27-25dc-4964-929d-01cd8ce9fabe,2026-07-01T16:02:07,1675,1675,0,1.0,227,7.336
8d73ab27-25dc-4964-929d-01cd8ce9fabe,2026-07-01T16:02:07,1675,1675,0,1.0,227,7.336
8d73ab27-25dc-4964-929d-01cd8ce9fabe,2026-07-01T16:02:07,1675,1675,0,1.0,227,7.336
8d73ab27-25dc-4964-929d-01cd8ce9fabe,2026-07-01T16:02:07,1675,1675,0,1.0,227,7.336
8d73ab27-25dc-4964-929d-01cd8ce9fabe,2026-07-01T16:02:07,1675,1675,0,1.0,227,7.336
8d73ab27-25dc-4964-929d-01cd8ce9fabe,2026-07-01T16:02:07,1675,1675,0,1.0,227,7.336
8d73ab27-25dc-4964-929d-01cd8ce9fabe,2026-07-01T16:02:07,1675,1675,0,1.0,227,7.336
8d73ab27-25dc-4964-929d-01cd8ce9fabe,2026-07-01T16:02:07,1675,1675,0,1.0,227,7.336
8d73ab27-25dc-4964-929d-01cd8ce9fabe,2026-07-01T16:02:08,1675,1675,0,1.0,227,7.336
8d73ab27-25dc-4964-929d-01cd8ce9fabe,2026-07-01T16:02:08,1675,1675,0,1.0,227,7.336
8d73ab27-25dc-4964-929d-01cd8ce9fabe,2026-07-01T16:02:08,1675,1675,0,1.0,227,7.336
8d73ab27-25dc-4964-929d-01cd8ce9fabe,2026-07-01T16:02:08,1675,1675,0,1.0,227,7.331
8d73ab27-25dc-4964-929d-01cd8ce9fabe,2026-07-01T16:02:08,1675,1675,0,1.0,227,7.331
8d73ab27-25dc-4964-929d-01cd8ce9fabe,2026-07-01T16:02:08,1675,1675,0,1.0,227,7.331
8d73ab27-25dc-4964-929d-01cd8ce9fabe,2026-07-01T16:02:08,1675,1675,0,1.0,227,7.331
8d73ab27-25dc-4964-929d-01cd8ce9fabe,2026-07-01T16:02:08,1675,1675,0,1.0,227,7.331
8d73ab27-25dc-4964-929d-01cd8ce9fabe,2026-07-01T16:02:08,1675,1675,0,1.0,227,7.331
8d73ab27-25dc-4964-929d-01cd8ce9fabe,2026-07-01T16:02:08,1675,1675,0,1.0,227,7.331
8d73ab27-25dc-4964-929d-01cd8ce9fabe,2026-07-01T16:02:08,1675,1675,0,1.0,227,7.331
8d73ab27-25dc-4964-929d-01cd8ce9fabe,2026-07-01T16:02:08,1675,1675,0,1.0,227,7.331
8d73ab27-25dc-4964-929d-01cd8ce9fabe,2026-07-01T16:02:08,1675,1675,0,1.0,227,7.331
8d73ab27-25dc-4964-929d-01cd8ce9fabe,2026-07-01T16:02:09,1675,1675,0,1.0,227,7.331
8d73ab27-25dc-4964-929d-01cd8ce9fabe,2026-07-01T16:02:09,1675,1675,0,1.0,227,7.331
8d73ab27-25dc-4964-929d-01cd8ce9fabe,2026-07-01T16:02:09,1675,1675,0,1.0,227,7.331
8d73ab27-25dc-4964-929d-01cd8ce9fabe,2026-07-01T16:02:09,1675,1675,0,1.0,227,7.331
8d73ab27-25dc-4964-929d-01cd8ce9fabe,2026-07-01T16:02:09,1675,1675,0,1.0,227,7.331
8d73ab27-25dc-4964-929d-01cd8ce9fabe,2026-07-01T16:02:09,1675,1675,0,1.0,227,7.331
8d73ab27-25dc-4964-929d-01cd8ce9fabe,2026-07-01T16:02:09,1675,1675,0,1.0,227,7.331
8d73ab27-25dc-4964-929d-01cd8ce9fabe,2026-07-01T16:02:09,1673,1673,0,1.0,227,7.331
8d73ab27-25dc-4964-929d-01cd8ce9fabe,2026-07-01T16:02:09,1673,1673,0,1.0,227,7.331
8d73ab27-25dc-4964-929d-01cd8ce9fabe,2026-07-01T16:02:09,1673,1673,0,1.0,227,7.331
8d73ab27-25dc-4964-929d-01cd8ce9fabe,2026-07-01T16:02:09,1673,1673,0,1.0,227,7.327
8d73ab27-25dc-4964-929d-01cd8ce9fabe,2026-07-01T16:02:09,1673,1673,0,1.0,227,7.327
8d73ab27-25dc-4964-929d-01cd8ce9fabe,2026-07-01T16:02:10,1673,1673,0,1.0,227,7.327
8d73ab27-25dc-4964-929d-01cd8ce9fabe,2026-07-01T16:02:10,1673,1673,0,1.0,227,7.327
8d73ab27-25dc-4964-929d-01cd8ce9fabe,2026-07-01T16:02:10,1673,1673,0,1.0,227,7.327
8d73ab27-25dc-4964-929d-01cd8ce9fabe,2026-07-01T16:02:10,1673,1673,0,1.0,227,7.327
8d73ab27-25dc-4964-929d-01cd8ce9fabe,2026-07-01T16:02:11,1673,1673,0,1.0,227,7.323
8d73ab27-25dc-4964-929d-01cd8ce9fabe,2026-07-01T16:02:11,1671,1671,0,1.0,227,7.323
8d73ab27-25dc-4964-929d-01cd8ce9fabe,2026-07-01T16:02:11,1671,1671,0,1.0,227,7.323
8d73ab27-25dc-4964-929d-01cd8ce9fabe,2026-07-01T16:02:12,1671,1671,0,1.0,227,7.323
8d73ab27-25dc-4964-929d-01cd8ce9fabe,2026-07-01T16:02:12,1671,1671,0,1.0,227,7.323
8d73ab27-25dc-4964-929d-01cd8ce9fabe,2026-07-01T16:02:12,1671,1671,0,1.0,227,7.323
8d73ab27-25dc-4964-929d-01cd8ce9fabe,2026-07-01T16:02:12,1671,1671,0,1.0,227,7.323
8d73ab27-25dc-4964-929d-01cd8ce9fabe,2026-07-01T16:02:12,1671,1671,0,1.0,227,7.323
8d73ab27-25dc-4964-929d-01cd8ce9fabe,2026-07-01T16:02:12,1671,1671,0,1.0,227,7.323
8d73ab27-25dc-4964-929d-01cd8ce9fabe,2026-07-01T16:02:12,1671,1671,0,1.0,227,7.323
8d73ab27-25dc-4964-929d-01cd8ce9fabe,2026-07-01T16:02:12,1671,1671,0,1.0,227,7.323
8d73ab27-25dc-4964-929d-01cd8ce9fabe,2026-07-01T16:02:12,1671,1671,0,1.0,227,7.323
8d73ab27-25dc-4964-929d-01cd8ce9fabe,2026-07-01T16:02:12,1673,1673,0,1.0,227,7.323
8d73ab27-25dc-4964-929d-01cd8ce9fabe,2026-07-01T16:02:12,1673,1673,0,1.0,227,7.323
8d73ab27-25dc-4964-929d-01cd8ce9fabe,2026-07-01T16:02:13,1673,1673,0,1.0,227,7.323
8d73ab27-25dc-4964-929d-01cd8ce9fabe,2026-07-01T16:02:13,1673,1673,0,1.0,227,7.323
8d73ab27-25dc-4964-929d-01cd8ce9fabe,2026-07-01T16:02:13,1673,1673,0,1.0,227,7.323
8d73ab27-25dc-4964-929d-01cd8ce9fabe,2026-07-01T16:02:13,1673,1673,0,1.0,227,7.323
8d73ab27-25dc-4964-929d-01cd8ce9fabe,2026-07-01T16:02:13,1673,1673,0,1.0,227,7.323
8d73ab27-25dc-4964-929d-01cd8ce9fabe,2026-07-01T16:02:13,1673,1673,0,1.0,227,7.323
8d73ab27-25dc-4964-929d-01cd8ce9fabe,2026-07-01T16:02:13,1673,1673,0,1.0,227,7.323
8d73ab27-25dc-4964-929d-01cd8ce9fabe,2026-07-01T16:02:13,1675,1675,0,1.0,227,7.323
8d73ab27-25dc-4964-929d-01cd8ce9fabe,2026-07-01T16:02:13,1675,1675,0,1.0,227,7.323
8d73ab27-25dc-4964-929d-01cd8ce9fabe,2026-07-01T16:02:13,1675,1675,0,1.0,227,7.323
8d73ab27-25dc-4964-929d-01cd8ce9fabe,2026-07-01T16:02:13,1675,1675,0,1.0,227,7.323
8d73ab27-25dc-4964-929d-01cd8ce9fabe,2026-07-01T16:02:14,1675,1675,0,1.0,227,7.323
8d73ab27-25dc-4964-929d-01cd8ce9fabe,2026-07-01T16:02:14,1675,1675,0,1.0,227,7.323
8d73ab27-25dc-4964-929d-01cd8ce9fabe,2026-07-01T16:02:14,1675,1675,0,1.0,227,7.323
8d73ab27-25dc-4964-929d-01cd8ce9fabe,2026-07-01T16:02:14,1675,1675,0,1.0,227,7.323
8d73ab27-25dc-4964-929d-01cd8ce9fabe,2026-07-01T16:02:14,1675,1675,0,1.0,227,7.323
8d73ab27-25dc-4964-929d-01cd8ce9fabe,2026-07-01T16:02:14,1673,1673,0,1.0,227,7.323
8d73ab27-25dc-4964-929d-01cd8ce9fabe,2026-07-01T16:02:14,1673,1673,0,1.0,227,7.323
8d73ab27-25dc-4964-929d-01cd8ce9fabe,2026-07-01T16:02:14,1675,1675,0,1.0,227,7.327
8d73ab27-25dc-4964-929d-01cd8ce9fabe,2026-07-01T16:02:14,1675,1675,0,1.0,227,7.327
8d73ab27-25dc-4964-929d-01cd8ce9fabe,2026-07-01T16:02:14,1675,1675,0,1.0,227,7.327
8d73ab27-25dc-4964-929d-01cd8ce9fabe,2026-07-01T16:02:14,1675,1675,0,1.0,227,7.327
8d73ab27-25dc-4964-929d-01cd8ce9fabe,2026-07-01T16:02:14,1675,1675,0,1.0,227,7.327
8d73ab27-25dc-4964-929d-01cd8ce9fabe,2026-07-01T16:02:14,1675,1675,0,1.0,227,7.327
8d73ab27-25dc-4964-929d-01cd8ce9fabe,2026-07-01T16:02:14,1675,1675,0,1.0,227,7.327
8d73ab27-25dc-4964-929d-01cd8ce9fabe,2026-07-01T16:02:15,1675,1675,0,1.0,227,7.327
8d73ab27-25dc-4964-929d-01cd8ce9fabe,2026-07-01T16:02:15,1675,1675,0,1.0,227,7.327
8d73ab27-25dc-4964-929d-01cd8ce9fabe,2026-07-01T16:02:15,1675,1675,0,1.0,227,7.327
8d73ab27-25dc-4964-929d-01cd8ce9fabe,2026-07-01T16:02:15,1675,1675,0,1.0,227,7.327
8d73ab27-25dc-4964-929d-01cd8ce9fabe,2026-07-01T16:02:15,1675,1675,0,1.0,227,7.327
8d73ab27-25dc-4964-929d-01cd8ce9fabe,2026-07-01T16:02:15,1675,1675,0,1.0,227,7.327
8d73ab27-25dc-4964-929d-01cd8ce9fabe,2026-07-01T16:02:15,1675,1675,0,1.0,227,7.327
8d73ab27-25dc-4964-929d-01cd8ce9fabe,2026-07-01T16:02:15,1675,1675,0,1.0,227,7.327
8d73ab27-25dc-4964-929d-01cd8ce9fabe,2026-07-01T16:02:15,1675,1675,0,1.0,227,7.327
8d73ab27-25dc-4964-929d-01cd8ce9fabe,2026-07-01T16:02:15,1675,1675,0,1.0,227,7.327
8d73ab27-25dc-4964-929d-01cd8ce9fabe,2026-07-01T16:02:15,1675,1675,0,1.0,227,7.327
8d73ab27-25dc-4964-929d-01cd8ce9fabe,2026-07-01T16:02:15,1675,1675,0,1.0,227,7.327
8d73ab27-25dc-4964-929d-01cd8ce9fabe,2026-07-01T16:02:16,1325,1663,1006,0.8,227,7.327
8d73ab27-25dc-4964-929d-01cd8ce9fabe,2026-07-01T16:02:16,1325,1663,1006,0.8,227,7.327
8d73ab27-25dc-4964-929d-01cd8ce9fabe,2026-07-01T16:02:16,42,1663,1663,0.03,227,7.327
8d73ab27-25dc-4964-929d-01cd8ce9fabe,2026-07-01T16:02:16,42,1663,1663,0.03,227,7.327
8d73ab27-25dc-4964-929d-01cd8ce9fabe,2026-07-01T16:02:16,18,1663,1663,0.01,227,7.327
8d73ab27-25dc-4964-929d-01cd8ce9fabe,2026-07-01T16:02:16,18,1663,1663,0.01,227,7.327
8d73ab27-25dc-4964-929d-01cd8ce9fabe,2026-07-01T16:02:16,18,1663,1663,0.01,227,7.327
8d73ab27-25dc-4964-929d-01cd8ce9fabe,2026-07-01T16:02:16,18,1663,1663,0.01,227,7.327
8d73ab27-25dc-4964-929d-01cd8ce9fabe,2026-07-01T16:02:16,18,1663,1663,0.01,227,7.327
8d73ab27-25dc-4964-929d-01cd8ce9fabe,2026-07-01T16:02:16,2,1663,1663,0.0,227,7.327
8d73ab27-25dc-4964-929d-01cd8ce9fabe,2026-07-01T16:02:16,2,1663,1663,0.0,227,7.327
8d73ab27-25dc-4964-929d-01cd8ce9fabe,2026-07-01T16:02:17,2,28,28,0.08,227,0.122
8d73ab27-25dc-4964-929d-01cd8ce9fabe,2026-07-01T16:02:17,4,28,27,0.15,227,0.122
8d73ab27-25dc-4964-929d-01cd8ce9fabe,2026-07-01T16:02:17,4,28,27,0.15,227,0.122
8d73ab27-25dc-4964-929d-01cd8ce9fabe,2026-07-01T16:02:17,4,28,27,0.15,227,0.122
8d73ab27-25dc-4964-929d-01cd8ce9fabe,2026-07-01T16:02:17,4,28,27,0.15,227,0.122
8d73ab27-25dc-4964-929d-01cd8ce9fabe,2026-07-01T16:02:17,4,28,27,0.15,227,0.122
8d73ab27-25dc-4964-929d-01cd8ce9fabe,2026-07-01T16:02:17,4,28,27,0.16,227,0.122
8d73ab27-25dc-4964-929d-01cd8ce9fabe,2026-07-01T16:02:17,4,28,28,0.15,231,0.122
8d73ab27-25dc-4964-929d-01cd8ce9fabe,2026-07-01T16:02:17,4,28,28,0.15,231,0.122
8d73ab27-25dc-4964-929d-01cd8ce9fabe,2026-07-01T16:02:18,4,28,28,0.15,231,0.122
8d73ab27-25dc-4964-929d-01cd8ce9fabe,2026-07-01T16:02:18,4,28,28,0.15,231,0.122
8d73ab27-25dc-4964-929d-01cd8ce9fabe,2026-07-01T16:02:18,4,28,28,0.15,231,0.122
8d73ab27-25dc-4964-929d-01cd8ce9fabe,2026-07-01T16:02:18,4,28,28,0.15,231,0.122
8d73ab27-25dc-4964-929d-01cd8ce9fabe,2026-07-01T16:02:18,4,28,28,0.15,231,0.122
8d73ab27-25dc-4964-929d-01cd8ce9fabe,2026-07-01T16:02:18,4,28,28,0.15,231,0.122
8d73ab27-25dc-4964-929d-01cd8ce9fabe,2026-07-01T16:02:18,4,28,28,0.15,231,0.122
8d73ab27-25dc-4964-929d-01cd8ce9fabe,2026-07-01T16:02:18,4,28,28,0.15,231,0.122
8d73ab27-25dc-4964-929d-01cd8ce9fabe,2026-07-01T16:02:18,4,28,28,0.15,231,0.122
8d73ab27-25dc-4964-929d-01cd8ce9fabe,2026-07-01T16:02:18,4,28,28,0.15,231,0.122
8d73ab27-25dc-4964-929d-01cd8ce9fabe,2026-07-01T16:02:19,4,28,28,0.16,231,0.122
8d73ab27-25dc-4964-929d-01cd8ce9fabe,2026-07-01T16:02:19,4,28,28,0.16,231,0.122
8d73ab27-25dc-4964-929d-01cd8ce9fabe,2026-07-01T16:02:19,4,28,28,0.16,231,0.122
8d73ab27-25dc-4964-929d-01cd8ce9fabe,2026-07-01T16:02:19,4,28,28,0.16,231,0.122
8d73ab27-25dc-4964-929d-01cd8ce9fabe,2026-07-01T16:02:19,4,10,9,0.43,231,0.043
8d73ab27-25dc-4964-929d-01cd8ce9fabe,2026-07-01T16:02:19,4,10,9,0.43,231,0.043
8d73ab27-25dc-4964-929d-01cd8ce9fabe,2026-07-01T16:02:19,4,10,9,0.43,231,0.043
8d73ab27-25dc-4964-929d-01cd8ce9fabe,2026-07-01T16:02:19,4,10,9,0.43,231,0.043
8d73ab27-25dc-4964-929d-01cd8ce9fabe,2026-07-01T16:02:19,4,10,9,0.41,231,0.043
8d73ab27-25dc-4964-929d-01cd8ce9fabe,2026-07-01T16:02:19,4,10,9,0.41,231,0.043
8d73ab27-25dc-4964-929d-01cd8ce9fabe,2026-07-01T16:02:20,4,10,9,0.43,231,0.043
8d73ab27-25dc-4964-929d-01cd8ce9fabe,2026-07-01T16:02:20,4,10,9,0.43,231,0.043
8d73ab27-25dc-4964-929d-01cd8ce9fabe,2026-07-01T16:02:20,4,10,9,0.43,231,0.043
8d73ab27-25dc-4964-929d-01cd8ce9fabe,2026-07-01T16:02:20,4,10,9,0.43,231,0.043
8d73ab27-25dc-4964-929d-01cd8ce9fabe,2026-07-01T16:02:20,4,10,9,0.43,231,0.043
8d73ab27-25dc-4964-929d-01cd8ce9fabe,2026-07-01T16:02:20,4,10,9,0.43,231,0.043
8d73ab27-25dc-4964-929d-01cd8ce9fabe,2026-07-01T16:02:20,4,10,9,0.43,231,0.043
8d73ab27-25dc-4964-929d-01cd8ce9fabe,2026-07-01T16:02:20,4,10,9,0.43,231,0.043
8d73ab27-25dc-4964-929d-01cd8ce9fabe,2026-07-01T16:02:20,4,10,9,0.43,231,0.043
8d73ab27-25dc-4964-929d-01cd8ce9fabe,2026-07-01T16:02:20,4,10,9,0.43,231,0.043
8d73ab27-25dc-4964-929d-01cd8ce9fabe,2026-07-01T16:02:20,4,10,9,0.43,231,0.043
8d73ab27-25dc-4964-929d-01cd8ce9fabe,2026-07-01T16:02:20,4,10,9,0.43,231,0.043
8d73ab27-25dc-4964-929d-01cd8ce9fabe,2026-07-01T16:02:21,4,10,9,0.43,231,0.043
8d73ab27-25dc-4964-929d-01cd8ce9fabe,2026-07-01T16:02:21,4,10,9,0.43,231,0.043
8d73ab27-25dc-4964-929d-01cd8ce9fabe,2026-07-01T16:02:21,4,10,9,0.43,231,0.043
8d73ab27-25dc-4964-929d-01cd8ce9fabe,2026-07-01T16:02:21,4,10,9,0.43,231,0.043
8d73ab27-25dc-4964-929d-01cd8ce9fabe,2026-07-01T16:02:21,4,10,9,0.43,231,0.043
8d73ab27-25dc-4964-929d-01cd8ce9fabe,2026-07-01T16:02:21,4,10,9,0.43,231,0.043
8d73ab27-25dc-4964-929d-01cd8ce9fabe,2026-07-01T16:02:21,4,10,9,0.43,231,0.043
8d73ab27-25dc-4964-929d-01cd8ce9fabe,2026-07-01T16:02:21,4,10,9,0.43,231,0.043
8d73ab27-25dc-4964-929d-01cd8ce9fabe,2026-07-01T16:02:21,4,10,9,0.43,231,0.043
8d73ab27-25dc-4964-929d-01cd8ce9fabe,2026-07-01T16:02:21,4,10,9,0.43,231,0.043
8d73ab27-25dc-4964-929d-01cd8ce9fabe,2026-07-01T16:02:21,4,10,9,0.43,231,0.043
8d73ab27-25dc-4964-929d-01cd8ce9fabe,2026-07-01T16:02:22,4,10,9,0.43,231,0.043
8d73ab27-25dc-4964-929d-01cd8ce9fabe,2026-07-01T16:02:22,4,10,9,0.43,231,0.043
8d73ab27-25dc-4964-929d-01cd8ce9fabe,2026-07-01T16:02:22,4,10,9,0.43,231,0.043
8d73ab27-25dc-4964-929d-01cd8ce9fabe,2026-07-01T16:02:22,4,10,9,0.43,231,0.043
8d73ab27-25dc-4964-929d-01cd8ce9fabe,2026-07-01T16:02:22,4,10,9,0.43,231,0.043
8d73ab27-25dc-4964-929d-01cd8ce9fabe,2026-07-01T16:02:22,4,10,9,0.43,231,0.043
8d73ab27-25dc-4964-929d-01cd8ce9fabe,2026-07-01T16:02:22,4,10,9,0.43,231,0.043
8d73ab27-25dc-4964-929d-01cd8ce9fabe,2026-07-01T16:02:22,4,10,9,0.43,231,0.043
8d73ab27-25dc-4964-929d-01cd8ce9fabe,2026-07-01T16:02:22,4,10,9,0.43,231,0.043
8d73ab27-25dc-4964-929d-01cd8ce9fabe,2026-07-01T16:02:22,4,10,9,0.43,231,0.043
8d73ab27-25dc-4964-929d-01cd8ce9fabe,2026-07-01T16:02:22,4,10,9,0.43,231,0.043
8d73ab27-25dc-4964-929d-01cd8ce9fabe,2026-07-01T16:02:22,4,10,9,0.43,231,0.043
8d73ab27-25dc-4964-929d-01cd8ce9fabe,2026-07-01T16:02:22,4,10,9,0.43,231,0.043
8d73ab27-25dc-4964-929d-01cd8ce9fabe,2026-07-01T16:02:22,4,10,9,0.43,231,0.043
8d73ab27-25dc-4964-929d-01cd8ce9fabe,2026-07-01T16:02:23,4,10,9,0.43,231,0.043
8d73ab27-25dc-4964-929d-01cd8ce9fabe,2026-07-01T16:02:23,4,10,9,0.43,231,0.043
8d73ab27-25dc-4964-929d-01cd8ce9fabe,2026-07-01T16:02:23,4,10,9,0.43,231,0.043
8d73ab27-25dc-4964-929d-01cd8ce9fabe,2026-07-01T16:02:23,4,10,9,0.43,231,0.043
8d73ab27-25dc-4964-929d-01cd8ce9fabe,2026-07-01T16:02:23,4,10,9,0.43,231,0.043
8d73ab27-25dc-4964-929d-01cd8ce9fabe,2026-07-01T16:02:23,4,10,9,0.43,231,0.043
8d73ab27-25dc-4964-929d-01cd8ce9fabe,2026-07-01T16:02:23,4,10,9,0.43,231,0.043
8d73ab27-25dc-4964-929d-01cd8ce9fabe,2026-07-01T16:02:23,4,10,9,0.43,231,0.043
8d73ab27-25dc-4964-929d-01cd8ce9fabe,2026-07-01T16:02:23,4,10,9,0.43,231,0.043
8d73ab27-25dc-4964-929d-01cd8ce9fabe,2026-07-01T16:02:23,4,10,9,0.43,231,0.043
8d73ab27-25dc-4964-929d-01cd8ce9fabe,2026-07-01T16:02:23,4,10,9,0.43,231,0.043
8d73ab27-25dc-4964-929d-01cd8ce9fabe,2026-07-01T16:02:23,4,10,9,0.43,231,0.043
8d73ab27-25dc-4964-929d-01cd8ce9fabe,2026-07-01T16:02:23,4,10,9,0.43,231,0.043
8d73ab27-25dc-4964-929d-01cd8ce9fabe,2026-07-01T16:02:24,4,10,9,0.43,231,0.043
8d73ab27-25dc-4964-929d-01cd8ce9fabe,2026-07-01T16:02:24,4,10,9,0.43,231,0.043
8d73ab27-25dc-4964-929d-01cd8ce9fabe,2026-07-01T16:02:24,4,10,9,0.43,231,0.043
8d73ab27-25dc-4964-929d-01cd8ce9fabe,2026-07-01T16:02:24,4,10,9,0.43,231,0.043
8d73ab27-25dc-4964-929d-01cd8ce9fabe,2026-07-01T16:02:24,4,10,9,0.43,231,0.043
8d73ab27-25dc-4964-929d-01cd8ce9fabe,2026-07-01T16:02:24,4,10,9,0.43,231,0.043
8d73ab27-25dc-4964-929d-01cd8ce9fabe,2026-07-01T16:02:24,4,10,9,0.43,231,0.043
8d73ab27-25dc-4964-929d-01cd8ce9fabe,2026-07-01T16:02:24,4,10,9,0.43,231,0.043
8d73ab27-25dc-4964-929d-01cd8ce9fabe,2026-07-01T16:02:24,4,10,9,0.4,231,0.043
8d73ab27-25dc-4964-929d-01cd8ce9fabe,2026-07-01T16:02:24,4,10,9,0.4,231,0.043
8d73ab27-25dc-4964-929d-01cd8ce9fabe,2026-07-01T16:02:24,4,10,9,0.4,231,0.043
8d73ab27-25dc-4964-929d-01cd8ce9fabe,2026-07-01T16:02:24,4,10,9,0.4,231,0.043
8d73ab27-25dc-4964-929d-01cd8ce9fabe,2026-07-01T16:02:24,4,10,9,0.4,231,0.043
8d73ab27-25dc-4964-929d-01cd8ce9fabe,2026-07-01T16:02:24,4,10,9,0.4,231,0.043
8d73ab27-25dc-4964-929d-01cd8ce9fabe,2026-07-01T16:02:25,4,10,9,0.42,231,0.043
8d73ab27-25dc-4964-929d-01cd8ce9fabe,2026-07-01T16:02:25,4,10,9,0.42,231,0.043
8d73ab27-25dc-4964-929d-01cd8ce9fabe,2026-07-01T16:02:25,4,10,9,0.42,231,0.043
8d73ab27-25dc-4964-929d-01cd8ce9fabe,2026-07-01T16:02:25,4,10,9,0.42,231,0.043
8d73ab27-25dc-4964-929d-01cd8ce9fabe,2026-07-01T16:02:25,4,10,9,0.44,231,0.043
8d73ab27-25dc-4964-929d-01cd8ce9fabe,2026-07-01T16:02:25,4,10,9,0.44,231,0.043
8d73ab27-25dc-4964-929d-01cd8ce9fabe,2026-07-01T16:02:25,4,10,9,0.44,231,0.043
8d73ab27-25dc-4964-929d-01cd8ce9fabe,2026-07-01T16:02:25,4,10,9,0.44,231,0.043
8d73ab27-25dc-4964-929d-01cd8ce9fabe,2026-07-01T16:02:25,4,10,9,0.44,231,0.043
8d73ab27-25dc-4964-929d-01cd8ce9fabe,2026-07-01T16:02:25,4,10,9,0.43,231,0.043
8d73ab27-25dc-4964-929d-01cd8ce9fabe,2026-07-01T16:02:25,4,10,9,0.43,231,0.043
8d73ab27-25dc-4964-929d-01cd8ce9fabe,2026-07-01T16:02:25,4,10,9,0.43,231,0.043
8d73ab27-25dc-4964-929d-01cd8ce9fabe,2026-07-01T16:02:26,230,230,0,1.0,231,0.297
8d73ab27-25dc-4964-929d-01cd8ce9fabe,2026-07-01T16:02:26,230,230,0,1.0,231,0.297
8d73ab27-25dc-4964-929d-01cd8ce9fabe,2026-07-01T16:02:26,230,230,0,1.0,231,0.297
8d73ab27-25dc-4964-929d-01cd8ce9fabe,2026-07-01T16:02:26,1699,1699,0,1.0,231,0.297
8d73ab27-25dc-4964-929d-01cd8ce9fabe,2026-07-01T16:02:26,1699,1699,0,1.0,231,0.297
8d73ab27-25dc-4964-929d-01cd8ce9fabe,2026-07-01T16:02:26,1699,1699,0,1.0,231,0.297
8d73ab27-25dc-4964-929d-01cd8ce9fabe,2026-07-01T16:02:26,1687,1687,0,1.0,231,0.297
8d73ab27-25dc-4964-929d-01cd8ce9fabe,2026-07-01T16:02:26,1687,1687,0,1.0,231,0.297
8d73ab27-25dc-4964-929d-01cd8ce9fabe,2026-07-01T16:02:26,1687,1687,0,1.0,231,0.297
8d73ab27-25dc-4964-929d-01cd8ce9fabe,2026-07-01T16:02:26,1687,1687,0,1.0,231,0.297
8d73ab27-25dc-4964-929d-01cd8ce9fabe,2026-07-01T16:02:26,1687,1687,0,1.0,231,0.297
8d73ab27-25dc-4964-929d-01cd8ce9fabe,2026-07-01T16:02:26,1687,1687,0,1.0,231,0.297
8d73ab27-25dc-4964-929d-01cd8ce9fabe,2026-07-01T16:02:26,1686,1686,0,1.0,227,0.297
8d73ab27-25dc-4964-929d-01cd8ce9fabe,2026-07-01T16:02:27,1686,1686,0,1.0,227,0.297
8d73ab27-25dc-4964-929d-01cd8ce9fabe,2026-07-01T16:02:27,1686,1686,0,1.0,227,0.297
8d73ab27-25dc-4964-929d-01cd8ce9fabe,2026-07-01T16:02:27,1686,1686,0,1.0,227,0.297
8d73ab27-25dc-4964-929d-01cd8ce9fabe,2026-07-01T16:02:27,1686,1686,0,1.0,227,0.297
8d73ab27-25dc-4964-929d-01cd8ce9fabe,2026-07-01T16:02:27,1686,1686,0,1.0,227,0.297
8d73ab27-25dc-4964-929d-01cd8ce9fabe,2026-07-01T16:02:27,1686,1686,0,1.0,227,0.297
8d73ab27-25dc-4964-929d-01cd8ce9fabe,2026-07-01T16:02:27,1686,1686,0,1.0,227,0.297
8d73ab27-25dc-4964-929d-01cd8ce9fabe,2026-07-01T16:02:27,1686,1686,0,1.0,227,0.297
8d73ab27-25dc-4964-929d-01cd8ce9fabe,2026-07-01T16:02:27,1686,1686,0,1.0,227,0.297
8d73ab27-25dc-4964-929d-01cd8ce9fabe,2026-07-01T16:02:27,1684,1684,0,1.0,227,7.365
8d73ab27-25dc-4964-929d-01cd8ce9fabe,2026-07-01T16:02:27,1684,1684,0,1.0,227,7.365
8d73ab27-25dc-4964-929d-01cd8ce9fabe,2026-07-01T16:02:27,1684,1684,0,1.0,227,7.365
8d73ab27-25dc-4964-929d-01cd8ce9fabe,2026-07-01T16:02:27,1684,1684,0,1.0,227,7.365
8d73ab27-25dc-4964-929d-01cd8ce9fabe,2026-07-01T16:02:28,1684,1684,0,1.0,227,7.365
8d73ab27-25dc-4964-929d-01cd8ce9fabe,2026-07-01T16:02:28,1684,1684,0,1.0,227,7.365
8d73ab27-25dc-4964-929d-01cd8ce9fabe,2026-07-01T16:02:28,1682,1682,0,1.0,227,7.365
8d73ab27-25dc-4964-929d-01cd8ce9fabe,2026-07-01T16:02:28,1682,1682,0,1.0,227,7.365
8d73ab27-25dc-4964-929d-01cd8ce9fabe,2026-07-01T16:02:28,1682,1682,0,1.0,227,7.365
8d73ab27-25dc-4964-929d-01cd8ce9fabe,2026-07-01T16:02:28,1682,1682,0,1.0,227,7.365
8d73ab27-25dc-4964-929d-01cd8ce9fabe,2026-07-01T16:02:28,1682,1682,0,1.0,227,7.365
8d73ab27-25dc-4964-929d-01cd8ce9fabe,2026-07-01T16:02:28,1682,1682,0,1.0,227,7.365
8d73ab27-25dc-4964-929d-01cd8ce9fabe,2026-07-01T16:02:28,1682,1682,0,1.0,227,7.365
8d73ab27-25dc-4964-929d-01cd8ce9fabe,2026-07-01T16:02:28,1682,1682,0,1.0,227,7.365
8d73ab27-25dc-4964-929d-01cd8ce9fabe,2026-07-01T16:02:28,1682,1682,0,1.0,227,7.365
8d73ab27-25dc-4964-929d-01cd8ce9fabe,2026-07-01T16:02:29,1682,1682,0,1.0,227,7.365
8d73ab27-25dc-4964-929d-01cd8ce9fabe,2026-07-01T16:02:29,1682,1682,0,1.0,227,7.365
8d73ab27-25dc-4964-929d-01cd8ce9fabe,2026-07-01T16:02:29,1680,1680,0,1.0,227,7.352
8d73ab27-25dc-4964-929d-01cd8ce9fabe,2026-07-01T16:02:29,1680,1680,0,1.0,227,7.352
8d73ab27-25dc-4964-929d-01cd8ce9fabe,2026-07-01T16:02:29,1680,1680,0,1.0,227,7.352
8d73ab27-25dc-4964-929d-01cd8ce9fabe,2026-07-01T16:02:29,1680,1680,0,1.0,227,7.352
8d73ab27-25dc-4964-929d-01cd8ce9fabe,2026-07-01T16:02:29,1680,1680,0,1.0,227,7.352
8d73ab27-25dc-4964-929d-01cd8ce9fabe,2026-07-01T16:02:29,1680,1680,0,1.0,227,7.352
8d73ab27-25dc-4964-929d-01cd8ce9fabe,2026-07-01T16:02:29,1680,1680,0,1.0,227,7.352
8d73ab27-25dc-4964-929d-01cd8ce9fabe,2026-07-01T16:02:29,1680,1680,0,1.0,227,7.352
8d73ab27-25dc-4964-929d-01cd8ce9fabe,2026-07-01T16:02:29,1680,1680,0,1.0,227,7.352
8d73ab27-25dc-4964-929d-01cd8ce9fabe,2026-07-01T16:02:29,1680,1680,0,1.0,227,7.352
8d73ab27-25dc-4964-929d-01cd8ce9fabe,2026-07-01T16:02:29,1680,1680,0,1.0,227,7.352
8d73ab27-25dc-4964-929d-01cd8ce9fabe,2026-07-01T16:02:30,1680,1680,0,1.0,227,7.352
8d73ab27-25dc-4964-929d-01cd8ce9fabe,2026-07-01T16:02:30,1680,1680,0,1.0,227,7.352
8d73ab27-25dc-4964-929d-01cd8ce9fabe,2026-07-01T16:02:30,1680,1680,0,1.0,227,7.352
8d73ab27-25dc-4964-929d-01cd8ce9fabe,2026-07-01T16:02:30,1678,1678,0,1.0,227,7.352
8d73ab27-25dc-4964-929d-01cd8ce9fabe,2026-07-01T16:02:30,1678,1678,0,1.0,227,7.352
8d73ab27-25dc-4964-929d-01cd8ce9fabe,2026-07-01T16:02:30,1676,1676,0,1.0,227,7.352
8d73ab27-25dc-4964-929d-01cd8ce9fabe,2026-07-01T16:02:30,1676,1676,0,1.0,227,7.352
8d73ab27-25dc-4964-929d-01cd8ce9fabe,2026-07-01T16:02:30,1676,1676,0,1.0,227,7.352
8d73ab27-25dc-4964-929d-01cd8ce9fabe,2026-07-01T16:02:30,1676,1676,0,1.0,227,7.34
8d73ab27-25dc-4964-929d-01cd8ce9fabe,2026-07-01T16:02:30,1676,1676,0,1.0,227,7.34
8d73ab27-25dc-4964-929d-01cd8ce9fabe,2026-07-01T16:02:31,1676,1676,0,1.0,227,7.34
8d73ab27-25dc-4964-929d-01cd8ce9fabe,2026-07-01T16:02:31,1676,1676,0,1.0,227,7.34
8d73ab27-25dc-4964-929d-01cd8ce9fabe,2026-07-01T16:02:31,1676,1676,0,1.0,227,7.34
8d73ab27-25dc-4964-929d-01cd8ce9fabe,2026-07-01T16:02:31,1676,1676,0,1.0,227,7.34
8d73ab27-25dc-4964-929d-01cd8ce9fabe,2026-07-01T16:02:31,1676,1676,0,1.0,227,7.34
8d73ab27-25dc-4964-929d-01cd8ce9fabe,2026-07-01T16:02:31,1676,1676,0,1.0,227,7.34
8d73ab27-25dc-4964-929d-01cd8ce9fabe,2026-07-01T16:02:31,1676,1676,0,1.0,227,7.34
8d73ab27-25dc-4964-929d-01cd8ce9fabe,2026-07-01T16:02:31,1676,1676,0,1.0,227,7.34
8d73ab27-25dc-4964-929d-01cd8ce9fabe,2026-07-01T16:02:31,1676,1676,0,1.0,227,7.34
8d73ab27-25dc-4964-929d-01cd8ce9fabe,2026-07-01T16:02:32,1676,1676,0,1.0,227,7.34
8d73ab27-25dc-4964-929d-01cd8ce9fabe,2026-07-01T16:02:32,1676,1676,0,1.0,227,7.34
8d73ab27-25dc-4964-929d-01cd8ce9fabe,2026-07-01T16:02:32,1676,1676,0,1.0,227,7.34
8d73ab27-25dc-4964-929d-01cd8ce9fabe,2026-07-01T16:02:32,1676,1676,0,1.0,227,7.34
8d73ab27-25dc-4964-929d-01cd8ce9fabe,2026-07-01T16:02:32,1680,1680,0,1.0,227,7.34
8d73ab27-25dc-4964-929d-01cd8ce9fabe,2026-07-01T16:02:32,1680,1680,0,1.0,227,7.34
8d73ab27-25dc-4964-929d-01cd8ce9fabe,2026-07-01T16:02:32,1680,1680,0,1.0,227,7.34
8d73ab27-25dc-4964-929d-01cd8ce9fabe,2026-07-01T16:02:32,1678,1678,0,1.0,227,7.34
8d73ab27-25dc-4964-929d-01cd8ce9fabe,2026-07-01T16:02:32,1678,1678,0,1.0,227,7.34
8d73ab27-25dc-4964-929d-01cd8ce9fabe,2026-07-01T16:02:32,1678,1678,0,1.0,227,7.34
8d73ab27-25dc-4964-929d-01cd8ce9fabe,2026-07-01T16:02:32,1676,1676,0,1.0,227,7.34
8d73ab27-25dc-4964-929d-01cd8ce9fabe,2026-07-01T16:02:32,1676,1676,0,1.0,227,7.34
8d73ab27-25dc-4964-929d-01cd8ce9fabe,2026-07-01T16:02:32,1676,1676,0,1.0,227,7.34
8d73ab27-25dc-4964-929d-01cd8ce9fabe,2026-07-01T16:02:33,1676,1676,0,1.0,227,7.34
8d73ab27-25dc-4964-929d-01cd8ce9fabe,2026-07-01T16:02:33,1676,1676,0,1.0,227,7.34
8d73ab27-25dc-4964-929d-01cd8ce9fabe,2026-07-01T16:02:33,1676,1676,0,1.0,227,7.34
8d73ab27-25dc-4964-929d-01cd8ce9fabe,2026-07-01T16:02:33,1676,1676,0,1.0,227,7.34
8d73ab27-25dc-4964-929d-01cd8ce9fabe,2026-07-01T16:02:33,1676,1676,0,1.0,227,7.34
8d73ab27-25dc-4964-929d-01cd8ce9fabe,2026-07-01T16:02:33,1676,1676,0,1.0,227,7.34
8d73ab27-25dc-4964-929d-01cd8ce9fabe,2026-07-01T16:02:33,1676,1676,0,1.0,227,7.34
8d73ab27-25dc-4964-929d-01cd8ce9fabe,2026-07-01T16:02:33,1675,1675,0,1.0,227,7.34
8d73ab27-25dc-4964-929d-01cd8ce9fabe,2026-07-01T16:02:33,1675,1675,0,1.0,227,7.34
8d73ab27-25dc-4964-929d-01cd8ce9fabe,2026-07-01T16:02:33,1675,1675,0,1.0,227,7.34
8d73ab27-25dc-4964-929d-01cd8ce9fabe,2026-07-01T16:02:33,1675,1675,0,1.0,227,7.34
8d73ab27-25dc-4964-929d-01cd8ce9fabe,2026-07-01T16:02:33,1675,1675,0,1.0,227,7.34
8d73ab27-25dc-4964-929d-01cd8ce9fabe,2026-07-01T16:02:33,1675,1675,0,1.0,227,7.34
8d73ab27-25dc-4964-929d-01cd8ce9fabe,2026-07-01T16:02:34,1675,1675,0,1.0,227,7.336
8d73ab27-25dc-4964-929d-01cd8ce9fabe,2026-07-01T16:02:34,1675,1675,0,1.0,227,7.336
8d73ab27-25dc-4964-929d-01cd8ce9fabe,2026-07-01T16:02:34,1675,1675,0,1.0,227,7.336
8d73ab27-25dc-4964-929d-01cd8ce9fabe,2026-07-01T16:02:34,1675,1675,0,1.0,227,7.336
8d73ab27-25dc-4964-929d-01cd8ce9fabe,2026-07-01T16:02:34,1675,1675,0,1.0,227,7.336
8d73ab27-25dc-4964-929d-01cd8ce9fabe,2026-07-01T16:02:34,1675,1675,0,1.0,227,7.336
8d73ab27-25dc-4964-929d-01cd8ce9fabe,2026-07-01T16:02:34,1675,1675,0,1.0,227,7.336
8d73ab27-25dc-4964-929d-01cd8ce9fabe,2026-07-01T16:02:34,1675,1675,0,1.0,227,7.336
8d73ab27-25dc-4964-929d-01cd8ce9fabe,2026-07-01T16:02:34,1675,1675,0,1.0,227,7.336
8d73ab27-25dc-4964-929d-01cd8ce9fabe,2026-07-01T16:02:35,1676,1676,0,1.0,227,7.336
8d73ab27-25dc-4964-929d-01cd8ce9fabe,2026-07-01T16:02:35,1676,1676,0,1.0,227,7.336
8d73ab27-25dc-4964-929d-01cd8ce9fabe,2026-07-01T16:02:35,1675,1675,0,1.0,227,7.336
8d73ab27-25dc-4964-929d-01cd8ce9fabe,2026-07-01T16:02:35,1675,1675,0,1.0,227,7.336
8d73ab27-25dc-4964-929d-01cd8ce9fabe,2026-07-01T16:02:35,1675,1675,0,1.0,227,7.336
8d73ab27-25dc-4964-929d-01cd8ce9fabe,2026-07-01T16:02:35,1675,1675,0,1.0,227,7.336
8d73ab27-25dc-4964-929d-01cd8ce9fabe,2026-07-01T16:02:35,1675,1675,0,1.0,227,7.336
8d73ab27-25dc-4964-929d-01cd8ce9fabe,2026-07-01T16:02:35,1675,1675,0,1.0,227,7.336
8d73ab27-25dc-4964-929d-01cd8ce9fabe,2026-07-01T16:02:35,1675,1675,0,1.0,227,7.331
8d73ab27-25dc-4964-929d-01cd8ce9fabe,2026-07-01T16:02:35,1675,1675,0,1.0,227,7.331
8d73ab27-25dc-4964-929d-01cd8ce9fabe,2026-07-01T16:02:35,1675,1675,0,1.0,227,7.331
8d73ab27-25dc-4964-929d-01cd8ce9fabe,2026-07-01T16:02:35,1675,1675,0,1.0,227,7.331
8d73ab27-25dc-4964-929d-01cd8ce9fabe,2026-07-01T16:02:35,1675,1675,0,1.0,227,7.331
8d73ab27-25dc-4964-929d-01cd8ce9fabe,2026-07-01T16:02:35,1675,1675,0,1.0,227,7.331
8d73ab27-25dc-4964-929d-01cd8ce9fabe,2026-07-01T16:02:36,1675,1675,0,1.0,227,7.331
8d73ab27-25dc-4964-929d-01cd8ce9fabe,2026-07-01T16:02:36,1675,1675,0,1.0,227,7.331
8d73ab27-25dc-4964-929d-01cd8ce9fabe,2026-07-01T16:02:36,1675,1675,0,1.0,227,7.331
8d73ab27-25dc-4964-929d-01cd8ce9fabe,2026-07-01T16:02:36,1675,1675,0,1.0,227,7.331
8d73ab27-25dc-4964-929d-01cd8ce9fabe,2026-07-01T16:02:36,1675,1675,0,1.0,227,7.331
8d73ab27-25dc-4964-929d-01cd8ce9fabe,2026-07-01T16:02:36,1675,1675,0,1.0,227,7.331
8d73ab27-25dc-4964-929d-01cd8ce9fabe,2026-07-01T16:02:36,1675,1675,0,1.0,227,7.331
8d73ab27-25dc-4964-929d-01cd8ce9fabe,2026-07-01T16:02:36,1675,1675,0,1.0,227,7.331
8d73ab27-25dc-4964-929d-01cd8ce9fabe,2026-07-01T16:02:36,1675,1675,0,1.0,227,7.331
8d73ab27-25dc-4964-929d-01cd8ce9fabe,2026-07-01T16:02:36,1675,1675,0,1.0,227,7.331
8d73ab27-25dc-4964-929d-01cd8ce9fabe,2026-07-01T16:02:36,1675,1675,0,1.0,227,7.331
8d73ab27-25dc-4964-929d-01cd8ce9fabe,2026-07-01T16:02:36,1675,1675,0,1.0,227,7.331
8d73ab27-25dc-4964-929d-01cd8ce9fabe,2026-07-01T16:02:38,1673,1673,0,1.0,227,7.331
8d73ab27-25dc-4964-929d-01cd8ce9fabe,2026-07-01T16:02:38,1673,1673,0,1.0,227,7.331
8d73ab27-25dc-4964-929d-01cd8ce9fabe,2026-07-01T16:02:38,1673,1673,0,1.0,227,7.331
8d73ab27-25dc-4964-929d-01cd8ce9fabe,2026-07-01T16:02:38,1671,1671,0,1.0,227,7.331
8d73ab27-25dc-4964-929d-01cd8ce9fabe,2026-07-01T16:02:38,1671,1671,0,1.0,227,7.331
8d73ab27-25dc-4964-929d-01cd8ce9fabe,2026-07-01T16:02:38,1671,1671,0,1.0,227,7.331
8d73ab27-25dc-4964-929d-01cd8ce9fabe,2026-07-01T16:02:38,1671,1671,0,1.0,227,7.331
8d73ab27-25dc-4964-929d-01cd8ce9fabe,2026-07-01T16:02:38,1671,1671,0,1.0,227,7.331
8d73ab27-25dc-4964-929d-01cd8ce9fabe,2026-07-01T16:02:38,1671,1671,0,1.0,227,7.331
8d73ab27-25dc-4964-929d-01cd8ce9fabe,2026-07-01T16:02:38,1671,1671,0,1.0,227,7.331
8d73ab27-25dc-4964-929d-01cd8ce9fabe,2026-07-01T16:02:38,1671,1671,0,1.0,227,7.331
8d73ab27-25dc-4964-929d-01cd8ce9fabe,2026-07-01T16:02:38,1671,1671,0,1.0,227,7.323
8d73ab27-25dc-4964-929d-01cd8ce9fabe,2026-07-01T16:02:38,1671,1671,0,1.0,227,7.323
8d73ab27-25dc-4964-929d-01cd8ce9fabe,2026-07-01T16:02:39,1671,1671,0,1.0,227,7.323
8d73ab27-25dc-4964-929d-01cd8ce9fabe,2026-07-01T16:02:39,1671,1671,0,1.0,227,7.323
8d73ab27-25dc-4964-929d-01cd8ce9fabe,2026-07-01T16:02:39,1671,1671,0,1.0,227,7.323
8d73ab27-25dc-4964-929d-01cd8ce9fabe,2026-07-01T16:02:39,1671,1671,0,1.0,227,7.323
8d73ab27-25dc-4964-929d-01cd8ce9fabe,2026-07-01T16:02:39,1671,1671,0,1.0,227,7.323
8d73ab27-25dc-4964-929d-01cd8ce9fabe,2026-07-01T16:02:39,1671,1671,0,1.0,227,7.323
8d73ab27-25dc-4964-929d-01cd8ce9fabe,2026-07-01T16:02:39,1673,1673,0,1.0,227,7.323
8d73ab27-25dc-4964-929d-01cd8ce9fabe,2026-07-01T16:02:39,1673,1673,0,1.0,227,7.323
8d73ab27-25dc-4964-929d-01cd8ce9fabe,2026-07-01T16:02:39,1673,1673,0,1.0,227,7.323
8d73ab27-25dc-4964-929d-01cd8ce9fabe,2026-07-01T16:02:39,1673,1673,0,1.0,227,7.323
8d73ab27-25dc-4964-929d-01cd8ce9fabe,2026-07-01T16:02:39,1673,1673,0,1.0,227,7.323
8d73ab27-25dc-4964-929d-01cd8ce9fabe,2026-07-01T16:02:39,1673,1673,0,1.0,227,7.323
8d73ab27-25dc-4964-929d-01cd8ce9fabe,2026-07-01T16:02:40,1675,1675,0,1.0,227,7.323
8d73ab27-25dc-4964-929d-01cd8ce9fabe,2026-07-01T16:02:40,1675,1675,0,1.0,227,7.323
8d73ab27-25dc-4964-929d-01cd8ce9fabe,2026-07-01T16:02:40,1675,1675,0,1.0,227,7.323
8d73ab27-25dc-4964-929d-01cd8ce9fabe,2026-07-01T16:02:40,1675,1675,0,1.0,227,7.323
8d73ab27-25dc-4964-929d-01cd8ce9fabe,2026-07-01T16:02:40,1675,1675,0,1.0,227,7.323
8d73ab27-25dc-4964-929d-01cd8ce9fabe,2026-07-01T16:02:40,1675,1675,0,1.0,227,7.327
8d73ab27-25dc-4964-929d-01cd8ce9fabe,2026-07-01T16:02:40,1675,1675,0,1.0,227,7.327
8d73ab27-25dc-4964-929d-01cd8ce9fabe,2026-07-01T16:02:40,1675,1675,0,1.0,227,7.327
8d73ab27-25dc-4964-929d-01cd8ce9fabe,2026-07-01T16:02:40,1675,1675,0,1.0,227,7.327
8d73ab27-25dc-4964-929d-01cd8ce9fabe,2026-07-01T16:02:40,1675,1675,0,1.0,227,7.327
8d73ab27-25dc-4964-929d-01cd8ce9fabe,2026-07-01T16:02:40,1675,1675,0,1.0,227,7.327
8d73ab27-25dc-4964-929d-01cd8ce9fabe,2026-07-01T16:02:40,1675,1675,0,1.0,227,7.327
8d73ab27-25dc-4964-929d-01cd8ce9fabe,2026-07-01T16:02:40,1675,1675,0,1.0,227,7.327
8d73ab27-25dc-4964-929d-01cd8ce9fabe,2026-07-01T16:02:41,1675,1675,0,1.0,227,7.327
8d73ab27-25dc-4964-929d-01cd8ce9fabe,2026-07-01T16:02:41,1675,1675,0,1.0,227,7.327
8d73ab27-25dc-4964-929d-01cd8ce9fabe,2026-07-01T16:02:41,1675,1675,0,1.0,227,7.327
8d73ab27-25dc-4964-929d-01cd8ce9fabe,2026-07-01T16:02:43,1676,1676,0,1.0,227,7.327
8d73ab27-25dc-4964-929d-01cd8ce9fabe,2026-07-01T16:02:43,1675,1675,0,1.0,227,7.327
8d73ab27-25dc-4964-929d-01cd8ce9fabe,2026-07-01T16:02:43,1675,1675,0,1.0,227,7.327
8d73ab27-25dc-4964-929d-01cd8ce9fabe,2026-07-01T16:02:43,1675,1675,0,1.0,227,7.327
8d73ab27-25dc-4964-929d-01cd8ce9fabe,2026-07-01T16:02:43,1675,1675,0,1.0,227,7.327
8d73ab27-25dc-4964-929d-01cd8ce9fabe,2026-07-01T16:02:43,1675,1675,0,1.0,227,7.327
8d73ab27-25dc-4964-929d-01cd8ce9fabe,2026-07-01T16:02:43,1675,1675,0,1.0,227,7.327
8d73ab27-25dc-4964-929d-01cd8ce9fabe,2026-07-01T16:02:43,1675,1675,0,1.0,227,7.327
8d73ab27-25dc-4964-929d-01cd8ce9fabe,2026-07-01T16:02:43,1675,1675,0,1.0,227,7.327
8d73ab27-25dc-4964-929d-01cd8ce9fabe,2026-07-01T16:02:44,1675,1675,0,1.0,227,7.327
8d73ab27-25dc-4964-929d-01cd8ce9fabe,2026-07-01T16:02:44,1675,1675,0,1.0,227,7.327
8d73ab27-25dc-4964-929d-01cd8ce9fabe,2026-07-01T16:02:44,1675,1675,0,1.0,227,7.327
8d73ab27-25dc-4964-929d-01cd8ce9fabe,2026-07-01T16:02:44,1675,1675,0,1.0,227,7.327
8d73ab27-25dc-4964-929d-01cd8ce9fabe,2026-07-01T16:02:44,1675,1675,0,1.0,227,7.327
8d73ab27-25dc-4964-929d-01cd8ce9fabe,2026-07-01T16:02:44,1675,1675,0,1.0,227,7.327
8d73ab27-25dc-4964-929d-01cd8ce9fabe,2026-07-01T16:02:44,1675,1675,0,1.0,227,7.327
8d73ab27-25dc-4964-929d-01cd8ce9fabe,2026-07-01T16:02:44,1675,1675,0,1.0,227,7.327
8d73ab27-25dc-4964-929d-01cd8ce9fabe,2026-07-01T16:02:44,1675,1675,0,1.0,227,7.327
8d73ab27-25dc-4964-929d-01cd8ce9fabe,2026-07-01T16:02:44,1675,1675,0,1.0,227,7.327
8d73ab27-25dc-4964-929d-01cd8ce9fabe,2026-07-01T16:02:44,1675,1675,0,1.0,227,7.327
8d73ab27-25dc-4964-929d-01cd8ce9fabe,2026-07-01T16:02:44,1675,1675,0,1.0,227,7.327
8d73ab27-25dc-4964-929d-01cd8ce9fabe,2026-07-01T16:02:44,1675,1675,0,1.0,227,7.327
8d73ab27-25dc-4964-929d-01cd8ce9fabe,2026-07-01T16:02:45,1675,1675,0,1.0,227,7.327
8d73ab27-25dc-4964-929d-01cd8ce9fabe,2026-07-01T16:02:45,1675,1675,0,1.0,227,7.327
8d73ab27-25dc-4964-929d-01cd8ce9fabe,2026-07-01T16:02:45,1675,1675,0,1.0,227,7.331
8d73ab27-25dc-4964-929d-01cd8ce9fabe,2026-07-01T16:02:45,1675,1675,0,1.0,227,7.331
8d73ab27-25dc-4964-929d-01cd8ce9fabe,2026-07-01T16:02:45,1675,1675,0,1.0,227,7.331
8d73ab27-25dc-4964-929d-01cd8ce9fabe,2026-07-01T16:02:45,1675,1675,0,1.0,227,7.331
8d73ab27-25dc-4964-929d-01cd8ce9fabe,2026-07-01T16:02:45,1675,1675,0,1.0,227,7.331
8d73ab27-25dc-4964-929d-01cd8ce9fabe,2026-07-01T16:02:45,1675,1675,0,1.0,227,7.331
8d73ab27-25dc-4964-929d-01cd8ce9fabe,2026-07-01T16:02:45,1675,1675,0,1.0,227,7.331
8d73ab27-25dc-4964-929d-01cd8ce9fabe,2026-07-01T16:02:45,1675,1675,0,1.0,227,7.331
8d73ab27-25dc-4964-929d-01cd8ce9fabe,2026-07-01T16:02:46,1675,1675,0,1.0,227,7.331
8d73ab27-25dc-4964-929d-01cd8ce9fabe,2026-07-01T16:02:46,1675,1675,0,1.0,227,7.331
8d73ab27-25dc-4964-929d-01cd8ce9fabe,2026-07-01T16:02:46,1675,1675,0,1.0,227,7.331
8d73ab27-25dc-4964-929d-01cd8ce9fabe,2026-07-01T16:02:46,1675,1675,0,1.0,227,7.331
8d73ab27-25dc-4964-929d-01cd8ce9fabe,2026-07-01T16:02:46,1675,1675,0,1.0,227,7.331
8d73ab27-25dc-4964-929d-01cd8ce9fabe,2026-07-01T16:02:46,1675,1675,0,1.0,227,7.331
8d73ab27-25dc-4964-929d-01cd8ce9fabe,2026-07-01T16:02:46,1675,1675,0,1.0,227,7.331
8d73ab27-25dc-4964-929d-01cd8ce9fabe,2026-07-01T16:02:46,1675,1675,0,1.0,227,7.331
8d73ab27-25dc-4964-929d-01cd8ce9fabe,2026-07-01T16:02:46,1675,1675,0,1.0,227,7.331
8d73ab27-25dc-4964-929d-01cd8ce9fabe,2026-07-01T16:02:46,1675,1675,0,1.0,227,7.331
8d73ab27-25dc-4964-929d-01cd8ce9fabe,2026-07-01T16:02:46,1675,1675,0,1.0,227,7.331
8d73ab27-25dc-4964-929d-01cd8ce9fabe,2026-07-01T16:02:47,1675,1675,0,1.0,227,7.331
8d73ab27-25dc-4964-929d-01cd8ce9fabe,2026-07-01T16:02:47,1675,1675,0,1.0,227,7.331
8d73ab27-25dc-4964-929d-01cd8ce9fabe,2026-07-01T16:02:47,1675,1675,0,1.0,227,7.331
8d73ab27-25dc-4964-929d-01cd8ce9fabe,2026-07-01T16:02:47,1675,1675,0,1.0,227,7.331
8d73ab27-25dc-4964-929d-01cd8ce9fabe,2026-07-01T16:02:47,1675,1675,0,1.0,227,7.331
8d73ab27-25dc-4964-929d-01cd8ce9fabe,2026-07-01T16:02:47,1675,1675,0,1.0,227,7.331
8d73ab27-25dc-4964-929d-01cd8ce9fabe,2026-07-01T16:02:47,1675,1675,0,1.0,227,7.331
8d73ab27-25dc-4964-929d-01cd8ce9fabe,2026-07-01T16:02:47,1675,1675,0,1.0,227,7.331
8d73ab27-25dc-4964-929d-01cd8ce9fabe,2026-07-01T16:02:47,1675,1675,0,1.0,227,7.331
8d73ab27-25dc-4964-929d-01cd8ce9fabe,2026-07-01T16:02:48,1675,1675,0,1.0,227,7.331
8d73ab27-25dc-4964-929d-01cd8ce9fabe,2026-07-01T16:02:48,1675,1675,0,1.0,227,7.331
8d73ab27-25dc-4964-929d-01cd8ce9fabe,2026-07-01T16:02:48,1675,1675,0,1.0,227,7.331
8d73ab27-25dc-4964-929d-01cd8ce9fabe,2026-07-01T16:02:48,1675,1675,0,1.0,227,7.331
8d73ab27-25dc-4964-929d-01cd8ce9fabe,2026-07-01T16:02:48,1675,1675,0,1.0,227,7.331
8d73ab27-25dc-4964-929d-01cd8ce9fabe,2026-07-01T16:02:48,1675,1675,0,1.0,227,7.327
8d73ab27-25dc-4964-929d-01cd8ce9fabe,2026-07-01T16:02:48,1675,1675,0,1.0,227,7.327
8d73ab27-25dc-4964-929d-01cd8ce9fabe,2026-07-01T16:02:48,1675,1675,0,1.0,227,7.327
8d73ab27-25dc-4964-929d-01cd8ce9fabe,2026-07-01T16:02:48,1675,1675,0,1.0,227,7.327
8d73ab27-25dc-4964-929d-01cd8ce9fabe,2026-07-01T16:02:48,1675,1675,0,1.0,227,7.327
8d73ab27-25dc-4964-929d-01cd8ce9fabe,2026-07-01T16:02:48,1675,1675,0,1.0,227,7.327
8d73ab27-25dc-4964-929d-01cd8ce9fabe,2026-07-01T16:02:48,1675,1675,0,1.0,227,7.327
8d73ab27-25dc-4964-929d-01cd8ce9fabe,2026-07-01T16:02:48,1675,1675,0,1.0,227,7.327
8d73ab27-25dc-4964-929d-01cd8ce9fabe,2026-07-01T16:02:49,1675,1675,0,1.0,227,7.327
8d73ab27-25dc-4964-929d-01cd8ce9fabe,2026-07-01T16:02:49,1675,1675,0,1.0,227,7.327
8d73ab27-25dc-4964-929d-01cd8ce9fabe,2026-07-01T16:02:49,1675,1675,0,1.0,227,7.327
8d73ab27-25dc-4964-929d-01cd8ce9fabe,2026-07-01T16:02:49,1675,1675,0,1.0,227,7.327
8d73ab27-25dc-4964-929d-01cd8ce9fabe,2026-07-01T16:02:49,1675,1675,0,1.0,227,7.327
8d73ab27-25dc-4964-929d-01cd8ce9fabe,2026-07-01T16:02:49,1675,1675,0,1.0,227,7.327
8d73ab27-25dc-4964-929d-01cd8ce9fabe,2026-07-01T16:02:49,1675,1675,0,1.0,227,7.327
8d73ab27-25dc-4964-929d-01cd8ce9fabe,2026-07-01T16:02:49,1675,1675,0,1.0,227,7.327
8d73ab27-25dc-4964-929d-01cd8ce9fabe,2026-07-01T16:02:49,1673,1673,0,1.0,227,7.327
8d73ab27-25dc-4964-929d-01cd8ce9fabe,2026-07-01T16:02:49,1673,1673,0,1.0,227,7.327
8d73ab27-25dc-4964-929d-01cd8ce9fabe,2026-07-01T16:02:49,1673,1673,0,1.0,227,7.327
8d73ab27-25dc-4964-929d-01cd8ce9fabe,2026-07-01T16:02:49,1673,1673,0,1.0,227,7.327
8d73ab27-25dc-4964-929d-01cd8ce9fabe,2026-07-01T16:02:49,1673,1673,0,1.0,227,7.327
8d73ab27-25dc-4964-929d-01cd8ce9fabe,2026-07-01T16:02:50,1673,1673,0,1.0,227,7.323
8d73ab27-25dc-4964-929d-01cd8ce9fabe,2026-07-01T16:02:50,1673,1673,0,1.0,227,7.323
8d73ab27-25dc-4964-929d-01cd8ce9fabe,2026-07-01T16:02:50,1673,1673,0,1.0,227,7.323
8d73ab27-25dc-4964-929d-01cd8ce9fabe,2026-07-01T16:02:50,1673,1673,0,1.0,227,7.323
8d73ab27-25dc-4964-929d-01cd8ce9fabe,2026-07-01T16:02:50,1673,1673,0,1.0,227,7.323
8d73ab27-25dc-4964-929d-01cd8ce9fabe,2026-07-01T16:02:50,1673,1673,0,1.0,227,7.323
8d73ab27-25dc-4964-929d-01cd8ce9fabe,2026-07-01T16:02:50,1673,1673,0,1.0,227,7.323
8d73ab27-25dc-4964-929d-01cd8ce9fabe,2026-07-01T16:02:50,1673,1673,0,1.0,227,7.323
8d73ab27-25dc-4964-929d-01cd8ce9fabe,2026-07-01T16:02:50,1673,1673,0,1.0,227,7.323
8d73ab27-25dc-4964-929d-01cd8ce9fabe,2026-07-01T16:02:50,1673,1673,0,1.0,227,7.323
8d73ab27-25dc-4964-929d-01cd8ce9fabe,2026-07-01T16:02:51,1673,1673,0,1.0,227,7.323
8d73ab27-25dc-4964-929d-01cd8ce9fabe,2026-07-01T16:02:51,1673,1673,0,1.0,227,7.323
8d73ab27-25dc-4964-929d-01cd8ce9fabe,2026-07-01T16:02:51,1605,1662,435,0.97,227,7.323
8d73ab27-25dc-4964-929d-01cd8ce9fabe,2026-07-01T16:02:51,1605,1662,435,0.97,227,7.323
8d73ab27-25dc-4964-929d-01cd8ce9fabe,2026-07-01T16:02:51,232,1662,1646,0.14,227,7.323
8d73ab27-25dc-4964-929d-01cd8ce9fabe,2026-07-01T16:02:51,23,1662,1662,0.01,227,7.323
8d73ab27-25dc-4964-929d-01cd8ce9fabe,2026-07-01T16:02:51,23,1662,1662,0.01,227,7.323
8d73ab27-25dc-4964-929d-01cd8ce9fabe,2026-07-01T16:02:51,23,1662,1662,0.01,227,7.323
8d73ab27-25dc-4964-929d-01cd8ce9fabe,2026-07-01T16:02:51,4,1662,1662,0.0,227,7.323
8d73ab27-25dc-4964-929d-01cd8ce9fabe,2026-07-01T16:02:51,4,1662,1662,0.0,227,7.323
8d73ab27-25dc-4964-929d-01cd8ce9fabe,2026-07-01T16:02:51,4,1662,1662,0.0,227,7.323
8d73ab27-25dc-4964-929d-01cd8ce9fabe,2026-07-01T16:02:52,4,1662,1662,0.0,227,7.323
8d73ab27-25dc-4964-929d-01cd8ce9fabe,2026-07-01T16:02:52,4,1662,1662,0.0,227,7.323
8d73ab27-25dc-4964-929d-01cd8ce9fabe,2026-07-01T16:02:52,4,1662,1662,0.0,227,7.323
8d73ab27-25dc-4964-929d-01cd8ce9fabe,2026-07-01T16:02:52,4,1662,1662,0.0,227,7.323
8d73ab27-25dc-4964-929d-01cd8ce9fabe,2026-07-01T16:02:52,4,14,13,0.3,227,0.061
8d73ab27-25dc-4964-929d-01cd8ce9fabe,2026-07-01T16:02:52,4,14,13,0.3,227,0.061
8d73ab27-25dc-4964-929d-01cd8ce9fabe,2026-07-01T16:02:52,4,14,13,0.31,227,0.061
8d73ab27-25dc-4964-929d-01cd8ce9fabe,2026-07-01T16:02:52,4,14,13,0.31,227,0.061
8d73ab27-25dc-4964-929d-01cd8ce9fabe,2026-07-01T16:02:52,4,14,13,0.31,227,0.061
8d73ab27-25dc-4964-929d-01cd8ce9fabe,2026-07-01T16:02:52,4,14,13,0.31,227,0.061
8d73ab27-25dc-4964-929d-01cd8ce9fabe,2026-07-01T16:02:53,4,14,13,0.31,227,0.061
8d73ab27-25dc-4964-929d-01cd8ce9fabe,2026-07-01T16:02:53,4,14,13,0.31,230,0.061
8d73ab27-25dc-4964-929d-01cd8ce9fabe,2026-07-01T16:02:53,4,14,13,0.31,230,0.061
8d73ab27-25dc-4964-929d-01cd8ce9fabe,2026-07-01T16:02:53,4,14,13,0.29,230,0.061
8d73ab27-25dc-4964-929d-01cd8ce9fabe,2026-07-01T16:02:53,4,14,13,0.29,230,0.061
8d73ab27-25dc-4964-929d-01cd8ce9fabe,2026-07-01T16:02:53,4,14,13,0.31,230,0.061
8d73ab27-25dc-4964-929d-01cd8ce9fabe,2026-07-01T16:02:53,4,14,13,0.31,230,0.061
8d73ab27-25dc-4964-929d-01cd8ce9fabe,2026-07-01T16:02:53,4,14,13,0.31,230,0.061
8d73ab27-25dc-4964-929d-01cd8ce9fabe,2026-07-01T16:02:53,4,14,13,0.31,230,0.061
8d73ab27-25dc-4964-929d-01cd8ce9fabe,2026-07-01T16:02:53,4,14,13,0.31,230,0.061
8d73ab27-25dc-4964-929d-01cd8ce9fabe,2026-07-01T16:02:54,4,14,13,0.31,230,0.061
8d73ab27-25dc-4964-929d-01cd8ce9fabe,2026-07-01T16:02:54,4,14,13,0.31,230,0.061
8d73ab27-25dc-4964-929d-01cd8ce9fabe,2026-07-01T16:02:54,4,14,13,0.31,230,0.061
8d73ab27-25dc-4964-929d-01cd8ce9fabe,2026-07-01T16:02:54,4,14,13,0.31,230,0.061
8d73ab27-25dc-4964-929d-01cd8ce9fabe,2026-07-01T16:02:54,4,14,13,0.3,230,0.061
8d73ab27-25dc-4964-929d-01cd8ce9fabe,2026-07-01T16:02:54,4,14,13,0.3,230,0.061
8d73ab27-25dc-4964-929d-01cd8ce9fabe,2026-07-01T16:02:54,4,14,13,0.3,230,0.061
8d73ab27-25dc-4964-929d-01cd8ce9fabe,2026-07-01T16:02:54,4,14,13,0.3,230,0.061
8d73ab27-25dc-4964-929d-01cd8ce9fabe,2026-07-01T16:02:54,4,10,9,0.42,230,0.042
8d73ab27-25dc-4964-929d-01cd8ce9fabe,2026-07-01T16:02:55,4,10,9,0.42,230,0.042
8d73ab27-25dc-4964-929d-01cd8ce9fabe,2026-07-01T16:02:55,4,10,9,0.42,230,0.042
8d73ab27-25dc-4964-929d-01cd8ce9fabe,2026-07-01T16:02:55,4,10,9,0.42,230,0.042
8d73ab27-25dc-4964-929d-01cd8ce9fabe,2026-07-01T16:02:55,4,10,9,0.42,230,0.042
8d73ab27-25dc-4964-929d-01cd8ce9fabe,2026-07-01T16:02:55,4,10,9,0.43,230,0.042
8d73ab27-25dc-4964-929d-01cd8ce9fabe,2026-07-01T16:02:55,4,10,9,0.43,230,0.042
8d73ab27-25dc-4964-929d-01cd8ce9fabe,2026-07-01T16:02:55,4,10,9,0.43,231,0.042
8d73ab27-25dc-4964-929d-01cd8ce9fabe,2026-07-01T16:02:55,4,10,9,0.43,231,0.042
8d73ab27-25dc-4964-929d-01cd8ce9fabe,2026-07-01T16:02:55,4,10,9,0.42,231,0.042
8d73ab27-25dc-4964-929d-01cd8ce9fabe,2026-07-01T16:02:55,4,10,9,0.42,231,0.042
8d73ab27-25dc-4964-929d-01cd8ce9fabe,2026-07-01T16:02:56,4,10,9,0.42,231,0.042
8d73ab27-25dc-4964-929d-01cd8ce9fabe,2026-07-01T16:02:56,4,10,9,0.42,231,0.042
8d73ab27-25dc-4964-929d-01cd8ce9fabe,2026-07-01T16:02:56,4,10,9,0.42,231,0.042
8d73ab27-25dc-4964-929d-01cd8ce9fabe,2026-07-01T16:02:56,4,10,9,0.42,231,0.042
8d73ab27-25dc-4964-929d-01cd8ce9fabe,2026-07-01T16:02:56,4,10,9,0.44,231,0.042
8d73ab27-25dc-4964-929d-01cd8ce9fabe,2026-07-01T16:02:56,4,10,9,0.44,231,0.042
8d73ab27-25dc-4964-929d-01cd8ce9fabe,2026-07-01T16:02:56,4,10,9,0.44,231,0.042
8d73ab27-25dc-4964-929d-01cd8ce9fabe,2026-07-01T16:02:56,4,10,9,0.44,231,0.042
8d73ab27-25dc-4964-929d-01cd8ce9fabe,2026-07-01T16:02:56,4,10,9,0.44,231,0.042
8d73ab27-25dc-4964-929d-01cd8ce9fabe,2026-07-01T16:02:57,4,10,9,0.43,231,0.042
8d73ab27-25dc-4964-929d-01cd8ce9fabe,2026-07-01T16:02:57,4,10,9,0.43,231,0.042
8d73ab27-25dc-4964-929d-01cd8ce9fabe,2026-07-01T16:02:57,4,10,9,0.42,231,0.043
8d73ab27-25dc-4964-929d-01cd8ce9fabe,2026-07-01T16:02:57,4,10,9,0.42,231,0.043
8d73ab27-25dc-4964-929d-01cd8ce9fabe,2026-07-01T16:02:57,4,10,9,0.42,231,0.043
8d73ab27-25dc-4964-929d-01cd8ce9fabe,2026-07-01T16:02:57,4,10,9,0.42,231,0.043
8d73ab27-25dc-4964-929d-01cd8ce9fabe,2026-07-01T16:02:57,4,10,9,0.42,231,0.043
8d73ab27-25dc-4964-929d-01cd8ce9fabe,2026-07-01T16:02:57,4,10,9,0.42,231,0.043
8d73ab27-25dc-4964-929d-01cd8ce9fabe,2026-07-01T16:02:57,4,10,9,0.42,231,0.043
8d73ab27-25dc-4964-929d-01cd8ce9fabe,2026-07-01T16:02:57,4,10,9,0.42,231,0.043
8d73ab27-25dc-4964-929d-01cd8ce9fabe,2026-07-01T16:02:58,4,10,9,0.42,231,0.043
8d73ab27-25dc-4964-929d-01cd8ce9fabe,2026-07-01T16:02:58,4,10,9,0.42,231,0.043
8d73ab27-25dc-4964-929d-01cd8ce9fabe,2026-07-01T16:02:58,4,10,9,0.42,231,0.043
8d73ab27-25dc-4964-929d-01cd8ce9fabe,2026-07-01T16:02:58,4,10,9,0.42,231,0.043
8d73ab27-25dc-4964-929d-01cd8ce9fabe,2026-07-01T16:02:58,4,10,9,0.42,231,0.043
8d73ab27-25dc-4964-929d-01cd8ce9fabe,2026-07-01T16:02:58,4,10,9,0.42,231,0.043
8d73ab27-25dc-4964-929d-01cd8ce9fabe,2026-07-01T16:02:58,4,10,9,0.42,231,0.043
8d73ab27-25dc-4964-929d-01cd8ce9fabe,2026-07-01T16:02:58,4,10,9,0.42,231,0.043
8d73ab27-25dc-4964-929d-01cd8ce9fabe,2026-07-01T16:02:58,4,10,9,0.43,231,0.043
8d73ab27-25dc-4964-929d-01cd8ce9fabe,2026-07-01T16:02:58,4,10,9,0.43,231,0.043
8d73ab27-25dc-4964-929d-01cd8ce9fabe,2026-07-01T16:02:59,4,10,9,0.43,231,0.043
8d73ab27-25dc-4964-929d-01cd8ce9fabe,2026-07-01T16:02:59,4,10,9,0.43,231,0.043
8d73ab27-25dc-4964-929d-01cd8ce9fabe,2026-07-01T16:02:59,4,10,9,0.43,231,0.043
8d73ab27-25dc-4964-929d-01cd8ce9fabe,2026-07-01T16:02:59,4,10,9,0.43,231,0.043
8d73ab27-25dc-4964-929d-01cd8ce9fabe,2026-07-01T16:02:59,4,10,9,0.43,231,0.043
8d73ab27-25dc-4964-929d-01cd8ce9fabe,2026-07-01T16:02:59,4,10,9,0.43,231,0.043
8d73ab27-25dc-4964-929d-01cd8ce9fabe,2026-07-01T16:02:59,4,10,9,0.43,231,0.043
8d73ab27-25dc-4964-929d-01cd8ce9fabe,2026-07-01T16:02:59,4,10,9,0.43,231,0.043
8d73ab27-25dc-4964-929d-01cd8ce9fabe,2026-07-01T16:02:59,4,10,9,0.43,231,0.043
8d73ab27-25dc-4964-929d-01cd8ce9fabe,2026-07-01T16:02:59,4,10,9,0.42,231,0.043
8d73ab27-25dc-4964-929d-01cd8ce9fabe,2026-07-01T16:02:59,4,10,9,0.42,231,0.043
8d73ab27-25dc-4964-929d-01cd8ce9fabe,2026-07-01T16:03:00,4,10,9,0.42,231,0.043
8d73ab27-25dc-4964-929d-01cd8ce9fabe,2026-07-01T16:03:00,4,10,9,0.42,231,0.043
8d73ab27-25dc-4964-929d-01cd8ce9fabe,2026-07-01T16:03:00,433,433,0,1.0,231,0.043
8d73ab27-25dc-4964-929d-01cd8ce9fabe,2026-07-01T16:03:00,433,433,0,1.0,231,0.043
8d73ab27-25dc-4964-929d-01cd8ce9fabe,2026-07-01T16:03:00,1697,1697,0,1.0,227,0.043
8d73ab27-25dc-4964-929d-01cd8ce9fabe,2026-07-01T16:03:00,1697,1697,0,1.0,227,0.043
8d73ab27-25dc-4964-929d-01cd8ce9fabe,2026-07-01T16:03:00,1684,1684,0,1.0,227,0.043
8d73ab27-25dc-4964-929d-01cd8ce9fabe,2026-07-01T16:03:00,1684,1684,0,1.0,227,0.043
8d73ab27-25dc-4964-929d-01cd8ce9fabe,2026-07-01T16:03:00,1684,1684,0,1.0,227,0.043
8d73ab27-25dc-4964-929d-01cd8ce9fabe,2026-07-01T16:03:00,1684,1684,0,1.0,227,0.043
8d73ab27-25dc-4964-929d-01cd8ce9fabe,2026-07-01T16:03:01,1682,1682,0,1.0,227,0.043
8d73ab27-25dc-4964-929d-01cd8ce9fabe,2026-07-01T16:03:01,1682,1682,0,1.0,227,0.043
8d73ab27-25dc-4964-929d-01cd8ce9fabe,2026-07-01T16:03:01,1682,1682,0,1.0,227,7.369
8d73ab27-25dc-4964-929d-01cd8ce9fabe,2026-07-01T16:03:01,1682,1682,0,1.0,227,7.369
8d73ab27-25dc-4964-929d-01cd8ce9fabe,2026-07-01T16:03:01,1682,1682,0,1.0,227,7.369
8d73ab27-25dc-4964-929d-01cd8ce9fabe,2026-07-01T16:03:01,1682,1682,0,1.0,227,7.369
8d73ab27-25dc-4964-929d-01cd8ce9fabe,2026-07-01T16:03:01,1680,1680,0,1.0,227,7.369
8d73ab27-25dc-4964-929d-01cd8ce9fabe,2026-07-01T16:03:01,1680,1680,0,1.0,227,7.369
8d73ab27-25dc-4964-929d-01cd8ce9fabe,2026-07-01T16:03:01,1680,1680,0,1.0,227,7.369
8d73ab27-25dc-4964-929d-01cd8ce9fabe,2026-07-01T16:03:02,1680,1680,0,1.0,227,7.369
8d73ab27-25dc-4964-929d-01cd8ce9fabe,2026-07-01T16:03:02,1680,1680,0,1.0,227,7.369
8d73ab27-25dc-4964-929d-01cd8ce9fabe,2026-07-01T16:03:02,1680,1680,0,1.0,227,7.369
8d73ab27-25dc-4964-929d-01cd8ce9fabe,2026-07-01T16:03:02,1680,1680,0,1.0,227,7.369
8d73ab27-25dc-4964-929d-01cd8ce9fabe,2026-07-01T16:03:02,1680,1680,0,1.0,227,7.369
8d73ab27-25dc-4964-929d-01cd8ce9fabe,2026-07-01T16:03:02,1678,1678,0,1.0,227,7.369
8d73ab27-25dc-4964-929d-01cd8ce9fabe,2026-07-01T16:03:02,1678,1678,0,1.0,227,7.369
8d73ab27-25dc-4964-929d-01cd8ce9fabe,2026-07-01T16:03:02,1678,1678,0,1.0,227,7.348
8d73ab27-25dc-4964-929d-01cd8ce9fabe,2026-07-01T16:03:02,1678,1678,0,1.0,227,7.348
8d73ab27-25dc-4964-929d-01cd8ce9fabe,2026-07-01T16:03:03,1678,1678,0,1.0,227,7.348
8d73ab27-25dc-4964-929d-01cd8ce9fabe,2026-07-01T16:03:03,1678,1678,0,1.0,227,7.348
8d73ab27-25dc-4964-929d-01cd8ce9fabe,2026-07-01T16:03:03,1678,1678,0,1.0,227,7.348
8d73ab27-25dc-4964-929d-01cd8ce9fabe,2026-07-01T16:03:03,1678,1678,0,1.0,227,7.348
8d73ab27-25dc-4964-929d-01cd8ce9fabe,2026-07-01T16:03:03,1678,1678,0,1.0,227,7.348
8d73ab27-25dc-4964-929d-01cd8ce9fabe,2026-07-01T16:03:03,1678,1678,0,1.0,227,7.348
8d73ab27-25dc-4964-929d-01cd8ce9fabe,2026-07-01T16:03:03,1678,1678,0,1.0,227,7.348
8d73ab27-25dc-4964-929d-01cd8ce9fabe,2026-07-01T16:03:03,1678,1678,0,1.0,227,7.348
8d73ab27-25dc-4964-929d-01cd8ce9fabe,2026-07-01T16:03:03,1678,1678,0,1.0,227,7.348
8d73ab27-25dc-4964-929d-01cd8ce9fabe,2026-07-01T16:03:03,1678,1678,0,1.0,227,7.348
8d73ab27-25dc-4964-929d-01cd8ce9fabe,2026-07-01T16:03:04,1678,1678,0,1.0,227,7.348
8d73ab27-25dc-4964-929d-01cd8ce9fabe,2026-07-01T16:03:04,1678,1678,0,1.0,227,7.348
8d73ab27-25dc-4964-929d-01cd8ce9fabe,2026-07-01T16:03:04,1676,1676,0,1.0,227,7.348
8d73ab27-25dc-4964-929d-01cd8ce9fabe,2026-07-01T16:03:04,1676,1676,0,1.0,227,7.348
8d73ab27-25dc-4964-929d-01cd8ce9fabe,2026-07-01T16:03:04,1676,1676,0,1.0,227,7.344
8d73ab27-25dc-4964-929d-01cd8ce9fabe,2026-07-01T16:03:04,1676,1676,0,1.0,227,7.344
8d73ab27-25dc-4964-929d-01cd8ce9fabe,2026-07-01T16:03:04,1676,1676,0,1.0,227,7.344
8d73ab27-25dc-4964-929d-01cd8ce9fabe,2026-07-01T16:03:04,1676,1676,0,1.0,227,7.344
8d73ab27-25dc-4964-929d-01cd8ce9fabe,2026-07-01T16:03:04,1676,1676,0,1.0,227,7.344
8d73ab27-25dc-4964-929d-01cd8ce9fabe,2026-07-01T16:03:04,1676,1676,0,1.0,227,7.344
8d73ab27-25dc-4964-929d-01cd8ce9fabe,2026-07-01T16:03:05,1676,1676,0,1.0,227,7.344
8d73ab27-25dc-4964-929d-01cd8ce9fabe,2026-07-01T16:03:05,1676,1676,0,1.0,227,7.344
8d73ab27-25dc-4964-929d-01cd8ce9fabe,2026-07-01T16:03:05,1676,1676,0,1.0,227,7.344
8d73ab27-25dc-4964-929d-01cd8ce9fabe,2026-07-01T16:03:05,1676,1676,0,1.0,227,7.344
8d73ab27-25dc-4964-929d-01cd8ce9fabe,2026-07-01T16:03:05,1676,1676,0,1.0,227,7.344
8d73ab27-25dc-4964-929d-01cd8ce9fabe,2026-07-01T16:03:05,1676,1676,0,1.0,227,7.344
8d73ab27-25dc-4964-929d-01cd8ce9fabe,2026-07-01T16:03:05,1676,1676,0,1.0,227,7.344
8d73ab27-25dc-4964-929d-01cd8ce9fabe,2026-07-01T16:03:05,1676,1676,0,1.0,227,7.344
8d73ab27-25dc-4964-929d-01cd8ce9fabe,2026-07-01T16:03:05,1676,1676,0,1.0,227,7.344
8d73ab27-25dc-4964-929d-01cd8ce9fabe,2026-07-01T16:03:05,1676,1676,0,1.0,227,7.344
8d73ab27-25dc-4964-929d-01cd8ce9fabe,2026-07-01T16:03:05,1676,1676,0,1.0,227,7.344
8d73ab27-25dc-4964-929d-01cd8ce9fabe,2026-07-01T16:03:05,1676,1676,0,1.0,227,7.344
8d73ab27-25dc-4964-929d-01cd8ce9fabe,2026-07-01T16:03:06,1678,1678,0,1.0,227,7.34
8d73ab27-25dc-4964-929d-01cd8ce9fabe,2026-07-01T16:03:06,1678,1678,0,1.0,227,7.34
8d73ab27-25dc-4964-929d-01cd8ce9fabe,2026-07-01T16:03:06,1676,1676,0,1.0,227,7.34
8d73ab27-25dc-4964-929d-01cd8ce9fabe,2026-07-01T16:03:06,1676,1676,0,1.0,227,7.34
8d73ab27-25dc-4964-929d-01cd8ce9fabe,2026-07-01T16:03:06,1678,1678,0,1.0,227,7.34
8d73ab27-25dc-4964-929d-01cd8ce9fabe,2026-07-01T16:03:06,1678,1678,0,1.0,227,7.34
8d73ab27-25dc-4964-929d-01cd8ce9fabe,2026-07-01T16:03:06,1678,1678,0,1.0,227,7.34
8d73ab27-25dc-4964-929d-01cd8ce9fabe,2026-07-01T16:03:06,1678,1678,0,1.0,227,7.34
8d73ab27-25dc-4964-929d-01cd8ce9fabe,2026-07-01T16:03:06,1678,1678,0,1.0,227,7.34
8d73ab27-25dc-4964-929d-01cd8ce9fabe,2026-07-01T16:03:06,1678,1678,0,1.0,227,7.34
8d73ab27-25dc-4964-929d-01cd8ce9fabe,2026-07-01T16:03:07,1676,1676,0,1.0,227,7.34
8d73ab27-25dc-4964-929d-01cd8ce9fabe,2026-07-01T16:03:07,1676,1676,0,1.0,227,7.34
8d73ab27-25dc-4964-929d-01cd8ce9fabe,2026-07-01T16:03:07,1676,1676,0,1.0,227,7.34
8d73ab27-25dc-4964-929d-01cd8ce9fabe,2026-07-01T16:03:07,1676,1676,0,1.0,227,7.34
8d73ab27-25dc-4964-929d-01cd8ce9fabe,2026-07-01T16:03:07,1676,1676,0,1.0,227,7.34
8d73ab27-25dc-4964-929d-01cd8ce9fabe,2026-07-01T16:03:07,1676,1676,0,1.0,227,7.34
8d73ab27-25dc-4964-929d-01cd8ce9fabe,2026-07-01T16:03:07,1676,1676,0,1.0,227,7.34
8d73ab27-25dc-4964-929d-01cd8ce9fabe,2026-07-01T16:03:07,1676,1676,0,1.0,227,7.34
8d73ab27-25dc-4964-929d-01cd8ce9fabe,2026-07-01T16:03:07,1676,1676,0,1.0,227,7.336
8d73ab27-25dc-4964-929d-01cd8ce9fabe,2026-07-01T16:03:07,1676,1676,0,1.0,227,7.336
8d73ab27-25dc-4964-929d-01cd8ce9fabe,2026-07-01T16:03:07,1675,1675,0,1.0,227,7.336
8d73ab27-25dc-4964-929d-01cd8ce9fabe,2026-07-01T16:03:07,1675,1675,0,1.0,227,7.336
8d73ab27-25dc-4964-929d-01cd8ce9fabe,2026-07-01T16:03:07,1675,1675,0,1.0,227,7.336
8d73ab27-25dc-4964-929d-01cd8ce9fabe,2026-07-01T16:03:08,1675,1675,0,1.0,227,7.336
8d73ab27-25dc-4964-929d-01cd8ce9fabe,2026-07-01T16:03:08,1675,1675,0,1.0,227,7.336
8d73ab27-25dc-4964-929d-01cd8ce9fabe,2026-07-01T16:03:08,1675,1675,0,1.0,227,7.336
8d73ab27-25dc-4964-929d-01cd8ce9fabe,2026-07-01T16:03:08,1675,1675,0,1.0,227,7.336
8d73ab27-25dc-4964-929d-01cd8ce9fabe,2026-07-01T16:03:08,1675,1675,0,1.0,227,7.336
8d73ab27-25dc-4964-929d-01cd8ce9fabe,2026-07-01T16:03:08,1675,1675,0,1.0,227,7.336
8d73ab27-25dc-4964-929d-01cd8ce9fabe,2026-07-01T16:03:08,1673,1673,0,1.0,227,7.336
8d73ab27-25dc-4964-929d-01cd8ce9fabe,2026-07-01T16:03:08,1673,1673,0,1.0,227,7.336
8d73ab27-25dc-4964-929d-01cd8ce9fabe,2026-07-01T16:03:08,1675,1675,0,1.0,227,7.336
8d73ab27-25dc-4964-929d-01cd8ce9fabe,2026-07-01T16:03:09,1675,1675,0,1.0,227,7.336
8d73ab27-25dc-4964-929d-01cd8ce9fabe,2026-07-01T16:03:09,1675,1675,0,1.0,227,7.336
8d73ab27-25dc-4964-929d-01cd8ce9fabe,2026-07-01T16:03:09,1675,1675,0,1.0,227,7.331
8d73ab27-25dc-4964-929d-01cd8ce9fabe,2026-07-01T16:03:09,1675,1675,0,1.0,227,7.331
8d73ab27-25dc-4964-929d-01cd8ce9fabe,2026-07-01T16:03:09,1675,1675,0,1.0,227,7.331
8d73ab27-25dc-4964-929d-01cd8ce9fabe,2026-07-01T16:03:09,1675,1675,0,1.0,227,7.331
8d73ab27-25dc-4964-929d-01cd8ce9fabe,2026-07-01T16:03:09,1675,1675,0,1.0,227,7.331
8d73ab27-25dc-4964-929d-01cd8ce9fabe,2026-07-01T16:03:09,1675,1675,0,1.0,227,7.331
8d73ab27-25dc-4964-929d-01cd8ce9fabe,2026-07-01T16:03:09,1676,1676,0,1.0,227,7.331
8d73ab27-25dc-4964-929d-01cd8ce9fabe,2026-07-01T16:03:09,1676,1676,0,1.0,227,7.331
8d73ab27-25dc-4964-929d-01cd8ce9fabe,2026-07-01T16:03:10,1676,1676,0,1.0,227,7.331
8d73ab27-25dc-4964-929d-01cd8ce9fabe,2026-07-01T16:03:10,1676,1676,0,1.0,227,7.331
8d73ab27-25dc-4964-929d-01cd8ce9fabe,2026-07-01T16:03:10,1676,1676,0,1.0,227,7.331
8d73ab27-25dc-4964-929d-01cd8ce9fabe,2026-07-01T16:03:10,1676,1676,0,1.0,227,7.331
8d73ab27-25dc-4964-929d-01cd8ce9fabe,2026-07-01T16:03:11,1678,1678,0,1.0,227,7.336
8d73ab27-25dc-4964-929d-01cd8ce9fabe,2026-07-01T16:03:11,1678,1678,0,1.0,227,7.336
8d73ab27-25dc-4964-929d-01cd8ce9fabe,2026-07-01T16:03:11,1678,1678,0,1.0,227,7.336
8d73ab27-25dc-4964-929d-01cd8ce9fabe,2026-07-01T16:03:11,1678,1678,0,1.0,227,7.336
8d73ab27-25dc-4964-929d-01cd8ce9fabe,2026-07-01T16:03:11,1676,1676,0,1.0,227,7.336
8d73ab27-25dc-4964-929d-01cd8ce9fabe,2026-07-01T16:03:11,1676,1676,0,1.0,227,7.336
8d73ab27-25dc-4964-929d-01cd8ce9fabe,2026-07-01T16:03:12,1676,1676,0,1.0,227,7.336
8d73ab27-25dc-4964-929d-01cd8ce9fabe,2026-07-01T16:03:12,1676,1676,0,1.0,227,7.336
8d73ab27-25dc-4964-929d-01cd8ce9fabe,2026-07-01T16:03:12,1676,1676,0,1.0,227,7.336
8d73ab27-25dc-4964-929d-01cd8ce9fabe,2026-07-01T16:03:12,1676,1676,0,1.0,227,7.336
8d73ab27-25dc-4964-929d-01cd8ce9fabe,2026-07-01T16:03:12,1676,1676,0,1.0,227,7.336
8d73ab27-25dc-4964-929d-01cd8ce9fabe,2026-07-01T16:03:12,1676,1676,0,1.0,227,7.336
8d73ab27-25dc-4964-929d-01cd8ce9fabe,2026-07-01T16:03:12,1676,1676,0,1.0,227,7.336
8d73ab27-25dc-4964-929d-01cd8ce9fabe,2026-07-01T16:03:12,1676,1676,0,1.0,227,7.336
8d73ab27-25dc-4964-929d-01cd8ce9fabe,2026-07-01T16:03:12,1676,1676,0,1.0,227,7.336
8d73ab27-25dc-4964-929d-01cd8ce9fabe,2026-07-01T16:03:13,1678,1678,0,1.0,227,7.336
8d73ab27-25dc-4964-929d-01cd8ce9fabe,2026-07-01T16:03:13,1678,1678,0,1.0,227,7.336
8d73ab27-25dc-4964-929d-01cd8ce9fabe,2026-07-01T16:03:13,1676,1676,0,1.0,227,7.336
8d73ab27-25dc-4964-929d-01cd8ce9fabe,2026-07-01T16:03:13,1676,1676,0,1.0,227,7.336
8d73ab27-25dc-4964-929d-01cd8ce9fabe,2026-07-01T16:03:13,1676,1676,0,1.0,227,7.336
8d73ab27-25dc-4964-929d-01cd8ce9fabe,2026-07-01T16:03:13,1676,1676,0,1.0,227,7.336
8d73ab27-25dc-4964-929d-01cd8ce9fabe,2026-07-01T16:03:13,1676,1676,0,1.0,227,7.336
8d73ab27-25dc-4964-929d-01cd8ce9fabe,2026-07-01T16:03:13,1676,1676,0,1.0,227,7.336
8d73ab27-25dc-4964-929d-01cd8ce9fabe,2026-07-01T16:03:13,1676,1676,0,1.0,227,7.336
8d73ab27-25dc-4964-929d-01cd8ce9fabe,2026-07-01T16:03:13,1676,1676,0,1.0,227,7.336
8d73ab27-25dc-4964-929d-01cd8ce9fabe,2026-07-01T16:03:14,1675,1675,0,1.0,227,7.327
8d73ab27-25dc-4964-929d-01cd8ce9fabe,2026-07-01T16:03:14,1675,1675,0,1.0,227,7.327
8d73ab27-25dc-4964-929d-01cd8ce9fabe,2026-07-01T16:03:14,1675,1675,0,1.0,227,7.327
8d73ab27-25dc-4964-929d-01cd8ce9fabe,2026-07-01T16:03:14,1675,1675,0,1.0,227,7.327
8d73ab27-25dc-4964-929d-01cd8ce9fabe,2026-07-01T16:03:14,1675,1675,0,1.0,227,7.327
8d73ab27-25dc-4964-929d-01cd8ce9fabe,2026-07-01T16:03:14,1675,1675,0,1.0,227,7.327
8d73ab27-25dc-4964-929d-01cd8ce9fabe,2026-07-01T16:03:14,1675,1675,0,1.0,227,7.327
8d73ab27-25dc-4964-929d-01cd8ce9fabe,2026-07-01T16:03:14,1675,1675,0,1.0,227,7.327
8d73ab27-25dc-4964-929d-01cd8ce9fabe,2026-07-01T16:03:14,1673,1673,0,1.0,227,7.327
8d73ab27-25dc-4964-929d-01cd8ce9fabe,2026-07-01T16:03:14,1673,1673,0,1.0,227,7.327
8d73ab27-25dc-4964-929d-01cd8ce9fabe,2026-07-01T16:03:14,1673,1673,0,1.0,227,7.327
8d73ab27-25dc-4964-929d-01cd8ce9fabe,2026-07-01T16:03:14,1675,1675,0,1.0,227,7.327
8d73ab27-25dc-4964-929d-01cd8ce9fabe,2026-07-01T16:03:15,1673,1673,0,1.0,227,7.327
8d73ab27-25dc-4964-929d-01cd8ce9fabe,2026-07-01T16:03:15,1673,1673,0,1.0,227,7.327
8d73ab27-25dc-4964-929d-01cd8ce9fabe,2026-07-01T16:03:15,1673,1673,0,1.0,227,7.327
8d73ab27-25dc-4964-929d-01cd8ce9fabe,2026-07-01T16:03:15,1673,1673,0,1.0,227,7.327
8d73ab27-25dc-4964-929d-01cd8ce9fabe,2026-07-01T16:03:15,1673,1673,0,1.0,227,7.327
8d73ab27-25dc-4964-929d-01cd8ce9fabe,2026-07-01T16:03:15,1673,1673,0,1.0,227,7.327
8d73ab27-25dc-4964-929d-01cd8ce9fabe,2026-07-01T16:03:15,1673,1673,0,1.0,227,7.327
8d73ab27-25dc-4964-929d-01cd8ce9fabe,2026-07-01T16:03:15,1673,1673,0,1.0,227,7.327
8d73ab27-25dc-4964-929d-01cd8ce9fabe,2026-07-01T16:03:15,1673,1673,0,1.0,227,7.327
8d73ab27-25dc-4964-929d-01cd8ce9fabe,2026-07-01T16:03:15,1673,1673,0,1.0,227,7.327
8d73ab27-25dc-4964-929d-01cd8ce9fabe,2026-07-01T16:03:15,1673,1673,0,1.0,227,7.327
8d73ab27-25dc-4964-929d-01cd8ce9fabe,2026-07-01T16:03:15,1673,1673,0,1.0,227,7.327
8d73ab27-25dc-4964-929d-01cd8ce9fabe,2026-07-01T16:03:15,1673,1673,0,1.0,227,7.327
8d73ab27-25dc-4964-929d-01cd8ce9fabe,2026-07-01T16:03:15,1675,1675,0,1.0,227,7.327
8d73ab27-25dc-4964-929d-01cd8ce9fabe,2026-07-01T16:03:16,1675,1675,0,1.0,227,7.327
8d73ab27-25dc-4964-929d-01cd8ce9fabe,2026-07-01T16:03:16,1675,1675,0,1.0,227,7.327
8d73ab27-25dc-4964-929d-01cd8ce9fabe,2026-07-01T16:03:16,1675,1675,0,1.0,227,7.327
8d73ab27-25dc-4964-929d-01cd8ce9fabe,2026-07-01T16:03:16,1675,1675,0,1.0,227,7.327
8d73ab27-25dc-4964-929d-01cd8ce9fabe,2026-07-01T16:03:16,1675,1675,0,1.0,227,7.327
8d73ab27-25dc-4964-929d-01cd8ce9fabe,2026-07-01T16:03:16,1675,1675,0,1.0,227,7.327
8d73ab27-25dc-4964-929d-01cd8ce9fabe,2026-07-01T16:03:16,1675,1675,0,1.0,227,7.327
8d73ab27-25dc-4964-929d-01cd8ce9fabe,2026-07-01T16:03:16,1675,1675,0,1.0,227,7.327
8d73ab27-25dc-4964-929d-01cd8ce9fabe,2026-07-01T16:03:16,1675,1675,0,1.0,227,7.327
8d73ab27-25dc-4964-929d-01cd8ce9fabe,2026-07-01T16:03:16,1675,1675,0,1.0,227,7.327
8d73ab27-25dc-4964-929d-01cd8ce9fabe,2026-07-01T16:03:16,1675,1675,0,1.0,227,7.327
8d73ab27-25dc-4964-929d-01cd8ce9fabe,2026-07-01T16:03:16,1675,1675,0,1.0,227,7.327
8d73ab27-25dc-4964-929d-01cd8ce9fabe,2026-07-01T16:03:16,1675,1675,0,1.0,227,7.327
8d73ab27-25dc-4964-929d-01cd8ce9fabe,2026-07-01T16:03:16,1675,1675,0,1.0,227,7.327
8d73ab27-25dc-4964-929d-01cd8ce9fabe,2026-07-01T16:03:16,1675,1675,0,1.0,227,7.327
8d73ab27-25dc-4964-929d-01cd8ce9fabe,2026-07-01T16:03:17,1675,1675,0,1.0,227,7.327
8d73ab27-25dc-4964-929d-01cd8ce9fabe,2026-07-01T16:03:17,1675,1675,0,1.0,227,7.327
8d73ab27-25dc-4964-929d-01cd8ce9fabe,2026-07-01T16:03:17,1673,1673,0,1.0,227,7.327
8d73ab27-25dc-4964-929d-01cd8ce9fabe,2026-07-01T16:03:17,1673,1673,0,1.0,227,7.327
8d73ab27-25dc-4964-929d-01cd8ce9fabe,2026-07-01T16:03:18,1665,1665,0,1.0,227,7.327
8d73ab27-25dc-4964-929d-01cd8ce9fabe,2026-07-01T16:03:18,1665,1665,0,1.0,227,7.327
8d73ab27-25dc-4964-929d-01cd8ce9fabe,2026-07-01T16:03:18,1665,1665,0,1.0,227,7.327
8d73ab27-25dc-4964-929d-01cd8ce9fabe,2026-07-01T16:03:18,1665,1665,0,1.0,227,7.31
8d73ab27-25dc-4964-929d-01cd8ce9fabe,2026-07-01T16:03:18,1665,1665,0,1.0,227,7.31
8d73ab27-25dc-4964-929d-01cd8ce9fabe,2026-07-01T16:03:19,1665,1665,0,1.0,227,7.31
8d73ab27-25dc-4964-929d-01cd8ce9fabe,2026-07-01T16:03:19,1665,1665,0,1.0,227,7.31
8d73ab27-25dc-4964-929d-01cd8ce9fabe,2026-07-01T16:03:19,1665,1665,0,1.0,227,7.31
8d73ab27-25dc-4964-929d-01cd8ce9fabe,2026-07-01T16:03:19,1665,1665,0,1.0,227,7.31
8d73ab27-25dc-4964-929d-01cd8ce9fabe,2026-07-01T16:03:19,1665,1665,0,1.0,227,7.31
8d73ab27-25dc-4964-929d-01cd8ce9fabe,2026-07-01T16:03:19,1665,1665,0,1.0,227,7.31
8d73ab27-25dc-4964-929d-01cd8ce9fabe,2026-07-01T16:03:19,1665,1665,0,1.0,227,7.31
8d73ab27-25dc-4964-929d-01cd8ce9fabe,2026-07-01T16:03:19,1665,1665,0,1.0,227,7.31
8d73ab27-25dc-4964-929d-01cd8ce9fabe,2026-07-01T16:03:19,1665,1665,0,1.0,227,7.31
8d73ab27-25dc-4964-929d-01cd8ce9fabe,2026-07-01T16:03:19,1665,1665,0,1.0,227,7.31
8d73ab27-25dc-4964-929d-01cd8ce9fabe,2026-07-01T16:03:19,1665,1665,0,1.0,227,7.31
8d73ab27-25dc-4964-929d-01cd8ce9fabe,2026-07-01T16:03:19,1665,1665,0,1.0,227,7.31
8d73ab27-25dc-4964-929d-01cd8ce9fabe,2026-07-01T16:03:20,1665,1665,0,1.0,227,7.31
8d73ab27-25dc-4964-929d-01cd8ce9fabe,2026-07-01T16:03:20,1665,1665,0,1.0,227,7.31
8d73ab27-25dc-4964-929d-01cd8ce9fabe,2026-07-01T16:03:20,1665,1665,0,1.0,227,7.31
8d73ab27-25dc-4964-929d-01cd8ce9fabe,2026-07-01T16:03:20,1665,1665,0,1.0,227,7.31
8d73ab27-25dc-4964-929d-01cd8ce9fabe,2026-07-01T16:03:20,1665,1665,0,1.0,227,7.306
8d73ab27-25dc-4964-929d-01cd8ce9fabe,2026-07-01T16:03:20,1665,1665,0,1.0,227,7.306
8d73ab27-25dc-4964-929d-01cd8ce9fabe,2026-07-01T16:03:20,1665,1665,0,1.0,227,7.306
8d73ab27-25dc-4964-929d-01cd8ce9fabe,2026-07-01T16:03:20,1665,1665,0,1.0,227,7.306
8d73ab27-25dc-4964-929d-01cd8ce9fabe,2026-07-01T16:03:20,1665,1665,0,1.0,227,7.306
8d73ab27-25dc-4964-929d-01cd8ce9fabe,2026-07-01T16:03:20,1665,1665,0,1.0,227,7.306
8d73ab27-25dc-4964-929d-01cd8ce9fabe,2026-07-01T16:03:20,1665,1665,0,1.0,227,7.306
8d73ab27-25dc-4964-929d-01cd8ce9fabe,2026-07-01T16:03:21,1669,1669,0,1.0,227,7.306
8d73ab27-25dc-4964-929d-01cd8ce9fabe,2026-07-01T16:03:21,1669,1669,0,1.0,227,7.306
8d73ab27-25dc-4964-929d-01cd8ce9fabe,2026-07-01T16:03:21,1669,1669,0,1.0,227,7.306
8d73ab27-25dc-4964-929d-01cd8ce9fabe,2026-07-01T16:03:21,1673,1673,0,1.0,227,7.306
8d73ab27-25dc-4964-929d-01cd8ce9fabe,2026-07-01T16:03:21,1673,1673,0,1.0,227,7.306
8d73ab27-25dc-4964-929d-01cd8ce9fabe,2026-07-01T16:03:21,1673,1673,0,1.0,227,7.306
8d73ab27-25dc-4964-929d-01cd8ce9fabe,2026-07-01T16:03:21,1673,1673,0,1.0,227,7.306
8d73ab27-25dc-4964-929d-01cd8ce9fabe,2026-07-01T16:03:21,1673,1673,0,1.0,227,7.306
8d73ab27-25dc-4964-929d-01cd8ce9fabe,2026-07-01T16:03:21,1673,1673,0,1.0,227,7.306
8d73ab27-25dc-4964-929d-01cd8ce9fabe,2026-07-01T16:03:21,1673,1673,0,1.0,227,7.306
8d73ab27-25dc-4964-929d-01cd8ce9fabe,2026-07-01T16:03:21,1673,1673,0,1.0,227,7.306
8d73ab27-25dc-4964-929d-01cd8ce9fabe,2026-07-01T16:03:21,1673,1673,0,1.0,227,7.306
8d73ab27-25dc-4964-929d-01cd8ce9fabe,2026-07-01T16:03:22,1570,1662,546,0.94,227,7.323
8d73ab27-25dc-4964-929d-01cd8ce9fabe,2026-07-01T16:03:22,1570,1662,546,0.94,227,7.323
8d73ab27-25dc-4964-929d-01cd8ce9fabe,2026-07-01T16:03:22,130,1662,1657,0.08,227,7.323
8d73ab27-25dc-4964-929d-01cd8ce9fabe,2026-07-01T16:03:22,130,1662,1657,0.08,227,7.323
8d73ab27-25dc-4964-929d-01cd8ce9fabe,2026-07-01T16:03:22,130,1662,1657,0.08,227,7.323
8d73ab27-25dc-4964-929d-01cd8ce9fabe,2026-07-01T16:03:23,4,1693,1693,0.0,231,7.323
8d73ab27-25dc-4964-929d-01cd8ce9fabe,2026-07-01T16:03:23,4,1693,1693,0.0,231,7.323
8d73ab27-25dc-4964-929d-01cd8ce9fabe,2026-07-01T16:03:23,4,1693,1693,0.0,231,7.323
8d73ab27-25dc-4964-929d-01cd8ce9fabe,2026-07-01T16:03:24,4,1693,1693,0.0,231,7.323
8d73ab27-25dc-4964-929d-01cd8ce9fabe,2026-07-01T16:03:24,4,1693,1693,0.0,231,7.323
8d73ab27-25dc-4964-929d-01cd8ce9fabe,2026-07-01T16:03:24,4,1693,1693,0.0,231,7.323
8d73ab27-25dc-4964-929d-01cd8ce9fabe,2026-07-01T16:03:24,4,1693,1693,0.0,231,7.323
8d73ab27-25dc-4964-929d-01cd8ce9fabe,2026-07-01T16:03:24,4,1693,1693,0.0,231,7.323
8d73ab27-25dc-4964-929d-01cd8ce9fabe,2026-07-01T16:03:24,4,10,9,0.42,231,0.043
8d73ab27-25dc-4964-929d-01cd8ce9fabe,2026-07-01T16:03:24,4,10,9,0.42,231,0.043
8d73ab27-25dc-4964-929d-01cd8ce9fabe,2026-07-01T16:03:24,4,10,9,0.42,231,0.043
8d73ab27-25dc-4964-929d-01cd8ce9fabe,2026-07-01T16:03:24,4,10,9,0.42,231,0.043
8d73ab27-25dc-4964-929d-01cd8ce9fabe,2026-07-01T16:03:24,4,10,9,0.42,231,0.043
8d73ab27-25dc-4964-929d-01cd8ce9fabe,2026-07-01T16:03:24,4,10,9,0.41,231,0.043
8d73ab27-25dc-4964-929d-01cd8ce9fabe,2026-07-01T16:03:24,4,10,9,0.41,231,0.043
8d73ab27-25dc-4964-929d-01cd8ce9fabe,2026-07-01T16:03:24,4,10,9,0.41,231,0.043
8d73ab27-25dc-4964-929d-01cd8ce9fabe,2026-07-01T16:03:25,4,10,9,0.41,231,0.043
8d73ab27-25dc-4964-929d-01cd8ce9fabe,2026-07-01T16:03:25,4,10,9,0.41,231,0.043
8d73ab27-25dc-4964-929d-01cd8ce9fabe,2026-07-01T16:03:25,4,10,9,0.43,231,0.043
8d73ab27-25dc-4964-929d-01cd8ce9fabe,2026-07-01T16:03:25,4,10,9,0.43,231,0.043
8d73ab27-25dc-4964-929d-01cd8ce9fabe,2026-07-01T16:03:25,4,10,9,0.43,231,0.043
8d73ab27-25dc-4964-929d-01cd8ce9fabe,2026-07-01T16:03:25,4,10,9,0.43,231,0.043
8d73ab27-25dc-4964-929d-01cd8ce9fabe,2026-07-01T16:03:25,4,10,9,0.43,231,0.043
8d73ab27-25dc-4964-929d-01cd8ce9fabe,2026-07-01T16:03:25,4,10,9,0.43,231,0.043
8d73ab27-25dc-4964-929d-01cd8ce9fabe,2026-07-01T16:03:25,4,10,9,0.43,231,0.043
8d73ab27-25dc-4964-929d-01cd8ce9fabe,2026-07-01T16:03:25,4,10,9,0.44,231,0.043
8d73ab27-25dc-4964-929d-01cd8ce9fabe,2026-07-01T16:03:25,4,10,9,0.44,231,0.043
8d73ab27-25dc-4964-929d-01cd8ce9fabe,2026-07-01T16:03:26,4,10,9,0.44,231,0.043
8d73ab27-25dc-4964-929d-01cd8ce9fabe,2026-07-01T16:03:26,4,10,9,0.44,231,0.043
8d73ab27-25dc-4964-929d-01cd8ce9fabe,2026-07-01T16:03:27,4,10,9,0.42,231,0.043
8d73ab27-25dc-4964-929d-01cd8ce9fabe,2026-07-01T16:03:27,4,10,9,0.42,231,0.043
8d73ab27-25dc-4964-929d-01cd8ce9fabe,2026-07-01T16:03:27,4,10,9,0.42,231,0.043
8d73ab27-25dc-4964-929d-01cd8ce9fabe,2026-07-01T16:03:27,4,10,9,0.42,231,0.043
8d73ab27-25dc-4964-929d-01cd8ce9fabe,2026-07-01T16:03:27,4,10,9,0.41,231,0.043
8d73ab27-25dc-4964-929d-01cd8ce9fabe,2026-07-01T16:03:27,4,10,9,0.41,231,0.043
8d73ab27-25dc-4964-929d-01cd8ce9fabe,2026-07-01T16:03:27,4,10,9,0.41,231,0.043
8d73ab27-25dc-4964-929d-01cd8ce9fabe,2026-07-01T16:03:27,4,10,9,0.41,231,0.043
8d73ab27-25dc-4964-929d-01cd8ce9fabe,2026-07-01T16:03:27,4,10,9,0.41,231,0.043
8d73ab27-25dc-4964-929d-01cd8ce9fabe,2026-07-01T16:03:28,4,10,9,0.42,231,0.043
