run_id,Time,Power,ApparentPower,ReactivePower,Factor,Voltage,Current
4b54751a-13a1-464a-a726-0f36c5228d89,2026-06-08T22:44:46,0,7,7,0.03,230,0.03
4b54751a-13a1-464a-a726-0f36c5228d89,2026-06-08T22:44:46,0,7,7,0.03,230,0.03
4b54751a-13a1-464a-a726-0f36c5228d89,2026-06-08T22:44:46,0,7,7,0.03,230,0.03
4b54751a-13a1-464a-a726-0f36c5228d89,2026-06-08T22:44:46,0,7,7,0.03,230,0.03
4b54751a-13a1-464a-a726-0f36c5228d89,2026-06-08T22:44:47,0,7,7,0.03,230,0.03
4b54751a-13a1-464a-a726-0f36c5228d89,2026-06-08T22:44:47,0,7,7,0.03,230,0.03
4b54751a-13a1-464a-a726-0f36c5228d89,2026-06-08T22:44:47,0,7,7,0.03,230,0.03
4b54751a-13a1-464a-a726-0f36c5228d89,2026-06-08T22:44:47,0,7,7,0.03,230,0.03
4b54751a-13a1-464a-a726-0f36c5228d89,2026-06-08T22:44:47,0,7,7,0.03,230,0.03
4b54751a-13a1-464a-a726-0f36c5228d89,2026-06-08T22:44:47,0,7,7,0.03,230,0.03
4b54751a-13a1-464a-a726-0f36c5228d89,2026-06-08T22:44:47,0,7,7,0.03,230,0.03
4b54751a-13a1-464a-a726-0f36c5228d89,2026-06-08T22:44:47,0,7,7,0.03,230,0.03
4b54751a-13a1-464a-a726-0f36c5228d89,2026-06-08T22:44:48,0,7,7,0.04,230,0.03
4b54751a-13a1-464a-a726-0f36c5228d89,2026-06-08T22:44:48,0,7,7,0.04,230,0.03
4b54751a-13a1-464a-a726-0f36c5228d89,2026-06-08T22:44:48,0,7,7,0.04,230,0.03
4b54751a-13a1-464a-a726-0f36c5228d89,2026-06-08T22:44:48,0,7,7,0.04,230,0.03
4b54751a-13a1-464a-a726-0f36c5228d89,2026-06-08T22:44:48,4,7,6,0.56,230,0.03
4b54751a-13a1-464a-a726-0f36c5228d89,2026-06-08T22:44:48,4,7,6,0.56,230,0.03
4b54751a-13a1-464a-a726-0f36c5228d89,2026-06-08T22:44:48,4,7,6,0.56,230,0.03
4b54751a-13a1-464a-a726-0f36c5228d89,2026-06-08T22:44:48,4,7,6,0.56,230,0.03
4b54751a-13a1-464a-a726-0f36c5228d89,2026-06-08T22:44:48,4,7,6,0.56,230,0.03
4b54751a-13a1-464a-a726-0f36c5228d89,2026-06-08T22:44:48,5,7,5,0.67,230,0.03
4b54751a-13a1-464a-a726-0f36c5228d89,2026-06-08T22:44:48,5,7,5,0.67,230,0.03
4b54751a-13a1-464a-a726-0f36c5228d89,2026-06-08T22:44:48,4,10,9,0.45,230,0.042
4b54751a-13a1-464a-a726-0f36c5228d89,2026-06-08T22:44:49,4,10,9,0.45,230,0.042
4b54751a-13a1-464a-a726-0f36c5228d89,2026-06-08T22:44:49,4,10,9,0.45,230,0.042
4b54751a-13a1-464a-a726-0f36c5228d89,2026-06-08T22:44:49,4,10,9,0.45,230,0.042
4b54751a-13a1-464a-a726-0f36c5228d89,2026-06-08T22:44:49,5,10,9,0.48,230,0.042
4b54751a-13a1-464a-a726-0f36c5228d89,2026-06-08T22:44:49,5,10,9,0.48,230,0.042
4b54751a-13a1-464a-a726-0f36c5228d89,2026-06-08T22:44:49,5,10,9,0.48,230,0.042
4b54751a-13a1-464a-a726-0f36c5228d89,2026-06-08T22:44:49,5,10,9,0.48,230,0.042
4b54751a-13a1-464a-a726-0f36c5228d89,2026-06-08T22:44:51,5,10,9,0.45,230,0.044
4b54751a-13a1-464a-a726-0f36c5228d89,2026-06-08T22:44:52,5,10,9,0.45,230,0.044
4b54751a-13a1-464a-a726-0f36c5228d89,2026-06-08T22:44:52,5,10,9,0.45,230,0.044
4b54751a-13a1-464a-a726-0f36c5228d89,2026-06-08T22:44:52,5,10,9,0.45,230,0.044
4b54751a-13a1-464a-a726-0f36c5228d89,2026-06-08T22:44:52,5,10,9,0.45,230,0.044
4b54751a-13a1-464a-a726-0f36c5228d89,2026-06-08T22:44:52,5,10,9,0.45,230,0.044
4b54751a-13a1-464a-a726-0f36c5228d89,2026-06-08T22:44:52,5,10,9,0.45,230,0.044
4b54751a-13a1-464a-a726-0f36c5228d89,2026-06-08T22:44:52,2,10,10,0.18,230,0.044
4b54751a-13a1-464a-a726-0f36c5228d89,2026-06-08T22:44:52,4,10,9,0.43,230,0.044
4b54751a-13a1-464a-a726-0f36c5228d89,2026-06-08T22:44:52,4,10,9,0.43,230,0.044
4b54751a-13a1-464a-a726-0f36c5228d89,2026-06-08T22:44:52,4,10,9,0.43,230,0.044
4b54751a-13a1-464a-a726-0f36c5228d89,2026-06-08T22:44:53,4,10,9,0.43,230,0.044
4b54751a-13a1-464a-a726-0f36c5228d89,2026-06-08T22:44:53,4,10,9,0.43,230,0.044
4b54751a-13a1-464a-a726-0f36c5228d89,2026-06-08T22:44:53,5,10,9,0.44,230,0.044
4b54751a-13a1-464a-a726-0f36c5228d89,2026-06-08T22:44:53,5,10,9,0.44,230,0.044
4b54751a-13a1-464a-a726-0f36c5228d89,2026-06-08T22:44:53,5,10,9,0.44,230,0.044
4b54751a-13a1-464a-a726-0f36c5228d89,2026-06-08T22:44:53,5,10,9,0.46,230,0.044
4b54751a-13a1-464a-a726-0f36c5228d89,2026-06-08T22:44:53,5,10,9,0.46,230,0.045
4b54751a-13a1-464a-a726-0f36c5228d89,2026-06-08T22:44:53,5,10,9,0.46,230,0.045
4b54751a-13a1-464a-a726-0f36c5228d89,2026-06-08T22:44:53,5,10,9,0.46,230,0.045
4b54751a-13a1-464a-a726-0f36c5228d89,2026-06-08T22:44:56,1680,1680,0,1.0,227,0.204
4b54751a-13a1-464a-a726-0f36c5228d89,2026-06-08T22:44:56,1680,1680,0,1.0,227,0.204
4b54751a-13a1-464a-a726-0f36c5228d89,2026-06-08T22:44:56,1680,1680,0,1.0,227,0.204
4b54751a-13a1-464a-a726-0f36c5228d89,2026-06-08T22:44:56,1678,1678,0,1.0,227,0.204
4b54751a-13a1-464a-a726-0f36c5228d89,2026-06-08T22:44:56,1678,1678,0,1.0,227,0.204
4b54751a-13a1-464a-a726-0f36c5228d89,2026-06-08T22:44:56,1678,1678,0,1.0,227,0.204
4b54751a-13a1-464a-a726-0f36c5228d89,2026-06-08T22:44:57,1678,1678,0,1.0,227,0.204
4b54751a-13a1-464a-a726-0f36c5228d89,2026-06-08T22:44:57,1678,1678,0,1.0,227,0.204
4b54751a-13a1-464a-a726-0f36c5228d89,2026-06-08T22:44:57,1678,1678,0,1.0,227,7.357
4b54751a-13a1-464a-a726-0f36c5228d89,2026-06-08T22:44:57,1676,1676,0,1.0,227,7.357
4b54751a-13a1-464a-a726-0f36c5228d89,2026-06-08T22:44:57,1676,1676,0,1.0,227,7.357
4b54751a-13a1-464a-a726-0f36c5228d89,2026-06-08T22:44:57,1676,1676,0,1.0,227,7.357
4b54751a-13a1-464a-a726-0f36c5228d89,2026-06-08T22:44:57,1676,1676,0,1.0,227,7.357
4b54751a-13a1-464a-a726-0f36c5228d89,2026-06-08T22:44:57,1676,1676,0,1.0,227,7.357
4b54751a-13a1-464a-a726-0f36c5228d89,2026-06-08T22:44:57,1675,1675,0,1.0,227,7.357
4b54751a-13a1-464a-a726-0f36c5228d89,2026-06-08T22:44:58,1675,1675,0,1.0,227,7.357
4b54751a-13a1-464a-a726-0f36c5228d89,2026-06-08T22:44:58,1675,1675,0,1.0,227,7.357
4b54751a-13a1-464a-a726-0f36c5228d89,2026-06-08T22:44:58,1675,1675,0,1.0,227,7.357
4b54751a-13a1-464a-a726-0f36c5228d89,2026-06-08T22:44:58,1675,1675,0,1.0,227,7.357
4b54751a-13a1-464a-a726-0f36c5228d89,2026-06-08T22:44:58,1675,1675,0,1.0,227,7.357
4b54751a-13a1-464a-a726-0f36c5228d89,2026-06-08T22:44:58,1675,1675,0,1.0,227,7.357
4b54751a-13a1-464a-a726-0f36c5228d89,2026-06-08T22:44:58,1675,1675,0,1.0,227,7.357
4b54751a-13a1-464a-a726-0f36c5228d89,2026-06-08T22:44:58,1675,1675,0,1.0,227,7.357
4b54751a-13a1-464a-a726-0f36c5228d89,2026-06-08T22:44:58,1675,1675,0,1.0,227,7.34
4b54751a-13a1-464a-a726-0f36c5228d89,2026-06-08T22:44:58,1675,1675,0,1.0,227,7.34
4b54751a-13a1-464a-a726-0f36c5228d89,2026-06-08T22:44:58,1675,1675,0,1.0,227,7.34
4b54751a-13a1-464a-a726-0f36c5228d89,2026-06-08T22:44:59,1675,1675,0,1.0,227,7.34
4b54751a-13a1-464a-a726-0f36c5228d89,2026-06-08T22:44:59,1675,1675,0,1.0,227,7.34
4b54751a-13a1-464a-a726-0f36c5228d89,2026-06-08T22:44:59,1675,1675,0,1.0,227,7.34
4b54751a-13a1-464a-a726-0f36c5228d89,2026-06-08T22:44:59,1673,1673,0,1.0,227,7.34
4b54751a-13a1-464a-a726-0f36c5228d89,2026-06-08T22:44:59,1673,1673,0,1.0,227,7.34
4b54751a-13a1-464a-a726-0f36c5228d89,2026-06-08T22:44:59,1673,1673,0,1.0,227,7.34
4b54751a-13a1-464a-a726-0f36c5228d89,2026-06-08T22:44:59,1673,1673,0,1.0,227,7.34
4b54751a-13a1-464a-a726-0f36c5228d89,2026-06-08T22:44:59,1673,1673,0,1.0,227,7.34
4b54751a-13a1-464a-a726-0f36c5228d89,2026-06-08T22:44:59,1673,1673,0,1.0,227,7.34
4b54751a-13a1-464a-a726-0f36c5228d89,2026-06-08T22:45:00,1673,1673,0,1.0,227,7.34
4b54751a-13a1-464a-a726-0f36c5228d89,2026-06-08T22:45:00,1673,1673,0,1.0,227,7.34
4b54751a-13a1-464a-a726-0f36c5228d89,2026-06-08T22:45:00,1673,1673,0,1.0,227,7.34
4b54751a-13a1-464a-a726-0f36c5228d89,2026-06-08T22:45:00,1673,1673,0,1.0,227,7.34
4b54751a-13a1-464a-a726-0f36c5228d89,2026-06-08T22:45:00,1673,1673,0,1.0,227,7.34
4b54751a-13a1-464a-a726-0f36c5228d89,2026-06-08T22:45:00,1673,1673,0,1.0,227,7.331
4b54751a-13a1-464a-a726-0f36c5228d89,2026-06-08T22:45:00,1673,1673,0,1.0,227,7.331
4b54751a-13a1-464a-a726-0f36c5228d89,2026-06-08T22:45:00,1673,1673,0,1.0,227,7.331
4b54751a-13a1-464a-a726-0f36c5228d89,2026-06-08T22:45:00,1673,1673,0,1.0,227,7.331
4b54751a-13a1-464a-a726-0f36c5228d89,2026-06-08T22:45:00,1673,1673,0,1.0,227,7.331
4b54751a-13a1-464a-a726-0f36c5228d89,2026-06-08T22:45:00,1673,1673,0,1.0,227,7.331
4b54751a-13a1-464a-a726-0f36c5228d89,2026-06-08T22:45:01,1673,1673,0,1.0,227,7.331
4b54751a-13a1-464a-a726-0f36c5228d89,2026-06-08T22:45:01,1673,1673,0,1.0,227,7.331
4b54751a-13a1-464a-a726-0f36c5228d89,2026-06-08T22:45:01,1673,1673,0,1.0,227,7.331
4b54751a-13a1-464a-a726-0f36c5228d89,2026-06-08T22:45:01,1673,1673,0,1.0,227,7.331
4b54751a-13a1-464a-a726-0f36c5228d89,2026-06-08T22:45:01,1673,1673,0,1.0,227,7.331
4b54751a-13a1-464a-a726-0f36c5228d89,2026-06-08T22:45:01,1673,1673,0,1.0,227,7.331
4b54751a-13a1-464a-a726-0f36c5228d89,2026-06-08T22:45:01,1673,1673,0,1.0,227,7.331
4b54751a-13a1-464a-a726-0f36c5228d89,2026-06-08T22:45:01,1673,1673,0,1.0,227,7.331
4b54751a-13a1-464a-a726-0f36c5228d89,2026-06-08T22:45:01,1673,1673,0,1.0,227,7.331
4b54751a-13a1-464a-a726-0f36c5228d89,2026-06-08T22:45:01,1673,1673,0,1.0,227,7.331
4b54751a-13a1-464a-a726-0f36c5228d89,2026-06-08T22:45:01,1673,1673,0,1.0,227,7.331
4b54751a-13a1-464a-a726-0f36c5228d89,2026-06-08T22:45:02,1673,1673,0,1.0,227,7.331
4b54751a-13a1-464a-a726-0f36c5228d89,2026-06-08T22:45:02,1673,1673,0,1.0,227,7.331
4b54751a-13a1-464a-a726-0f36c5228d89,2026-06-08T22:45:02,1673,1673,0,1.0,227,7.331
4b54751a-13a1-464a-a726-0f36c5228d89,2026-06-08T22:45:02,1673,1673,0,1.0,227,7.331
4b54751a-13a1-464a-a726-0f36c5228d89,2026-06-08T22:45:02,1673,1673,0,1.0,227,7.331
4b54751a-13a1-464a-a726-0f36c5228d89,2026-06-08T22:45:02,1673,1673,0,1.0,227,7.331
4b54751a-13a1-464a-a726-0f36c5228d89,2026-06-08T22:45:02,1673,1673,0,1.0,227,7.331
4b54751a-13a1-464a-a726-0f36c5228d89,2026-06-08T22:45:02,1673,1673,0,1.0,227,7.331
4b54751a-13a1-464a-a726-0f36c5228d89,2026-06-08T22:45:02,1673,1673,0,1.0,227,7.331
4b54751a-13a1-464a-a726-0f36c5228d89,2026-06-08T22:45:02,1673,1673,0,1.0,227,7.331
4b54751a-13a1-464a-a726-0f36c5228d89,2026-06-08T22:45:03,1673,1673,0,1.0,227,7.331
4b54751a-13a1-464a-a726-0f36c5228d89,2026-06-08T22:45:03,1673,1673,0,1.0,227,7.331
4b54751a-13a1-464a-a726-0f36c5228d89,2026-06-08T22:45:03,1673,1673,0,1.0,227,7.331
4b54751a-13a1-464a-a726-0f36c5228d89,2026-06-08T22:45:03,1673,1673,0,1.0,227,7.331
4b54751a-13a1-464a-a726-0f36c5228d89,2026-06-08T22:45:03,1673,1673,0,1.0,227,7.331
4b54751a-13a1-464a-a726-0f36c5228d89,2026-06-08T22:45:03,1673,1673,0,1.0,227,7.331
4b54751a-13a1-464a-a726-0f36c5228d89,2026-06-08T22:45:03,1673,1673,0,1.0,227,7.331
4b54751a-13a1-464a-a726-0f36c5228d89,2026-06-08T22:45:03,1673,1673,0,1.0,227,7.331
4b54751a-13a1-464a-a726-0f36c5228d89,2026-06-08T22:45:03,1673,1673,0,1.0,227,7.331
4b54751a-13a1-464a-a726-0f36c5228d89,2026-06-08T22:45:03,1673,1673,0,1.0,227,7.331
4b54751a-13a1-464a-a726-0f36c5228d89,2026-06-08T22:45:03,1673,1673,0,1.0,227,7.331
4b54751a-13a1-464a-a726-0f36c5228d89,2026-06-08T22:45:03,1673,1673,0,1.0,227,7.331
4b54751a-13a1-464a-a726-0f36c5228d89,2026-06-08T22:45:04,1673,1673,0,1.0,227,7.331
4b54751a-13a1-464a-a726-0f36c5228d89,2026-06-08T22:45:04,1673,1673,0,1.0,227,7.331
4b54751a-13a1-464a-a726-0f36c5228d89,2026-06-08T22:45:04,1673,1673,0,1.0,227,7.331
4b54751a-13a1-464a-a726-0f36c5228d89,2026-06-08T22:45:04,1673,1673,0,1.0,227,7.331
4b54751a-13a1-464a-a726-0f36c5228d89,2026-06-08T22:45:04,1673,1673,0,1.0,227,7.331
4b54751a-13a1-464a-a726-0f36c5228d89,2026-06-08T22:45:04,1673,1673,0,1.0,227,7.331
4b54751a-13a1-464a-a726-0f36c5228d89,2026-06-08T22:45:08,1673,1673,0,1.0,227,7.331
4b54751a-13a1-464a-a726-0f36c5228d89,2026-06-08T22:45:09,1673,1673,0,1.0,227,7.336
4b54751a-13a1-464a-a726-0f36c5228d89,2026-06-08T22:45:09,1673,1673,0,1.0,227,7.336
4b54751a-13a1-464a-a726-0f36c5228d89,2026-06-08T22:45:09,1673,1673,0,1.0,227,7.336
4b54751a-13a1-464a-a726-0f36c5228d89,2026-06-08T22:45:09,1673,1673,0,1.0,227,7.336
4b54751a-13a1-464a-a726-0f36c5228d89,2026-06-08T22:45:09,1673,1673,0,1.0,227,7.336
4b54751a-13a1-464a-a726-0f36c5228d89,2026-06-08T22:45:09,1673,1673,0,1.0,227,7.336
4b54751a-13a1-464a-a726-0f36c5228d89,2026-06-08T22:45:09,1673,1673,0,1.0,227,7.336
4b54751a-13a1-464a-a726-0f36c5228d89,2026-06-08T22:45:09,1673,1673,0,1.0,227,7.331
4b54751a-13a1-464a-a726-0f36c5228d89,2026-06-08T22:45:10,1673,1673,0,1.0,227,7.331
4b54751a-13a1-464a-a726-0f36c5228d89,2026-06-08T22:45:10,1673,1673,0,1.0,227,7.331
4b54751a-13a1-464a-a726-0f36c5228d89,2026-06-08T22:45:10,1673,1673,0,1.0,227,7.331
4b54751a-13a1-464a-a726-0f36c5228d89,2026-06-08T22:45:10,1673,1673,0,1.0,227,7.331
4b54751a-13a1-464a-a726-0f36c5228d89,2026-06-08T22:45:10,1673,1673,0,1.0,227,7.331
4b54751a-13a1-464a-a726-0f36c5228d89,2026-06-08T22:45:10,1673,1673,0,1.0,227,7.331
4b54751a-13a1-464a-a726-0f36c5228d89,2026-06-08T22:45:10,1673,1673,0,1.0,227,7.331
4b54751a-13a1-464a-a726-0f36c5228d89,2026-06-08T22:45:10,1673,1673,0,1.0,227,7.331
4b54751a-13a1-464a-a726-0f36c5228d89,2026-06-08T22:45:10,1673,1673,0,1.0,227,7.331
4b54751a-13a1-464a-a726-0f36c5228d89,2026-06-08T22:45:10,1673,1673,0,1.0,227,7.331
4b54751a-13a1-464a-a726-0f36c5228d89,2026-06-08T22:45:11,1673,1673,0,1.0,227,7.331
4b54751a-13a1-464a-a726-0f36c5228d89,2026-06-08T22:45:11,1673,1673,0,1.0,227,7.331
4b54751a-13a1-464a-a726-0f36c5228d89,2026-06-08T22:45:11,1673,1673,0,1.0,227,7.331
4b54751a-13a1-464a-a726-0f36c5228d89,2026-06-08T22:45:11,1673,1673,0,1.0,227,7.331
4b54751a-13a1-464a-a726-0f36c5228d89,2026-06-08T22:45:11,1673,1673,0,1.0,227,7.331
4b54751a-13a1-464a-a726-0f36c5228d89,2026-06-08T22:45:13,1675,1675,0,1.0,227,7.336
4b54751a-13a1-464a-a726-0f36c5228d89,2026-06-08T22:45:13,1675,1675,0,1.0,227,7.336
4b54751a-13a1-464a-a726-0f36c5228d89,2026-06-08T22:45:13,1675,1675,0,1.0,227,7.336
4b54751a-13a1-464a-a726-0f36c5228d89,2026-06-08T22:45:13,1673,1673,0,1.0,227,7.336
4b54751a-13a1-464a-a726-0f36c5228d89,2026-06-08T22:45:13,1673,1673,0,1.0,227,7.336
4b54751a-13a1-464a-a726-0f36c5228d89,2026-06-08T22:45:14,1673,1673,0,1.0,227,7.336
4b54751a-13a1-464a-a726-0f36c5228d89,2026-06-08T22:45:14,1673,1673,0,1.0,227,7.336
4b54751a-13a1-464a-a726-0f36c5228d89,2026-06-08T22:45:14,1673,1673,0,1.0,227,7.336
4b54751a-13a1-464a-a726-0f36c5228d89,2026-06-08T22:45:14,1673,1673,0,1.0,227,7.336
4b54751a-13a1-464a-a726-0f36c5228d89,2026-06-08T22:45:14,1673,1673,0,1.0,227,7.336
4b54751a-13a1-464a-a726-0f36c5228d89,2026-06-08T22:45:14,1673,1673,0,1.0,227,7.336
4b54751a-13a1-464a-a726-0f36c5228d89,2026-06-08T22:45:14,1673,1673,0,1.0,227,7.336
4b54751a-13a1-464a-a726-0f36c5228d89,2026-06-08T22:45:14,1673,1673,0,1.0,227,7.336
4b54751a-13a1-464a-a726-0f36c5228d89,2026-06-08T22:45:14,1673,1673,0,1.0,227,7.336
4b54751a-13a1-464a-a726-0f36c5228d89,2026-06-08T22:45:14,1673,1673,0,1.0,227,7.331
4b54751a-13a1-464a-a726-0f36c5228d89,2026-06-08T22:45:14,1669,1669,0,1.0,227,7.331
4b54751a-13a1-464a-a726-0f36c5228d89,2026-06-08T22:45:15,1669,1669,0,1.0,227,7.331
4b54751a-13a1-464a-a726-0f36c5228d89,2026-06-08T22:45:15,1673,1673,0,1.0,227,7.331
4b54751a-13a1-464a-a726-0f36c5228d89,2026-06-08T22:45:15,1673,1673,0,1.0,227,7.331
4b54751a-13a1-464a-a726-0f36c5228d89,2026-06-08T22:45:15,1673,1673,0,1.0,227,7.331
4b54751a-13a1-464a-a726-0f36c5228d89,2026-06-08T22:45:15,1673,1673,0,1.0,227,7.331
4b54751a-13a1-464a-a726-0f36c5228d89,2026-06-08T22:45:15,1673,1673,0,1.0,227,7.331
4b54751a-13a1-464a-a726-0f36c5228d89,2026-06-08T22:45:15,1673,1673,0,1.0,227,7.331
4b54751a-13a1-464a-a726-0f36c5228d89,2026-06-08T22:45:15,1673,1673,0,1.0,227,7.331
4b54751a-13a1-464a-a726-0f36c5228d89,2026-06-08T22:45:15,1673,1673,0,1.0,227,7.331
4b54751a-13a1-464a-a726-0f36c5228d89,2026-06-08T22:45:15,1673,1673,0,1.0,227,7.331
4b54751a-13a1-464a-a726-0f36c5228d89,2026-06-08T22:45:16,1673,1673,0,1.0,227,7.331
4b54751a-13a1-464a-a726-0f36c5228d89,2026-06-08T22:45:16,1673,1673,0,1.0,227,7.331
4b54751a-13a1-464a-a726-0f36c5228d89,2026-06-08T22:45:16,1673,1673,0,1.0,227,7.331
4b54751a-13a1-464a-a726-0f36c5228d89,2026-06-08T22:45:16,1673,1673,0,1.0,227,7.331
4b54751a-13a1-464a-a726-0f36c5228d89,2026-06-08T22:45:16,1673,1673,0,1.0,227,7.331
4b54751a-13a1-464a-a726-0f36c5228d89,2026-06-08T22:45:16,1673,1673,0,1.0,227,7.327
4b54751a-13a1-464a-a726-0f36c5228d89,2026-06-08T22:45:16,1671,1671,0,1.0,227,7.327
4b54751a-13a1-464a-a726-0f36c5228d89,2026-06-08T22:45:16,1671,1671,0,1.0,227,7.327
4b54751a-13a1-464a-a726-0f36c5228d89,2026-06-08T22:45:16,1671,1671,0,1.0,227,7.327
4b54751a-13a1-464a-a726-0f36c5228d89,2026-06-08T22:45:16,1673,1673,0,1.0,227,7.327
4b54751a-13a1-464a-a726-0f36c5228d89,2026-06-08T22:45:16,1673,1673,0,1.0,227,7.327
4b54751a-13a1-464a-a726-0f36c5228d89,2026-06-08T22:45:17,1671,1671,0,1.0,227,7.327
4b54751a-13a1-464a-a726-0f36c5228d89,2026-06-08T22:45:17,1671,1671,0,1.0,227,7.327
4b54751a-13a1-464a-a726-0f36c5228d89,2026-06-08T22:45:17,1671,1671,0,1.0,227,7.327
4b54751a-13a1-464a-a726-0f36c5228d89,2026-06-08T22:45:17,1671,1671,0,1.0,227,7.327
4b54751a-13a1-464a-a726-0f36c5228d89,2026-06-08T22:45:17,1671,1671,0,1.0,227,7.327
4b54751a-13a1-464a-a726-0f36c5228d89,2026-06-08T22:45:17,1671,1671,0,1.0,227,7.327
4b54751a-13a1-464a-a726-0f36c5228d89,2026-06-08T22:45:17,1671,1671,0,1.0,227,7.327
4b54751a-13a1-464a-a726-0f36c5228d89,2026-06-08T22:45:17,1671,1671,0,1.0,227,7.327
4b54751a-13a1-464a-a726-0f36c5228d89,2026-06-08T22:45:17,1671,1671,0,1.0,227,7.327
4b54751a-13a1-464a-a726-0f36c5228d89,2026-06-08T22:45:17,1671,1671,0,1.0,227,7.327
4b54751a-13a1-464a-a726-0f36c5228d89,2026-06-08T22:45:18,1671,1671,0,1.0,227,7.327
4b54751a-13a1-464a-a726-0f36c5228d89,2026-06-08T22:45:18,1671,1671,0,1.0,227,7.327
4b54751a-13a1-464a-a726-0f36c5228d89,2026-06-08T22:45:18,1671,1671,0,1.0,227,7.327
4b54751a-13a1-464a-a726-0f36c5228d89,2026-06-08T22:45:18,1671,1671,0,1.0,227,7.327
4b54751a-13a1-464a-a726-0f36c5228d89,2026-06-08T22:45:18,1671,1671,0,1.0,227,7.327
4b54751a-13a1-464a-a726-0f36c5228d89,2026-06-08T22:45:18,1671,1671,0,1.0,227,7.327
4b54751a-13a1-464a-a726-0f36c5228d89,2026-06-08T22:45:18,1671,1671,0,1.0,227,7.327
4b54751a-13a1-464a-a726-0f36c5228d89,2026-06-08T22:45:18,1671,1671,0,1.0,227,7.327
4b54751a-13a1-464a-a726-0f36c5228d89,2026-06-08T22:45:18,1671,1671,0,1.0,227,7.327
4b54751a-13a1-464a-a726-0f36c5228d89,2026-06-08T22:45:18,1671,1671,0,1.0,227,7.327
4b54751a-13a1-464a-a726-0f36c5228d89,2026-06-08T22:45:18,1671,1671,0,1.0,227,7.327
4b54751a-13a1-464a-a726-0f36c5228d89,2026-06-08T22:45:19,1671,1671,0,1.0,227,7.327
4b54751a-13a1-464a-a726-0f36c5228d89,2026-06-08T22:45:19,1671,1671,0,1.0,227,7.327
4b54751a-13a1-464a-a726-0f36c5228d89,2026-06-08T22:45:19,1671,1671,0,1.0,227,7.327
4b54751a-13a1-464a-a726-0f36c5228d89,2026-06-08T22:45:19,1671,1671,0,1.0,227,7.327
4b54751a-13a1-464a-a726-0f36c5228d89,2026-06-08T22:45:19,1671,1671,0,1.0,227,7.327
4b54751a-13a1-464a-a726-0f36c5228d89,2026-06-08T22:45:19,1669,1669,0,1.0,227,7.323
4b54751a-13a1-464a-a726-0f36c5228d89,2026-06-08T22:45:19,1669,1669,0,1.0,227,7.323
4b54751a-13a1-464a-a726-0f36c5228d89,2026-06-08T22:45:19,1671,1671,0,1.0,227,7.323
4b54751a-13a1-464a-a726-0f36c5228d89,2026-06-08T22:45:19,1671,1671,0,1.0,227,7.323
4b54751a-13a1-464a-a726-0f36c5228d89,2026-06-08T22:45:20,1669,1669,0,1.0,227,7.323
4b54751a-13a1-464a-a726-0f36c5228d89,2026-06-08T22:45:20,1669,1669,0,1.0,227,7.323
4b54751a-13a1-464a-a726-0f36c5228d89,2026-06-08T22:45:20,1665,1665,0,1.0,227,7.323
4b54751a-13a1-464a-a726-0f36c5228d89,2026-06-08T22:45:20,1665,1665,0,1.0,227,7.323
4b54751a-13a1-464a-a726-0f36c5228d89,2026-06-08T22:45:20,1667,1667,0,1.0,227,7.323
4b54751a-13a1-464a-a726-0f36c5228d89,2026-06-08T22:45:20,1667,1667,0,1.0,227,7.323
4b54751a-13a1-464a-a726-0f36c5228d89,2026-06-08T22:45:20,1667,1667,0,1.0,227,7.323
4b54751a-13a1-464a-a726-0f36c5228d89,2026-06-08T22:45:20,1669,1669,0,1.0,227,7.323
4b54751a-13a1-464a-a726-0f36c5228d89,2026-06-08T22:45:20,1667,1667,0,1.0,227,7.323
4b54751a-13a1-464a-a726-0f36c5228d89,2026-06-08T22:45:20,1667,1667,0,1.0,227,7.323
4b54751a-13a1-464a-a726-0f36c5228d89,2026-06-08T22:45:21,1665,1665,0,1.0,227,7.323
4b54751a-13a1-464a-a726-0f36c5228d89,2026-06-08T22:45:24,1669,1669,0,1.0,227,7.319
4b54751a-13a1-464a-a726-0f36c5228d89,2026-06-08T22:45:24,1669,1669,0,1.0,227,7.319
4b54751a-13a1-464a-a726-0f36c5228d89,2026-06-08T22:45:25,1669,1669,0,1.0,227,7.319
4b54751a-13a1-464a-a726-0f36c5228d89,2026-06-08T22:45:25,1669,1669,0,1.0,227,7.319
4b54751a-13a1-464a-a726-0f36c5228d89,2026-06-08T22:45:25,1669,1669,0,1.0,227,7.319
4b54751a-13a1-464a-a726-0f36c5228d89,2026-06-08T22:45:25,1669,1669,0,1.0,227,7.319
4b54751a-13a1-464a-a726-0f36c5228d89,2026-06-08T22:45:25,1669,1669,0,1.0,227,7.319
4b54751a-13a1-464a-a726-0f36c5228d89,2026-06-08T22:45:25,1669,1669,0,1.0,227,7.319
4b54751a-13a1-464a-a726-0f36c5228d89,2026-06-08T22:45:26,1669,1669,0,1.0,227,7.319
4b54751a-13a1-464a-a726-0f36c5228d89,2026-06-08T22:45:26,1669,1669,0,1.0,227,7.319
4b54751a-13a1-464a-a726-0f36c5228d89,2026-06-08T22:45:26,1669,1669,0,1.0,227,7.319
4b54751a-13a1-464a-a726-0f36c5228d89,2026-06-08T22:45:26,1669,1669,0,1.0,227,7.319
4b54751a-13a1-464a-a726-0f36c5228d89,2026-06-08T22:45:26,1669,1669,0,1.0,227,7.319
4b54751a-13a1-464a-a726-0f36c5228d89,2026-06-08T22:45:26,1669,1669,0,1.0,227,7.319
4b54751a-13a1-464a-a726-0f36c5228d89,2026-06-08T22:45:26,1669,1669,0,1.0,227,7.319
4b54751a-13a1-464a-a726-0f36c5228d89,2026-06-08T22:45:26,1669,1669,0,1.0,227,7.319
4b54751a-13a1-464a-a726-0f36c5228d89,2026-06-08T22:45:26,1669,1669,0,1.0,227,7.319
4b54751a-13a1-464a-a726-0f36c5228d89,2026-06-08T22:45:26,1671,1671,0,1.0,227,7.319
4b54751a-13a1-464a-a726-0f36c5228d89,2026-06-08T22:45:26,1671,1671,0,1.0,227,7.319
4b54751a-13a1-464a-a726-0f36c5228d89,2026-06-08T22:45:27,1669,1669,0,1.0,227,7.319
4b54751a-13a1-464a-a726-0f36c5228d89,2026-06-08T22:45:27,1669,1669,0,1.0,227,7.319
4b54751a-13a1-464a-a726-0f36c5228d89,2026-06-08T22:45:27,1671,1671,0,1.0,227,7.319
4b54751a-13a1-464a-a726-0f36c5228d89,2026-06-08T22:45:27,1671,1671,0,1.0,227,7.319
4b54751a-13a1-464a-a726-0f36c5228d89,2026-06-08T22:45:27,1669,1669,0,1.0,227,7.319
4b54751a-13a1-464a-a726-0f36c5228d89,2026-06-08T22:45:27,1669,1669,0,1.0,227,7.319
4b54751a-13a1-464a-a726-0f36c5228d89,2026-06-08T22:45:27,1669,1669,0,1.0,227,7.319
4b54751a-13a1-464a-a726-0f36c5228d89,2026-06-08T22:45:27,1671,1671,0,1.0,227,7.323
4b54751a-13a1-464a-a726-0f36c5228d89,2026-06-08T22:45:27,1671,1671,0,1.0,227,7.323
4b54751a-13a1-464a-a726-0f36c5228d89,2026-06-08T22:45:27,1671,1671,0,1.0,227,7.323
4b54751a-13a1-464a-a726-0f36c5228d89,2026-06-08T22:45:30,1669,1669,0,1.0,227,7.323
4b54751a-13a1-464a-a726-0f36c5228d89,2026-06-08T22:45:30,1669,1669,0,1.0,227,7.323
4b54751a-13a1-464a-a726-0f36c5228d89,2026-06-08T22:45:30,1669,1669,0,1.0,227,7.323
4b54751a-13a1-464a-a726-0f36c5228d89,2026-06-08T22:45:30,1669,1669,0,1.0,227,7.323
4b54751a-13a1-464a-a726-0f36c5228d89,2026-06-08T22:45:30,1669,1669,0,1.0,227,7.323
4b54751a-13a1-464a-a726-0f36c5228d89,2026-06-08T22:45:30,1669,1669,0,1.0,227,7.323
4b54751a-13a1-464a-a726-0f36c5228d89,2026-06-08T22:45:31,1671,1671,0,1.0,227,7.323
4b54751a-13a1-464a-a726-0f36c5228d89,2026-06-08T22:45:31,1671,1671,0,1.0,227,7.323
4b54751a-13a1-464a-a726-0f36c5228d89,2026-06-08T22:45:31,1669,1669,0,1.0,227,7.323
4b54751a-13a1-464a-a726-0f36c5228d89,2026-06-08T22:45:31,1669,1669,0,1.0,227,7.323
4b54751a-13a1-464a-a726-0f36c5228d89,2026-06-08T22:45:31,1669,1669,0,1.0,227,7.323
4b54751a-13a1-464a-a726-0f36c5228d89,2026-06-08T22:45:31,1669,1669,0,1.0,227,7.323
4b54751a-13a1-464a-a726-0f36c5228d89,2026-06-08T22:45:31,1669,1669,0,1.0,227,7.323
4b54751a-13a1-464a-a726-0f36c5228d89,2026-06-08T22:45:31,1669,1669,0,1.0,227,7.323
4b54751a-13a1-464a-a726-0f36c5228d89,2026-06-08T22:45:31,1671,1671,0,1.0,227,7.323
4b54751a-13a1-464a-a726-0f36c5228d89,2026-06-08T22:45:31,1671,1671,0,1.0,227,7.323
4b54751a-13a1-464a-a726-0f36c5228d89,2026-06-08T22:45:32,1671,1671,0,1.0,227,7.323
4b54751a-13a1-464a-a726-0f36c5228d89,2026-06-08T22:45:32,1671,1671,0,1.0,227,7.323
4b54751a-13a1-464a-a726-0f36c5228d89,2026-06-08T22:45:32,1671,1671,0,1.0,227,7.323
4b54751a-13a1-464a-a726-0f36c5228d89,2026-06-08T22:45:32,1671,1671,0,1.0,227,7.323
4b54751a-13a1-464a-a726-0f36c5228d89,2026-06-08T22:45:32,1671,1671,0,1.0,227,7.323
4b54751a-13a1-464a-a726-0f36c5228d89,2026-06-08T22:45:32,1671,1671,0,1.0,227,7.327
4b54751a-13a1-464a-a726-0f36c5228d89,2026-06-08T22:45:32,1671,1671,0,1.0,227,7.327
4b54751a-13a1-464a-a726-0f36c5228d89,2026-06-08T22:45:32,1671,1671,0,1.0,227,7.327
4b54751a-13a1-464a-a726-0f36c5228d89,2026-06-08T22:45:32,1671,1671,0,1.0,227,7.327
4b54751a-13a1-464a-a726-0f36c5228d89,2026-06-08T22:45:32,1671,1671,0,1.0,227,7.327
4b54751a-13a1-464a-a726-0f36c5228d89,2026-06-08T22:45:33,1671,1671,0,1.0,227,7.327
4b54751a-13a1-464a-a726-0f36c5228d89,2026-06-08T22:45:33,1671,1671,0,1.0,227,7.327
4b54751a-13a1-464a-a726-0f36c5228d89,2026-06-08T22:45:33,1671,1671,0,1.0,227,7.327
4b54751a-13a1-464a-a726-0f36c5228d89,2026-06-08T22:45:33,1671,1671,0,1.0,227,7.327
4b54751a-13a1-464a-a726-0f36c5228d89,2026-06-08T22:45:33,1671,1671,0,1.0,227,7.327
4b54751a-13a1-464a-a726-0f36c5228d89,2026-06-08T22:45:33,1671,1671,0,1.0,227,7.327
4b54751a-13a1-464a-a726-0f36c5228d89,2026-06-08T22:45:33,1671,1671,0,1.0,227,7.327
4b54751a-13a1-464a-a726-0f36c5228d89,2026-06-08T22:45:33,1671,1671,0,1.0,227,7.327
4b54751a-13a1-464a-a726-0f36c5228d89,2026-06-08T22:45:33,1671,1671,0,1.0,227,7.327
4b54751a-13a1-464a-a726-0f36c5228d89,2026-06-08T22:45:33,1671,1671,0,1.0,227,7.327
4b54751a-13a1-464a-a726-0f36c5228d89,2026-06-08T22:45:33,1671,1671,0,1.0,227,7.323
4b54751a-13a1-464a-a726-0f36c5228d89,2026-06-08T22:45:34,1671,1671,0,1.0,227,7.323
4b54751a-13a1-464a-a726-0f36c5228d89,2026-06-08T22:45:34,1671,1671,0,1.0,227,7.323
4b54751a-13a1-464a-a726-0f36c5228d89,2026-06-08T22:45:34,1671,1671,0,1.0,227,7.323
4b54751a-13a1-464a-a726-0f36c5228d89,2026-06-08T22:45:34,1671,1671,0,1.0,227,7.323
4b54751a-13a1-464a-a726-0f36c5228d89,2026-06-08T22:45:34,1671,1671,0,1.0,227,7.323
4b54751a-13a1-464a-a726-0f36c5228d89,2026-06-08T22:45:34,1671,1671,0,1.0,227,7.323
4b54751a-13a1-464a-a726-0f36c5228d89,2026-06-08T22:45:34,1671,1671,0,1.0,227,7.323
4b54751a-13a1-464a-a726-0f36c5228d89,2026-06-08T22:45:34,1671,1671,0,1.0,227,7.323
4b54751a-13a1-464a-a726-0f36c5228d89,2026-06-08T22:45:34,1671,1671,0,1.0,227,7.323
4b54751a-13a1-464a-a726-0f36c5228d89,2026-06-08T22:45:35,1671,1671,0,1.0,227,7.323
4b54751a-13a1-464a-a726-0f36c5228d89,2026-06-08T22:45:35,1671,1671,0,1.0,227,7.323
4b54751a-13a1-464a-a726-0f36c5228d89,2026-06-08T22:45:35,1671,1671,0,1.0,227,7.323
4b54751a-13a1-464a-a726-0f36c5228d89,2026-06-08T22:45:35,1671,1671,0,1.0,227,7.323
4b54751a-13a1-464a-a726-0f36c5228d89,2026-06-08T22:45:35,1671,1671,0,1.0,227,7.323
4b54751a-13a1-464a-a726-0f36c5228d89,2026-06-08T22:45:35,1671,1671,0,1.0,227,7.323
4b54751a-13a1-464a-a726-0f36c5228d89,2026-06-08T22:45:35,1671,1671,0,1.0,227,7.323
4b54751a-13a1-464a-a726-0f36c5228d89,2026-06-08T22:45:35,1671,1671,0,1.0,227,7.323
4b54751a-13a1-464a-a726-0f36c5228d89,2026-06-08T22:45:35,1671,1671,0,1.0,227,7.323
4b54751a-13a1-464a-a726-0f36c5228d89,2026-06-08T22:45:35,1671,1671,0,1.0,227,7.323
4b54751a-13a1-464a-a726-0f36c5228d89,2026-06-08T22:45:35,1671,1671,0,1.0,227,7.323
4b54751a-13a1-464a-a726-0f36c5228d89,2026-06-08T22:45:35,1671,1671,0,1.0,227,7.323
4b54751a-13a1-464a-a726-0f36c5228d89,2026-06-08T22:45:35,1671,1671,0,1.0,227,7.323
4b54751a-13a1-464a-a726-0f36c5228d89,2026-06-08T22:45:36,1671,1671,0,1.0,227,7.323
4b54751a-13a1-464a-a726-0f36c5228d89,2026-06-08T22:45:36,1671,1671,0,1.0,227,7.323
4b54751a-13a1-464a-a726-0f36c5228d89,2026-06-08T22:45:36,1671,1671,0,1.0,227,7.323
4b54751a-13a1-464a-a726-0f36c5228d89,2026-06-08T22:45:36,1671,1671,0,1.0,227,7.323
4b54751a-13a1-464a-a726-0f36c5228d89,2026-06-08T22:45:36,1671,1671,0,1.0,227,7.323
4b54751a-13a1-464a-a726-0f36c5228d89,2026-06-08T22:45:36,1671,1671,0,1.0,227,7.323
4b54751a-13a1-464a-a726-0f36c5228d89,2026-06-08T22:45:36,1671,1671,0,1.0,227,7.323
4b54751a-13a1-464a-a726-0f36c5228d89,2026-06-08T22:45:36,1671,1671,0,1.0,227,7.323
4b54751a-13a1-464a-a726-0f36c5228d89,2026-06-08T22:45:36,1671,1671,0,1.0,227,7.323
4b54751a-13a1-464a-a726-0f36c5228d89,2026-06-08T22:45:36,1671,1671,0,1.0,227,7.323
4b54751a-13a1-464a-a726-0f36c5228d89,2026-06-08T22:45:37,1671,1671,0,1.0,227,7.323
4b54751a-13a1-464a-a726-0f36c5228d89,2026-06-08T22:45:37,1671,1671,0,1.0,227,7.323
4b54751a-13a1-464a-a726-0f36c5228d89,2026-06-08T22:45:37,1671,1671,0,1.0,227,7.327
4b54751a-13a1-464a-a726-0f36c5228d89,2026-06-08T22:45:37,1671,1671,0,1.0,227,7.327
4b54751a-13a1-464a-a726-0f36c5228d89,2026-06-08T22:45:37,1671,1671,0,1.0,227,7.327
4b54751a-13a1-464a-a726-0f36c5228d89,2026-06-08T22:45:37,1671,1671,0,1.0,227,7.327
4b54751a-13a1-464a-a726-0f36c5228d89,2026-06-08T22:45:37,1673,1673,0,1.0,227,7.327
4b54751a-13a1-464a-a726-0f36c5228d89,2026-06-08T22:45:37,1673,1673,0,1.0,227,7.327
4b54751a-13a1-464a-a726-0f36c5228d89,2026-06-08T22:45:37,1671,1671,0,1.0,227,7.327
4b54751a-13a1-464a-a726-0f36c5228d89,2026-06-08T22:45:37,1671,1671,0,1.0,227,7.327
4b54751a-13a1-464a-a726-0f36c5228d89,2026-06-08T22:45:38,1671,1671,0,1.0,227,7.327
4b54751a-13a1-464a-a726-0f36c5228d89,2026-06-08T22:45:38,1671,1671,0,1.0,227,7.327
4b54751a-13a1-464a-a726-0f36c5228d89,2026-06-08T22:45:38,1671,1671,0,1.0,227,7.327
4b54751a-13a1-464a-a726-0f36c5228d89,2026-06-08T22:45:38,1671,1671,0,1.0,227,7.327
4b54751a-13a1-464a-a726-0f36c5228d89,2026-06-08T22:45:38,1671,1671,0,1.0,227,7.327
4b54751a-13a1-464a-a726-0f36c5228d89,2026-06-08T22:45:38,1671,1671,0,1.0,227,7.327
4b54751a-13a1-464a-a726-0f36c5228d89,2026-06-08T22:45:38,1671,1671,0,1.0,227,7.327
4b54751a-13a1-464a-a726-0f36c5228d89,2026-06-08T22:45:38,1671,1671,0,1.0,227,7.323
4b54751a-13a1-464a-a726-0f36c5228d89,2026-06-08T22:45:39,1671,1671,0,1.0,227,7.323
4b54751a-13a1-464a-a726-0f36c5228d89,2026-06-08T22:45:39,1671,1671,0,1.0,227,7.323
4b54751a-13a1-464a-a726-0f36c5228d89,2026-06-08T22:45:39,1671,1671,0,1.0,227,7.323
4b54751a-13a1-464a-a726-0f36c5228d89,2026-06-08T22:45:39,1671,1671,0,1.0,227,7.323
4b54751a-13a1-464a-a726-0f36c5228d89,2026-06-08T22:45:39,1671,1671,0,1.0,227,7.323
4b54751a-13a1-464a-a726-0f36c5228d89,2026-06-08T22:45:39,1671,1671,0,1.0,227,7.323
4b54751a-13a1-464a-a726-0f36c5228d89,2026-06-08T22:45:39,1671,1671,0,1.0,227,7.323
4b54751a-13a1-464a-a726-0f36c5228d89,2026-06-08T22:45:39,1671,1671,0,1.0,227,7.323
4b54751a-13a1-464a-a726-0f36c5228d89,2026-06-08T22:45:39,1671,1671,0,1.0,227,7.323
4b54751a-13a1-464a-a726-0f36c5228d89,2026-06-08T22:45:39,1671,1671,0,1.0,227,7.323
4b54751a-13a1-464a-a726-0f36c5228d89,2026-06-08T22:45:39,1671,1671,0,1.0,227,7.323
4b54751a-13a1-464a-a726-0f36c5228d89,2026-06-08T22:45:39,1671,1671,0,1.0,227,7.323
4b54751a-13a1-464a-a726-0f36c5228d89,2026-06-08T22:45:40,1671,1671,0,1.0,227,7.323
4b54751a-13a1-464a-a726-0f36c5228d89,2026-06-08T22:45:40,1671,1671,0,1.0,227,7.323
4b54751a-13a1-464a-a726-0f36c5228d89,2026-06-08T22:45:40,1671,1671,0,1.0,227,7.323
4b54751a-13a1-464a-a726-0f36c5228d89,2026-06-08T22:45:40,1671,1671,0,1.0,227,7.323
4b54751a-13a1-464a-a726-0f36c5228d89,2026-06-08T22:45:40,1671,1671,0,1.0,227,7.323
4b54751a-13a1-464a-a726-0f36c5228d89,2026-06-08T22:45:40,1671,1671,0,1.0,227,7.323
4b54751a-13a1-464a-a726-0f36c5228d89,2026-06-08T22:45:40,1671,1671,0,1.0,227,7.323
4b54751a-13a1-464a-a726-0f36c5228d89,2026-06-08T22:45:40,1671,1671,0,1.0,227,7.323
4b54751a-13a1-464a-a726-0f36c5228d89,2026-06-08T22:45:40,1671,1671,0,1.0,227,7.323
4b54751a-13a1-464a-a726-0f36c5228d89,2026-06-08T22:45:41,1671,1671,0,1.0,227,7.323
4b54751a-13a1-464a-a726-0f36c5228d89,2026-06-08T22:45:41,1671,1671,0,1.0,227,7.323
4b54751a-13a1-464a-a726-0f36c5228d89,2026-06-08T22:45:41,1671,1671,0,1.0,227,7.323
4b54751a-13a1-464a-a726-0f36c5228d89,2026-06-08T22:45:41,1671,1671,0,1.0,227,7.323
4b54751a-13a1-464a-a726-0f36c5228d89,2026-06-08T22:45:41,1671,1671,0,1.0,227,7.323
4b54751a-13a1-464a-a726-0f36c5228d89,2026-06-08T22:45:41,1671,1671,0,1.0,227,7.323
4b54751a-13a1-464a-a726-0f36c5228d89,2026-06-08T22:45:41,1671,1671,0,1.0,227,7.323
4b54751a-13a1-464a-a726-0f36c5228d89,2026-06-08T22:45:41,1671,1671,0,1.0,227,7.323
4b54751a-13a1-464a-a726-0f36c5228d89,2026-06-08T22:45:41,1671,1671,0,1.0,227,7.323
4b54751a-13a1-464a-a726-0f36c5228d89,2026-06-08T22:45:41,1671,1671,0,1.0,227,7.323
4b54751a-13a1-464a-a726-0f36c5228d89,2026-06-08T22:45:42,1671,1671,0,1.0,227,7.323
4b54751a-13a1-464a-a726-0f36c5228d89,2026-06-08T22:45:42,1671,1671,0,1.0,227,7.323
4b54751a-13a1-464a-a726-0f36c5228d89,2026-06-08T22:45:42,1671,1671,0,1.0,227,7.323
4b54751a-13a1-464a-a726-0f36c5228d89,2026-06-08T22:45:42,1671,1671,0,1.0,227,7.323
4b54751a-13a1-464a-a726-0f36c5228d89,2026-06-08T22:45:42,1671,1671,0,1.0,227,7.323
4b54751a-13a1-464a-a726-0f36c5228d89,2026-06-08T22:45:42,1671,1671,0,1.0,227,7.323
4b54751a-13a1-464a-a726-0f36c5228d89,2026-06-08T22:45:42,1671,1671,0,1.0,227,7.323
4b54751a-13a1-464a-a726-0f36c5228d89,2026-06-08T22:45:42,1671,1671,0,1.0,227,7.323
4b54751a-13a1-464a-a726-0f36c5228d89,2026-06-08T22:45:43,1671,1671,0,1.0,227,7.323
4b54751a-13a1-464a-a726-0f36c5228d89,2026-06-08T22:45:43,1671,1671,0,1.0,227,7.323
4b54751a-13a1-464a-a726-0f36c5228d89,2026-06-08T22:45:43,1671,1671,0,1.0,227,7.323
4b54751a-13a1-464a-a726-0f36c5228d89,2026-06-08T22:45:43,1671,1671,0,1.0,227,7.323
4b54751a-13a1-464a-a726-0f36c5228d89,2026-06-08T22:45:43,1671,1671,0,1.0,227,7.323
4b54751a-13a1-464a-a726-0f36c5228d89,2026-06-08T22:45:43,1671,1671,0,1.0,227,7.323
4b54751a-13a1-464a-a726-0f36c5228d89,2026-06-08T22:45:43,1671,1671,0,1.0,227,7.323
4b54751a-13a1-464a-a726-0f36c5228d89,2026-06-08T22:45:43,1671,1671,0,1.0,227,7.323
4b54751a-13a1-464a-a726-0f36c5228d89,2026-06-08T22:45:43,1671,1671,0,1.0,227,7.323
4b54751a-13a1-464a-a726-0f36c5228d89,2026-06-08T22:45:44,1671,1671,0,1.0,227,7.323
4b54751a-13a1-464a-a726-0f36c5228d89,2026-06-08T22:45:44,1671,1671,0,1.0,227,7.323
4b54751a-13a1-464a-a726-0f36c5228d89,2026-06-08T22:45:44,1669,1669,0,1.0,227,7.323
4b54751a-13a1-464a-a726-0f36c5228d89,2026-06-08T22:45:44,1669,1669,0,1.0,227,7.323
4b54751a-13a1-464a-a726-0f36c5228d89,2026-06-08T22:45:44,1669,1669,0,1.0,227,7.323
4b54751a-13a1-464a-a726-0f36c5228d89,2026-06-08T22:45:44,1669,1669,0,1.0,227,7.323
4b54751a-13a1-464a-a726-0f36c5228d89,2026-06-08T22:45:44,1671,1671,0,1.0,227,7.323
4b54751a-13a1-464a-a726-0f36c5228d89,2026-06-08T22:45:44,1671,1671,0,1.0,227,7.323
4b54751a-13a1-464a-a726-0f36c5228d89,2026-06-08T22:45:44,1671,1671,0,1.0,227,7.323
4b54751a-13a1-464a-a726-0f36c5228d89,2026-06-08T22:45:45,1671,1671,0,1.0,227,7.323
4b54751a-13a1-464a-a726-0f36c5228d89,2026-06-08T22:45:45,1671,1671,0,1.0,227,7.323
4b54751a-13a1-464a-a726-0f36c5228d89,2026-06-08T22:45:45,1669,1669,0,1.0,227,7.323
4b54751a-13a1-464a-a726-0f36c5228d89,2026-06-08T22:45:45,1669,1669,0,1.0,227,7.323
4b54751a-13a1-464a-a726-0f36c5228d89,2026-06-08T22:45:45,1669,1669,0,1.0,227,7.323
4b54751a-13a1-464a-a726-0f36c5228d89,2026-06-08T22:45:45,1671,1671,0,1.0,227,7.323
4b54751a-13a1-464a-a726-0f36c5228d89,2026-06-08T22:45:45,1671,1671,0,1.0,227,7.323
4b54751a-13a1-464a-a726-0f36c5228d89,2026-06-08T22:45:45,1671,1671,0,1.0,227,7.323
4b54751a-13a1-464a-a726-0f36c5228d89,2026-06-08T22:45:45,1671,1671,0,1.0,227,7.323
4b54751a-13a1-464a-a726-0f36c5228d89,2026-06-08T22:45:45,1671,1671,0,1.0,227,7.323
4b54751a-13a1-464a-a726-0f36c5228d89,2026-06-08T22:45:46,1671,1671,0,1.0,227,7.323
4b54751a-13a1-464a-a726-0f36c5228d89,2026-06-08T22:45:46,1671,1671,0,1.0,227,7.323
4b54751a-13a1-464a-a726-0f36c5228d89,2026-06-08T22:45:46,1669,1669,0,1.0,227,7.323
4b54751a-13a1-464a-a726-0f36c5228d89,2026-06-08T22:45:46,1669,1669,0,1.0,227,7.323
4b54751a-13a1-464a-a726-0f36c5228d89,2026-06-08T22:45:46,1669,1669,0,1.0,227,7.323
4b54751a-13a1-464a-a726-0f36c5228d89,2026-06-08T22:45:46,1669,1669,0,1.0,227,7.323
4b54751a-13a1-464a-a726-0f36c5228d89,2026-06-08T22:45:46,1669,1669,0,1.0,227,7.323
4b54751a-13a1-464a-a726-0f36c5228d89,2026-06-08T22:45:46,1669,1669,0,1.0,227,7.323
4b54751a-13a1-464a-a726-0f36c5228d89,2026-06-08T22:45:46,1669,1669,0,1.0,227,7.323
4b54751a-13a1-464a-a726-0f36c5228d89,2026-06-08T22:45:46,1669,1669,0,1.0,227,7.323
4b54751a-13a1-464a-a726-0f36c5228d89,2026-06-08T22:45:46,1669,1669,0,1.0,227,7.323
4b54751a-13a1-464a-a726-0f36c5228d89,2026-06-08T22:45:46,1669,1669,0,1.0,227,7.323
4b54751a-13a1-464a-a726-0f36c5228d89,2026-06-08T22:45:47,1669,1669,0,1.0,227,7.323
4b54751a-13a1-464a-a726-0f36c5228d89,2026-06-08T22:45:47,1669,1669,0,1.0,227,7.323
4b54751a-13a1-464a-a726-0f36c5228d89,2026-06-08T22:45:47,1669,1669,0,1.0,227,7.323
4b54751a-13a1-464a-a726-0f36c5228d89,2026-06-08T22:45:47,1671,1671,0,1.0,227,7.323
4b54751a-13a1-464a-a726-0f36c5228d89,2026-06-08T22:45:47,1671,1671,0,1.0,227,7.323
4b54751a-13a1-464a-a726-0f36c5228d89,2026-06-08T22:45:47,1671,1671,0,1.0,227,7.323
4b54751a-13a1-464a-a726-0f36c5228d89,2026-06-08T22:45:47,1671,1671,0,1.0,227,7.323
4b54751a-13a1-464a-a726-0f36c5228d89,2026-06-08T22:45:47,1671,1671,0,1.0,227,7.323
4b54751a-13a1-464a-a726-0f36c5228d89,2026-06-08T22:45:47,1671,1671,0,1.0,227,7.323
4b54751a-13a1-464a-a726-0f36c5228d89,2026-06-08T22:45:47,1671,1671,0,1.0,227,7.323
4b54751a-13a1-464a-a726-0f36c5228d89,2026-06-08T22:45:48,1671,1671,0,1.0,227,7.323
4b54751a-13a1-464a-a726-0f36c5228d89,2026-06-08T22:45:48,1671,1671,0,1.0,227,7.323
4b54751a-13a1-464a-a726-0f36c5228d89,2026-06-08T22:45:48,1671,1671,0,1.0,227,7.323
4b54751a-13a1-464a-a726-0f36c5228d89,2026-06-08T22:45:48,1669,1669,0,1.0,227,7.319
4b54751a-13a1-464a-a726-0f36c5228d89,2026-06-08T22:45:48,1669,1669,0,1.0,227,7.319
4b54751a-13a1-464a-a726-0f36c5228d89,2026-06-08T22:45:48,1669,1669,0,1.0,227,7.319
4b54751a-13a1-464a-a726-0f36c5228d89,2026-06-08T22:45:48,1669,1669,0,1.0,227,7.319
4b54751a-13a1-464a-a726-0f36c5228d89,2026-06-08T22:45:48,1669,1669,0,1.0,227,7.319
4b54751a-13a1-464a-a726-0f36c5228d89,2026-06-08T22:45:48,1669,1669,0,1.0,227,7.319
4b54751a-13a1-464a-a726-0f36c5228d89,2026-06-08T22:45:48,1669,1669,0,1.0,227,7.319
4b54751a-13a1-464a-a726-0f36c5228d89,2026-06-08T22:45:49,1669,1669,0,1.0,227,7.319
4b54751a-13a1-464a-a726-0f36c5228d89,2026-06-08T22:45:49,1671,1671,0,1.0,227,7.319
4b54751a-13a1-464a-a726-0f36c5228d89,2026-06-08T22:45:49,1671,1671,0,1.0,227,7.319
4b54751a-13a1-464a-a726-0f36c5228d89,2026-06-08T22:45:49,1669,1669,0,1.0,227,7.319
4b54751a-13a1-464a-a726-0f36c5228d89,2026-06-08T22:45:49,1669,1669,0,1.0,227,7.319
4b54751a-13a1-464a-a726-0f36c5228d89,2026-06-08T22:45:49,1669,1669,0,1.0,227,7.319
4b54751a-13a1-464a-a726-0f36c5228d89,2026-06-08T22:45:49,1671,1671,0,1.0,227,7.319
4b54751a-13a1-464a-a726-0f36c5228d89,2026-06-08T22:45:49,1669,1669,0,1.0,227,7.319
4b54751a-13a1-464a-a726-0f36c5228d89,2026-06-08T22:45:49,1669,1669,0,1.0,227,7.319
4b54751a-13a1-464a-a726-0f36c5228d89,2026-06-08T22:45:49,1669,1669,0,1.0,227,7.323
4b54751a-13a1-464a-a726-0f36c5228d89,2026-06-08T22:45:50,1669,1669,0,1.0,227,7.323
4b54751a-13a1-464a-a726-0f36c5228d89,2026-06-08T22:45:50,1669,1669,0,1.0,227,7.323
4b54751a-13a1-464a-a726-0f36c5228d89,2026-06-08T22:45:50,1669,1669,0,1.0,227,7.323
4b54751a-13a1-464a-a726-0f36c5228d89,2026-06-08T22:45:50,1665,1665,0,1.0,227,7.323
4b54751a-13a1-464a-a726-0f36c5228d89,2026-06-08T22:45:50,1665,1665,0,1.0,227,7.323
4b54751a-13a1-464a-a726-0f36c5228d89,2026-06-08T22:45:50,1665,1665,0,1.0,227,7.323
4b54751a-13a1-464a-a726-0f36c5228d89,2026-06-08T22:45:50,1665,1665,0,1.0,227,7.323
4b54751a-13a1-464a-a726-0f36c5228d89,2026-06-08T22:45:50,1665,1665,0,1.0,227,7.323
4b54751a-13a1-464a-a726-0f36c5228d89,2026-06-08T22:45:51,1669,1669,0,1.0,227,7.323
4b54751a-13a1-464a-a726-0f36c5228d89,2026-06-08T22:45:51,1669,1669,0,1.0,227,7.323
4b54751a-13a1-464a-a726-0f36c5228d89,2026-06-08T22:45:51,1669,1669,0,1.0,227,7.323
4b54751a-13a1-464a-a726-0f36c5228d89,2026-06-08T22:45:51,1669,1669,0,1.0,227,7.323
4b54751a-13a1-464a-a726-0f36c5228d89,2026-06-08T22:45:51,1669,1669,0,1.0,227,7.323
4b54751a-13a1-464a-a726-0f36c5228d89,2026-06-08T22:45:51,1669,1669,0,1.0,227,7.319
4b54751a-13a1-464a-a726-0f36c5228d89,2026-06-08T22:45:51,1669,1669,0,1.0,227,7.319
4b54751a-13a1-464a-a726-0f36c5228d89,2026-06-08T22:45:51,1669,1669,0,1.0,227,7.319
4b54751a-13a1-464a-a726-0f36c5228d89,2026-06-08T22:45:52,1669,1669,0,1.0,227,7.319
4b54751a-13a1-464a-a726-0f36c5228d89,2026-06-08T22:45:52,1669,1669,0,1.0,227,7.319
4b54751a-13a1-464a-a726-0f36c5228d89,2026-06-08T22:45:52,1669,1669,0,1.0,227,7.319
4b54751a-13a1-464a-a726-0f36c5228d89,2026-06-08T22:45:52,1669,1669,0,1.0,227,7.319
4b54751a-13a1-464a-a726-0f36c5228d89,2026-06-08T22:45:52,1669,1669,0,1.0,227,7.319
4b54751a-13a1-464a-a726-0f36c5228d89,2026-06-08T22:45:52,1669,1669,0,1.0,227,7.319
4b54751a-13a1-464a-a726-0f36c5228d89,2026-06-08T22:45:52,1669,1669,0,1.0,227,7.319
4b54751a-13a1-464a-a726-0f36c5228d89,2026-06-08T22:45:52,1669,1669,0,1.0,227,7.319
4b54751a-13a1-464a-a726-0f36c5228d89,2026-06-08T22:45:52,1669,1669,0,1.0,227,7.319
4b54751a-13a1-464a-a726-0f36c5228d89,2026-06-08T22:45:53,1669,1669,0,1.0,227,7.319
4b54751a-13a1-464a-a726-0f36c5228d89,2026-06-08T22:45:53,1669,1669,0,1.0,227,7.319
4b54751a-13a1-464a-a726-0f36c5228d89,2026-06-08T22:45:53,864,1661,1419,0.52,227,7.319
4b54751a-13a1-464a-a726-0f36c5228d89,2026-06-08T22:45:53,864,1661,1419,0.52,227,7.319
4b54751a-13a1-464a-a726-0f36c5228d89,2026-06-08T22:45:53,25,1661,1661,0.01,227,7.319
4b54751a-13a1-464a-a726-0f36c5228d89,2026-06-08T22:45:53,25,1661,1661,0.01,227,7.319
4b54751a-13a1-464a-a726-0f36c5228d89,2026-06-08T22:45:53,22,1661,1661,0.01,227,7.319
4b54751a-13a1-464a-a726-0f36c5228d89,2026-06-08T22:45:53,22,1661,1661,0.01,227,7.319
4b54751a-13a1-464a-a726-0f36c5228d89,2026-06-08T22:45:53,4,1661,1661,0.0,227,7.319
4b54751a-13a1-464a-a726-0f36c5228d89,2026-06-08T22:45:53,4,1661,1661,0.0,227,7.319
4b54751a-13a1-464a-a726-0f36c5228d89,2026-06-08T22:45:53,4,1661,1661,0.0,227,7.319
4b54751a-13a1-464a-a726-0f36c5228d89,2026-06-08T22:45:54,4,1686,1686,0.0,230,7.319
4b54751a-13a1-464a-a726-0f36c5228d89,2026-06-08T22:45:54,4,1686,1686,0.0,230,7.319
4b54751a-13a1-464a-a726-0f36c5228d89,2026-06-08T22:45:54,4,1686,1686,0.0,230,7.319
4b54751a-13a1-464a-a726-0f36c5228d89,2026-06-08T22:45:54,5,1686,1686,0.0,230,7.319
4b54751a-13a1-464a-a726-0f36c5228d89,2026-06-08T22:45:54,5,1686,1686,0.0,230,7.319
4b54751a-13a1-464a-a726-0f36c5228d89,2026-06-08T22:45:54,5,1686,1686,0.0,230,7.319
4b54751a-13a1-464a-a726-0f36c5228d89,2026-06-08T22:45:54,5,1686,1686,0.0,230,7.319
4b54751a-13a1-464a-a726-0f36c5228d89,2026-06-08T22:45:54,5,1686,1686,0.0,230,7.319
4b54751a-13a1-464a-a726-0f36c5228d89,2026-06-08T22:45:55,5,1686,1686,0.0,230,7.319
4b54751a-13a1-464a-a726-0f36c5228d89,2026-06-08T22:45:55,4,1686,1686,0.0,230,7.319
4b54751a-13a1-464a-a726-0f36c5228d89,2026-06-08T22:45:55,4,1686,1686,0.0,230,7.319
4b54751a-13a1-464a-a726-0f36c5228d89,2026-06-08T22:45:55,4,1686,1686,0.0,230,7.319
4b54751a-13a1-464a-a726-0f36c5228d89,2026-06-08T22:45:55,5,1686,1686,0.0,230,7.319
4b54751a-13a1-464a-a726-0f36c5228d89,2026-06-08T22:45:55,5,1686,1686,0.0,230,7.319
4b54751a-13a1-464a-a726-0f36c5228d89,2026-06-08T22:45:55,5,10,9,0.45,230,0.044
4b54751a-13a1-464a-a726-0f36c5228d89,2026-06-08T22:45:55,5,10,9,0.45,230,0.044
4b54751a-13a1-464a-a726-0f36c5228d89,2026-06-08T22:45:55,5,10,9,0.45,230,0.044
4b54751a-13a1-464a-a726-0f36c5228d89,2026-06-08T22:45:55,5,10,9,0.44,230,0.044
4b54751a-13a1-464a-a726-0f36c5228d89,2026-06-08T22:45:56,5,10,9,0.44,230,0.044
4b54751a-13a1-464a-a726-0f36c5228d89,2026-06-08T22:45:56,4,10,9,0.42,230,0.044
4b54751a-13a1-464a-a726-0f36c5228d89,2026-06-08T22:45:56,4,10,9,0.42,230,0.044
4b54751a-13a1-464a-a726-0f36c5228d89,2026-06-08T22:45:56,4,10,9,0.42,230,0.044
4b54751a-13a1-464a-a726-0f36c5228d89,2026-06-08T22:45:56,4,10,9,0.42,230,0.044
4b54751a-13a1-464a-a726-0f36c5228d89,2026-06-08T22:45:56,4,10,9,0.42,230,0.044
4b54751a-13a1-464a-a726-0f36c5228d89,2026-06-08T22:45:56,5,10,9,0.45,230,0.044
4b54751a-13a1-464a-a726-0f36c5228d89,2026-06-08T22:45:56,5,10,9,0.45,230,0.044
4b54751a-13a1-464a-a726-0f36c5228d89,2026-06-08T22:45:56,5,10,9,0.45,230,0.044
4b54751a-13a1-464a-a726-0f36c5228d89,2026-06-08T22:45:56,5,10,9,0.45,230,0.044
4b54751a-13a1-464a-a726-0f36c5228d89,2026-06-08T22:45:57,5,10,9,0.45,230,0.044
4b54751a-13a1-464a-a726-0f36c5228d89,2026-06-08T22:45:57,5,10,9,0.45,230,0.044
4b54751a-13a1-464a-a726-0f36c5228d89,2026-06-08T22:45:57,5,10,9,0.45,230,0.044
4b54751a-13a1-464a-a726-0f36c5228d89,2026-06-08T22:45:57,4,10,9,0.43,230,0.044
4b54751a-13a1-464a-a726-0f36c5228d89,2026-06-08T22:45:57,4,10,9,0.43,230,0.044
4b54751a-13a1-464a-a726-0f36c5228d89,2026-06-08T22:45:57,4,10,9,0.43,230,0.044
4b54751a-13a1-464a-a726-0f36c5228d89,2026-06-08T22:45:57,4,10,9,0.43,230,0.044
4b54751a-13a1-464a-a726-0f36c5228d89,2026-06-08T22:45:57,4,10,9,0.43,230,0.044
4b54751a-13a1-464a-a726-0f36c5228d89,2026-06-08T22:45:58,4,10,9,0.43,230,0.044
4b54751a-13a1-464a-a726-0f36c5228d89,2026-06-08T22:45:58,4,10,9,0.43,230,0.044
4b54751a-13a1-464a-a726-0f36c5228d89,2026-06-08T22:45:58,4,10,9,0.43,230,0.044
4b54751a-13a1-464a-a726-0f36c5228d89,2026-06-08T22:45:58,4,10,9,0.43,230,0.044
4b54751a-13a1-464a-a726-0f36c5228d89,2026-06-08T22:45:58,4,10,9,0.43,230,0.044
4b54751a-13a1-464a-a726-0f36c5228d89,2026-06-08T22:45:58,4,10,9,0.43,230,0.044
4b54751a-13a1-464a-a726-0f36c5228d89,2026-06-08T22:45:58,5,10,9,0.46,230,0.044
4b54751a-13a1-464a-a726-0f36c5228d89,2026-06-08T22:45:58,5,10,9,0.46,230,0.044
4b54751a-13a1-464a-a726-0f36c5228d89,2026-06-08T22:45:58,5,10,9,0.45,230,0.044
4b54751a-13a1-464a-a726-0f36c5228d89,2026-06-08T22:45:58,5,10,9,0.45,230,0.044
4b54751a-13a1-464a-a726-0f36c5228d89,2026-06-08T22:45:59,5,10,9,0.45,230,0.044
4b54751a-13a1-464a-a726-0f36c5228d89,2026-06-08T22:45:59,5,10,9,0.45,230,0.044
4b54751a-13a1-464a-a726-0f36c5228d89,2026-06-08T22:45:59,5,10,9,0.44,230,0.044
4b54751a-13a1-464a-a726-0f36c5228d89,2026-06-08T22:45:59,5,10,9,0.44,230,0.044
4b54751a-13a1-464a-a726-0f36c5228d89,2026-06-08T22:45:59,5,10,9,0.44,230,0.044
4b54751a-13a1-464a-a726-0f36c5228d89,2026-06-08T22:45:59,5,10,9,0.44,230,0.044
4b54751a-13a1-464a-a726-0f36c5228d89,2026-06-08T22:45:59,5,10,9,0.44,230,0.044
4b54751a-13a1-464a-a726-0f36c5228d89,2026-06-08T22:45:59,5,10,9,0.44,230,0.044
4b54751a-13a1-464a-a726-0f36c5228d89,2026-06-08T22:45:59,5,10,9,0.45,230,0.044
4b54751a-13a1-464a-a726-0f36c5228d89,2026-06-08T22:45:59,5,10,9,0.45,230,0.044
4b54751a-13a1-464a-a726-0f36c5228d89,2026-06-08T22:45:59,5,10,9,0.45,230,0.044
4b54751a-13a1-464a-a726-0f36c5228d89,2026-06-08T22:45:59,5,10,9,0.45,230,0.044
4b54751a-13a1-464a-a726-0f36c5228d89,2026-06-08T22:46:00,5,10,9,0.45,230,0.044
4b54751a-13a1-464a-a726-0f36c5228d89,2026-06-08T22:46:00,4,10,9,0.43,230,0.044
4b54751a-13a1-464a-a726-0f36c5228d89,2026-06-08T22:46:00,4,10,9,0.43,230,0.044
4b54751a-13a1-464a-a726-0f36c5228d89,2026-06-08T22:46:00,4,10,9,0.43,230,0.044
4b54751a-13a1-464a-a726-0f36c5228d89,2026-06-08T22:46:00,4,10,9,0.43,230,0.044
4b54751a-13a1-464a-a726-0f36c5228d89,2026-06-08T22:46:00,5,10,9,0.44,230,0.044
4b54751a-13a1-464a-a726-0f36c5228d89,2026-06-08T22:46:00,5,10,9,0.44,230,0.044
4b54751a-13a1-464a-a726-0f36c5228d89,2026-06-08T22:46:00,5,10,9,0.44,230,0.044
4b54751a-13a1-464a-a726-0f36c5228d89,2026-06-08T22:46:00,5,10,9,0.45,230,0.044
4b54751a-13a1-464a-a726-0f36c5228d89,2026-06-08T22:46:01,5,10,9,0.45,230,0.044
4b54751a-13a1-464a-a726-0f36c5228d89,2026-06-08T22:46:01,5,10,9,0.45,230,0.044
4b54751a-13a1-464a-a726-0f36c5228d89,2026-06-08T22:46:01,4,10,9,0.43,230,0.044
4b54751a-13a1-464a-a726-0f36c5228d89,2026-06-08T22:46:01,4,10,9,0.43,230,0.044
4b54751a-13a1-464a-a726-0f36c5228d89,2026-06-08T22:46:01,4,10,9,0.43,230,0.044
4b54751a-13a1-464a-a726-0f36c5228d89,2026-06-08T22:46:01,4,10,9,0.43,230,0.044
4b54751a-13a1-464a-a726-0f36c5228d89,2026-06-08T22:46:01,5,10,9,0.45,230,0.044
4b54751a-13a1-464a-a726-0f36c5228d89,2026-06-08T22:46:01,81,81,0,1.0,230,0.044
4b54751a-13a1-464a-a726-0f36c5228d89,2026-06-08T22:46:01,81,81,0,1.0,230,0.044
4b54751a-13a1-464a-a726-0f36c5228d89,2026-06-08T22:46:02,1613,1613,0,1.0,230,6.174
4b54751a-13a1-464a-a726-0f36c5228d89,2026-06-08T22:46:02,1613,1613,0,1.0,230,6.174
4b54751a-13a1-464a-a726-0f36c5228d89,2026-06-08T22:46:02,1680,1680,0,1.0,230,6.174
4b54751a-13a1-464a-a726-0f36c5228d89,2026-06-08T22:46:02,1680,1680,0,1.0,230,6.174
4b54751a-13a1-464a-a726-0f36c5228d89,2026-06-08T22:46:02,1680,1680,0,1.0,230,6.174
4b54751a-13a1-464a-a726-0f36c5228d89,2026-06-08T22:46:02,1680,1680,0,1.0,230,6.174
4b54751a-13a1-464a-a726-0f36c5228d89,2026-06-08T22:46:02,1680,1680,0,1.0,230,6.174
4b54751a-13a1-464a-a726-0f36c5228d89,2026-06-08T22:46:02,1678,1678,0,1.0,230,6.174
4b54751a-13a1-464a-a726-0f36c5228d89,2026-06-08T22:46:02,1678,1678,0,1.0,230,6.174
4b54751a-13a1-464a-a726-0f36c5228d89,2026-06-08T22:46:02,1678,1678,0,1.0,227,6.174
4b54751a-13a1-464a-a726-0f36c5228d89,2026-06-08T22:46:02,1678,1678,0,1.0,227,6.174
4b54751a-13a1-464a-a726-0f36c5228d89,2026-06-08T22:46:03,1678,1678,0,1.0,227,6.174
4b54751a-13a1-464a-a726-0f36c5228d89,2026-06-08T22:46:03,1676,1676,0,1.0,227,6.174
4b54751a-13a1-464a-a726-0f36c5228d89,2026-06-08T22:46:03,1676,1676,0,1.0,227,6.174
4b54751a-13a1-464a-a726-0f36c5228d89,2026-06-08T22:46:03,1676,1676,0,1.0,227,6.174
4b54751a-13a1-464a-a726-0f36c5228d89,2026-06-08T22:46:03,1676,1676,0,1.0,227,6.174
4b54751a-13a1-464a-a726-0f36c5228d89,2026-06-08T22:46:03,1676,1676,0,1.0,227,7.344
4b54751a-13a1-464a-a726-0f36c5228d89,2026-06-08T22:46:03,1676,1676,0,1.0,227,7.344
4b54751a-13a1-464a-a726-0f36c5228d89,2026-06-08T22:46:03,1676,1676,0,1.0,227,7.344
4b54751a-13a1-464a-a726-0f36c5228d89,2026-06-08T22:46:03,1675,1675,0,1.0,227,7.344
4b54751a-13a1-464a-a726-0f36c5228d89,2026-06-08T22:46:04,1675,1675,0,1.0,227,7.344
4b54751a-13a1-464a-a726-0f36c5228d89,2026-06-08T22:46:04,1675,1675,0,1.0,227,7.344
4b54751a-13a1-464a-a726-0f36c5228d89,2026-06-08T22:46:04,1675,1675,0,1.0,227,7.344
4b54751a-13a1-464a-a726-0f36c5228d89,2026-06-08T22:46:04,1675,1675,0,1.0,227,7.344
4b54751a-13a1-464a-a726-0f36c5228d89,2026-06-08T22:46:04,1675,1675,0,1.0,227,7.344
4b54751a-13a1-464a-a726-0f36c5228d89,2026-06-08T22:46:04,1675,1675,0,1.0,227,7.344
4b54751a-13a1-464a-a726-0f36c5228d89,2026-06-08T22:46:04,1675,1675,0,1.0,227,7.344
4b54751a-13a1-464a-a726-0f36c5228d89,2026-06-08T22:46:04,1675,1675,0,1.0,227,7.344
4b54751a-13a1-464a-a726-0f36c5228d89,2026-06-08T22:46:04,1675,1675,0,1.0,227,7.344
4b54751a-13a1-464a-a726-0f36c5228d89,2026-06-08T22:46:04,1675,1675,0,1.0,227,7.344
4b54751a-13a1-464a-a726-0f36c5228d89,2026-06-08T22:46:04,1675,1675,0,1.0,227,7.344
4b54751a-13a1-464a-a726-0f36c5228d89,2026-06-08T22:46:05,1675,1675,0,1.0,227,7.344
4b54751a-13a1-464a-a726-0f36c5228d89,2026-06-08T22:46:05,1675,1675,0,1.0,227,7.336
4b54751a-13a1-464a-a726-0f36c5228d89,2026-06-08T22:46:05,1673,1673,0,1.0,227,7.336
4b54751a-13a1-464a-a726-0f36c5228d89,2026-06-08T22:46:05,1673,1673,0,1.0,227,7.336
4b54751a-13a1-464a-a726-0f36c5228d89,2026-06-08T22:46:05,1673,1673,0,1.0,227,7.336
4b54751a-13a1-464a-a726-0f36c5228d89,2026-06-08T22:46:05,1673,1673,0,1.0,227,7.336
4b54751a-13a1-464a-a726-0f36c5228d89,2026-06-08T22:46:05,1673,1673,0,1.0,227,7.336
4b54751a-13a1-464a-a726-0f36c5228d89,2026-06-08T22:46:05,1673,1673,0,1.0,227,7.336
4b54751a-13a1-464a-a726-0f36c5228d89,2026-06-08T22:46:05,1673,1673,0,1.0,227,7.336
4b54751a-13a1-464a-a726-0f36c5228d89,2026-06-08T22:46:05,1673,1673,0,1.0,227,7.336
4b54751a-13a1-464a-a726-0f36c5228d89,2026-06-08T22:46:06,1673,1673,0,1.0,227,7.336
4b54751a-13a1-464a-a726-0f36c5228d89,2026-06-08T22:46:06,1673,1673,0,1.0,227,7.336
4b54751a-13a1-464a-a726-0f36c5228d89,2026-06-08T22:46:06,1673,1673,0,1.0,227,7.336
4b54751a-13a1-464a-a726-0f36c5228d89,2026-06-08T22:46:06,1673,1673,0,1.0,227,7.336
4b54751a-13a1-464a-a726-0f36c5228d89,2026-06-08T22:46:06,1673,1673,0,1.0,227,7.336
4b54751a-13a1-464a-a726-0f36c5228d89,2026-06-08T22:46:06,1673,1673,0,1.0,227,7.336
4b54751a-13a1-464a-a726-0f36c5228d89,2026-06-08T22:46:06,1673,1673,0,1.0,227,7.336
4b54751a-13a1-464a-a726-0f36c5228d89,2026-06-08T22:46:06,1673,1673,0,1.0,227,7.331
4b54751a-13a1-464a-a726-0f36c5228d89,2026-06-08T22:46:06,1673,1673,0,1.0,227,7.331
4b54751a-13a1-464a-a726-0f36c5228d89,2026-06-08T22:46:06,1673,1673,0,1.0,227,7.331
4b54751a-13a1-464a-a726-0f36c5228d89,2026-06-08T22:46:06,1673,1673,0,1.0,227,7.331
4b54751a-13a1-464a-a726-0f36c5228d89,2026-06-08T22:46:07,1673,1673,0,1.0,227,7.331
4b54751a-13a1-464a-a726-0f36c5228d89,2026-06-08T22:46:07,1673,1673,0,1.0,227,7.331
4b54751a-13a1-464a-a726-0f36c5228d89,2026-06-08T22:46:07,1673,1673,0,1.0,227,7.331
4b54751a-13a1-464a-a726-0f36c5228d89,2026-06-08T22:46:07,1673,1673,0,1.0,227,7.331
4b54751a-13a1-464a-a726-0f36c5228d89,2026-06-08T22:46:07,1673,1673,0,1.0,227,7.331
4b54751a-13a1-464a-a726-0f36c5228d89,2026-06-08T22:46:07,1673,1673,0,1.0,227,7.331
4b54751a-13a1-464a-a726-0f36c5228d89,2026-06-08T22:46:07,1673,1673,0,1.0,227,7.331
4b54751a-13a1-464a-a726-0f36c5228d89,2026-06-08T22:46:07,1673,1673,0,1.0,227,7.331
4b54751a-13a1-464a-a726-0f36c5228d89,2026-06-08T22:46:07,1673,1673,0,1.0,227,7.331
4b54751a-13a1-464a-a726-0f36c5228d89,2026-06-08T22:46:08,1673,1673,0,1.0,227,7.331
4b54751a-13a1-464a-a726-0f36c5228d89,2026-06-08T22:46:08,1673,1673,0,1.0,227,7.331
4b54751a-13a1-464a-a726-0f36c5228d89,2026-06-08T22:46:08,1671,1671,0,1.0,227,7.331
4b54751a-13a1-464a-a726-0f36c5228d89,2026-06-08T22:46:08,1671,1671,0,1.0,227,7.331
4b54751a-13a1-464a-a726-0f36c5228d89,2026-06-08T22:46:08,1667,1667,0,1.0,227,7.31
4b54751a-13a1-464a-a726-0f36c5228d89,2026-06-08T22:46:08,1667,1667,0,1.0,227,7.31
4b54751a-13a1-464a-a726-0f36c5228d89,2026-06-08T22:46:08,1669,1669,0,1.0,227,7.31
4b54751a-13a1-464a-a726-0f36c5228d89,2026-06-08T22:46:08,1669,1669,0,1.0,227,7.31
4b54751a-13a1-464a-a726-0f36c5228d89,2026-06-08T22:46:08,1673,1673,0,1.0,227,7.31
4b54751a-13a1-464a-a726-0f36c5228d89,2026-06-08T22:46:08,1673,1673,0,1.0,227,7.31
4b54751a-13a1-464a-a726-0f36c5228d89,2026-06-08T22:46:09,1673,1673,0,1.0,227,7.31
4b54751a-13a1-464a-a726-0f36c5228d89,2026-06-08T22:46:09,1673,1673,0,1.0,227,7.31
4b54751a-13a1-464a-a726-0f36c5228d89,2026-06-08T22:46:09,1673,1673,0,1.0,227,7.31
4b54751a-13a1-464a-a726-0f36c5228d89,2026-06-08T22:46:09,1673,1673,0,1.0,227,7.31
4b54751a-13a1-464a-a726-0f36c5228d89,2026-06-08T22:46:09,1673,1673,0,1.0,227,7.31
4b54751a-13a1-464a-a726-0f36c5228d89,2026-06-08T22:46:09,1673,1673,0,1.0,227,7.31
4b54751a-13a1-464a-a726-0f36c5228d89,2026-06-08T22:46:09,1673,1673,0,1.0,227,7.31
4b54751a-13a1-464a-a726-0f36c5228d89,2026-06-08T22:46:09,1673,1673,0,1.0,227,7.31
4b54751a-13a1-464a-a726-0f36c5228d89,2026-06-08T22:46:09,1673,1673,0,1.0,227,7.31
4b54751a-13a1-464a-a726-0f36c5228d89,2026-06-08T22:46:09,1673,1673,0,1.0,227,7.31
4b54751a-13a1-464a-a726-0f36c5228d89,2026-06-08T22:46:10,1673,1673,0,1.0,227,7.331
4b54751a-13a1-464a-a726-0f36c5228d89,2026-06-08T22:46:10,1673,1673,0,1.0,227,7.331
4b54751a-13a1-464a-a726-0f36c5228d89,2026-06-08T22:46:10,1673,1673,0,1.0,227,7.331
4b54751a-13a1-464a-a726-0f36c5228d89,2026-06-08T22:46:10,1671,1671,0,1.0,227,7.331
4b54751a-13a1-464a-a726-0f36c5228d89,2026-06-08T22:46:10,1671,1671,0,1.0,227,7.331
4b54751a-13a1-464a-a726-0f36c5228d89,2026-06-08T22:46:10,1671,1671,0,1.0,227,7.331
4b54751a-13a1-464a-a726-0f36c5228d89,2026-06-08T22:46:10,1671,1671,0,1.0,227,7.331
4b54751a-13a1-464a-a726-0f36c5228d89,2026-06-08T22:46:10,1671,1671,0,1.0,227,7.331
4b54751a-13a1-464a-a726-0f36c5228d89,2026-06-08T22:46:10,1671,1671,0,1.0,227,7.331
4b54751a-13a1-464a-a726-0f36c5228d89,2026-06-08T22:46:11,1671,1671,0,1.0,227,7.331
4b54751a-13a1-464a-a726-0f36c5228d89,2026-06-08T22:46:11,1671,1671,0,1.0,227,7.331
4b54751a-13a1-464a-a726-0f36c5228d89,2026-06-08T22:46:11,1671,1671,0,1.0,227,7.331
4b54751a-13a1-464a-a726-0f36c5228d89,2026-06-08T22:46:11,1671,1671,0,1.0,227,7.331
4b54751a-13a1-464a-a726-0f36c5228d89,2026-06-08T22:46:11,1671,1671,0,1.0,227,7.323
4b54751a-13a1-464a-a726-0f36c5228d89,2026-06-08T22:46:11,1671,1671,0,1.0,227,7.323
4b54751a-13a1-464a-a726-0f36c5228d89,2026-06-08T22:46:11,1671,1671,0,1.0,227,7.323
4b54751a-13a1-464a-a726-0f36c5228d89,2026-06-08T22:46:12,1671,1671,0,1.0,227,7.323
4b54751a-13a1-464a-a726-0f36c5228d89,2026-06-08T22:46:12,1671,1671,0,1.0,227,7.323
4b54751a-13a1-464a-a726-0f36c5228d89,2026-06-08T22:46:12,1671,1671,0,1.0,227,7.323
4b54751a-13a1-464a-a726-0f36c5228d89,2026-06-08T22:46:12,1671,1671,0,1.0,227,7.323
4b54751a-13a1-464a-a726-0f36c5228d89,2026-06-08T22:46:12,1671,1671,0,1.0,227,7.323
4b54751a-13a1-464a-a726-0f36c5228d89,2026-06-08T22:46:12,1671,1671,0,1.0,227,7.323
4b54751a-13a1-464a-a726-0f36c5228d89,2026-06-08T22:46:12,1671,1671,0,1.0,227,7.323
4b54751a-13a1-464a-a726-0f36c5228d89,2026-06-08T22:46:12,1671,1671,0,1.0,227,7.323
4b54751a-13a1-464a-a726-0f36c5228d89,2026-06-08T22:46:12,1671,1671,0,1.0,227,7.323
4b54751a-13a1-464a-a726-0f36c5228d89,2026-06-08T22:46:12,1671,1671,0,1.0,227,7.323
4b54751a-13a1-464a-a726-0f36c5228d89,2026-06-08T22:46:15,1671,1671,0,1.0,227,7.323
4b54751a-13a1-464a-a726-0f36c5228d89,2026-06-08T22:46:15,1669,1669,0,1.0,227,7.323
4b54751a-13a1-464a-a726-0f36c5228d89,2026-06-08T22:46:15,1669,1669,0,1.0,227,7.323
4b54751a-13a1-464a-a726-0f36c5228d89,2026-06-08T22:46:15,1669,1669,0,1.0,227,7.323
4b54751a-13a1-464a-a726-0f36c5228d89,2026-06-08T22:46:15,1669,1669,0,1.0,227,7.323
4b54751a-13a1-464a-a726-0f36c5228d89,2026-06-08T22:46:15,1669,1669,0,1.0,227,7.323
4b54751a-13a1-464a-a726-0f36c5228d89,2026-06-08T22:46:16,1671,1671,0,1.0,227,7.323
4b54751a-13a1-464a-a726-0f36c5228d89,2026-06-08T22:46:16,1669,1669,0,1.0,227,7.323
4b54751a-13a1-464a-a726-0f36c5228d89,2026-06-08T22:46:16,1669,1669,0,1.0,227,7.323
4b54751a-13a1-464a-a726-0f36c5228d89,2026-06-08T22:46:16,1671,1671,0,1.0,227,7.323
4b54751a-13a1-464a-a726-0f36c5228d89,2026-06-08T22:46:16,1671,1671,0,1.0,227,7.323
4b54751a-13a1-464a-a726-0f36c5228d89,2026-06-08T22:46:16,1671,1671,0,1.0,227,7.323
4b54751a-13a1-464a-a726-0f36c5228d89,2026-06-08T22:46:16,1671,1671,0,1.0,227,7.323
4b54751a-13a1-464a-a726-0f36c5228d89,2026-06-08T22:46:16,1671,1671,0,1.0,227,7.323
4b54751a-13a1-464a-a726-0f36c5228d89,2026-06-08T22:46:16,1671,1671,0,1.0,227,7.323
4b54751a-13a1-464a-a726-0f36c5228d89,2026-06-08T22:46:17,1671,1671,0,1.0,227,7.323
4b54751a-13a1-464a-a726-0f36c5228d89,2026-06-08T22:46:17,1671,1671,0,1.0,227,7.323
4b54751a-13a1-464a-a726-0f36c5228d89,2026-06-08T22:46:17,1671,1671,0,1.0,227,7.323
4b54751a-13a1-464a-a726-0f36c5228d89,2026-06-08T22:46:17,1671,1671,0,1.0,227,7.323
4b54751a-13a1-464a-a726-0f36c5228d89,2026-06-08T22:46:17,1671,1671,0,1.0,227,7.323
4b54751a-13a1-464a-a726-0f36c5228d89,2026-06-08T22:46:17,1671,1671,0,1.0,227,7.323
4b54751a-13a1-464a-a726-0f36c5228d89,2026-06-08T22:46:17,1671,1671,0,1.0,227,7.323
4b54751a-13a1-464a-a726-0f36c5228d89,2026-06-08T22:46:18,1671,1671,0,1.0,227,7.323
4b54751a-13a1-464a-a726-0f36c5228d89,2026-06-08T22:46:18,1671,1671,0,1.0,227,7.323
4b54751a-13a1-464a-a726-0f36c5228d89,2026-06-08T22:46:18,1671,1671,0,1.0,227,7.323
4b54751a-13a1-464a-a726-0f36c5228d89,2026-06-08T22:46:18,1671,1671,0,1.0,227,7.323
4b54751a-13a1-464a-a726-0f36c5228d89,2026-06-08T22:46:18,1671,1671,0,1.0,227,7.323
4b54751a-13a1-464a-a726-0f36c5228d89,2026-06-08T22:46:18,1671,1671,0,1.0,227,7.323
4b54751a-13a1-464a-a726-0f36c5228d89,2026-06-08T22:46:18,1671,1671,0,1.0,227,7.323
4b54751a-13a1-464a-a726-0f36c5228d89,2026-06-08T22:46:18,1671,1671,0,1.0,227,7.323
4b54751a-13a1-464a-a726-0f36c5228d89,2026-06-08T22:46:18,1673,1673,0,1.0,227,7.323
4b54751a-13a1-464a-a726-0f36c5228d89,2026-06-08T22:46:18,1673,1673,0,1.0,227,7.323
4b54751a-13a1-464a-a726-0f36c5228d89,2026-06-08T22:46:19,1673,1673,0,1.0,227,7.323
4b54751a-13a1-464a-a726-0f36c5228d89,2026-06-08T22:46:19,1673,1673,0,1.0,227,7.323
4b54751a-13a1-464a-a726-0f36c5228d89,2026-06-08T22:46:19,1673,1673,0,1.0,227,7.323
4b54751a-13a1-464a-a726-0f36c5228d89,2026-06-08T22:46:19,1673,1673,0,1.0,227,7.323
4b54751a-13a1-464a-a726-0f36c5228d89,2026-06-08T22:46:19,1673,1673,0,1.0,227,7.327
4b54751a-13a1-464a-a726-0f36c5228d89,2026-06-08T22:46:19,1673,1673,0,1.0,227,7.327
4b54751a-13a1-464a-a726-0f36c5228d89,2026-06-08T22:46:19,1673,1673,0,1.0,227,7.327
4b54751a-13a1-464a-a726-0f36c5228d89,2026-06-08T22:46:19,1673,1673,0,1.0,227,7.327
4b54751a-13a1-464a-a726-0f36c5228d89,2026-06-08T22:46:20,1673,1673,0,1.0,227,7.327
4b54751a-13a1-464a-a726-0f36c5228d89,2026-06-08T22:46:20,1673,1673,0,1.0,227,7.327
4b54751a-13a1-464a-a726-0f36c5228d89,2026-06-08T22:46:20,1673,1673,0,1.0,227,7.327
4b54751a-13a1-464a-a726-0f36c5228d89,2026-06-08T22:46:20,1673,1673,0,1.0,227,7.327
4b54751a-13a1-464a-a726-0f36c5228d89,2026-06-08T22:46:20,1673,1673,0,1.0,227,7.327
4b54751a-13a1-464a-a726-0f36c5228d89,2026-06-08T22:46:20,1673,1673,0,1.0,227,7.327
4b54751a-13a1-464a-a726-0f36c5228d89,2026-06-08T22:46:20,1673,1673,0,1.0,227,7.327
4b54751a-13a1-464a-a726-0f36c5228d89,2026-06-08T22:46:20,1673,1673,0,1.0,227,7.327
4b54751a-13a1-464a-a726-0f36c5228d89,2026-06-08T22:46:21,1673,1673,0,1.0,227,7.327
4b54751a-13a1-464a-a726-0f36c5228d89,2026-06-08T22:46:21,1673,1673,0,1.0,227,7.327
4b54751a-13a1-464a-a726-0f36c5228d89,2026-06-08T22:46:21,1673,1673,0,1.0,227,7.327
4b54751a-13a1-464a-a726-0f36c5228d89,2026-06-08T22:46:21,1673,1673,0,1.0,227,7.327
4b54751a-13a1-464a-a726-0f36c5228d89,2026-06-08T22:46:21,1673,1673,0,1.0,227,7.327
4b54751a-13a1-464a-a726-0f36c5228d89,2026-06-08T22:46:21,1665,1665,0,1.0,227,7.327
4b54751a-13a1-464a-a726-0f36c5228d89,2026-06-08T22:46:21,1665,1665,0,1.0,227,7.327
4b54751a-13a1-464a-a726-0f36c5228d89,2026-06-08T22:46:21,1665,1665,0,1.0,227,7.327
4b54751a-13a1-464a-a726-0f36c5228d89,2026-06-08T22:46:21,373,1660,1618,0.22,227,7.327
4b54751a-13a1-464a-a726-0f36c5228d89,2026-06-08T22:46:22,20,1690,1690,0.01,231,7.327
4b54751a-13a1-464a-a726-0f36c5228d89,2026-06-08T22:46:22,20,1690,1690,0.01,231,7.327
4b54751a-13a1-464a-a726-0f36c5228d89,2026-06-08T22:46:22,20,1690,1690,0.01,231,7.327
4b54751a-13a1-464a-a726-0f36c5228d89,2026-06-08T22:46:22,20,1690,1690,0.01,231,7.327
4b54751a-13a1-464a-a726-0f36c5228d89,2026-06-08T22:46:22,20,1690,1690,0.01,231,7.327
4b54751a-13a1-464a-a726-0f36c5228d89,2026-06-08T22:46:22,20,1690,1690,0.01,231,7.327
4b54751a-13a1-464a-a726-0f36c5228d89,2026-06-08T22:46:22,2,1690,1690,0.0,231,7.327
4b54751a-13a1-464a-a726-0f36c5228d89,2026-06-08T22:46:22,2,1690,1690,0.0,231,7.327
4b54751a-13a1-464a-a726-0f36c5228d89,2026-06-08T22:46:22,2,1690,1690,0.0,231,7.327
4b54751a-13a1-464a-a726-0f36c5228d89,2026-06-08T22:46:22,4,1690,1690,0.0,231,7.327
4b54751a-13a1-464a-a726-0f36c5228d89,2026-06-08T22:46:23,4,1690,1690,0.0,231,7.327
4b54751a-13a1-464a-a726-0f36c5228d89,2026-06-08T22:46:23,5,1690,1690,0.0,231,7.327
4b54751a-13a1-464a-a726-0f36c5228d89,2026-06-08T22:46:23,5,1690,1690,0.0,231,7.327
4b54751a-13a1-464a-a726-0f36c5228d89,2026-06-08T22:46:23,5,1690,1690,0.0,231,7.327
4b54751a-13a1-464a-a726-0f36c5228d89,2026-06-08T22:46:23,5,1690,1690,0.0,231,7.327
4b54751a-13a1-464a-a726-0f36c5228d89,2026-06-08T22:46:23,4,10,9,0.43,231,0.044
4b54751a-13a1-464a-a726-0f36c5228d89,2026-06-08T22:46:23,4,10,9,0.43,231,0.044
4b54751a-13a1-464a-a726-0f36c5228d89,2026-06-08T22:46:23,4,10,9,0.43,231,0.044
4b54751a-13a1-464a-a726-0f36c5228d89,2026-06-08T22:46:24,4,10,9,0.41,231,0.044
4b54751a-13a1-464a-a726-0f36c5228d89,2026-06-08T22:46:24,4,10,9,0.41,231,0.044
4b54751a-13a1-464a-a726-0f36c5228d89,2026-06-08T22:46:24,4,10,9,0.41,231,0.044
4b54751a-13a1-464a-a726-0f36c5228d89,2026-06-08T22:46:24,4,10,9,0.41,231,0.044
4b54751a-13a1-464a-a726-0f36c5228d89,2026-06-08T22:46:24,4,10,9,0.43,230,0.044
4b54751a-13a1-464a-a726-0f36c5228d89,2026-06-08T22:46:24,4,10,9,0.43,230,0.044
4b54751a-13a1-464a-a726-0f36c5228d89,2026-06-08T22:46:24,5,10,9,0.45,230,0.044
4b54751a-13a1-464a-a726-0f36c5228d89,2026-06-08T22:46:24,5,10,9,0.45,230,0.044
4b54751a-13a1-464a-a726-0f36c5228d89,2026-06-08T22:46:24,5,10,9,0.45,230,0.044
4b54751a-13a1-464a-a726-0f36c5228d89,2026-06-08T22:46:24,5,10,9,0.45,230,0.044
4b54751a-13a1-464a-a726-0f36c5228d89,2026-06-08T22:46:25,4,10,9,0.43,230,0.044
4b54751a-13a1-464a-a726-0f36c5228d89,2026-06-08T22:46:25,4,10,9,0.43,230,0.044
4b54751a-13a1-464a-a726-0f36c5228d89,2026-06-08T22:46:25,4,10,9,0.43,230,0.044
4b54751a-13a1-464a-a726-0f36c5228d89,2026-06-08T22:46:25,4,10,9,0.43,230,0.044
4b54751a-13a1-464a-a726-0f36c5228d89,2026-06-08T22:46:25,4,10,9,0.43,230,0.044
4b54751a-13a1-464a-a726-0f36c5228d89,2026-06-08T22:46:25,4,10,9,0.43,230,0.044
4b54751a-13a1-464a-a726-0f36c5228d89,2026-06-08T22:46:25,4,10,9,0.43,230,0.044
4b54751a-13a1-464a-a726-0f36c5228d89,2026-06-08T22:46:25,4,10,9,0.43,230,0.044
4b54751a-13a1-464a-a726-0f36c5228d89,2026-06-08T22:46:25,4,10,9,0.43,230,0.044
4b54751a-13a1-464a-a726-0f36c5228d89,2026-06-08T22:46:25,4,10,9,0.43,230,0.043
4b54751a-13a1-464a-a726-0f36c5228d89,2026-06-08T22:46:26,4,10,9,0.43,230,0.043
4b54751a-13a1-464a-a726-0f36c5228d89,2026-06-08T22:46:26,4,10,9,0.43,230,0.043
4b54751a-13a1-464a-a726-0f36c5228d89,2026-06-08T22:46:26,4,10,9,0.43,230,0.043
4b54751a-13a1-464a-a726-0f36c5228d89,2026-06-08T22:46:26,4,10,9,0.43,230,0.043
4b54751a-13a1-464a-a726-0f36c5228d89,2026-06-08T22:46:26,4,10,9,0.43,230,0.043
4b54751a-13a1-464a-a726-0f36c5228d89,2026-06-08T22:46:26,3,10,10,0.26,230,0.043
4b54751a-13a1-464a-a726-0f36c5228d89,2026-06-08T22:46:26,3,10,10,0.26,230,0.043
4b54751a-13a1-464a-a726-0f36c5228d89,2026-06-08T22:46:26,3,10,10,0.26,231,0.043
4b54751a-13a1-464a-a726-0f36c5228d89,2026-06-08T22:46:26,3,10,10,0.26,231,0.043
4b54751a-13a1-464a-a726-0f36c5228d89,2026-06-08T22:46:27,5,10,9,0.46,231,0.043
4b54751a-13a1-464a-a726-0f36c5228d89,2026-06-08T22:46:27,5,10,9,0.46,231,0.043
4b54751a-13a1-464a-a726-0f36c5228d89,2026-06-08T22:46:27,5,10,9,0.45,231,0.043
4b54751a-13a1-464a-a726-0f36c5228d89,2026-06-08T22:46:27,5,10,9,0.45,231,0.043
4b54751a-13a1-464a-a726-0f36c5228d89,2026-06-08T22:46:27,5,10,9,0.45,231,0.043
4b54751a-13a1-464a-a726-0f36c5228d89,2026-06-08T22:46:27,5,10,9,0.45,231,0.043
4b54751a-13a1-464a-a726-0f36c5228d89,2026-06-08T22:46:27,5,10,9,0.45,231,0.043
4b54751a-13a1-464a-a726-0f36c5228d89,2026-06-08T22:46:27,5,10,9,0.45,231,0.043
4b54751a-13a1-464a-a726-0f36c5228d89,2026-06-08T22:46:27,5,10,9,0.45,231,0.043
4b54751a-13a1-464a-a726-0f36c5228d89,2026-06-08T22:46:27,5,10,9,0.45,231,0.043
4b54751a-13a1-464a-a726-0f36c5228d89,2026-06-08T22:46:27,5,10,9,0.45,231,0.043
4b54751a-13a1-464a-a726-0f36c5228d89,2026-06-08T22:46:28,5,10,9,0.45,231,0.043
4b54751a-13a1-464a-a726-0f36c5228d89,2026-06-08T22:46:28,5,10,9,0.45,231,0.043
4b54751a-13a1-464a-a726-0f36c5228d89,2026-06-08T22:46:28,5,10,9,0.45,231,0.043
4b54751a-13a1-464a-a726-0f36c5228d89,2026-06-08T22:46:28,5,10,9,0.45,231,0.043
4b54751a-13a1-464a-a726-0f36c5228d89,2026-06-08T22:46:28,5,10,9,0.44,231,0.044
4b54751a-13a1-464a-a726-0f36c5228d89,2026-06-08T22:46:28,5,10,9,0.44,231,0.044
4b54751a-13a1-464a-a726-0f36c5228d89,2026-06-08T22:46:28,5,10,9,0.44,231,0.044
4b54751a-13a1-464a-a726-0f36c5228d89,2026-06-08T22:46:28,5,10,9,0.44,231,0.044
4b54751a-13a1-464a-a726-0f36c5228d89,2026-06-08T22:46:28,5,10,9,0.44,231,0.044
4b54751a-13a1-464a-a726-0f36c5228d89,2026-06-08T22:46:28,5,10,9,0.44,231,0.044
4b54751a-13a1-464a-a726-0f36c5228d89,2026-06-08T22:46:29,5,10,9,0.44,231,0.044
4b54751a-13a1-464a-a726-0f36c5228d89,2026-06-08T22:46:29,5,10,9,0.44,230,0.044
4b54751a-13a1-464a-a726-0f36c5228d89,2026-06-08T22:46:29,5,10,9,0.44,230,0.044
4b54751a-13a1-464a-a726-0f36c5228d89,2026-06-08T22:46:29,5,10,9,0.44,230,0.044
4b54751a-13a1-464a-a726-0f36c5228d89,2026-06-08T22:46:29,5,10,9,0.44,230,0.044
4b54751a-13a1-464a-a726-0f36c5228d89,2026-06-08T22:46:29,4,10,9,0.43,230,0.044
4b54751a-13a1-464a-a726-0f36c5228d89,2026-06-08T22:46:29,4,10,9,0.43,230,0.044
4b54751a-13a1-464a-a726-0f36c5228d89,2026-06-08T22:46:29,4,10,9,0.43,230,0.044
4b54751a-13a1-464a-a726-0f36c5228d89,2026-06-08T22:46:29,4,10,9,0.43,230,0.044
4b54751a-13a1-464a-a726-0f36c5228d89,2026-06-08T22:46:29,4,10,9,0.43,230,0.044
4b54751a-13a1-464a-a726-0f36c5228d89,2026-06-08T22:46:29,5,10,9,0.44,230,0.044
4b54751a-13a1-464a-a726-0f36c5228d89,2026-06-08T22:46:30,5,10,9,0.44,230,0.044
4b54751a-13a1-464a-a726-0f36c5228d89,2026-06-08T22:46:30,5,10,9,0.44,230,0.044
4b54751a-13a1-464a-a726-0f36c5228d89,2026-06-08T22:46:30,4,10,9,0.42,230,0.044
4b54751a-13a1-464a-a726-0f36c5228d89,2026-06-08T22:46:30,4,10,9,0.42,230,0.044
4b54751a-13a1-464a-a726-0f36c5228d89,2026-06-08T22:46:30,4,10,9,0.43,230,0.044
4b54751a-13a1-464a-a726-0f36c5228d89,2026-06-08T22:46:30,4,10,9,0.43,230,0.044
4b54751a-13a1-464a-a726-0f36c5228d89,2026-06-08T22:46:30,4,10,9,0.43,230,0.044
4b54751a-13a1-464a-a726-0f36c5228d89,2026-06-08T22:46:30,4,10,9,0.43,230,0.044
4b54751a-13a1-464a-a726-0f36c5228d89,2026-06-08T22:46:31,5,10,9,0.44,230,0.044
4b54751a-13a1-464a-a726-0f36c5228d89,2026-06-08T22:46:31,5,10,9,0.44,230,0.044
4b54751a-13a1-464a-a726-0f36c5228d89,2026-06-08T22:46:31,5,10,9,0.44,230,0.044
4b54751a-13a1-464a-a726-0f36c5228d89,2026-06-08T22:46:31,5,10,9,0.44,230,0.044
4b54751a-13a1-464a-a726-0f36c5228d89,2026-06-08T22:46:31,5,10,9,0.44,230,0.044
4b54751a-13a1-464a-a726-0f36c5228d89,2026-06-08T22:46:31,4,10,9,0.42,230,0.044
4b54751a-13a1-464a-a726-0f36c5228d89,2026-06-08T22:46:31,4,10,9,0.42,230,0.044
4b54751a-13a1-464a-a726-0f36c5228d89,2026-06-08T22:46:31,5,10,9,0.47,230,0.044
4b54751a-13a1-464a-a726-0f36c5228d89,2026-06-08T22:46:31,1302,1302,0,1.0,230,0.044
4b54751a-13a1-464a-a726-0f36c5228d89,2026-06-08T22:46:32,1686,1686,0,1.0,230,0.044
4b54751a-13a1-464a-a726-0f36c5228d89,2026-06-08T22:46:32,1686,1686,0,1.0,230,0.044
4b54751a-13a1-464a-a726-0f36c5228d89,2026-06-08T22:46:32,1680,1680,0,1.0,230,0.044
4b54751a-13a1-464a-a726-0f36c5228d89,2026-06-08T22:46:32,1678,1696,247,0.99,230,7.365
4b54751a-13a1-464a-a726-0f36c5228d89,2026-06-08T22:46:32,1678,1696,247,0.99,230,7.365
4b54751a-13a1-464a-a726-0f36c5228d89,2026-06-08T22:46:32,1678,1696,247,0.99,230,7.365
4b54751a-13a1-464a-a726-0f36c5228d89,2026-06-08T22:46:32,1676,1696,259,0.99,230,7.365
4b54751a-13a1-464a-a726-0f36c5228d89,2026-06-08T22:46:32,1676,1696,259,0.99,230,7.365
4b54751a-13a1-464a-a726-0f36c5228d89,2026-06-08T22:46:33,1676,1696,259,0.99,230,7.365
4b54751a-13a1-464a-a726-0f36c5228d89,2026-06-08T22:46:33,1676,1696,259,0.99,230,7.365
4b54751a-13a1-464a-a726-0f36c5228d89,2026-06-08T22:46:33,1676,1676,0,1.0,227,7.365
4b54751a-13a1-464a-a726-0f36c5228d89,2026-06-08T22:46:33,1676,1676,0,1.0,227,7.365
4b54751a-13a1-464a-a726-0f36c5228d89,2026-06-08T22:46:33,1676,1676,0,1.0,227,7.365
4b54751a-13a1-464a-a726-0f36c5228d89,2026-06-08T22:46:33,1676,1676,0,1.0,227,7.365
4b54751a-13a1-464a-a726-0f36c5228d89,2026-06-08T22:46:33,1676,1676,0,1.0,227,7.365
4b54751a-13a1-464a-a726-0f36c5228d89,2026-06-08T22:46:33,1675,1675,0,1.0,227,7.365
4b54751a-13a1-464a-a726-0f36c5228d89,2026-06-08T22:46:33,1675,1675,0,1.0,227,7.365
4b54751a-13a1-464a-a726-0f36c5228d89,2026-06-08T22:46:34,1675,1675,0,1.0,227,7.344
4b54751a-13a1-464a-a726-0f36c5228d89,2026-06-08T22:46:34,1675,1675,0,1.0,227,7.344
4b54751a-13a1-464a-a726-0f36c5228d89,2026-06-08T22:46:34,1675,1675,0,1.0,227,7.344
4b54751a-13a1-464a-a726-0f36c5228d89,2026-06-08T22:46:34,1675,1675,0,1.0,227,7.344
4b54751a-13a1-464a-a726-0f36c5228d89,2026-06-08T22:46:34,1675,1675,0,1.0,227,7.344
4b54751a-13a1-464a-a726-0f36c5228d89,2026-06-08T22:46:34,1675,1675,0,1.0,227,7.344
4b54751a-13a1-464a-a726-0f36c5228d89,2026-06-08T22:46:34,1675,1675,0,1.0,227,7.344
4b54751a-13a1-464a-a726-0f36c5228d89,2026-06-08T22:46:34,1675,1675,0,1.0,227,7.344
4b54751a-13a1-464a-a726-0f36c5228d89,2026-06-08T22:46:35,1675,1675,0,1.0,227,7.344
4b54751a-13a1-464a-a726-0f36c5228d89,2026-06-08T22:46:35,1675,1675,0,1.0,227,7.344
4b54751a-13a1-464a-a726-0f36c5228d89,2026-06-08T22:46:35,1675,1675,0,1.0,227,7.344
4b54751a-13a1-464a-a726-0f36c5228d89,2026-06-08T22:46:35,1675,1675,0,1.0,227,7.344
4b54751a-13a1-464a-a726-0f36c5228d89,2026-06-08T22:46:35,1675,1675,0,1.0,227,7.344
4b54751a-13a1-464a-a726-0f36c5228d89,2026-06-08T22:46:35,1675,1675,0,1.0,227,7.344
4b54751a-13a1-464a-a726-0f36c5228d89,2026-06-08T22:46:35,1675,1675,0,1.0,227,7.34
4b54751a-13a1-464a-a726-0f36c5228d89,2026-06-08T22:46:35,1675,1675,0,1.0,227,7.34
4b54751a-13a1-464a-a726-0f36c5228d89,2026-06-08T22:46:35,1675,1675,0,1.0,227,7.34
4b54751a-13a1-464a-a726-0f36c5228d89,2026-06-08T22:46:36,1675,1675,0,1.0,227,7.34
4b54751a-13a1-464a-a726-0f36c5228d89,2026-06-08T22:46:36,1675,1675,0,1.0,227,7.34
4b54751a-13a1-464a-a726-0f36c5228d89,2026-06-08T22:46:36,1675,1675,0,1.0,227,7.34
4b54751a-13a1-464a-a726-0f36c5228d89,2026-06-08T22:46:36,1675,1675,0,1.0,227,7.34
4b54751a-13a1-464a-a726-0f36c5228d89,2026-06-08T22:46:36,1675,1675,0,1.0,227,7.34
4b54751a-13a1-464a-a726-0f36c5228d89,2026-06-08T22:46:36,1675,1675,0,1.0,227,7.34
4b54751a-13a1-464a-a726-0f36c5228d89,2026-06-08T22:46:36,1675,1675,0,1.0,227,7.34
4b54751a-13a1-464a-a726-0f36c5228d89,2026-06-08T22:46:36,1675,1675,0,1.0,227,7.34
4b54751a-13a1-464a-a726-0f36c5228d89,2026-06-08T22:46:36,1675,1675,0,1.0,227,7.34
4b54751a-13a1-464a-a726-0f36c5228d89,2026-06-08T22:46:36,1675,1675,0,1.0,227,7.34
4b54751a-13a1-464a-a726-0f36c5228d89,2026-06-08T22:46:37,1673,1673,0,1.0,227,7.34
4b54751a-13a1-464a-a726-0f36c5228d89,2026-06-08T22:46:37,1673,1673,0,1.0,227,7.34
4b54751a-13a1-464a-a726-0f36c5228d89,2026-06-08T22:46:37,1673,1673,0,1.0,227,7.336
4b54751a-13a1-464a-a726-0f36c5228d89,2026-06-08T22:46:37,1673,1673,0,1.0,227,7.336
4b54751a-13a1-464a-a726-0f36c5228d89,2026-06-08T22:46:37,1673,1673,0,1.0,227,7.336
4b54751a-13a1-464a-a726-0f36c5228d89,2026-06-08T22:46:37,1673,1673,0,1.0,227,7.336
4b54751a-13a1-464a-a726-0f36c5228d89,2026-06-08T22:46:37,1673,1673,0,1.0,227,7.336
4b54751a-13a1-464a-a726-0f36c5228d89,2026-06-08T22:46:37,1673,1673,0,1.0,227,7.336
4b54751a-13a1-464a-a726-0f36c5228d89,2026-06-08T22:46:37,1675,1675,0,1.0,227,7.336
4b54751a-13a1-464a-a726-0f36c5228d89,2026-06-08T22:46:37,1675,1675,0,1.0,227,7.336
4b54751a-13a1-464a-a726-0f36c5228d89,2026-06-08T22:46:38,1675,1675,0,1.0,227,7.336
4b54751a-13a1-464a-a726-0f36c5228d89,2026-06-08T22:46:38,1675,1675,0,1.0,227,7.336
4b54751a-13a1-464a-a726-0f36c5228d89,2026-06-08T22:46:38,1673,1673,0,1.0,227,7.336
4b54751a-13a1-464a-a726-0f36c5228d89,2026-06-08T22:46:38,1673,1673,0,1.0,227,7.336
4b54751a-13a1-464a-a726-0f36c5228d89,2026-06-08T22:46:38,1673,1673,0,1.0,227,7.336
4b54751a-13a1-464a-a726-0f36c5228d89,2026-06-08T22:46:38,1673,1673,0,1.0,227,7.336
4b54751a-13a1-464a-a726-0f36c5228d89,2026-06-08T22:46:38,1673,1673,0,1.0,227,7.336
4b54751a-13a1-464a-a726-0f36c5228d89,2026-06-08T22:46:38,1673,1673,0,1.0,227,7.336
4b54751a-13a1-464a-a726-0f36c5228d89,2026-06-08T22:46:38,1673,1673,0,1.0,227,7.336
4b54751a-13a1-464a-a726-0f36c5228d89,2026-06-08T22:46:38,1673,1673,0,1.0,227,7.336
4b54751a-13a1-464a-a726-0f36c5228d89,2026-06-08T22:46:38,1675,1675,0,1.0,227,7.336
4b54751a-13a1-464a-a726-0f36c5228d89,2026-06-08T22:46:38,1675,1675,0,1.0,227,7.336
4b54751a-13a1-464a-a726-0f36c5228d89,2026-06-08T22:46:39,1673,1673,0,1.0,227,7.336
4b54751a-13a1-464a-a726-0f36c5228d89,2026-06-08T22:46:39,1673,1673,0,1.0,227,7.336
4b54751a-13a1-464a-a726-0f36c5228d89,2026-06-08T22:46:39,1673,1673,0,1.0,227,7.336
4b54751a-13a1-464a-a726-0f36c5228d89,2026-06-08T22:46:39,1673,1673,0,1.0,227,7.336
4b54751a-13a1-464a-a726-0f36c5228d89,2026-06-08T22:46:39,1673,1673,0,1.0,227,7.336
4b54751a-13a1-464a-a726-0f36c5228d89,2026-06-08T22:46:39,1675,1675,0,1.0,227,7.336
4b54751a-13a1-464a-a726-0f36c5228d89,2026-06-08T22:46:39,1675,1675,0,1.0,227,7.336
4b54751a-13a1-464a-a726-0f36c5228d89,2026-06-08T22:46:39,1675,1675,0,1.0,227,7.336
4b54751a-13a1-464a-a726-0f36c5228d89,2026-06-08T22:46:39,1675,1675,0,1.0,227,7.336
4b54751a-13a1-464a-a726-0f36c5228d89,2026-06-08T22:46:40,1675,1675,0,1.0,227,7.336
4b54751a-13a1-464a-a726-0f36c5228d89,2026-06-08T22:46:40,1675,1675,0,1.0,227,7.336
4b54751a-13a1-464a-a726-0f36c5228d89,2026-06-08T22:46:40,1675,1675,0,1.0,227,7.336
4b54751a-13a1-464a-a726-0f36c5228d89,2026-06-08T22:46:40,1675,1675,0,1.0,227,7.336
4b54751a-13a1-464a-a726-0f36c5228d89,2026-06-08T22:46:40,1675,1675,0,1.0,227,7.336
4b54751a-13a1-464a-a726-0f36c5228d89,2026-06-08T22:46:40,1675,1675,0,1.0,227,7.336
4b54751a-13a1-464a-a726-0f36c5228d89,2026-06-08T22:46:40,1675,1675,0,1.0,227,7.336
4b54751a-13a1-464a-a726-0f36c5228d89,2026-06-08T22:46:40,1675,1675,0,1.0,227,7.336
4b54751a-13a1-464a-a726-0f36c5228d89,2026-06-08T22:46:40,1675,1675,0,1.0,227,7.336
4b54751a-13a1-464a-a726-0f36c5228d89,2026-06-08T22:46:40,1675,1675,0,1.0,227,7.336
4b54751a-13a1-464a-a726-0f36c5228d89,2026-06-08T22:46:40,1675,1675,0,1.0,227,7.336
4b54751a-13a1-464a-a726-0f36c5228d89,2026-06-08T22:46:41,1675,1675,0,1.0,227,7.336
4b54751a-13a1-464a-a726-0f36c5228d89,2026-06-08T22:46:41,1675,1675,0,1.0,227,7.336
4b54751a-13a1-464a-a726-0f36c5228d89,2026-06-08T22:46:41,1675,1675,0,1.0,227,7.336
4b54751a-13a1-464a-a726-0f36c5228d89,2026-06-08T22:46:41,1675,1675,0,1.0,227,7.336
4b54751a-13a1-464a-a726-0f36c5228d89,2026-06-08T22:46:41,1675,1675,0,1.0,227,7.336
4b54751a-13a1-464a-a726-0f36c5228d89,2026-06-08T22:46:41,1675,1675,0,1.0,227,7.336
4b54751a-13a1-464a-a726-0f36c5228d89,2026-06-08T22:46:41,1675,1675,0,1.0,227,7.336
4b54751a-13a1-464a-a726-0f36c5228d89,2026-06-08T22:46:41,1675,1675,0,1.0,227,7.336
4b54751a-13a1-464a-a726-0f36c5228d89,2026-06-08T22:46:42,1675,1675,0,1.0,227,7.336
4b54751a-13a1-464a-a726-0f36c5228d89,2026-06-08T22:46:42,1675,1675,0,1.0,227,7.336
4b54751a-13a1-464a-a726-0f36c5228d89,2026-06-08T22:46:42,1675,1675,0,1.0,227,7.336
4b54751a-13a1-464a-a726-0f36c5228d89,2026-06-08T22:46:42,1675,1675,0,1.0,227,7.336
4b54751a-13a1-464a-a726-0f36c5228d89,2026-06-08T22:46:42,1675,1675,0,1.0,227,7.336
4b54751a-13a1-464a-a726-0f36c5228d89,2026-06-08T22:46:42,1675,1675,0,1.0,227,7.336
4b54751a-13a1-464a-a726-0f36c5228d89,2026-06-08T22:46:42,1675,1675,0,1.0,227,7.336
4b54751a-13a1-464a-a726-0f36c5228d89,2026-06-08T22:46:42,1675,1675,0,1.0,227,7.336
4b54751a-13a1-464a-a726-0f36c5228d89,2026-06-08T22:46:43,1675,1675,0,1.0,227,7.336
4b54751a-13a1-464a-a726-0f36c5228d89,2026-06-08T22:46:43,1675,1675,0,1.0,227,7.336
4b54751a-13a1-464a-a726-0f36c5228d89,2026-06-08T22:46:43,1675,1675,0,1.0,227,7.336
4b54751a-13a1-464a-a726-0f36c5228d89,2026-06-08T22:46:43,1675,1675,0,1.0,227,7.336
4b54751a-13a1-464a-a726-0f36c5228d89,2026-06-08T22:46:43,1673,1673,0,1.0,227,7.336
4b54751a-13a1-464a-a726-0f36c5228d89,2026-06-08T22:46:43,1673,1673,0,1.0,227,7.336
4b54751a-13a1-464a-a726-0f36c5228d89,2026-06-08T22:46:43,1673,1673,0,1.0,227,7.336
4b54751a-13a1-464a-a726-0f36c5228d89,2026-06-08T22:46:43,1673,1673,0,1.0,227,7.336
4b54751a-13a1-464a-a726-0f36c5228d89,2026-06-08T22:46:43,1673,1673,0,1.0,227,7.336
4b54751a-13a1-464a-a726-0f36c5228d89,2026-06-08T22:46:43,1673,1673,0,1.0,227,7.336
4b54751a-13a1-464a-a726-0f36c5228d89,2026-06-08T22:46:43,1673,1673,0,1.0,227,7.336
4b54751a-13a1-464a-a726-0f36c5228d89,2026-06-08T22:46:44,1673,1673,0,1.0,227,7.336
4b54751a-13a1-464a-a726-0f36c5228d89,2026-06-08T22:46:44,1673,1673,0,1.0,227,7.336
4b54751a-13a1-464a-a726-0f36c5228d89,2026-06-08T22:46:44,1673,1673,0,1.0,227,7.336
4b54751a-13a1-464a-a726-0f36c5228d89,2026-06-08T22:46:44,1673,1673,0,1.0,227,7.336
4b54751a-13a1-464a-a726-0f36c5228d89,2026-06-08T22:46:44,1673,1673,0,1.0,227,7.336
4b54751a-13a1-464a-a726-0f36c5228d89,2026-06-08T22:46:44,1673,1673,0,1.0,227,7.336
4b54751a-13a1-464a-a726-0f36c5228d89,2026-06-08T22:46:44,1673,1673,0,1.0,227,7.336
4b54751a-13a1-464a-a726-0f36c5228d89,2026-06-08T22:46:44,1673,1673,0,1.0,227,7.336
4b54751a-13a1-464a-a726-0f36c5228d89,2026-06-08T22:46:44,1673,1673,0,1.0,227,7.336
4b54751a-13a1-464a-a726-0f36c5228d89,2026-06-08T22:46:45,1673,1673,0,1.0,227,7.336
4b54751a-13a1-464a-a726-0f36c5228d89,2026-06-08T22:46:45,1673,1673,0,1.0,227,7.336
4b54751a-13a1-464a-a726-0f36c5228d89,2026-06-08T22:46:45,1673,1673,0,1.0,227,7.336
4b54751a-13a1-464a-a726-0f36c5228d89,2026-06-08T22:46:45,1673,1673,0,1.0,227,7.336
4b54751a-13a1-464a-a726-0f36c5228d89,2026-06-08T22:46:45,1673,1673,0,1.0,227,7.336
4b54751a-13a1-464a-a726-0f36c5228d89,2026-06-08T22:46:45,1673,1673,0,1.0,227,7.336
4b54751a-13a1-464a-a726-0f36c5228d89,2026-06-08T22:46:45,1673,1673,0,1.0,227,7.336
4b54751a-13a1-464a-a726-0f36c5228d89,2026-06-08T22:46:45,1673,1673,0,1.0,227,7.336
4b54751a-13a1-464a-a726-0f36c5228d89,2026-06-08T22:46:45,1673,1673,0,1.0,227,7.336
4b54751a-13a1-464a-a726-0f36c5228d89,2026-06-08T22:46:45,1673,1673,0,1.0,227,7.336
4b54751a-13a1-464a-a726-0f36c5228d89,2026-06-08T22:46:45,1675,1675,0,1.0,227,7.336
4b54751a-13a1-464a-a726-0f36c5228d89,2026-06-08T22:46:46,1675,1675,0,1.0,227,7.336
4b54751a-13a1-464a-a726-0f36c5228d89,2026-06-08T22:46:46,1673,1673,0,1.0,227,7.336
4b54751a-13a1-464a-a726-0f36c5228d89,2026-06-08T22:46:46,1673,1673,0,1.0,227,7.336
4b54751a-13a1-464a-a726-0f36c5228d89,2026-06-08T22:46:46,1673,1673,0,1.0,227,7.336
4b54751a-13a1-464a-a726-0f36c5228d89,2026-06-08T22:46:46,1673,1673,0,1.0,227,7.336
4b54751a-13a1-464a-a726-0f36c5228d89,2026-06-08T22:46:46,1673,1673,0,1.0,227,7.336
4b54751a-13a1-464a-a726-0f36c5228d89,2026-06-08T22:46:46,1673,1673,0,1.0,227,7.336
4b54751a-13a1-464a-a726-0f36c5228d89,2026-06-08T22:46:46,1673,1673,0,1.0,227,7.336
4b54751a-13a1-464a-a726-0f36c5228d89,2026-06-08T22:46:46,1673,1673,0,1.0,227,7.336
4b54751a-13a1-464a-a726-0f36c5228d89,2026-06-08T22:46:46,1673,1673,0,1.0,227,7.336
4b54751a-13a1-464a-a726-0f36c5228d89,2026-06-08T22:46:47,1673,1673,0,1.0,227,7.336
4b54751a-13a1-464a-a726-0f36c5228d89,2026-06-08T22:46:47,1673,1673,0,1.0,227,7.336
4b54751a-13a1-464a-a726-0f36c5228d89,2026-06-08T22:46:47,1673,1673,0,1.0,227,7.336
4b54751a-13a1-464a-a726-0f36c5228d89,2026-06-08T22:46:47,1673,1673,0,1.0,227,7.336
4b54751a-13a1-464a-a726-0f36c5228d89,2026-06-08T22:46:47,1673,1673,0,1.0,227,7.336
4b54751a-13a1-464a-a726-0f36c5228d89,2026-06-08T22:46:47,1673,1673,0,1.0,227,7.336
4b54751a-13a1-464a-a726-0f36c5228d89,2026-06-08T22:46:47,1673,1673,0,1.0,227,7.336
4b54751a-13a1-464a-a726-0f36c5228d89,2026-06-08T22:46:47,1675,1675,0,1.0,227,7.336
4b54751a-13a1-464a-a726-0f36c5228d89,2026-06-08T22:46:47,1675,1675,0,1.0,227,7.336
4b54751a-13a1-464a-a726-0f36c5228d89,2026-06-08T22:46:48,1675,1675,0,1.0,227,7.336
4b54751a-13a1-464a-a726-0f36c5228d89,2026-06-08T22:46:48,1675,1675,0,1.0,227,7.336
4b54751a-13a1-464a-a726-0f36c5228d89,2026-06-08T22:46:48,1675,1675,0,1.0,227,7.336
4b54751a-13a1-464a-a726-0f36c5228d89,2026-06-08T22:46:48,1675,1675,0,1.0,227,7.336
4b54751a-13a1-464a-a726-0f36c5228d89,2026-06-08T22:46:48,1673,1673,0,1.0,227,7.336
4b54751a-13a1-464a-a726-0f36c5228d89,2026-06-08T22:46:48,1673,1673,0,1.0,227,7.336
4b54751a-13a1-464a-a726-0f36c5228d89,2026-06-08T22:46:48,1673,1673,0,1.0,227,7.336
4b54751a-13a1-464a-a726-0f36c5228d89,2026-06-08T22:46:48,1673,1673,0,1.0,227,7.336
4b54751a-13a1-464a-a726-0f36c5228d89,2026-06-08T22:46:48,1673,1673,0,1.0,227,7.336
4b54751a-13a1-464a-a726-0f36c5228d89,2026-06-08T22:46:49,1673,1673,0,1.0,227,7.336
4b54751a-13a1-464a-a726-0f36c5228d89,2026-06-08T22:46:49,1673,1673,0,1.0,227,7.336
4b54751a-13a1-464a-a726-0f36c5228d89,2026-06-08T22:46:49,1673,1673,0,1.0,227,7.336
4b54751a-13a1-464a-a726-0f36c5228d89,2026-06-08T22:46:49,1673,1673,0,1.0,227,7.336
4b54751a-13a1-464a-a726-0f36c5228d89,2026-06-08T22:46:49,1673,1673,0,1.0,227,7.336
4b54751a-13a1-464a-a726-0f36c5228d89,2026-06-08T22:46:49,1673,1673,0,1.0,227,7.336
4b54751a-13a1-464a-a726-0f36c5228d89,2026-06-08T22:46:49,1673,1673,0,1.0,227,7.336
4b54751a-13a1-464a-a726-0f36c5228d89,2026-06-08T22:46:49,1673,1673,0,1.0,227,7.336
4b54751a-13a1-464a-a726-0f36c5228d89,2026-06-08T22:46:49,1673,1673,0,1.0,227,7.336
4b54751a-13a1-464a-a726-0f36c5228d89,2026-06-08T22:46:49,1673,1673,0,1.0,227,7.336
4b54751a-13a1-464a-a726-0f36c5228d89,2026-06-08T22:46:50,1673,1673,0,1.0,227,7.336
4b54751a-13a1-464a-a726-0f36c5228d89,2026-06-08T22:46:50,1673,1673,0,1.0,227,7.336
4b54751a-13a1-464a-a726-0f36c5228d89,2026-06-08T22:46:50,1673,1673,0,1.0,227,7.336
4b54751a-13a1-464a-a726-0f36c5228d89,2026-06-08T22:46:50,1673,1673,0,1.0,227,7.336
4b54751a-13a1-464a-a726-0f36c5228d89,2026-06-08T22:46:50,1673,1673,0,1.0,227,7.336
4b54751a-13a1-464a-a726-0f36c5228d89,2026-06-08T22:46:50,1673,1673,0,1.0,227,7.336
4b54751a-13a1-464a-a726-0f36c5228d89,2026-06-08T22:46:50,1673,1673,0,1.0,227,7.336
4b54751a-13a1-464a-a726-0f36c5228d89,2026-06-08T22:46:50,1673,1673,0,1.0,227,7.336
4b54751a-13a1-464a-a726-0f36c5228d89,2026-06-08T22:46:50,1673,1673,0,1.0,227,7.336
4b54751a-13a1-464a-a726-0f36c5228d89,2026-06-08T22:46:50,1673,1673,0,1.0,227,7.336
4b54751a-13a1-464a-a726-0f36c5228d89,2026-06-08T22:46:50,1673,1673,0,1.0,227,7.336
4b54751a-13a1-464a-a726-0f36c5228d89,2026-06-08T22:46:51,1673,1673,0,1.0,227,7.336
4b54751a-13a1-464a-a726-0f36c5228d89,2026-06-08T22:46:51,1673,1673,0,1.0,227,7.336
4b54751a-13a1-464a-a726-0f36c5228d89,2026-06-08T22:46:51,1673,1673,0,1.0,227,7.336
4b54751a-13a1-464a-a726-0f36c5228d89,2026-06-08T22:46:51,1673,1673,0,1.0,227,7.336
4b54751a-13a1-464a-a726-0f36c5228d89,2026-06-08T22:46:51,1673,1673,0,1.0,227,7.336
4b54751a-13a1-464a-a726-0f36c5228d89,2026-06-08T22:46:51,1673,1673,0,1.0,227,7.331
4b54751a-13a1-464a-a726-0f36c5228d89,2026-06-08T22:46:51,1673,1673,0,1.0,227,7.331
4b54751a-13a1-464a-a726-0f36c5228d89,2026-06-08T22:46:51,1673,1673,0,1.0,227,7.331
4b54751a-13a1-464a-a726-0f36c5228d89,2026-06-08T22:46:51,1673,1673,0,1.0,227,7.331
4b54751a-13a1-464a-a726-0f36c5228d89,2026-06-08T22:46:51,1673,1673,0,1.0,227,7.331
4b54751a-13a1-464a-a726-0f36c5228d89,2026-06-08T22:46:51,1673,1673,0,1.0,227,7.331
4b54751a-13a1-464a-a726-0f36c5228d89,2026-06-08T22:46:52,1673,1673,0,1.0,227,7.331
4b54751a-13a1-464a-a726-0f36c5228d89,2026-06-08T22:46:52,1673,1673,0,1.0,227,7.331
4b54751a-13a1-464a-a726-0f36c5228d89,2026-06-08T22:46:52,1673,1673,0,1.0,227,7.331
4b54751a-13a1-464a-a726-0f36c5228d89,2026-06-08T22:46:52,1673,1673,0,1.0,227,7.331
4b54751a-13a1-464a-a726-0f36c5228d89,2026-06-08T22:46:52,1673,1673,0,1.0,227,7.331
4b54751a-13a1-464a-a726-0f36c5228d89,2026-06-08T22:46:52,1673,1673,0,1.0,227,7.331
4b54751a-13a1-464a-a726-0f36c5228d89,2026-06-08T22:46:52,1673,1673,0,1.0,227,7.331
4b54751a-13a1-464a-a726-0f36c5228d89,2026-06-08T22:46:52,1673,1673,0,1.0,227,7.331
4b54751a-13a1-464a-a726-0f36c5228d89,2026-06-08T22:46:52,1673,1673,0,1.0,227,7.331
4b54751a-13a1-464a-a726-0f36c5228d89,2026-06-08T22:46:53,1673,1673,0,1.0,227,7.331
4b54751a-13a1-464a-a726-0f36c5228d89,2026-06-08T22:46:53,1673,1673,0,1.0,227,7.331
4b54751a-13a1-464a-a726-0f36c5228d89,2026-06-08T22:46:53,1673,1673,0,1.0,227,7.331
4b54751a-13a1-464a-a726-0f36c5228d89,2026-06-08T22:46:53,1675,1675,0,1.0,227,7.331
4b54751a-13a1-464a-a726-0f36c5228d89,2026-06-08T22:46:53,1675,1675,0,1.0,227,7.331
4b54751a-13a1-464a-a726-0f36c5228d89,2026-06-08T22:46:53,1673,1673,0,1.0,227,7.331
4b54751a-13a1-464a-a726-0f36c5228d89,2026-06-08T22:46:53,1673,1673,0,1.0,227,7.331
4b54751a-13a1-464a-a726-0f36c5228d89,2026-06-08T22:46:53,1675,1675,0,1.0,227,7.331
4b54751a-13a1-464a-a726-0f36c5228d89,2026-06-08T22:46:53,1675,1675,0,1.0,227,7.331
4b54751a-13a1-464a-a726-0f36c5228d89,2026-06-08T22:46:54,1675,1675,0,1.0,227,7.331
4b54751a-13a1-464a-a726-0f36c5228d89,2026-06-08T22:46:54,1675,1675,0,1.0,227,7.331
4b54751a-13a1-464a-a726-0f36c5228d89,2026-06-08T22:46:54,1675,1675,0,1.0,227,7.331
4b54751a-13a1-464a-a726-0f36c5228d89,2026-06-08T22:46:54,1675,1675,0,1.0,227,7.331
4b54751a-13a1-464a-a726-0f36c5228d89,2026-06-08T22:46:54,1675,1675,0,1.0,227,7.331
4b54751a-13a1-464a-a726-0f36c5228d89,2026-06-08T22:46:54,1675,1675,0,1.0,227,7.331
4b54751a-13a1-464a-a726-0f36c5228d89,2026-06-08T22:46:54,1675,1675,0,1.0,227,7.331
4b54751a-13a1-464a-a726-0f36c5228d89,2026-06-08T22:46:54,1675,1675,0,1.0,227,7.336
4b54751a-13a1-464a-a726-0f36c5228d89,2026-06-08T22:46:54,1675,1675,0,1.0,227,7.336
4b54751a-13a1-464a-a726-0f36c5228d89,2026-06-08T22:46:55,1675,1675,0,1.0,227,7.336
4b54751a-13a1-464a-a726-0f36c5228d89,2026-06-08T22:46:55,1675,1675,0,1.0,227,7.336
4b54751a-13a1-464a-a726-0f36c5228d89,2026-06-08T22:46:55,1675,1675,0,1.0,227,7.336
4b54751a-13a1-464a-a726-0f36c5228d89,2026-06-08T22:46:55,1675,1675,0,1.0,227,7.336
4b54751a-13a1-464a-a726-0f36c5228d89,2026-06-08T22:46:55,1675,1675,0,1.0,227,7.336
4b54751a-13a1-464a-a726-0f36c5228d89,2026-06-08T22:46:55,1675,1675,0,1.0,227,7.336
4b54751a-13a1-464a-a726-0f36c5228d89,2026-06-08T22:46:55,1675,1675,0,1.0,227,7.336
4b54751a-13a1-464a-a726-0f36c5228d89,2026-06-08T22:46:55,1673,1673,0,1.0,227,7.336
4b54751a-13a1-464a-a726-0f36c5228d89,2026-06-08T22:46:55,1673,1673,0,1.0,227,7.336
4b54751a-13a1-464a-a726-0f36c5228d89,2026-06-08T22:46:56,1673,1673,0,1.0,227,7.336
4b54751a-13a1-464a-a726-0f36c5228d89,2026-06-08T22:46:56,1673,1673,0,1.0,227,7.336
4b54751a-13a1-464a-a726-0f36c5228d89,2026-06-08T22:46:56,1673,1673,0,1.0,227,7.336
4b54751a-13a1-464a-a726-0f36c5228d89,2026-06-08T22:46:56,1673,1673,0,1.0,227,7.336
4b54751a-13a1-464a-a726-0f36c5228d89,2026-06-08T22:46:56,1673,1673,0,1.0,227,7.331
4b54751a-13a1-464a-a726-0f36c5228d89,2026-06-08T22:46:56,1673,1673,0,1.0,227,7.331
4b54751a-13a1-464a-a726-0f36c5228d89,2026-06-08T22:46:56,1673,1673,0,1.0,227,7.331
4b54751a-13a1-464a-a726-0f36c5228d89,2026-06-08T22:46:56,1673,1673,0,1.0,227,7.331
4b54751a-13a1-464a-a726-0f36c5228d89,2026-06-08T22:46:56,1669,1669,0,1.0,227,7.331
4b54751a-13a1-464a-a726-0f36c5228d89,2026-06-08T22:46:56,1669,1669,0,1.0,227,7.331
4b54751a-13a1-464a-a726-0f36c5228d89,2026-06-08T22:46:57,1671,1671,0,1.0,227,7.331
4b54751a-13a1-464a-a726-0f36c5228d89,2026-06-08T22:46:57,1671,1671,0,1.0,227,7.331
4b54751a-13a1-464a-a726-0f36c5228d89,2026-06-08T22:46:57,1673,1673,0,1.0,227,7.331
4b54751a-13a1-464a-a726-0f36c5228d89,2026-06-08T22:46:57,1673,1673,0,1.0,227,7.331
4b54751a-13a1-464a-a726-0f36c5228d89,2026-06-08T22:46:57,1673,1673,0,1.0,227,7.331
4b54751a-13a1-464a-a726-0f36c5228d89,2026-06-08T22:46:57,1673,1673,0,1.0,227,7.331
4b54751a-13a1-464a-a726-0f36c5228d89,2026-06-08T22:46:57,1673,1673,0,1.0,227,7.331
4b54751a-13a1-464a-a726-0f36c5228d89,2026-06-08T22:46:57,1673,1673,0,1.0,227,7.331
4b54751a-13a1-464a-a726-0f36c5228d89,2026-06-08T22:46:57,1673,1673,0,1.0,227,7.331
4b54751a-13a1-464a-a726-0f36c5228d89,2026-06-08T22:46:58,1673,1673,0,1.0,227,7.331
4b54751a-13a1-464a-a726-0f36c5228d89,2026-06-08T22:46:58,1673,1673,0,1.0,227,7.331
4b54751a-13a1-464a-a726-0f36c5228d89,2026-06-08T22:46:58,1673,1673,0,1.0,227,7.331
4b54751a-13a1-464a-a726-0f36c5228d89,2026-06-08T22:46:58,1673,1673,0,1.0,227,7.331
4b54751a-13a1-464a-a726-0f36c5228d89,2026-06-08T22:46:58,1673,1673,0,1.0,227,7.331
4b54751a-13a1-464a-a726-0f36c5228d89,2026-06-08T22:46:58,1673,1673,0,1.0,227,7.331
4b54751a-13a1-464a-a726-0f36c5228d89,2026-06-08T22:46:58,1673,1673,0,1.0,227,7.331
4b54751a-13a1-464a-a726-0f36c5228d89,2026-06-08T22:46:58,1673,1673,0,1.0,227,7.331
4b54751a-13a1-464a-a726-0f36c5228d89,2026-06-08T22:46:58,1673,1673,0,1.0,227,7.331
4b54751a-13a1-464a-a726-0f36c5228d89,2026-06-08T22:46:58,1673,1673,0,1.0,227,7.331
4b54751a-13a1-464a-a726-0f36c5228d89,2026-06-08T22:46:59,1673,1673,0,1.0,227,7.331
4b54751a-13a1-464a-a726-0f36c5228d89,2026-06-08T22:46:59,1673,1673,0,1.0,227,7.331
4b54751a-13a1-464a-a726-0f36c5228d89,2026-06-08T22:46:59,1673,1673,0,1.0,227,7.331
4b54751a-13a1-464a-a726-0f36c5228d89,2026-06-08T22:46:59,1673,1673,0,1.0,227,7.331
4b54751a-13a1-464a-a726-0f36c5228d89,2026-06-08T22:46:59,1673,1673,0,1.0,227,7.331
4b54751a-13a1-464a-a726-0f36c5228d89,2026-06-08T22:46:59,1673,1673,0,1.0,227,7.331
4b54751a-13a1-464a-a726-0f36c5228d89,2026-06-08T22:46:59,1673,1673,0,1.0,227,7.331
4b54751a-13a1-464a-a726-0f36c5228d89,2026-06-08T22:46:59,1673,1673,0,1.0,227,7.327
4b54751a-13a1-464a-a726-0f36c5228d89,2026-06-08T22:46:59,1673,1673,0,1.0,227,7.327
4b54751a-13a1-464a-a726-0f36c5228d89,2026-06-08T22:46:59,1673,1673,0,1.0,227,7.327
4b54751a-13a1-464a-a726-0f36c5228d89,2026-06-08T22:47:00,1673,1673,0,1.0,227,7.327
4b54751a-13a1-464a-a726-0f36c5228d89,2026-06-08T22:47:00,1675,1675,0,1.0,227,7.327
4b54751a-13a1-464a-a726-0f36c5228d89,2026-06-08T22:47:00,1673,1673,0,1.0,227,7.327
4b54751a-13a1-464a-a726-0f36c5228d89,2026-06-08T22:47:00,1673,1673,0,1.0,227,7.327
4b54751a-13a1-464a-a726-0f36c5228d89,2026-06-08T22:47:00,1673,1673,0,1.0,227,7.327
4b54751a-13a1-464a-a726-0f36c5228d89,2026-06-08T22:47:00,1673,1673,0,1.0,227,7.327
4b54751a-13a1-464a-a726-0f36c5228d89,2026-06-08T22:47:01,1673,1673,0,1.0,227,7.327
4b54751a-13a1-464a-a726-0f36c5228d89,2026-06-08T22:47:01,1673,1673,0,1.0,227,7.327
4b54751a-13a1-464a-a726-0f36c5228d89,2026-06-08T22:47:01,1673,1673,0,1.0,227,7.331
4b54751a-13a1-464a-a726-0f36c5228d89,2026-06-08T22:47:01,1673,1673,0,1.0,227,7.331
4b54751a-13a1-464a-a726-0f36c5228d89,2026-06-08T22:47:01,1673,1673,0,1.0,227,7.331
4b54751a-13a1-464a-a726-0f36c5228d89,2026-06-08T22:47:01,1673,1673,0,1.0,227,7.331
4b54751a-13a1-464a-a726-0f36c5228d89,2026-06-08T22:47:01,1673,1673,0,1.0,227,7.331
4b54751a-13a1-464a-a726-0f36c5228d89,2026-06-08T22:47:01,1673,1673,0,1.0,227,7.331
4b54751a-13a1-464a-a726-0f36c5228d89,2026-06-08T22:47:01,1673,1673,0,1.0,227,7.331
4b54751a-13a1-464a-a726-0f36c5228d89,2026-06-08T22:47:02,1673,1673,0,1.0,227,7.331
4b54751a-13a1-464a-a726-0f36c5228d89,2026-06-08T22:47:02,1673,1673,0,1.0,227,7.331
4b54751a-13a1-464a-a726-0f36c5228d89,2026-06-08T22:47:02,1673,1673,0,1.0,227,7.331
4b54751a-13a1-464a-a726-0f36c5228d89,2026-06-08T22:47:02,1673,1673,0,1.0,227,7.331
4b54751a-13a1-464a-a726-0f36c5228d89,2026-06-08T22:47:02,1673,1673,0,1.0,227,7.331
4b54751a-13a1-464a-a726-0f36c5228d89,2026-06-08T22:47:02,1673,1673,0,1.0,227,7.331
4b54751a-13a1-464a-a726-0f36c5228d89,2026-06-08T22:47:02,1673,1673,0,1.0,227,7.331
4b54751a-13a1-464a-a726-0f36c5228d89,2026-06-08T22:47:02,1673,1673,0,1.0,227,7.327
4b54751a-13a1-464a-a726-0f36c5228d89,2026-06-08T22:47:02,1673,1673,0,1.0,227,7.327
4b54751a-13a1-464a-a726-0f36c5228d89,2026-06-08T22:47:02,1673,1673,0,1.0,227,7.327
4b54751a-13a1-464a-a726-0f36c5228d89,2026-06-08T22:47:03,1673,1673,0,1.0,227,7.327
4b54751a-13a1-464a-a726-0f36c5228d89,2026-06-08T22:47:03,1673,1673,0,1.0,227,7.327
4b54751a-13a1-464a-a726-0f36c5228d89,2026-06-08T22:47:03,1673,1673,0,1.0,227,7.327
4b54751a-13a1-464a-a726-0f36c5228d89,2026-06-08T22:47:03,1673,1673,0,1.0,227,7.327
4b54751a-13a1-464a-a726-0f36c5228d89,2026-06-08T22:47:03,1673,1673,0,1.0,227,7.327
4b54751a-13a1-464a-a726-0f36c5228d89,2026-06-08T22:47:03,1673,1673,0,1.0,227,7.327
4b54751a-13a1-464a-a726-0f36c5228d89,2026-06-08T22:47:03,1673,1673,0,1.0,227,7.327
4b54751a-13a1-464a-a726-0f36c5228d89,2026-06-08T22:47:04,1673,1673,0,1.0,227,7.327
4b54751a-13a1-464a-a726-0f36c5228d89,2026-06-08T22:47:04,1673,1673,0,1.0,227,7.327
4b54751a-13a1-464a-a726-0f36c5228d89,2026-06-08T22:47:04,1673,1673,0,1.0,227,7.327
4b54751a-13a1-464a-a726-0f36c5228d89,2026-06-08T22:47:04,1673,1673,0,1.0,227,7.327
4b54751a-13a1-464a-a726-0f36c5228d89,2026-06-08T22:47:04,1673,1673,0,1.0,227,7.327
4b54751a-13a1-464a-a726-0f36c5228d89,2026-06-08T22:47:04,1673,1673,0,1.0,227,7.327
4b54751a-13a1-464a-a726-0f36c5228d89,2026-06-08T22:47:04,1673,1673,0,1.0,227,7.327
4b54751a-13a1-464a-a726-0f36c5228d89,2026-06-08T22:47:04,1673,1673,0,1.0,227,7.327
4b54751a-13a1-464a-a726-0f36c5228d89,2026-06-08T22:47:04,1673,1673,0,1.0,227,7.327
4b54751a-13a1-464a-a726-0f36c5228d89,2026-06-08T22:47:04,1673,1673,0,1.0,227,7.327
4b54751a-13a1-464a-a726-0f36c5228d89,2026-06-08T22:47:04,1673,1673,0,1.0,227,7.327
4b54751a-13a1-464a-a726-0f36c5228d89,2026-06-08T22:47:05,1673,1673,0,1.0,227,7.327
4b54751a-13a1-464a-a726-0f36c5228d89,2026-06-08T22:47:05,1673,1673,0,1.0,227,7.327
4b54751a-13a1-464a-a726-0f36c5228d89,2026-06-08T22:47:05,1673,1673,0,1.0,227,7.327
4b54751a-13a1-464a-a726-0f36c5228d89,2026-06-08T22:47:05,1673,1673,0,1.0,227,7.327
4b54751a-13a1-464a-a726-0f36c5228d89,2026-06-08T22:47:05,1673,1673,0,1.0,227,7.327
4b54751a-13a1-464a-a726-0f36c5228d89,2026-06-08T22:47:05,1673,1673,0,1.0,227,7.327
4b54751a-13a1-464a-a726-0f36c5228d89,2026-06-08T22:47:05,1673,1673,0,1.0,227,7.327
4b54751a-13a1-464a-a726-0f36c5228d89,2026-06-08T22:47:05,1673,1673,0,1.0,227,7.327
4b54751a-13a1-464a-a726-0f36c5228d89,2026-06-08T22:47:05,1673,1673,0,1.0,227,7.327
4b54751a-13a1-464a-a726-0f36c5228d89,2026-06-08T22:47:06,1673,1673,0,1.0,227,7.327
4b54751a-13a1-464a-a726-0f36c5228d89,2026-06-08T22:47:06,1673,1673,0,1.0,227,7.327
4b54751a-13a1-464a-a726-0f36c5228d89,2026-06-08T22:47:06,1673,1673,0,1.0,227,7.327
4b54751a-13a1-464a-a726-0f36c5228d89,2026-06-08T22:47:06,1673,1673,0,1.0,227,7.327
4b54751a-13a1-464a-a726-0f36c5228d89,2026-06-08T22:47:06,1673,1673,0,1.0,227,7.327
4b54751a-13a1-464a-a726-0f36c5228d89,2026-06-08T22:47:06,1673,1673,0,1.0,227,7.327
4b54751a-13a1-464a-a726-0f36c5228d89,2026-06-08T22:47:06,1673,1673,0,1.0,227,7.327
4b54751a-13a1-464a-a726-0f36c5228d89,2026-06-08T22:47:06,1673,1673,0,1.0,227,7.327
4b54751a-13a1-464a-a726-0f36c5228d89,2026-06-08T22:47:06,1675,1675,0,1.0,227,7.327
4b54751a-13a1-464a-a726-0f36c5228d89,2026-06-08T22:47:06,1675,1675,0,1.0,227,7.327
4b54751a-13a1-464a-a726-0f36c5228d89,2026-06-08T22:47:07,1675,1675,0,1.0,227,7.327
4b54751a-13a1-464a-a726-0f36c5228d89,2026-06-08T22:47:07,1673,1673,0,1.0,227,7.327
4b54751a-13a1-464a-a726-0f36c5228d89,2026-06-08T22:47:07,1673,1673,0,1.0,227,7.327
4b54751a-13a1-464a-a726-0f36c5228d89,2026-06-08T22:47:07,1673,1673,0,1.0,227,7.327
4b54751a-13a1-464a-a726-0f36c5228d89,2026-06-08T22:47:07,1673,1673,0,1.0,227,7.327
4b54751a-13a1-464a-a726-0f36c5228d89,2026-06-08T22:47:07,1673,1673,0,1.0,227,7.327
4b54751a-13a1-464a-a726-0f36c5228d89,2026-06-08T22:47:07,1673,1673,0,1.0,227,7.327
4b54751a-13a1-464a-a726-0f36c5228d89,2026-06-08T22:47:07,1675,1675,0,1.0,227,7.331
4b54751a-13a1-464a-a726-0f36c5228d89,2026-06-08T22:47:07,1675,1675,0,1.0,227,7.331
4b54751a-13a1-464a-a726-0f36c5228d89,2026-06-08T22:47:07,1675,1675,0,1.0,227,7.331
4b54751a-13a1-464a-a726-0f36c5228d89,2026-06-08T22:47:07,1675,1675,0,1.0,227,7.331
4b54751a-13a1-464a-a726-0f36c5228d89,2026-06-08T22:47:08,1675,1675,0,1.0,227,7.331
4b54751a-13a1-464a-a726-0f36c5228d89,2026-06-08T22:47:08,1675,1675,0,1.0,227,7.331
4b54751a-13a1-464a-a726-0f36c5228d89,2026-06-08T22:47:08,1675,1675,0,1.0,227,7.331
4b54751a-13a1-464a-a726-0f36c5228d89,2026-06-08T22:47:08,1675,1675,0,1.0,227,7.331
4b54751a-13a1-464a-a726-0f36c5228d89,2026-06-08T22:47:08,1675,1675,0,1.0,227,7.331
4b54751a-13a1-464a-a726-0f36c5228d89,2026-06-08T22:47:08,1675,1675,0,1.0,227,7.331
4b54751a-13a1-464a-a726-0f36c5228d89,2026-06-08T22:47:08,1675,1675,0,1.0,227,7.331
4b54751a-13a1-464a-a726-0f36c5228d89,2026-06-08T22:47:08,1675,1675,0,1.0,227,7.331
4b54751a-13a1-464a-a726-0f36c5228d89,2026-06-08T22:47:08,1675,1675,0,1.0,227,7.331
4b54751a-13a1-464a-a726-0f36c5228d89,2026-06-08T22:47:08,1673,1673,0,1.0,227,7.331
4b54751a-13a1-464a-a726-0f36c5228d89,2026-06-08T22:47:08,1673,1673,0,1.0,227,7.331
4b54751a-13a1-464a-a726-0f36c5228d89,2026-06-08T22:47:09,1675,1675,0,1.0,227,7.331
4b54751a-13a1-464a-a726-0f36c5228d89,2026-06-08T22:47:09,1675,1675,0,1.0,227,7.331
4b54751a-13a1-464a-a726-0f36c5228d89,2026-06-08T22:47:09,1675,1675,0,1.0,227,7.331
4b54751a-13a1-464a-a726-0f36c5228d89,2026-06-08T22:47:09,1675,1675,0,1.0,227,7.331
4b54751a-13a1-464a-a726-0f36c5228d89,2026-06-08T22:47:09,1673,1673,0,1.0,227,7.331
4b54751a-13a1-464a-a726-0f36c5228d89,2026-06-08T22:47:09,1673,1673,0,1.0,227,7.331
4b54751a-13a1-464a-a726-0f36c5228d89,2026-06-08T22:47:09,1675,1675,0,1.0,227,7.331
4b54751a-13a1-464a-a726-0f36c5228d89,2026-06-08T22:47:09,1675,1675,0,1.0,227,7.331
4b54751a-13a1-464a-a726-0f36c5228d89,2026-06-08T22:47:09,1673,1673,0,1.0,227,7.331
4b54751a-13a1-464a-a726-0f36c5228d89,2026-06-08T22:47:09,1673,1673,0,1.0,227,7.331
4b54751a-13a1-464a-a726-0f36c5228d89,2026-06-08T22:47:09,1673,1673,0,1.0,227,7.331
4b54751a-13a1-464a-a726-0f36c5228d89,2026-06-08T22:47:10,1673,1673,0,1.0,227,7.331
4b54751a-13a1-464a-a726-0f36c5228d89,2026-06-08T22:47:10,1673,1673,0,1.0,227,7.331
4b54751a-13a1-464a-a726-0f36c5228d89,2026-06-08T22:47:10,1673,1673,0,1.0,227,7.331
4b54751a-13a1-464a-a726-0f36c5228d89,2026-06-08T22:47:10,1673,1673,0,1.0,227,7.331
4b54751a-13a1-464a-a726-0f36c5228d89,2026-06-08T22:47:10,1671,1671,0,1.0,227,7.331
4b54751a-13a1-464a-a726-0f36c5228d89,2026-06-08T22:47:10,1671,1671,0,1.0,227,7.331
4b54751a-13a1-464a-a726-0f36c5228d89,2026-06-08T22:47:10,1671,1671,0,1.0,227,7.331
4b54751a-13a1-464a-a726-0f36c5228d89,2026-06-08T22:47:10,1671,1671,0,1.0,227,7.331
4b54751a-13a1-464a-a726-0f36c5228d89,2026-06-08T22:47:10,1671,1671,0,1.0,227,7.323
4b54751a-13a1-464a-a726-0f36c5228d89,2026-06-08T22:47:10,1671,1671,0,1.0,227,7.323
4b54751a-13a1-464a-a726-0f36c5228d89,2026-06-08T22:47:11,1671,1671,0,1.0,227,7.323
4b54751a-13a1-464a-a726-0f36c5228d89,2026-06-08T22:47:11,1671,1671,0,1.0,227,7.323
4b54751a-13a1-464a-a726-0f36c5228d89,2026-06-08T22:47:11,1671,1671,0,1.0,227,7.323
4b54751a-13a1-464a-a726-0f36c5228d89,2026-06-08T22:47:11,1671,1671,0,1.0,227,7.323
4b54751a-13a1-464a-a726-0f36c5228d89,2026-06-08T22:47:11,1671,1671,0,1.0,227,7.323
4b54751a-13a1-464a-a726-0f36c5228d89,2026-06-08T22:47:11,1671,1671,0,1.0,227,7.323
4b54751a-13a1-464a-a726-0f36c5228d89,2026-06-08T22:47:11,1671,1671,0,1.0,227,7.323
4b54751a-13a1-464a-a726-0f36c5228d89,2026-06-08T22:47:11,1671,1671,0,1.0,227,7.323
4b54751a-13a1-464a-a726-0f36c5228d89,2026-06-08T22:47:11,1671,1671,0,1.0,227,7.323
4b54751a-13a1-464a-a726-0f36c5228d89,2026-06-08T22:47:11,1671,1671,0,1.0,227,7.323
4b54751a-13a1-464a-a726-0f36c5228d89,2026-06-08T22:47:12,1671,1671,0,1.0,227,7.323
4b54751a-13a1-464a-a726-0f36c5228d89,2026-06-08T22:47:12,1671,1671,0,1.0,227,7.323
4b54751a-13a1-464a-a726-0f36c5228d89,2026-06-08T22:47:12,1671,1671,0,1.0,227,7.323
4b54751a-13a1-464a-a726-0f36c5228d89,2026-06-08T22:47:12,1671,1671,0,1.0,227,7.323
4b54751a-13a1-464a-a726-0f36c5228d89,2026-06-08T22:47:12,1671,1671,0,1.0,227,7.323
4b54751a-13a1-464a-a726-0f36c5228d89,2026-06-08T22:47:12,1671,1671,0,1.0,227,7.323
4b54751a-13a1-464a-a726-0f36c5228d89,2026-06-08T22:47:12,1671,1671,0,1.0,227,7.323
4b54751a-13a1-464a-a726-0f36c5228d89,2026-06-08T22:47:12,1671,1671,0,1.0,227,7.323
4b54751a-13a1-464a-a726-0f36c5228d89,2026-06-08T22:47:12,1671,1671,0,1.0,227,7.323
4b54751a-13a1-464a-a726-0f36c5228d89,2026-06-08T22:47:12,1671,1671,0,1.0,227,7.323
4b54751a-13a1-464a-a726-0f36c5228d89,2026-06-08T22:47:13,1671,1671,0,1.0,227,7.323
4b54751a-13a1-464a-a726-0f36c5228d89,2026-06-08T22:47:13,1671,1671,0,1.0,227,7.323
4b54751a-13a1-464a-a726-0f36c5228d89,2026-06-08T22:47:13,1671,1671,0,1.0,227,7.323
4b54751a-13a1-464a-a726-0f36c5228d89,2026-06-08T22:47:13,1671,1671,0,1.0,227,7.323
4b54751a-13a1-464a-a726-0f36c5228d89,2026-06-08T22:47:13,1671,1671,0,1.0,227,7.323
4b54751a-13a1-464a-a726-0f36c5228d89,2026-06-08T22:47:13,1671,1671,0,1.0,227,7.323
4b54751a-13a1-464a-a726-0f36c5228d89,2026-06-08T22:47:13,1673,1673,0,1.0,227,7.323
4b54751a-13a1-464a-a726-0f36c5228d89,2026-06-08T22:47:13,1673,1673,0,1.0,227,7.323
4b54751a-13a1-464a-a726-0f36c5228d89,2026-06-08T22:47:13,1673,1673,0,1.0,227,7.323
4b54751a-13a1-464a-a726-0f36c5228d89,2026-06-08T22:47:14,1671,1671,0,1.0,227,7.323
4b54751a-13a1-464a-a726-0f36c5228d89,2026-06-08T22:47:14,1673,1673,0,1.0,227,7.323
4b54751a-13a1-464a-a726-0f36c5228d89,2026-06-08T22:47:14,1673,1673,0,1.0,227,7.323
4b54751a-13a1-464a-a726-0f36c5228d89,2026-06-08T22:47:14,1673,1673,0,1.0,227,7.323
4b54751a-13a1-464a-a726-0f36c5228d89,2026-06-08T22:47:14,1673,1673,0,1.0,227,7.323
4b54751a-13a1-464a-a726-0f36c5228d89,2026-06-08T22:47:14,1671,1671,0,1.0,227,7.323
4b54751a-13a1-464a-a726-0f36c5228d89,2026-06-08T22:47:14,1671,1671,0,1.0,227,7.323
4b54751a-13a1-464a-a726-0f36c5228d89,2026-06-08T22:47:14,1671,1671,0,1.0,227,7.323
4b54751a-13a1-464a-a726-0f36c5228d89,2026-06-08T22:47:14,1673,1673,0,1.0,227,7.323
4b54751a-13a1-464a-a726-0f36c5228d89,2026-06-08T22:47:14,1673,1673,0,1.0,227,7.323
4b54751a-13a1-464a-a726-0f36c5228d89,2026-06-08T22:47:15,1673,1673,0,1.0,227,7.323
4b54751a-13a1-464a-a726-0f36c5228d89,2026-06-08T22:47:15,1673,1673,0,1.0,227,7.323
4b54751a-13a1-464a-a726-0f36c5228d89,2026-06-08T22:47:15,1673,1673,0,1.0,227,7.323
4b54751a-13a1-464a-a726-0f36c5228d89,2026-06-08T22:47:15,1673,1673,0,1.0,227,7.323
4b54751a-13a1-464a-a726-0f36c5228d89,2026-06-08T22:47:15,1671,1671,0,1.0,227,7.323
4b54751a-13a1-464a-a726-0f36c5228d89,2026-06-08T22:47:15,1671,1671,0,1.0,227,7.323
4b54751a-13a1-464a-a726-0f36c5228d89,2026-06-08T22:47:15,1671,1671,0,1.0,227,7.323
4b54751a-13a1-464a-a726-0f36c5228d89,2026-06-08T22:47:15,1671,1671,0,1.0,227,7.323
4b54751a-13a1-464a-a726-0f36c5228d89,2026-06-08T22:47:15,1669,1669,0,1.0,227,7.323
4b54751a-13a1-464a-a726-0f36c5228d89,2026-06-08T22:47:15,1669,1669,0,1.0,227,7.323
4b54751a-13a1-464a-a726-0f36c5228d89,2026-06-08T22:47:16,1667,1667,0,1.0,227,7.323
4b54751a-13a1-464a-a726-0f36c5228d89,2026-06-08T22:47:16,1669,1669,0,1.0,227,7.323
4b54751a-13a1-464a-a726-0f36c5228d89,2026-06-08T22:47:16,1669,1669,0,1.0,227,7.323
4b54751a-13a1-464a-a726-0f36c5228d89,2026-06-08T22:47:16,1669,1669,0,1.0,227,7.323
4b54751a-13a1-464a-a726-0f36c5228d89,2026-06-08T22:47:16,1671,1671,0,1.0,227,7.323
4b54751a-13a1-464a-a726-0f36c5228d89,2026-06-08T22:47:16,1671,1671,0,1.0,227,7.323
4b54751a-13a1-464a-a726-0f36c5228d89,2026-06-08T22:47:16,1673,1673,0,1.0,227,7.323
4b54751a-13a1-464a-a726-0f36c5228d89,2026-06-08T22:47:16,1673,1673,0,1.0,227,7.323
4b54751a-13a1-464a-a726-0f36c5228d89,2026-06-08T22:47:16,1673,1673,0,1.0,227,7.323
4b54751a-13a1-464a-a726-0f36c5228d89,2026-06-08T22:47:16,1673,1673,0,1.0,227,7.323
4b54751a-13a1-464a-a726-0f36c5228d89,2026-06-08T22:47:17,1671,1671,0,1.0,227,7.323
4b54751a-13a1-464a-a726-0f36c5228d89,2026-06-08T22:47:17,1671,1671,0,1.0,227,7.323
4b54751a-13a1-464a-a726-0f36c5228d89,2026-06-08T22:47:17,1671,1671,0,1.0,227,7.327
4b54751a-13a1-464a-a726-0f36c5228d89,2026-06-08T22:47:17,1671,1671,0,1.0,227,7.327
4b54751a-13a1-464a-a726-0f36c5228d89,2026-06-08T22:47:17,1671,1671,0,1.0,227,7.327
4b54751a-13a1-464a-a726-0f36c5228d89,2026-06-08T22:47:17,1671,1671,0,1.0,227,7.327
4b54751a-13a1-464a-a726-0f36c5228d89,2026-06-08T22:47:17,1671,1671,0,1.0,227,7.327
4b54751a-13a1-464a-a726-0f36c5228d89,2026-06-08T22:47:17,1671,1671,0,1.0,227,7.327
4b54751a-13a1-464a-a726-0f36c5228d89,2026-06-08T22:47:17,1671,1671,0,1.0,227,7.327
4b54751a-13a1-464a-a726-0f36c5228d89,2026-06-08T22:47:18,1671,1671,0,1.0,227,7.327
4b54751a-13a1-464a-a726-0f36c5228d89,2026-06-08T22:47:18,1671,1671,0,1.0,227,7.327
4b54751a-13a1-464a-a726-0f36c5228d89,2026-06-08T22:47:18,1671,1671,0,1.0,227,7.327
4b54751a-13a1-464a-a726-0f36c5228d89,2026-06-08T22:47:18,1671,1671,0,1.0,227,7.327
4b54751a-13a1-464a-a726-0f36c5228d89,2026-06-08T22:47:18,1671,1671,0,1.0,227,7.327
4b54751a-13a1-464a-a726-0f36c5228d89,2026-06-08T22:47:18,1671,1671,0,1.0,227,7.327
4b54751a-13a1-464a-a726-0f36c5228d89,2026-06-08T22:47:18,1671,1671,0,1.0,227,7.327
4b54751a-13a1-464a-a726-0f36c5228d89,2026-06-08T22:47:18,1671,1671,0,1.0,227,7.327
4b54751a-13a1-464a-a726-0f36c5228d89,2026-06-08T22:47:18,1671,1671,0,1.0,227,7.323
4b54751a-13a1-464a-a726-0f36c5228d89,2026-06-08T22:47:18,1671,1671,0,1.0,227,7.323
4b54751a-13a1-464a-a726-0f36c5228d89,2026-06-08T22:47:18,1673,1673,0,1.0,227,7.323
4b54751a-13a1-464a-a726-0f36c5228d89,2026-06-08T22:47:19,1673,1673,0,1.0,227,7.323
4b54751a-13a1-464a-a726-0f36c5228d89,2026-06-08T22:47:19,1671,1671,0,1.0,227,7.323
4b54751a-13a1-464a-a726-0f36c5228d89,2026-06-08T22:47:19,1671,1671,0,1.0,227,7.323
4b54751a-13a1-464a-a726-0f36c5228d89,2026-06-08T22:47:19,1673,1673,0,1.0,227,7.323
4b54751a-13a1-464a-a726-0f36c5228d89,2026-06-08T22:47:19,1671,1671,0,1.0,227,7.323
4b54751a-13a1-464a-a726-0f36c5228d89,2026-06-08T22:47:19,1671,1671,0,1.0,227,7.323
4b54751a-13a1-464a-a726-0f36c5228d89,2026-06-08T22:47:20,1671,1671,0,1.0,227,7.323
4b54751a-13a1-464a-a726-0f36c5228d89,2026-06-08T22:47:20,1671,1671,0,1.0,227,7.323
4b54751a-13a1-464a-a726-0f36c5228d89,2026-06-08T22:47:20,1671,1671,0,1.0,227,7.323
4b54751a-13a1-464a-a726-0f36c5228d89,2026-06-08T22:47:20,1671,1671,0,1.0,227,7.323
4b54751a-13a1-464a-a726-0f36c5228d89,2026-06-08T22:47:20,1231,1662,1117,0.74,227,7.323
4b54751a-13a1-464a-a726-0f36c5228d89,2026-06-08T22:47:20,1231,1662,1117,0.74,227,7.323
4b54751a-13a1-464a-a726-0f36c5228d89,2026-06-08T22:47:20,1231,1662,1117,0.74,227,7.323
4b54751a-13a1-464a-a726-0f36c5228d89,2026-06-08T22:47:20,35,1662,1662,0.02,227,7.323
4b54751a-13a1-464a-a726-0f36c5228d89,2026-06-08T22:47:20,35,1662,1662,0.02,227,7.323
4b54751a-13a1-464a-a726-0f36c5228d89,2026-06-08T22:47:21,22,1662,1662,0.01,227,7.323
4b54751a-13a1-464a-a726-0f36c5228d89,2026-06-08T22:47:21,22,1689,1689,0.01,231,7.323
4b54751a-13a1-464a-a726-0f36c5228d89,2026-06-08T22:47:21,2,1689,1689,0.0,231,7.323
4b54751a-13a1-464a-a726-0f36c5228d89,2026-06-08T22:47:21,2,1689,1689,0.0,231,7.323
4b54751a-13a1-464a-a726-0f36c5228d89,2026-06-08T22:47:21,5,1689,1689,0.0,231,7.323
4b54751a-13a1-464a-a726-0f36c5228d89,2026-06-08T22:47:21,5,1689,1689,0.0,231,7.323
4b54751a-13a1-464a-a726-0f36c5228d89,2026-06-08T22:47:21,5,1689,1689,0.0,231,7.323
4b54751a-13a1-464a-a726-0f36c5228d89,2026-06-08T22:47:21,5,1689,1689,0.0,231,7.323
4b54751a-13a1-464a-a726-0f36c5228d89,2026-06-08T22:47:22,4,1689,1689,0.0,231,7.323
4b54751a-13a1-464a-a726-0f36c5228d89,2026-06-08T22:47:22,4,1689,1689,0.0,231,7.323
4b54751a-13a1-464a-a726-0f36c5228d89,2026-06-08T22:47:22,4,1689,1689,0.0,231,7.323
4b54751a-13a1-464a-a726-0f36c5228d89,2026-06-08T22:47:22,4,1689,1689,0.0,231,7.323
4b54751a-13a1-464a-a726-0f36c5228d89,2026-06-08T22:47:22,5,1689,1689,0.0,231,7.323
4b54751a-13a1-464a-a726-0f36c5228d89,2026-06-08T22:47:22,5,1689,1689,0.0,231,7.323
4b54751a-13a1-464a-a726-0f36c5228d89,2026-06-08T22:47:22,5,1689,1689,0.0,231,7.323
4b54751a-13a1-464a-a726-0f36c5228d89,2026-06-08T22:47:22,4,10,9,0.41,231,0.044
4b54751a-13a1-464a-a726-0f36c5228d89,2026-06-08T22:47:22,4,10,9,0.41,231,0.044
4b54751a-13a1-464a-a726-0f36c5228d89,2026-06-08T22:47:23,4,10,9,0.42,231,0.044
4b54751a-13a1-464a-a726-0f36c5228d89,2026-06-08T22:47:23,4,10,9,0.42,231,0.044
4b54751a-13a1-464a-a726-0f36c5228d89,2026-06-08T22:47:23,4,10,9,0.42,231,0.044
4b54751a-13a1-464a-a726-0f36c5228d89,2026-06-08T22:47:23,4,10,9,0.43,231,0.044
4b54751a-13a1-464a-a726-0f36c5228d89,2026-06-08T22:47:23,4,10,9,0.43,231,0.044
4b54751a-13a1-464a-a726-0f36c5228d89,2026-06-08T22:47:23,4,10,9,0.43,231,0.044
4b54751a-13a1-464a-a726-0f36c5228d89,2026-06-08T22:47:23,4,10,9,0.43,231,0.044
4b54751a-13a1-464a-a726-0f36c5228d89,2026-06-08T22:47:23,4,10,9,0.43,231,0.044
4b54751a-13a1-464a-a726-0f36c5228d89,2026-06-08T22:47:23,4,10,9,0.43,231,0.044
4b54751a-13a1-464a-a726-0f36c5228d89,2026-06-08T22:47:23,4,10,9,0.41,231,0.044
4b54751a-13a1-464a-a726-0f36c5228d89,2026-06-08T22:47:23,4,10,9,0.41,231,0.044
4b54751a-13a1-464a-a726-0f36c5228d89,2026-06-08T22:47:23,4,10,9,0.41,231,0.044
4b54751a-13a1-464a-a726-0f36c5228d89,2026-06-08T22:47:24,5,10,9,0.44,231,0.044
4b54751a-13a1-464a-a726-0f36c5228d89,2026-06-08T22:47:24,5,10,9,0.44,231,0.044
4b54751a-13a1-464a-a726-0f36c5228d89,2026-06-08T22:47:24,5,10,9,0.44,231,0.044
4b54751a-13a1-464a-a726-0f36c5228d89,2026-06-08T22:47:24,4,10,9,0.42,231,0.044
4b54751a-13a1-464a-a726-0f36c5228d89,2026-06-08T22:47:24,4,10,9,0.42,231,0.044
4b54751a-13a1-464a-a726-0f36c5228d89,2026-06-08T22:47:24,4,10,9,0.42,231,0.044
4b54751a-13a1-464a-a726-0f36c5228d89,2026-06-08T22:47:24,4,10,9,0.42,231,0.044
4b54751a-13a1-464a-a726-0f36c5228d89,2026-06-08T22:47:24,4,10,9,0.43,231,0.044
4b54751a-13a1-464a-a726-0f36c5228d89,2026-06-08T22:47:24,4,10,9,0.43,231,0.044
4b54751a-13a1-464a-a726-0f36c5228d89,2026-06-08T22:47:25,4,10,9,0.43,231,0.044
4b54751a-13a1-464a-a726-0f36c5228d89,2026-06-08T22:47:25,5,10,9,0.44,231,0.044
4b54751a-13a1-464a-a726-0f36c5228d89,2026-06-08T22:47:25,5,10,9,0.44,231,0.044
4b54751a-13a1-464a-a726-0f36c5228d89,2026-06-08T22:47:25,5,10,9,0.44,231,0.044
4b54751a-13a1-464a-a726-0f36c5228d89,2026-06-08T22:47:25,5,10,9,0.44,231,0.044
4b54751a-13a1-464a-a726-0f36c5228d89,2026-06-08T22:47:25,5,10,9,0.44,231,0.044
4b54751a-13a1-464a-a726-0f36c5228d89,2026-06-08T22:47:25,4,10,9,0.42,231,0.044
4b54751a-13a1-464a-a726-0f36c5228d89,2026-06-08T22:47:25,4,10,9,0.42,231,0.044
4b54751a-13a1-464a-a726-0f36c5228d89,2026-06-08T22:47:25,4,10,9,0.42,231,0.044
4b54751a-13a1-464a-a726-0f36c5228d89,2026-06-08T22:47:26,4,10,9,0.42,231,0.044
4b54751a-13a1-464a-a726-0f36c5228d89,2026-06-08T22:47:26,4,10,9,0.43,231,0.044
4b54751a-13a1-464a-a726-0f36c5228d89,2026-06-08T22:47:26,4,10,9,0.43,231,0.044
4b54751a-13a1-464a-a726-0f36c5228d89,2026-06-08T22:47:26,4,10,9,0.43,231,0.044
4b54751a-13a1-464a-a726-0f36c5228d89,2026-06-08T22:47:26,4,10,9,0.43,231,0.044
4b54751a-13a1-464a-a726-0f36c5228d89,2026-06-08T22:47:26,4,10,9,0.43,231,0.044
4b54751a-13a1-464a-a726-0f36c5228d89,2026-06-08T22:47:26,4,10,9,0.43,231,0.044
4b54751a-13a1-464a-a726-0f36c5228d89,2026-06-08T22:47:26,5,10,9,0.44,231,0.044
4b54751a-13a1-464a-a726-0f36c5228d89,2026-06-08T22:47:26,5,10,9,0.44,231,0.044
4b54751a-13a1-464a-a726-0f36c5228d89,2026-06-08T22:47:26,5,10,9,0.44,231,0.044
4b54751a-13a1-464a-a726-0f36c5228d89,2026-06-08T22:47:27,5,10,9,0.44,231,0.044
4b54751a-13a1-464a-a726-0f36c5228d89,2026-06-08T22:47:27,4,10,9,0.43,231,0.044
4b54751a-13a1-464a-a726-0f36c5228d89,2026-06-08T22:47:27,4,10,9,0.43,231,0.044
4b54751a-13a1-464a-a726-0f36c5228d89,2026-06-08T22:47:27,4,10,9,0.43,231,0.044
4b54751a-13a1-464a-a726-0f36c5228d89,2026-06-08T22:47:27,4,10,9,0.43,231,0.044
4b54751a-13a1-464a-a726-0f36c5228d89,2026-06-08T22:47:27,4,10,9,0.44,231,0.043
4b54751a-13a1-464a-a726-0f36c5228d89,2026-06-08T22:47:27,4,10,9,0.44,231,0.043
4b54751a-13a1-464a-a726-0f36c5228d89,2026-06-08T22:47:27,4,10,9,0.44,231,0.043
4b54751a-13a1-464a-a726-0f36c5228d89,2026-06-08T22:47:27,4,10,9,0.44,231,0.043
4b54751a-13a1-464a-a726-0f36c5228d89,2026-06-08T22:47:27,4,10,9,0.43,231,0.043
4b54751a-13a1-464a-a726-0f36c5228d89,2026-06-08T22:47:28,4,10,9,0.43,231,0.043
4b54751a-13a1-464a-a726-0f36c5228d89,2026-06-08T22:47:28,4,10,9,0.43,231,0.043
4b54751a-13a1-464a-a726-0f36c5228d89,2026-06-08T22:47:28,4,10,9,0.43,231,0.043
4b54751a-13a1-464a-a726-0f36c5228d89,2026-06-08T22:47:28,4,10,9,0.43,231,0.043
4b54751a-13a1-464a-a726-0f36c5228d89,2026-06-08T22:47:28,4,10,9,0.44,231,0.043
4b54751a-13a1-464a-a726-0f36c5228d89,2026-06-08T22:47:28,4,10,9,0.44,231,0.043
4b54751a-13a1-464a-a726-0f36c5228d89,2026-06-08T22:47:28,4,10,9,0.44,231,0.043
4b54751a-13a1-464a-a726-0f36c5228d89,2026-06-08T22:47:28,626,626,0,1.0,231,0.043
4b54751a-13a1-464a-a726-0f36c5228d89,2026-06-08T22:47:28,626,626,0,1.0,231,0.043
4b54751a-13a1-464a-a726-0f36c5228d89,2026-06-08T22:47:28,626,626,0,1.0,231,0.043
4b54751a-13a1-464a-a726-0f36c5228d89,2026-06-08T22:47:29,1697,1697,0,1.0,231,0.043
4b54751a-13a1-464a-a726-0f36c5228d89,2026-06-08T22:47:29,1697,1697,0,1.0,231,0.043
4b54751a-13a1-464a-a726-0f36c5228d89,2026-06-08T22:47:29,1678,1698,260,0.99,231,7.361
4b54751a-13a1-464a-a726-0f36c5228d89,2026-06-08T22:47:29,1678,1698,260,0.99,231,7.361
4b54751a-13a1-464a-a726-0f36c5228d89,2026-06-08T22:47:29,1678,1698,260,0.99,231,7.361
4b54751a-13a1-464a-a726-0f36c5228d89,2026-06-08T22:47:29,1678,1698,260,0.99,231,7.361
4b54751a-13a1-464a-a726-0f36c5228d89,2026-06-08T22:47:29,1678,1698,260,0.99,231,7.361
4b54751a-13a1-464a-a726-0f36c5228d89,2026-06-08T22:47:29,1678,1698,260,0.99,231,7.361
4b54751a-13a1-464a-a726-0f36c5228d89,2026-06-08T22:47:29,1678,1698,260,0.99,231,7.361
4b54751a-13a1-464a-a726-0f36c5228d89,2026-06-08T22:47:29,1678,1698,260,0.99,231,7.361
4b54751a-13a1-464a-a726-0f36c5228d89,2026-06-08T22:47:30,1678,1678,0,1.0,227,7.361
4b54751a-13a1-464a-a726-0f36c5228d89,2026-06-08T22:47:30,1678,1678,0,1.0,227,7.361
4b54751a-13a1-464a-a726-0f36c5228d89,2026-06-08T22:47:30,1678,1678,0,1.0,227,7.361
4b54751a-13a1-464a-a726-0f36c5228d89,2026-06-08T22:47:30,1678,1678,0,1.0,227,7.361
4b54751a-13a1-464a-a726-0f36c5228d89,2026-06-08T22:47:30,1676,1676,0,1.0,227,7.361
4b54751a-13a1-464a-a726-0f36c5228d89,2026-06-08T22:47:30,1676,1676,0,1.0,227,7.361
4b54751a-13a1-464a-a726-0f36c5228d89,2026-06-08T22:47:30,1676,1676,0,1.0,227,7.361
4b54751a-13a1-464a-a726-0f36c5228d89,2026-06-08T22:47:30,1676,1676,0,1.0,227,7.361
4b54751a-13a1-464a-a726-0f36c5228d89,2026-06-08T22:47:30,1676,1676,0,1.0,227,7.348
4b54751a-13a1-464a-a726-0f36c5228d89,2026-06-08T22:47:31,1676,1676,0,1.0,227,7.348
4b54751a-13a1-464a-a726-0f36c5228d89,2026-06-08T22:47:31,1676,1676,0,1.0,227,7.348
4b54751a-13a1-464a-a726-0f36c5228d89,2026-06-08T22:47:31,1676,1676,0,1.0,227,7.348
4b54751a-13a1-464a-a726-0f36c5228d89,2026-06-08T22:47:31,1676,1676,0,1.0,227,7.348
4b54751a-13a1-464a-a726-0f36c5228d89,2026-06-08T22:47:31,1676,1676,0,1.0,227,7.348
4b54751a-13a1-464a-a726-0f36c5228d89,2026-06-08T22:47:31,1675,1675,0,1.0,227,7.348
4b54751a-13a1-464a-a726-0f36c5228d89,2026-06-08T22:47:31,1675,1675,0,1.0,227,7.348
4b54751a-13a1-464a-a726-0f36c5228d89,2026-06-08T22:47:31,1675,1675,0,1.0,227,7.348
4b54751a-13a1-464a-a726-0f36c5228d89,2026-06-08T22:47:31,1675,1675,0,1.0,227,7.348
4b54751a-13a1-464a-a726-0f36c5228d89,2026-06-08T22:47:31,1675,1675,0,1.0,227,7.348
4b54751a-13a1-464a-a726-0f36c5228d89,2026-06-08T22:47:32,1675,1675,0,1.0,227,7.348
4b54751a-13a1-464a-a726-0f36c5228d89,2026-06-08T22:47:32,1675,1675,0,1.0,227,7.348
4b54751a-13a1-464a-a726-0f36c5228d89,2026-06-08T22:47:32,1675,1675,0,1.0,227,7.348
4b54751a-13a1-464a-a726-0f36c5228d89,2026-06-08T22:47:32,1675,1675,0,1.0,227,7.336
4b54751a-13a1-464a-a726-0f36c5228d89,2026-06-08T22:47:32,1675,1675,0,1.0,227,7.336
4b54751a-13a1-464a-a726-0f36c5228d89,2026-06-08T22:47:32,1675,1675,0,1.0,227,7.336
4b54751a-13a1-464a-a726-0f36c5228d89,2026-06-08T22:47:32,1675,1675,0,1.0,227,7.336
4b54751a-13a1-464a-a726-0f36c5228d89,2026-06-08T22:47:32,1675,1675,0,1.0,227,7.336
4b54751a-13a1-464a-a726-0f36c5228d89,2026-06-08T22:47:32,1675,1675,0,1.0,227,7.336
4b54751a-13a1-464a-a726-0f36c5228d89,2026-06-08T22:47:32,1675,1675,0,1.0,227,7.336
4b54751a-13a1-464a-a726-0f36c5228d89,2026-06-08T22:47:33,1675,1675,0,1.0,227,7.336
4b54751a-13a1-464a-a726-0f36c5228d89,2026-06-08T22:47:33,1675,1675,0,1.0,227,7.336
4b54751a-13a1-464a-a726-0f36c5228d89,2026-06-08T22:47:33,1675,1675,0,1.0,227,7.336
4b54751a-13a1-464a-a726-0f36c5228d89,2026-06-08T22:47:33,1675,1675,0,1.0,227,7.336
4b54751a-13a1-464a-a726-0f36c5228d89,2026-06-08T22:47:33,1673,1673,0,1.0,227,7.336
4b54751a-13a1-464a-a726-0f36c5228d89,2026-06-08T22:47:33,1673,1673,0,1.0,227,7.336
4b54751a-13a1-464a-a726-0f36c5228d89,2026-06-08T22:47:33,1673,1673,0,1.0,227,7.336
4b54751a-13a1-464a-a726-0f36c5228d89,2026-06-08T22:47:33,1673,1673,0,1.0,227,7.336
4b54751a-13a1-464a-a726-0f36c5228d89,2026-06-08T22:47:33,1675,1675,0,1.0,227,7.336
4b54751a-13a1-464a-a726-0f36c5228d89,2026-06-08T22:47:33,1675,1675,0,1.0,227,7.336
4b54751a-13a1-464a-a726-0f36c5228d89,2026-06-08T22:47:33,1673,1673,0,1.0,227,7.331
4b54751a-13a1-464a-a726-0f36c5228d89,2026-06-08T22:47:34,1673,1673,0,1.0,227,7.331
4b54751a-13a1-464a-a726-0f36c5228d89,2026-06-08T22:47:34,1675,1675,0,1.0,227,7.331
4b54751a-13a1-464a-a726-0f36c5228d89,2026-06-08T22:47:34,1675,1675,0,1.0,227,7.331
4b54751a-13a1-464a-a726-0f36c5228d89,2026-06-08T22:47:34,1673,1673,0,1.0,227,7.331
4b54751a-13a1-464a-a726-0f36c5228d89,2026-06-08T22:47:34,1673,1673,0,1.0,227,7.331
4b54751a-13a1-464a-a726-0f36c5228d89,2026-06-08T22:47:34,1673,1673,0,1.0,227,7.331
4b54751a-13a1-464a-a726-0f36c5228d89,2026-06-08T22:47:34,1673,1673,0,1.0,227,7.331
4b54751a-13a1-464a-a726-0f36c5228d89,2026-06-08T22:47:34,1673,1673,0,1.0,227,7.331
4b54751a-13a1-464a-a726-0f36c5228d89,2026-06-08T22:47:34,1673,1673,0,1.0,227,7.331
4b54751a-13a1-464a-a726-0f36c5228d89,2026-06-08T22:47:35,1673,1673,0,1.0,227,7.331
4b54751a-13a1-464a-a726-0f36c5228d89,2026-06-08T22:47:35,1673,1673,0,1.0,227,7.331
4b54751a-13a1-464a-a726-0f36c5228d89,2026-06-08T22:47:35,1673,1673,0,1.0,227,7.331
4b54751a-13a1-464a-a726-0f36c5228d89,2026-06-08T22:47:35,1673,1673,0,1.0,227,7.331
4b54751a-13a1-464a-a726-0f36c5228d89,2026-06-08T22:47:35,1673,1673,0,1.0,227,7.331
4b54751a-13a1-464a-a726-0f36c5228d89,2026-06-08T22:47:35,1673,1673,0,1.0,227,7.331
4b54751a-13a1-464a-a726-0f36c5228d89,2026-06-08T22:47:35,1673,1673,0,1.0,227,7.327
4b54751a-13a1-464a-a726-0f36c5228d89,2026-06-08T22:47:35,1673,1673,0,1.0,227,7.327
4b54751a-13a1-464a-a726-0f36c5228d89,2026-06-08T22:47:35,1673,1673,0,1.0,227,7.327
4b54751a-13a1-464a-a726-0f36c5228d89,2026-06-08T22:47:35,1673,1673,0,1.0,227,7.327
4b54751a-13a1-464a-a726-0f36c5228d89,2026-06-08T22:47:35,1673,1673,0,1.0,227,7.327
4b54751a-13a1-464a-a726-0f36c5228d89,2026-06-08T22:47:36,1673,1673,0,1.0,227,7.327
4b54751a-13a1-464a-a726-0f36c5228d89,2026-06-08T22:47:36,1673,1673,0,1.0,227,7.327
4b54751a-13a1-464a-a726-0f36c5228d89,2026-06-08T22:47:36,1673,1673,0,1.0,227,7.327
4b54751a-13a1-464a-a726-0f36c5228d89,2026-06-08T22:47:36,1673,1673,0,1.0,227,7.327
4b54751a-13a1-464a-a726-0f36c5228d89,2026-06-08T22:47:36,1673,1673,0,1.0,227,7.327
4b54751a-13a1-464a-a726-0f36c5228d89,2026-06-08T22:47:36,1673,1673,0,1.0,227,7.327
4b54751a-13a1-464a-a726-0f36c5228d89,2026-06-08T22:47:36,1673,1673,0,1.0,227,7.327
4b54751a-13a1-464a-a726-0f36c5228d89,2026-06-08T22:47:36,1673,1673,0,1.0,227,7.327
4b54751a-13a1-464a-a726-0f36c5228d89,2026-06-08T22:47:36,1673,1673,0,1.0,227,7.327
4b54751a-13a1-464a-a726-0f36c5228d89,2026-06-08T22:47:36,1671,1671,0,1.0,227,7.327
4b54751a-13a1-464a-a726-0f36c5228d89,2026-06-08T22:47:37,1671,1671,0,1.0,227,7.327
4b54751a-13a1-464a-a726-0f36c5228d89,2026-06-08T22:47:37,1671,1671,0,1.0,227,7.327
4b54751a-13a1-464a-a726-0f36c5228d89,2026-06-08T22:47:37,1671,1671,0,1.0,227,7.327
4b54751a-13a1-464a-a726-0f36c5228d89,2026-06-08T22:47:37,1671,1671,0,1.0,227,7.327
4b54751a-13a1-464a-a726-0f36c5228d89,2026-06-08T22:47:37,1671,1671,0,1.0,227,7.327
4b54751a-13a1-464a-a726-0f36c5228d89,2026-06-08T22:47:37,1671,1671,0,1.0,227,7.327
4b54751a-13a1-464a-a726-0f36c5228d89,2026-06-08T22:47:37,1671,1671,0,1.0,227,7.327
4b54751a-13a1-464a-a726-0f36c5228d89,2026-06-08T22:47:37,1673,1673,0,1.0,227,7.327
4b54751a-13a1-464a-a726-0f36c5228d89,2026-06-08T22:47:38,1673,1673,0,1.0,227,7.327
4b54751a-13a1-464a-a726-0f36c5228d89,2026-06-08T22:47:38,1673,1673,0,1.0,227,7.327
4b54751a-13a1-464a-a726-0f36c5228d89,2026-06-08T22:47:38,1673,1673,0,1.0,227,7.327
4b54751a-13a1-464a-a726-0f36c5228d89,2026-06-08T22:47:38,1673,1673,0,1.0,227,7.327
4b54751a-13a1-464a-a726-0f36c5228d89,2026-06-08T22:47:38,1673,1673,0,1.0,227,7.327
4b54751a-13a1-464a-a726-0f36c5228d89,2026-06-08T22:47:38,1673,1673,0,1.0,227,7.327
4b54751a-13a1-464a-a726-0f36c5228d89,2026-06-08T22:47:38,1673,1673,0,1.0,227,7.327
4b54751a-13a1-464a-a726-0f36c5228d89,2026-06-08T22:47:38,1673,1673,0,1.0,227,7.331
4b54751a-13a1-464a-a726-0f36c5228d89,2026-06-08T22:47:39,1667,1667,0,1.0,227,7.331
4b54751a-13a1-464a-a726-0f36c5228d89,2026-06-08T22:47:39,1667,1667,0,1.0,227,7.331
4b54751a-13a1-464a-a726-0f36c5228d89,2026-06-08T22:47:39,1671,1671,0,1.0,227,7.331
4b54751a-13a1-464a-a726-0f36c5228d89,2026-06-08T22:47:39,1671,1671,0,1.0,227,7.331
4b54751a-13a1-464a-a726-0f36c5228d89,2026-06-08T22:47:39,1671,1671,0,1.0,227,7.331
4b54751a-13a1-464a-a726-0f36c5228d89,2026-06-08T22:47:39,1671,1671,0,1.0,227,7.331
4b54751a-13a1-464a-a726-0f36c5228d89,2026-06-08T22:47:39,1671,1671,0,1.0,227,7.331
4b54751a-13a1-464a-a726-0f36c5228d89,2026-06-08T22:47:39,1673,1673,0,1.0,227,7.331
4b54751a-13a1-464a-a726-0f36c5228d89,2026-06-08T22:47:39,1673,1673,0,1.0,227,7.331
4b54751a-13a1-464a-a726-0f36c5228d89,2026-06-08T22:47:39,1673,1673,0,1.0,227,7.331
4b54751a-13a1-464a-a726-0f36c5228d89,2026-06-08T22:47:39,1673,1673,0,1.0,227,7.331
4b54751a-13a1-464a-a726-0f36c5228d89,2026-06-08T22:47:40,1673,1673,0,1.0,227,7.331
4b54751a-13a1-464a-a726-0f36c5228d89,2026-06-08T22:47:40,1673,1673,0,1.0,227,7.331
4b54751a-13a1-464a-a726-0f36c5228d89,2026-06-08T22:47:40,1673,1673,0,1.0,227,7.331
4b54751a-13a1-464a-a726-0f36c5228d89,2026-06-08T22:47:40,1673,1673,0,1.0,227,7.331
4b54751a-13a1-464a-a726-0f36c5228d89,2026-06-08T22:47:40,1671,1671,0,1.0,227,7.327
4b54751a-13a1-464a-a726-0f36c5228d89,2026-06-08T22:47:40,1671,1671,0,1.0,227,7.327
4b54751a-13a1-464a-a726-0f36c5228d89,2026-06-08T22:47:40,1671,1671,0,1.0,227,7.327
4b54751a-13a1-464a-a726-0f36c5228d89,2026-06-08T22:47:40,1671,1671,0,1.0,227,7.327
4b54751a-13a1-464a-a726-0f36c5228d89,2026-06-08T22:47:41,1673,1673,0,1.0,227,7.327
4b54751a-13a1-464a-a726-0f36c5228d89,2026-06-08T22:47:41,1673,1673,0,1.0,227,7.327
4b54751a-13a1-464a-a726-0f36c5228d89,2026-06-08T22:47:41,1673,1673,0,1.0,227,7.327
4b54751a-13a1-464a-a726-0f36c5228d89,2026-06-08T22:47:41,1673,1673,0,1.0,227,7.327
4b54751a-13a1-464a-a726-0f36c5228d89,2026-06-08T22:47:41,1671,1671,0,1.0,227,7.327
4b54751a-13a1-464a-a726-0f36c5228d89,2026-06-08T22:47:41,1673,1673,0,1.0,227,7.327
4b54751a-13a1-464a-a726-0f36c5228d89,2026-06-08T22:47:41,1673,1673,0,1.0,227,7.327
4b54751a-13a1-464a-a726-0f36c5228d89,2026-06-08T22:47:41,1673,1673,0,1.0,227,7.327
4b54751a-13a1-464a-a726-0f36c5228d89,2026-06-08T22:47:41,1673,1673,0,1.0,227,7.327
4b54751a-13a1-464a-a726-0f36c5228d89,2026-06-08T22:47:42,1673,1673,0,1.0,227,7.331
4b54751a-13a1-464a-a726-0f36c5228d89,2026-06-08T22:47:42,1673,1673,0,1.0,227,7.331
4b54751a-13a1-464a-a726-0f36c5228d89,2026-06-08T22:47:42,1673,1673,0,1.0,227,7.331
4b54751a-13a1-464a-a726-0f36c5228d89,2026-06-08T22:47:42,1673,1673,0,1.0,227,7.331
4b54751a-13a1-464a-a726-0f36c5228d89,2026-06-08T22:47:42,1673,1673,0,1.0,227,7.331
4b54751a-13a1-464a-a726-0f36c5228d89,2026-06-08T22:47:42,1673,1673,0,1.0,227,7.331
4b54751a-13a1-464a-a726-0f36c5228d89,2026-06-08T22:47:42,1673,1673,0,1.0,227,7.331
4b54751a-13a1-464a-a726-0f36c5228d89,2026-06-08T22:47:42,1673,1673,0,1.0,227,7.331
4b54751a-13a1-464a-a726-0f36c5228d89,2026-06-08T22:47:42,1673,1673,0,1.0,227,7.331
4b54751a-13a1-464a-a726-0f36c5228d89,2026-06-08T22:47:42,1673,1673,0,1.0,227,7.331
4b54751a-13a1-464a-a726-0f36c5228d89,2026-06-08T22:47:43,1673,1673,0,1.0,227,7.331
4b54751a-13a1-464a-a726-0f36c5228d89,2026-06-08T22:47:43,1673,1673,0,1.0,227,7.331
4b54751a-13a1-464a-a726-0f36c5228d89,2026-06-08T22:47:43,1673,1673,0,1.0,227,7.331
4b54751a-13a1-464a-a726-0f36c5228d89,2026-06-08T22:47:43,1673,1673,0,1.0,227,7.331
4b54751a-13a1-464a-a726-0f36c5228d89,2026-06-08T22:47:43,1673,1673,0,1.0,227,7.331
4b54751a-13a1-464a-a726-0f36c5228d89,2026-06-08T22:47:43,1673,1673,0,1.0,227,7.331
4b54751a-13a1-464a-a726-0f36c5228d89,2026-06-08T22:47:43,1673,1673,0,1.0,227,7.327
4b54751a-13a1-464a-a726-0f36c5228d89,2026-06-08T22:47:43,1673,1673,0,1.0,227,7.327
4b54751a-13a1-464a-a726-0f36c5228d89,2026-06-08T22:47:43,1673,1673,0,1.0,227,7.327
4b54751a-13a1-464a-a726-0f36c5228d89,2026-06-08T22:47:43,1673,1673,0,1.0,227,7.327
4b54751a-13a1-464a-a726-0f36c5228d89,2026-06-08T22:47:44,1671,1671,0,1.0,227,7.327
4b54751a-13a1-464a-a726-0f36c5228d89,2026-06-08T22:47:44,1671,1671,0,1.0,227,7.327
4b54751a-13a1-464a-a726-0f36c5228d89,2026-06-08T22:47:44,1673,1673,0,1.0,227,7.327
4b54751a-13a1-464a-a726-0f36c5228d89,2026-06-08T22:47:44,1673,1673,0,1.0,227,7.327
4b54751a-13a1-464a-a726-0f36c5228d89,2026-06-08T22:47:44,1671,1671,0,1.0,227,7.327
4b54751a-13a1-464a-a726-0f36c5228d89,2026-06-08T22:47:44,1671,1671,0,1.0,227,7.327
4b54751a-13a1-464a-a726-0f36c5228d89,2026-06-08T22:47:44,1673,1673,0,1.0,227,7.327
4b54751a-13a1-464a-a726-0f36c5228d89,2026-06-08T22:47:44,1673,1673,0,1.0,227,7.327
4b54751a-13a1-464a-a726-0f36c5228d89,2026-06-08T22:47:44,1673,1673,0,1.0,227,7.327
4b54751a-13a1-464a-a726-0f36c5228d89,2026-06-08T22:47:45,1673,1673,0,1.0,227,7.327
4b54751a-13a1-464a-a726-0f36c5228d89,2026-06-08T22:47:45,1673,1673,0,1.0,227,7.327
4b54751a-13a1-464a-a726-0f36c5228d89,2026-06-08T22:47:45,1673,1673,0,1.0,227,7.327
4b54751a-13a1-464a-a726-0f36c5228d89,2026-06-08T22:47:45,1673,1673,0,1.0,227,7.327
4b54751a-13a1-464a-a726-0f36c5228d89,2026-06-08T22:47:45,1673,1673,0,1.0,227,7.327
4b54751a-13a1-464a-a726-0f36c5228d89,2026-06-08T22:47:45,1673,1673,0,1.0,227,7.327
4b54751a-13a1-464a-a726-0f36c5228d89,2026-06-08T22:47:45,1673,1673,0,1.0,227,7.327
4b54751a-13a1-464a-a726-0f36c5228d89,2026-06-08T22:47:45,1673,1673,0,1.0,227,7.327
4b54751a-13a1-464a-a726-0f36c5228d89,2026-06-08T22:47:45,1673,1673,0,1.0,227,7.327
4b54751a-13a1-464a-a726-0f36c5228d89,2026-06-08T22:47:46,1673,1673,0,1.0,227,7.327
4b54751a-13a1-464a-a726-0f36c5228d89,2026-06-08T22:47:46,1673,1673,0,1.0,227,7.327
4b54751a-13a1-464a-a726-0f36c5228d89,2026-06-08T22:47:46,1673,1673,0,1.0,227,7.327
4b54751a-13a1-464a-a726-0f36c5228d89,2026-06-08T22:47:46,1673,1673,0,1.0,227,7.327
4b54751a-13a1-464a-a726-0f36c5228d89,2026-06-08T22:47:46,1673,1673,0,1.0,227,7.327
4b54751a-13a1-464a-a726-0f36c5228d89,2026-06-08T22:47:46,1673,1673,0,1.0,227,7.327
4b54751a-13a1-464a-a726-0f36c5228d89,2026-06-08T22:47:46,1673,1673,0,1.0,227,7.327
4b54751a-13a1-464a-a726-0f36c5228d89,2026-06-08T22:47:46,1673,1673,0,1.0,227,7.331
4b54751a-13a1-464a-a726-0f36c5228d89,2026-06-08T22:47:46,1673,1673,0,1.0,227,7.331
4b54751a-13a1-464a-a726-0f36c5228d89,2026-06-08T22:47:47,1673,1673,0,1.0,227,7.331
4b54751a-13a1-464a-a726-0f36c5228d89,2026-06-08T22:47:47,1673,1673,0,1.0,227,7.331
4b54751a-13a1-464a-a726-0f36c5228d89,2026-06-08T22:47:47,1673,1673,0,1.0,227,7.331
4b54751a-13a1-464a-a726-0f36c5228d89,2026-06-08T22:47:47,1673,1673,0,1.0,227,7.331
4b54751a-13a1-464a-a726-0f36c5228d89,2026-06-08T22:47:47,1673,1673,0,1.0,227,7.331
4b54751a-13a1-464a-a726-0f36c5228d89,2026-06-08T22:47:47,1673,1673,0,1.0,227,7.331
4b54751a-13a1-464a-a726-0f36c5228d89,2026-06-08T22:47:47,1673,1673,0,1.0,227,7.331
4b54751a-13a1-464a-a726-0f36c5228d89,2026-06-08T22:47:47,1673,1673,0,1.0,227,7.331
4b54751a-13a1-464a-a726-0f36c5228d89,2026-06-08T22:47:47,1673,1673,0,1.0,227,7.331
4b54751a-13a1-464a-a726-0f36c5228d89,2026-06-08T22:47:47,1673,1673,0,1.0,227,7.331
4b54751a-13a1-464a-a726-0f36c5228d89,2026-06-08T22:47:48,1673,1673,0,1.0,227,7.331
4b54751a-13a1-464a-a726-0f36c5228d89,2026-06-08T22:47:48,1673,1673,0,1.0,227,7.331
4b54751a-13a1-464a-a726-0f36c5228d89,2026-06-08T22:47:48,1673,1673,0,1.0,227,7.331
4b54751a-13a1-464a-a726-0f36c5228d89,2026-06-08T22:47:48,1673,1673,0,1.0,227,7.323
4b54751a-13a1-464a-a726-0f36c5228d89,2026-06-08T22:47:48,1673,1673,0,1.0,227,7.323
4b54751a-13a1-464a-a726-0f36c5228d89,2026-06-08T22:47:48,1673,1673,0,1.0,227,7.323
4b54751a-13a1-464a-a726-0f36c5228d89,2026-06-08T22:47:48,1673,1673,0,1.0,227,7.323
4b54751a-13a1-464a-a726-0f36c5228d89,2026-06-08T22:47:48,1673,1673,0,1.0,227,7.323
4b54751a-13a1-464a-a726-0f36c5228d89,2026-06-08T22:47:48,1673,1673,0,1.0,227,7.323
4b54751a-13a1-464a-a726-0f36c5228d89,2026-06-08T22:47:51,1673,1673,0,1.0,227,7.331
4b54751a-13a1-464a-a726-0f36c5228d89,2026-06-08T22:47:51,1673,1673,0,1.0,227,7.331
4b54751a-13a1-464a-a726-0f36c5228d89,2026-06-08T22:47:51,1673,1673,0,1.0,227,7.331
4b54751a-13a1-464a-a726-0f36c5228d89,2026-06-08T22:47:51,1673,1673,0,1.0,227,7.327
4b54751a-13a1-464a-a726-0f36c5228d89,2026-06-08T22:47:51,1673,1673,0,1.0,227,7.327
4b54751a-13a1-464a-a726-0f36c5228d89,2026-06-08T22:47:51,1673,1673,0,1.0,227,7.327
4b54751a-13a1-464a-a726-0f36c5228d89,2026-06-08T22:47:52,1673,1673,0,1.0,227,7.327
4b54751a-13a1-464a-a726-0f36c5228d89,2026-06-08T22:47:52,1673,1673,0,1.0,227,7.327
4b54751a-13a1-464a-a726-0f36c5228d89,2026-06-08T22:47:52,1673,1673,0,1.0,227,7.327
4b54751a-13a1-464a-a726-0f36c5228d89,2026-06-08T22:47:52,1673,1673,0,1.0,227,7.327
4b54751a-13a1-464a-a726-0f36c5228d89,2026-06-08T22:47:52,1673,1673,0,1.0,227,7.327
4b54751a-13a1-464a-a726-0f36c5228d89,2026-06-08T22:47:52,1673,1673,0,1.0,227,7.327
4b54751a-13a1-464a-a726-0f36c5228d89,2026-06-08T22:47:52,1673,1673,0,1.0,227,7.327
4b54751a-13a1-464a-a726-0f36c5228d89,2026-06-08T22:47:52,1673,1673,0,1.0,227,7.327
4b54751a-13a1-464a-a726-0f36c5228d89,2026-06-08T22:47:52,1673,1673,0,1.0,227,7.327
4b54751a-13a1-464a-a726-0f36c5228d89,2026-06-08T22:47:52,1671,1671,0,1.0,227,7.327
4b54751a-13a1-464a-a726-0f36c5228d89,2026-06-08T22:47:53,1671,1671,0,1.0,227,7.327
4b54751a-13a1-464a-a726-0f36c5228d89,2026-06-08T22:47:53,1671,1671,0,1.0,227,7.323
4b54751a-13a1-464a-a726-0f36c5228d89,2026-06-08T22:47:53,1671,1671,0,1.0,227,7.323
4b54751a-13a1-464a-a726-0f36c5228d89,2026-06-08T22:47:53,1671,1671,0,1.0,227,7.323
4b54751a-13a1-464a-a726-0f36c5228d89,2026-06-08T22:47:53,1671,1671,0,1.0,227,7.323
4b54751a-13a1-464a-a726-0f36c5228d89,2026-06-08T22:47:53,1671,1671,0,1.0,227,7.323
4b54751a-13a1-464a-a726-0f36c5228d89,2026-06-08T22:47:53,1671,1671,0,1.0,227,7.323
4b54751a-13a1-464a-a726-0f36c5228d89,2026-06-08T22:47:53,1671,1671,0,1.0,227,7.323
4b54751a-13a1-464a-a726-0f36c5228d89,2026-06-08T22:47:54,1671,1671,0,1.0,227,7.323
4b54751a-13a1-464a-a726-0f36c5228d89,2026-06-08T22:47:54,1671,1671,0,1.0,227,7.323
4b54751a-13a1-464a-a726-0f36c5228d89,2026-06-08T22:47:54,1671,1671,0,1.0,227,7.323
4b54751a-13a1-464a-a726-0f36c5228d89,2026-06-08T22:47:54,1671,1671,0,1.0,227,7.323
4b54751a-13a1-464a-a726-0f36c5228d89,2026-06-08T22:47:54,1671,1671,0,1.0,227,7.323
4b54751a-13a1-464a-a726-0f36c5228d89,2026-06-08T22:47:54,1671,1671,0,1.0,227,7.323
4b54751a-13a1-464a-a726-0f36c5228d89,2026-06-08T22:47:54,1671,1671,0,1.0,227,7.323
4b54751a-13a1-464a-a726-0f36c5228d89,2026-06-08T22:47:54,1671,1671,0,1.0,227,7.323
4b54751a-13a1-464a-a726-0f36c5228d89,2026-06-08T22:47:55,1671,1671,0,1.0,227,7.323
4b54751a-13a1-464a-a726-0f36c5228d89,2026-06-08T22:47:55,1671,1671,0,1.0,227,7.323
4b54751a-13a1-464a-a726-0f36c5228d89,2026-06-08T22:47:55,1671,1671,0,1.0,227,7.323
4b54751a-13a1-464a-a726-0f36c5228d89,2026-06-08T22:47:55,1671,1671,0,1.0,227,7.323
4b54751a-13a1-464a-a726-0f36c5228d89,2026-06-08T22:47:55,1671,1671,0,1.0,227,7.323
4b54751a-13a1-464a-a726-0f36c5228d89,2026-06-08T22:47:55,1671,1671,0,1.0,227,7.323
4b54751a-13a1-464a-a726-0f36c5228d89,2026-06-08T22:47:55,1671,1671,0,1.0,227,7.323
4b54751a-13a1-464a-a726-0f36c5228d89,2026-06-08T22:47:55,1671,1671,0,1.0,227,7.323
4b54751a-13a1-464a-a726-0f36c5228d89,2026-06-08T22:47:55,1671,1671,0,1.0,227,7.323
4b54751a-13a1-464a-a726-0f36c5228d89,2026-06-08T22:47:55,1671,1671,0,1.0,227,7.323
4b54751a-13a1-464a-a726-0f36c5228d89,2026-06-08T22:47:56,1671,1671,0,1.0,227,7.323
4b54751a-13a1-464a-a726-0f36c5228d89,2026-06-08T22:47:56,1671,1671,0,1.0,227,7.323
4b54751a-13a1-464a-a726-0f36c5228d89,2026-06-08T22:47:56,1671,1671,0,1.0,227,7.323
4b54751a-13a1-464a-a726-0f36c5228d89,2026-06-08T22:47:56,1671,1671,0,1.0,227,7.323
4b54751a-13a1-464a-a726-0f36c5228d89,2026-06-08T22:47:56,1671,1671,0,1.0,227,7.323
4b54751a-13a1-464a-a726-0f36c5228d89,2026-06-08T22:47:56,1671,1671,0,1.0,227,7.323
4b54751a-13a1-464a-a726-0f36c5228d89,2026-06-08T22:47:56,1671,1671,0,1.0,227,7.323
4b54751a-13a1-464a-a726-0f36c5228d89,2026-06-08T22:47:56,1671,1671,0,1.0,227,7.323
4b54751a-13a1-464a-a726-0f36c5228d89,2026-06-08T22:47:56,1671,1671,0,1.0,227,7.323
4b54751a-13a1-464a-a726-0f36c5228d89,2026-06-08T22:47:56,969,1662,1351,0.58,227,7.323
4b54751a-13a1-464a-a726-0f36c5228d89,2026-06-08T22:47:56,969,1662,1351,0.58,227,7.323
4b54751a-13a1-464a-a726-0f36c5228d89,2026-06-08T22:47:57,13,1662,1662,0.01,227,7.323
4b54751a-13a1-464a-a726-0f36c5228d89,2026-06-08T22:47:57,13,1662,1662,0.01,227,7.323
4b54751a-13a1-464a-a726-0f36c5228d89,2026-06-08T22:47:57,13,1686,1686,0.01,230,7.323
4b54751a-13a1-464a-a726-0f36c5228d89,2026-06-08T22:47:57,13,1686,1686,0.01,230,7.323
4b54751a-13a1-464a-a726-0f36c5228d89,2026-06-08T22:47:57,3,1686,1687,0.0,230,7.323
4b54751a-13a1-464a-a726-0f36c5228d89,2026-06-08T22:47:57,3,1686,1687,0.0,230,7.323
4b54751a-13a1-464a-a726-0f36c5228d89,2026-06-08T22:47:57,3,1686,1687,0.0,230,7.323
4b54751a-13a1-464a-a726-0f36c5228d89,2026-06-08T22:47:57,3,1686,1687,0.0,230,7.323
4b54751a-13a1-464a-a726-0f36c5228d89,2026-06-08T22:47:57,4,1686,1687,0.0,230,7.323
4b54751a-13a1-464a-a726-0f36c5228d89,2026-06-08T22:47:57,4,1686,1687,0.0,230,7.323
4b54751a-13a1-464a-a726-0f36c5228d89,2026-06-08T22:47:58,4,1686,1687,0.0,230,7.323
4b54751a-13a1-464a-a726-0f36c5228d89,2026-06-08T22:47:58,4,1686,1687,0.0,230,7.323
4b54751a-13a1-464a-a726-0f36c5228d89,2026-06-08T22:47:58,4,1686,1687,0.0,230,7.323
4b54751a-13a1-464a-a726-0f36c5228d89,2026-06-08T22:47:58,4,1686,1687,0.0,230,7.323
4b54751a-13a1-464a-a726-0f36c5228d89,2026-06-08T22:47:58,5,1686,1687,0.0,230,7.323
4b54751a-13a1-464a-a726-0f36c5228d89,2026-06-08T22:47:58,5,1686,1687,0.0,230,7.323
4b54751a-13a1-464a-a726-0f36c5228d89,2026-06-08T22:47:58,5,1686,1687,0.0,230,7.323
4b54751a-13a1-464a-a726-0f36c5228d89,2026-06-08T22:47:58,4,10,9,0.43,230,0.044
4b54751a-13a1-464a-a726-0f36c5228d89,2026-06-08T22:47:58,4,10,9,0.43,230,0.044
4b54751a-13a1-464a-a726-0f36c5228d89,2026-06-08T22:47:58,4,10,9,0.43,230,0.044
4b54751a-13a1-464a-a726-0f36c5228d89,2026-06-08T22:47:59,4,10,9,0.43,230,0.044
4b54751a-13a1-464a-a726-0f36c5228d89,2026-06-08T22:47:59,4,10,9,0.42,230,0.044
4b54751a-13a1-464a-a726-0f36c5228d89,2026-06-08T22:47:59,4,10,9,0.42,230,0.044
4b54751a-13a1-464a-a726-0f36c5228d89,2026-06-08T22:47:59,4,10,9,0.42,230,0.044
4b54751a-13a1-464a-a726-0f36c5228d89,2026-06-08T22:47:59,4,10,9,0.42,230,0.044
4b54751a-13a1-464a-a726-0f36c5228d89,2026-06-08T22:47:59,4,10,9,0.43,230,0.044
4b54751a-13a1-464a-a726-0f36c5228d89,2026-06-08T22:47:59,4,10,9,0.43,230,0.044
4b54751a-13a1-464a-a726-0f36c5228d89,2026-06-08T22:47:59,4,10,9,0.42,230,0.044
4b54751a-13a1-464a-a726-0f36c5228d89,2026-06-08T22:47:59,4,10,9,0.42,230,0.044
4b54751a-13a1-464a-a726-0f36c5228d89,2026-06-08T22:48:00,4,10,9,0.42,230,0.044
4b54751a-13a1-464a-a726-0f36c5228d89,2026-06-08T22:48:00,5,10,9,0.44,230,0.044
4b54751a-13a1-464a-a726-0f36c5228d89,2026-06-08T22:48:00,5,10,9,0.44,230,0.044
4b54751a-13a1-464a-a726-0f36c5228d89,2026-06-08T22:48:00,5,10,9,0.44,230,0.044
4b54751a-13a1-464a-a726-0f36c5228d89,2026-06-08T22:48:00,5,10,9,0.44,230,0.044
4b54751a-13a1-464a-a726-0f36c5228d89,2026-06-08T22:48:00,4,10,9,0.43,230,0.044
4b54751a-13a1-464a-a726-0f36c5228d89,2026-06-08T22:48:00,4,10,9,0.43,230,0.044
4b54751a-13a1-464a-a726-0f36c5228d89,2026-06-08T22:48:00,4,10,9,0.43,230,0.044
4b54751a-13a1-464a-a726-0f36c5228d89,2026-06-08T22:48:00,4,10,9,0.43,230,0.044
4b54751a-13a1-464a-a726-0f36c5228d89,2026-06-08T22:48:01,4,10,9,0.42,230,0.044
4b54751a-13a1-464a-a726-0f36c5228d89,2026-06-08T22:48:01,4,10,9,0.42,230,0.044
4b54751a-13a1-464a-a726-0f36c5228d89,2026-06-08T22:48:01,5,10,9,0.45,230,0.043
4b54751a-13a1-464a-a726-0f36c5228d89,2026-06-08T22:48:01,5,10,9,0.45,230,0.043
4b54751a-13a1-464a-a726-0f36c5228d89,2026-06-08T22:48:01,5,10,9,0.45,230,0.043
4b54751a-13a1-464a-a726-0f36c5228d89,2026-06-08T22:48:01,5,10,9,0.45,230,0.043
4b54751a-13a1-464a-a726-0f36c5228d89,2026-06-08T22:48:01,5,10,9,0.45,230,0.043
4b54751a-13a1-464a-a726-0f36c5228d89,2026-06-08T22:48:01,5,10,9,0.45,230,0.043
4b54751a-13a1-464a-a726-0f36c5228d89,2026-06-08T22:48:01,5,10,9,0.45,230,0.043
4b54751a-13a1-464a-a726-0f36c5228d89,2026-06-08T22:48:02,4,10,9,0.44,230,0.043
4b54751a-13a1-464a-a726-0f36c5228d89,2026-06-08T22:48:02,4,10,9,0.44,230,0.043
4b54751a-13a1-464a-a726-0f36c5228d89,2026-06-08T22:48:02,4,10,9,0.42,230,0.043
4b54751a-13a1-464a-a726-0f36c5228d89,2026-06-08T22:48:02,4,10,9,0.42,230,0.043
4b54751a-13a1-464a-a726-0f36c5228d89,2026-06-08T22:48:02,4,10,9,0.42,230,0.043
4b54751a-13a1-464a-a726-0f36c5228d89,2026-06-08T22:48:02,4,10,9,0.42,230,0.043
4b54751a-13a1-464a-a726-0f36c5228d89,2026-06-08T22:48:02,4,10,9,0.42,230,0.043
4b54751a-13a1-464a-a726-0f36c5228d89,2026-06-08T22:48:02,4,10,9,0.43,230,0.043
4b54751a-13a1-464a-a726-0f36c5228d89,2026-06-08T22:48:02,4,10,9,0.43,230,0.043
4b54751a-13a1-464a-a726-0f36c5228d89,2026-06-08T22:48:02,4,10,9,0.43,230,0.043
4b54751a-13a1-464a-a726-0f36c5228d89,2026-06-08T22:48:02,5,10,9,0.45,230,0.043
4b54751a-13a1-464a-a726-0f36c5228d89,2026-06-08T22:48:03,5,10,9,0.45,230,0.043
4b54751a-13a1-464a-a726-0f36c5228d89,2026-06-08T22:48:03,5,10,9,0.45,230,0.043
4b54751a-13a1-464a-a726-0f36c5228d89,2026-06-08T22:48:03,5,10,9,0.45,230,0.043
4b54751a-13a1-464a-a726-0f36c5228d89,2026-06-08T22:48:03,4,10,9,0.43,230,0.043
4b54751a-13a1-464a-a726-0f36c5228d89,2026-06-08T22:48:03,4,10,9,0.43,230,0.043
4b54751a-13a1-464a-a726-0f36c5228d89,2026-06-08T22:48:03,4,10,9,0.43,230,0.044
4b54751a-13a1-464a-a726-0f36c5228d89,2026-06-08T22:48:03,4,10,9,0.43,230,0.044
4b54751a-13a1-464a-a726-0f36c5228d89,2026-06-08T22:48:03,4,10,9,0.43,230,0.044
4b54751a-13a1-464a-a726-0f36c5228d89,2026-06-08T22:48:03,4,10,9,0.43,230,0.044
4b54751a-13a1-464a-a726-0f36c5228d89,2026-06-08T22:48:03,4,10,9,0.43,230,0.044
4b54751a-13a1-464a-a726-0f36c5228d89,2026-06-08T22:48:04,4,10,9,0.42,230,0.044
4b54751a-13a1-464a-a726-0f36c5228d89,2026-06-08T22:48:04,4,10,9,0.42,230,0.044
4b54751a-13a1-464a-a726-0f36c5228d89,2026-06-08T22:48:04,4,10,9,0.42,230,0.044
4b54751a-13a1-464a-a726-0f36c5228d89,2026-06-08T22:48:04,4,10,9,0.42,231,0.044
4b54751a-13a1-464a-a726-0f36c5228d89,2026-06-08T22:48:04,3,10,10,0.26,231,0.044
4b54751a-13a1-464a-a726-0f36c5228d89,2026-06-08T22:48:04,3,10,10,0.26,231,0.044
4b54751a-13a1-464a-a726-0f36c5228d89,2026-06-08T22:48:04,3,10,10,0.26,231,0.044
4b54751a-13a1-464a-a726-0f36c5228d89,2026-06-08T22:48:04,3,10,10,0.26,231,0.044
4b54751a-13a1-464a-a726-0f36c5228d89,2026-06-08T22:48:04,5,10,9,0.44,231,0.044
4b54751a-13a1-464a-a726-0f36c5228d89,2026-06-08T22:48:05,5,10,9,0.44,231,0.044
4b54751a-13a1-464a-a726-0f36c5228d89,2026-06-08T22:48:05,685,685,0,1.0,231,0.463
4b54751a-13a1-464a-a726-0f36c5228d89,2026-06-08T22:48:05,685,685,0,1.0,231,0.463
4b54751a-13a1-464a-a726-0f36c5228d89,2026-06-08T22:48:05,1687,1687,0,1.0,231,0.463
4b54751a-13a1-464a-a726-0f36c5228d89,2026-06-08T22:48:05,1687,1687,0,1.0,231,0.463
4b54751a-13a1-464a-a726-0f36c5228d89,2026-06-08T22:48:05,1678,1678,0,1.0,231,0.463
4b54751a-13a1-464a-a726-0f36c5228d89,2026-06-08T22:48:05,1678,1678,0,1.0,231,0.463
4b54751a-13a1-464a-a726-0f36c5228d89,2026-06-08T22:48:05,1678,1678,0,1.0,231,0.463
4b54751a-13a1-464a-a726-0f36c5228d89,2026-06-08T22:48:05,1678,1678,0,1.0,231,0.463
4b54751a-13a1-464a-a726-0f36c5228d89,2026-06-08T22:48:06,1678,1678,0,1.0,227,0.463
4b54751a-13a1-464a-a726-0f36c5228d89,2026-06-08T22:48:06,1678,1678,0,1.0,227,0.463
4b54751a-13a1-464a-a726-0f36c5228d89,2026-06-08T22:48:06,1676,1676,0,1.0,227,0.463
4b54751a-13a1-464a-a726-0f36c5228d89,2026-06-08T22:48:06,1676,1676,0,1.0,227,0.463
4b54751a-13a1-464a-a726-0f36c5228d89,2026-06-08T22:48:06,1678,1678,0,1.0,227,0.463
4b54751a-13a1-464a-a726-0f36c5228d89,2026-06-08T22:48:06,1678,1678,0,1.0,227,0.463
4b54751a-13a1-464a-a726-0f36c5228d89,2026-06-08T22:48:06,1680,1680,0,1.0,227,0.463
4b54751a-13a1-464a-a726-0f36c5228d89,2026-06-08T22:48:06,1680,1680,0,1.0,227,0.463
4b54751a-13a1-464a-a726-0f36c5228d89,2026-06-08T22:48:06,1680,1680,0,1.0,227,7.352
4b54751a-13a1-464a-a726-0f36c5228d89,2026-06-08T22:48:06,1680,1680,0,1.0,227,7.352
4b54751a-13a1-464a-a726-0f36c5228d89,2026-06-08T22:48:07,1680,1680,0,1.0,227,7.352
4b54751a-13a1-464a-a726-0f36c5228d89,2026-06-08T22:48:07,1680,1680,0,1.0,227,7.352
4b54751a-13a1-464a-a726-0f36c5228d89,2026-06-08T22:48:07,1680,1680,0,1.0,227,7.352
4b54751a-13a1-464a-a726-0f36c5228d89,2026-06-08T22:48:07,1678,1678,0,1.0,227,7.352
4b54751a-13a1-464a-a726-0f36c5228d89,2026-06-08T22:48:07,1678,1678,0,1.0,227,7.352
4b54751a-13a1-464a-a726-0f36c5228d89,2026-06-08T22:48:07,1678,1678,0,1.0,227,7.352
4b54751a-13a1-464a-a726-0f36c5228d89,2026-06-08T22:48:07,1678,1678,0,1.0,227,7.352
4b54751a-13a1-464a-a726-0f36c5228d89,2026-06-08T22:48:07,1678,1678,0,1.0,227,7.352
4b54751a-13a1-464a-a726-0f36c5228d89,2026-06-08T22:48:08,1678,1678,0,1.0,227,7.352
4b54751a-13a1-464a-a726-0f36c5228d89,2026-06-08T22:48:08,1678,1678,0,1.0,227,7.352
4b54751a-13a1-464a-a726-0f36c5228d89,2026-06-08T22:48:08,1676,1676,0,1.0,227,7.344
4b54751a-13a1-464a-a726-0f36c5228d89,2026-06-08T22:48:08,1676,1676,0,1.0,227,7.344
4b54751a-13a1-464a-a726-0f36c5228d89,2026-06-08T22:48:08,1676,1676,0,1.0,227,7.344
4b54751a-13a1-464a-a726-0f36c5228d89,2026-06-08T22:48:08,1676,1676,0,1.0,227,7.344
4b54751a-13a1-464a-a726-0f36c5228d89,2026-06-08T22:48:08,1676,1676,0,1.0,227,7.344
4b54751a-13a1-464a-a726-0f36c5228d89,2026-06-08T22:48:08,1676,1676,0,1.0,227,7.344
4b54751a-13a1-464a-a726-0f36c5228d89,2026-06-08T22:48:09,1676,1676,0,1.0,227,7.344
4b54751a-13a1-464a-a726-0f36c5228d89,2026-06-08T22:48:09,1676,1676,0,1.0,227,7.344
4b54751a-13a1-464a-a726-0f36c5228d89,2026-06-08T22:48:09,1678,1678,0,1.0,227,7.344
4b54751a-13a1-464a-a726-0f36c5228d89,2026-06-08T22:48:09,1678,1678,0,1.0,227,7.344
4b54751a-13a1-464a-a726-0f36c5228d89,2026-06-08T22:48:09,1678,1678,0,1.0,227,7.344
4b54751a-13a1-464a-a726-0f36c5228d89,2026-06-08T22:48:09,1678,1678,0,1.0,227,7.344
4b54751a-13a1-464a-a726-0f36c5228d89,2026-06-08T22:48:09,1678,1678,0,1.0,227,7.344
4b54751a-13a1-464a-a726-0f36c5228d89,2026-06-08T22:48:09,1678,1678,0,1.0,227,7.344
4b54751a-13a1-464a-a726-0f36c5228d89,2026-06-08T22:48:09,1678,1678,0,1.0,227,7.344
4b54751a-13a1-464a-a726-0f36c5228d89,2026-06-08T22:48:09,1678,1678,0,1.0,227,7.344
4b54751a-13a1-464a-a726-0f36c5228d89,2026-06-08T22:48:10,1678,1678,0,1.0,227,7.344
4b54751a-13a1-464a-a726-0f36c5228d89,2026-06-08T22:48:10,1676,1676,0,1.0,227,7.344
4b54751a-13a1-464a-a726-0f36c5228d89,2026-06-08T22:48:10,1676,1676,0,1.0,227,7.344
4b54751a-13a1-464a-a726-0f36c5228d89,2026-06-08T22:48:10,1676,1676,0,1.0,227,7.344
4b54751a-13a1-464a-a726-0f36c5228d89,2026-06-08T22:48:10,1676,1676,0,1.0,227,7.344
4b54751a-13a1-464a-a726-0f36c5228d89,2026-06-08T22:48:10,1676,1676,0,1.0,227,7.344
4b54751a-13a1-464a-a726-0f36c5228d89,2026-06-08T22:48:10,1676,1676,0,1.0,227,7.344
4b54751a-13a1-464a-a726-0f36c5228d89,2026-06-08T22:48:10,1676,1676,0,1.0,227,7.344
4b54751a-13a1-464a-a726-0f36c5228d89,2026-06-08T22:48:10,1676,1676,0,1.0,227,7.344
4b54751a-13a1-464a-a726-0f36c5228d89,2026-06-08T22:48:11,1676,1676,0,1.0,227,7.344
4b54751a-13a1-464a-a726-0f36c5228d89,2026-06-08T22:48:11,1676,1676,0,1.0,227,7.344
4b54751a-13a1-464a-a726-0f36c5228d89,2026-06-08T22:48:11,1676,1676,0,1.0,227,7.344
4b54751a-13a1-464a-a726-0f36c5228d89,2026-06-08T22:48:11,1676,1676,0,1.0,227,7.344
4b54751a-13a1-464a-a726-0f36c5228d89,2026-06-08T22:48:11,1676,1676,0,1.0,227,7.344
4b54751a-13a1-464a-a726-0f36c5228d89,2026-06-08T22:48:11,1676,1676,0,1.0,227,7.344
4b54751a-13a1-464a-a726-0f36c5228d89,2026-06-08T22:48:11,1676,1676,0,1.0,227,7.34
4b54751a-13a1-464a-a726-0f36c5228d89,2026-06-08T22:48:11,1676,1676,0,1.0,227,7.34
4b54751a-13a1-464a-a726-0f36c5228d89,2026-06-08T22:48:11,1676,1676,0,1.0,227,7.34
4b54751a-13a1-464a-a726-0f36c5228d89,2026-06-08T22:48:11,1676,1676,0,1.0,227,7.34
4b54751a-13a1-464a-a726-0f36c5228d89,2026-06-08T22:48:12,1675,1675,0,1.0,227,7.34
4b54751a-13a1-464a-a726-0f36c5228d89,2026-06-08T22:48:12,1675,1675,0,1.0,227,7.34
4b54751a-13a1-464a-a726-0f36c5228d89,2026-06-08T22:48:12,1671,1671,0,1.0,227,7.34
4b54751a-13a1-464a-a726-0f36c5228d89,2026-06-08T22:48:12,1671,1671,0,1.0,227,7.34
4b54751a-13a1-464a-a726-0f36c5228d89,2026-06-08T22:48:12,1673,1673,0,1.0,227,7.34
4b54751a-13a1-464a-a726-0f36c5228d89,2026-06-08T22:48:12,1673,1673,0,1.0,227,7.34
4b54751a-13a1-464a-a726-0f36c5228d89,2026-06-08T22:48:12,1673,1673,0,1.0,227,7.34
4b54751a-13a1-464a-a726-0f36c5228d89,2026-06-08T22:48:12,1673,1673,0,1.0,227,7.34
4b54751a-13a1-464a-a726-0f36c5228d89,2026-06-08T22:48:12,1675,1675,0,1.0,227,7.34
4b54751a-13a1-464a-a726-0f36c5228d89,2026-06-08T22:48:12,1675,1675,0,1.0,227,7.34
4b54751a-13a1-464a-a726-0f36c5228d89,2026-06-08T22:48:13,1676,1676,0,1.0,227,7.34
4b54751a-13a1-464a-a726-0f36c5228d89,2026-06-08T22:48:13,1676,1676,0,1.0,227,7.34
4b54751a-13a1-464a-a726-0f36c5228d89,2026-06-08T22:48:13,1676,1676,0,1.0,227,7.336
4b54751a-13a1-464a-a726-0f36c5228d89,2026-06-08T22:48:13,1676,1676,0,1.0,227,7.336
4b54751a-13a1-464a-a726-0f36c5228d89,2026-06-08T22:48:13,1676,1676,0,1.0,227,7.336
4b54751a-13a1-464a-a726-0f36c5228d89,2026-06-08T22:48:13,1676,1676,0,1.0,227,7.336
4b54751a-13a1-464a-a726-0f36c5228d89,2026-06-08T22:48:13,1676,1676,0,1.0,227,7.336
4b54751a-13a1-464a-a726-0f36c5228d89,2026-06-08T22:48:13,1676,1676,0,1.0,227,7.336
4b54751a-13a1-464a-a726-0f36c5228d89,2026-06-08T22:48:13,1676,1676,0,1.0,227,7.336
4b54751a-13a1-464a-a726-0f36c5228d89,2026-06-08T22:48:13,1676,1676,0,1.0,227,7.336
4b54751a-13a1-464a-a726-0f36c5228d89,2026-06-08T22:48:13,1676,1676,0,1.0,227,7.336
4b54751a-13a1-464a-a726-0f36c5228d89,2026-06-08T22:48:14,1676,1676,0,1.0,227,7.336
4b54751a-13a1-464a-a726-0f36c5228d89,2026-06-08T22:48:14,1676,1676,0,1.0,227,7.336
4b54751a-13a1-464a-a726-0f36c5228d89,2026-06-08T22:48:14,1676,1676,0,1.0,227,7.336
4b54751a-13a1-464a-a726-0f36c5228d89,2026-06-08T22:48:14,1676,1676,0,1.0,227,7.336
4b54751a-13a1-464a-a726-0f36c5228d89,2026-06-08T22:48:14,1676,1676,0,1.0,227,7.336
4b54751a-13a1-464a-a726-0f36c5228d89,2026-06-08T22:48:14,1676,1676,0,1.0,227,7.336
4b54751a-13a1-464a-a726-0f36c5228d89,2026-06-08T22:48:14,1676,1676,0,1.0,227,7.336
4b54751a-13a1-464a-a726-0f36c5228d89,2026-06-08T22:48:14,1676,1676,0,1.0,227,7.336
4b54751a-13a1-464a-a726-0f36c5228d89,2026-06-08T22:48:15,1676,1676,0,1.0,227,7.336
4b54751a-13a1-464a-a726-0f36c5228d89,2026-06-08T22:48:15,1676,1676,0,1.0,227,7.336
4b54751a-13a1-464a-a726-0f36c5228d89,2026-06-08T22:48:15,1676,1676,0,1.0,227,7.336
4b54751a-13a1-464a-a726-0f36c5228d89,2026-06-08T22:48:15,1675,1675,0,1.0,227,7.336
4b54751a-13a1-464a-a726-0f36c5228d89,2026-06-08T22:48:15,1675,1675,0,1.0,227,7.336
4b54751a-13a1-464a-a726-0f36c5228d89,2026-06-08T22:48:15,1675,1675,0,1.0,227,7.336
4b54751a-13a1-464a-a726-0f36c5228d89,2026-06-08T22:48:15,1675,1675,0,1.0,227,7.336
4b54751a-13a1-464a-a726-0f36c5228d89,2026-06-08T22:48:15,1676,1676,0,1.0,227,7.336
4b54751a-13a1-464a-a726-0f36c5228d89,2026-06-08T22:48:15,1676,1676,0,1.0,227,7.336
4b54751a-13a1-464a-a726-0f36c5228d89,2026-06-08T22:48:16,1676,1676,0,1.0,227,7.336
4b54751a-13a1-464a-a726-0f36c5228d89,2026-06-08T22:48:16,1676,1676,0,1.0,227,7.336
4b54751a-13a1-464a-a726-0f36c5228d89,2026-06-08T22:48:16,1676,1676,0,1.0,227,7.336
4b54751a-13a1-464a-a726-0f36c5228d89,2026-06-08T22:48:16,1675,1675,0,1.0,227,7.336
4b54751a-13a1-464a-a726-0f36c5228d89,2026-06-08T22:48:16,1675,1675,0,1.0,227,7.336
4b54751a-13a1-464a-a726-0f36c5228d89,2026-06-08T22:48:16,1675,1675,0,1.0,227,7.336
4b54751a-13a1-464a-a726-0f36c5228d89,2026-06-08T22:48:16,1675,1675,0,1.0,227,7.336
4b54751a-13a1-464a-a726-0f36c5228d89,2026-06-08T22:48:16,1675,1675,0,1.0,227,7.336
4b54751a-13a1-464a-a726-0f36c5228d89,2026-06-08T22:48:16,1675,1675,0,1.0,227,7.336
4b54751a-13a1-464a-a726-0f36c5228d89,2026-06-08T22:48:16,1675,1675,0,1.0,227,7.336
4b54751a-13a1-464a-a726-0f36c5228d89,2026-06-08T22:48:17,1675,1675,0,1.0,227,7.336
4b54751a-13a1-464a-a726-0f36c5228d89,2026-06-08T22:48:17,1675,1675,0,1.0,227,7.336
4b54751a-13a1-464a-a726-0f36c5228d89,2026-06-08T22:48:17,1675,1675,0,1.0,227,7.336
4b54751a-13a1-464a-a726-0f36c5228d89,2026-06-08T22:48:17,1675,1675,0,1.0,227,7.336
4b54751a-13a1-464a-a726-0f36c5228d89,2026-06-08T22:48:17,1675,1675,0,1.0,227,7.336
4b54751a-13a1-464a-a726-0f36c5228d89,2026-06-08T22:48:17,1676,1676,0,1.0,227,7.336
4b54751a-13a1-464a-a726-0f36c5228d89,2026-06-08T22:48:17,1676,1676,0,1.0,227,7.336
4b54751a-13a1-464a-a726-0f36c5228d89,2026-06-08T22:48:17,1676,1676,0,1.0,227,7.336
4b54751a-13a1-464a-a726-0f36c5228d89,2026-06-08T22:48:17,1676,1676,0,1.0,227,7.336
4b54751a-13a1-464a-a726-0f36c5228d89,2026-06-08T22:48:18,1676,1676,0,1.0,227,7.336
4b54751a-13a1-464a-a726-0f36c5228d89,2026-06-08T22:48:18,1676,1676,0,1.0,227,7.336
4b54751a-13a1-464a-a726-0f36c5228d89,2026-06-08T22:48:18,1676,1676,0,1.0,227,7.336
4b54751a-13a1-464a-a726-0f36c5228d89,2026-06-08T22:48:18,1676,1676,0,1.0,227,7.336
4b54751a-13a1-464a-a726-0f36c5228d89,2026-06-08T22:48:18,1676,1676,0,1.0,227,7.336
4b54751a-13a1-464a-a726-0f36c5228d89,2026-06-08T22:48:18,1676,1676,0,1.0,227,7.336
4b54751a-13a1-464a-a726-0f36c5228d89,2026-06-08T22:48:18,1676,1676,0,1.0,227,7.336
4b54751a-13a1-464a-a726-0f36c5228d89,2026-06-08T22:48:18,1676,1676,0,1.0,227,7.336
4b54751a-13a1-464a-a726-0f36c5228d89,2026-06-08T22:48:18,1676,1676,0,1.0,227,7.336
4b54751a-13a1-464a-a726-0f36c5228d89,2026-06-08T22:48:18,1676,1676,0,1.0,227,7.336
4b54751a-13a1-464a-a726-0f36c5228d89,2026-06-08T22:48:19,1675,1675,0,1.0,227,7.336
4b54751a-13a1-464a-a726-0f36c5228d89,2026-06-08T22:48:19,1675,1675,0,1.0,227,7.336
4b54751a-13a1-464a-a726-0f36c5228d89,2026-06-08T22:48:19,1676,1676,0,1.0,227,7.336
4b54751a-13a1-464a-a726-0f36c5228d89,2026-06-08T22:48:19,1676,1676,0,1.0,227,7.336
4b54751a-13a1-464a-a726-0f36c5228d89,2026-06-08T22:48:19,1676,1676,0,1.0,227,7.336
4b54751a-13a1-464a-a726-0f36c5228d89,2026-06-08T22:48:19,1675,1675,0,1.0,227,7.336
4b54751a-13a1-464a-a726-0f36c5228d89,2026-06-08T22:48:19,1675,1675,0,1.0,227,7.331
4b54751a-13a1-464a-a726-0f36c5228d89,2026-06-08T22:48:19,1675,1675,0,1.0,227,7.331
4b54751a-13a1-464a-a726-0f36c5228d89,2026-06-08T22:48:19,1675,1675,0,1.0,227,7.331
4b54751a-13a1-464a-a726-0f36c5228d89,2026-06-08T22:48:19,1675,1675,0,1.0,227,7.331
4b54751a-13a1-464a-a726-0f36c5228d89,2026-06-08T22:48:19,1675,1675,0,1.0,227,7.331
4b54751a-13a1-464a-a726-0f36c5228d89,2026-06-08T22:48:20,1675,1675,0,1.0,227,7.331
4b54751a-13a1-464a-a726-0f36c5228d89,2026-06-08T22:48:20,1675,1675,0,1.0,227,7.331
4b54751a-13a1-464a-a726-0f36c5228d89,2026-06-08T22:48:20,1675,1675,0,1.0,227,7.331
4b54751a-13a1-464a-a726-0f36c5228d89,2026-06-08T22:48:20,1675,1675,0,1.0,227,7.331
4b54751a-13a1-464a-a726-0f36c5228d89,2026-06-08T22:48:20,1675,1675,0,1.0,228,7.331
4b54751a-13a1-464a-a726-0f36c5228d89,2026-06-08T22:48:20,1675,1675,0,1.0,228,7.331
4b54751a-13a1-464a-a726-0f36c5228d89,2026-06-08T22:48:20,1675,1675,0,1.0,228,7.331
4b54751a-13a1-464a-a726-0f36c5228d89,2026-06-08T22:48:20,1675,1675,0,1.0,228,7.331
4b54751a-13a1-464a-a726-0f36c5228d89,2026-06-08T22:48:20,1675,1675,0,1.0,228,7.331
4b54751a-13a1-464a-a726-0f36c5228d89,2026-06-08T22:48:20,1675,1675,0,1.0,228,7.331
4b54751a-13a1-464a-a726-0f36c5228d89,2026-06-08T22:48:21,1675,1675,0,1.0,228,7.331
4b54751a-13a1-464a-a726-0f36c5228d89,2026-06-08T22:48:21,1675,1675,0,1.0,228,7.331
4b54751a-13a1-464a-a726-0f36c5228d89,2026-06-08T22:48:21,1676,1676,0,1.0,228,7.336
4b54751a-13a1-464a-a726-0f36c5228d89,2026-06-08T22:48:21,1676,1676,0,1.0,228,7.336
4b54751a-13a1-464a-a726-0f36c5228d89,2026-06-08T22:48:21,1676,1676,0,1.0,228,7.336
4b54751a-13a1-464a-a726-0f36c5228d89,2026-06-08T22:48:21,1676,1676,0,1.0,228,7.336
4b54751a-13a1-464a-a726-0f36c5228d89,2026-06-08T22:48:21,1676,1676,0,1.0,228,7.336
4b54751a-13a1-464a-a726-0f36c5228d89,2026-06-08T22:48:21,1676,1676,0,1.0,228,7.336
4b54751a-13a1-464a-a726-0f36c5228d89,2026-06-08T22:48:21,1675,1675,0,1.0,228,7.336
4b54751a-13a1-464a-a726-0f36c5228d89,2026-06-08T22:48:21,1675,1675,0,1.0,228,7.336
4b54751a-13a1-464a-a726-0f36c5228d89,2026-06-08T22:48:22,1675,1675,0,1.0,227,7.336
4b54751a-13a1-464a-a726-0f36c5228d89,2026-06-08T22:48:22,1675,1675,0,1.0,227,7.336
4b54751a-13a1-464a-a726-0f36c5228d89,2026-06-08T22:48:22,1675,1675,0,1.0,227,7.336
4b54751a-13a1-464a-a726-0f36c5228d89,2026-06-08T22:48:22,1675,1675,0,1.0,227,7.336
4b54751a-13a1-464a-a726-0f36c5228d89,2026-06-08T22:48:22,1675,1675,0,1.0,227,7.336
4b54751a-13a1-464a-a726-0f36c5228d89,2026-06-08T22:48:22,1675,1675,0,1.0,227,7.336
4b54751a-13a1-464a-a726-0f36c5228d89,2026-06-08T22:48:22,1676,1676,0,1.0,227,7.336
4b54751a-13a1-464a-a726-0f36c5228d89,2026-06-08T22:48:22,1676,1676,0,1.0,227,7.336
4b54751a-13a1-464a-a726-0f36c5228d89,2026-06-08T22:48:22,1676,1676,0,1.0,227,7.336
4b54751a-13a1-464a-a726-0f36c5228d89,2026-06-08T22:48:22,1676,1676,0,1.0,227,7.336
4b54751a-13a1-464a-a726-0f36c5228d89,2026-06-08T22:48:23,1676,1676,0,1.0,227,7.336
4b54751a-13a1-464a-a726-0f36c5228d89,2026-06-08T22:48:23,1676,1676,0,1.0,227,7.336
4b54751a-13a1-464a-a726-0f36c5228d89,2026-06-08T22:48:23,1676,1676,0,1.0,227,7.336
4b54751a-13a1-464a-a726-0f36c5228d89,2026-06-08T22:48:23,1676,1676,0,1.0,227,7.336
4b54751a-13a1-464a-a726-0f36c5228d89,2026-06-08T22:48:23,1676,1676,0,1.0,227,7.336
4b54751a-13a1-464a-a726-0f36c5228d89,2026-06-08T22:48:23,1676,1676,0,1.0,227,7.336
4b54751a-13a1-464a-a726-0f36c5228d89,2026-06-08T22:48:23,1676,1676,0,1.0,227,7.336
4b54751a-13a1-464a-a726-0f36c5228d89,2026-06-08T22:48:23,1676,1676,0,1.0,227,7.336
4b54751a-13a1-464a-a726-0f36c5228d89,2026-06-08T22:48:23,1676,1676,0,1.0,227,7.336
4b54751a-13a1-464a-a726-0f36c5228d89,2026-06-08T22:48:24,1676,1676,0,1.0,227,7.336
4b54751a-13a1-464a-a726-0f36c5228d89,2026-06-08T22:48:24,1676,1676,0,1.0,227,7.336
4b54751a-13a1-464a-a726-0f36c5228d89,2026-06-08T22:48:24,1676,1676,0,1.0,227,7.336
4b54751a-13a1-464a-a726-0f36c5228d89,2026-06-08T22:48:24,1676,1676,0,1.0,227,7.336
4b54751a-13a1-464a-a726-0f36c5228d89,2026-06-08T22:48:24,1675,1675,0,1.0,227,7.336
4b54751a-13a1-464a-a726-0f36c5228d89,2026-06-08T22:48:24,1675,1675,0,1.0,227,7.336
4b54751a-13a1-464a-a726-0f36c5228d89,2026-06-08T22:48:24,1675,1675,0,1.0,227,7.336
4b54751a-13a1-464a-a726-0f36c5228d89,2026-06-08T22:48:24,1675,1675,0,1.0,227,7.336
4b54751a-13a1-464a-a726-0f36c5228d89,2026-06-08T22:48:24,1675,1675,0,1.0,227,7.336
4b54751a-13a1-464a-a726-0f36c5228d89,2026-06-08T22:48:24,1675,1675,0,1.0,227,7.336
4b54751a-13a1-464a-a726-0f36c5228d89,2026-06-08T22:48:25,1676,1676,0,1.0,227,7.336
4b54751a-13a1-464a-a726-0f36c5228d89,2026-06-08T22:48:25,1676,1676,0,1.0,227,7.336
4b54751a-13a1-464a-a726-0f36c5228d89,2026-06-08T22:48:25,1676,1676,0,1.0,227,7.336
4b54751a-13a1-464a-a726-0f36c5228d89,2026-06-08T22:48:25,1676,1676,0,1.0,227,7.336
4b54751a-13a1-464a-a726-0f36c5228d89,2026-06-08T22:48:25,1676,1676,0,1.0,227,7.336
4b54751a-13a1-464a-a726-0f36c5228d89,2026-06-08T22:48:25,1676,1676,0,1.0,227,7.336
4b54751a-13a1-464a-a726-0f36c5228d89,2026-06-08T22:48:25,1676,1676,0,1.0,227,7.336
4b54751a-13a1-464a-a726-0f36c5228d89,2026-06-08T22:48:25,1676,1676,0,1.0,227,7.336
4b54751a-13a1-464a-a726-0f36c5228d89,2026-06-08T22:48:25,1675,1675,0,1.0,227,7.336
4b54751a-13a1-464a-a726-0f36c5228d89,2026-06-08T22:48:25,1675,1675,0,1.0,227,7.336
4b54751a-13a1-464a-a726-0f36c5228d89,2026-06-08T22:48:26,1675,1675,0,1.0,227,7.331
4b54751a-13a1-464a-a726-0f36c5228d89,2026-06-08T22:48:26,1675,1675,0,1.0,227,7.331
4b54751a-13a1-464a-a726-0f36c5228d89,2026-06-08T22:48:26,1675,1675,0,1.0,227,7.331
4b54751a-13a1-464a-a726-0f36c5228d89,2026-06-08T22:48:26,1675,1675,0,1.0,227,7.331
4b54751a-13a1-464a-a726-0f36c5228d89,2026-06-08T22:48:26,1675,1675,0,1.0,227,7.331
4b54751a-13a1-464a-a726-0f36c5228d89,2026-06-08T22:48:26,1675,1675,0,1.0,227,7.331
4b54751a-13a1-464a-a726-0f36c5228d89,2026-06-08T22:48:26,1675,1675,0,1.0,227,7.331
4b54751a-13a1-464a-a726-0f36c5228d89,2026-06-08T22:48:26,1675,1675,0,1.0,227,7.331
4b54751a-13a1-464a-a726-0f36c5228d89,2026-06-08T22:48:26,1675,1675,0,1.0,227,7.331
4b54751a-13a1-464a-a726-0f36c5228d89,2026-06-08T22:48:26,1675,1675,0,1.0,227,7.331
4b54751a-13a1-464a-a726-0f36c5228d89,2026-06-08T22:48:27,1675,1675,0,1.0,227,7.331
4b54751a-13a1-464a-a726-0f36c5228d89,2026-06-08T22:48:27,1675,1675,0,1.0,227,7.331
4b54751a-13a1-464a-a726-0f36c5228d89,2026-06-08T22:48:27,1675,1675,0,1.0,227,7.331
4b54751a-13a1-464a-a726-0f36c5228d89,2026-06-08T22:48:27,1675,1675,0,1.0,227,7.331
4b54751a-13a1-464a-a726-0f36c5228d89,2026-06-08T22:48:27,1675,1675,0,1.0,227,7.331
4b54751a-13a1-464a-a726-0f36c5228d89,2026-06-08T22:48:27,1675,1675,0,1.0,227,7.331
4b54751a-13a1-464a-a726-0f36c5228d89,2026-06-08T22:48:27,1675,1675,0,1.0,227,7.331
4b54751a-13a1-464a-a726-0f36c5228d89,2026-06-08T22:48:27,1675,1675,0,1.0,227,7.331
4b54751a-13a1-464a-a726-0f36c5228d89,2026-06-08T22:48:27,1675,1675,0,1.0,227,7.331
4b54751a-13a1-464a-a726-0f36c5228d89,2026-06-08T22:48:27,1675,1675,0,1.0,227,7.331
4b54751a-13a1-464a-a726-0f36c5228d89,2026-06-08T22:48:27,1675,1675,0,1.0,227,7.331
4b54751a-13a1-464a-a726-0f36c5228d89,2026-06-08T22:48:28,1675,1675,0,1.0,227,7.331
4b54751a-13a1-464a-a726-0f36c5228d89,2026-06-08T22:48:28,1675,1675,0,1.0,227,7.331
4b54751a-13a1-464a-a726-0f36c5228d89,2026-06-08T22:48:28,1675,1675,0,1.0,227,7.331
4b54751a-13a1-464a-a726-0f36c5228d89,2026-06-08T22:48:28,1675,1675,0,1.0,227,7.331
4b54751a-13a1-464a-a726-0f36c5228d89,2026-06-08T22:48:28,1675,1675,0,1.0,227,7.331
4b54751a-13a1-464a-a726-0f36c5228d89,2026-06-08T22:48:28,1675,1675,0,1.0,227,7.331
4b54751a-13a1-464a-a726-0f36c5228d89,2026-06-08T22:48:28,1675,1675,0,1.0,227,7.331
4b54751a-13a1-464a-a726-0f36c5228d89,2026-06-08T22:48:28,1675,1675,0,1.0,227,7.331
4b54751a-13a1-464a-a726-0f36c5228d89,2026-06-08T22:48:28,1675,1675,0,1.0,227,7.331
4b54751a-13a1-464a-a726-0f36c5228d89,2026-06-08T22:48:29,1675,1675,0,1.0,227,7.331
4b54751a-13a1-464a-a726-0f36c5228d89,2026-06-08T22:48:29,1675,1675,0,1.0,227,7.331
4b54751a-13a1-464a-a726-0f36c5228d89,2026-06-08T22:48:29,1675,1675,0,1.0,227,7.331
4b54751a-13a1-464a-a726-0f36c5228d89,2026-06-08T22:48:29,1675,1675,0,1.0,227,7.331
4b54751a-13a1-464a-a726-0f36c5228d89,2026-06-08T22:48:29,1675,1675,0,1.0,227,7.331
4b54751a-13a1-464a-a726-0f36c5228d89,2026-06-08T22:48:29,1675,1675,0,1.0,227,7.331
4b54751a-13a1-464a-a726-0f36c5228d89,2026-06-08T22:48:29,1675,1675,0,1.0,227,7.331
4b54751a-13a1-464a-a726-0f36c5228d89,2026-06-08T22:48:29,1675,1675,0,1.0,227,7.331
4b54751a-13a1-464a-a726-0f36c5228d89,2026-06-08T22:48:29,1675,1675,0,1.0,227,7.331
4b54751a-13a1-464a-a726-0f36c5228d89,2026-06-08T22:48:29,1675,1675,0,1.0,227,7.331
4b54751a-13a1-464a-a726-0f36c5228d89,2026-06-08T22:48:30,1675,1675,0,1.0,227,7.331
4b54751a-13a1-464a-a726-0f36c5228d89,2026-06-08T22:48:30,1675,1675,0,1.0,227,7.331
4b54751a-13a1-464a-a726-0f36c5228d89,2026-06-08T22:48:30,1675,1675,0,1.0,227,7.331
4b54751a-13a1-464a-a726-0f36c5228d89,2026-06-08T22:48:30,1675,1675,0,1.0,227,7.331
4b54751a-13a1-464a-a726-0f36c5228d89,2026-06-08T22:48:30,1675,1675,0,1.0,227,7.331
4b54751a-13a1-464a-a726-0f36c5228d89,2026-06-08T22:48:30,1675,1675,0,1.0,227,7.331
4b54751a-13a1-464a-a726-0f36c5228d89,2026-06-08T22:48:30,1675,1675,0,1.0,227,7.331
4b54751a-13a1-464a-a726-0f36c5228d89,2026-06-08T22:48:30,1675,1675,0,1.0,227,7.331
4b54751a-13a1-464a-a726-0f36c5228d89,2026-06-08T22:48:30,1675,1675,0,1.0,227,7.331
4b54751a-13a1-464a-a726-0f36c5228d89,2026-06-08T22:48:30,1675,1675,0,1.0,227,7.331
4b54751a-13a1-464a-a726-0f36c5228d89,2026-06-08T22:48:31,1675,1675,0,1.0,227,7.331
4b54751a-13a1-464a-a726-0f36c5228d89,2026-06-08T22:48:31,1675,1675,0,1.0,227,7.331
4b54751a-13a1-464a-a726-0f36c5228d89,2026-06-08T22:48:31,1675,1675,0,1.0,227,7.331
4b54751a-13a1-464a-a726-0f36c5228d89,2026-06-08T22:48:31,1675,1675,0,1.0,227,7.331
4b54751a-13a1-464a-a726-0f36c5228d89,2026-06-08T22:48:31,1675,1675,0,1.0,227,7.331
4b54751a-13a1-464a-a726-0f36c5228d89,2026-06-08T22:48:31,1675,1675,0,1.0,227,7.331
4b54751a-13a1-464a-a726-0f36c5228d89,2026-06-08T22:48:31,1675,1675,0,1.0,227,7.331
4b54751a-13a1-464a-a726-0f36c5228d89,2026-06-08T22:48:31,1675,1675,0,1.0,227,7.331
4b54751a-13a1-464a-a726-0f36c5228d89,2026-06-08T22:48:31,1675,1675,0,1.0,227,7.331
4b54751a-13a1-464a-a726-0f36c5228d89,2026-06-08T22:48:31,1675,1675,0,1.0,227,7.331
4b54751a-13a1-464a-a726-0f36c5228d89,2026-06-08T22:48:32,1675,1675,0,1.0,227,7.331
4b54751a-13a1-464a-a726-0f36c5228d89,2026-06-08T22:48:32,1675,1675,0,1.0,227,7.331
4b54751a-13a1-464a-a726-0f36c5228d89,2026-06-08T22:48:32,1675,1675,0,1.0,227,7.331
4b54751a-13a1-464a-a726-0f36c5228d89,2026-06-08T22:48:32,1675,1675,0,1.0,227,7.331
4b54751a-13a1-464a-a726-0f36c5228d89,2026-06-08T22:48:32,1675,1675,0,1.0,227,7.331
4b54751a-13a1-464a-a726-0f36c5228d89,2026-06-08T22:48:32,1675,1675,0,1.0,227,7.331
4b54751a-13a1-464a-a726-0f36c5228d89,2026-06-08T22:48:32,1675,1675,0,1.0,227,7.331
4b54751a-13a1-464a-a726-0f36c5228d89,2026-06-08T22:48:32,1675,1675,0,1.0,227,7.331
4b54751a-13a1-464a-a726-0f36c5228d89,2026-06-08T22:48:32,1675,1675,0,1.0,227,7.331
4b54751a-13a1-464a-a726-0f36c5228d89,2026-06-08T22:48:32,1675,1675,0,1.0,227,7.331
4b54751a-13a1-464a-a726-0f36c5228d89,2026-06-08T22:48:32,1675,1675,0,1.0,227,7.331
4b54751a-13a1-464a-a726-0f36c5228d89,2026-06-08T22:48:33,1675,1675,0,1.0,227,7.331
4b54751a-13a1-464a-a726-0f36c5228d89,2026-06-08T22:48:33,1675,1675,0,1.0,227,7.331
4b54751a-13a1-464a-a726-0f36c5228d89,2026-06-08T22:48:33,1675,1675,0,1.0,227,7.331
4b54751a-13a1-464a-a726-0f36c5228d89,2026-06-08T22:48:33,1675,1675,0,1.0,227,7.331
4b54751a-13a1-464a-a726-0f36c5228d89,2026-06-08T22:48:33,1675,1675,0,1.0,227,7.331
4b54751a-13a1-464a-a726-0f36c5228d89,2026-06-08T22:48:33,1675,1675,0,1.0,227,7.331
4b54751a-13a1-464a-a726-0f36c5228d89,2026-06-08T22:48:33,1675,1675,0,1.0,227,7.331
4b54751a-13a1-464a-a726-0f36c5228d89,2026-06-08T22:48:33,1675,1675,0,1.0,227,7.331
4b54751a-13a1-464a-a726-0f36c5228d89,2026-06-08T22:48:33,1675,1675,0,1.0,227,7.331
4b54751a-13a1-464a-a726-0f36c5228d89,2026-06-08T22:48:33,1675,1675,0,1.0,227,7.331
4b54751a-13a1-464a-a726-0f36c5228d89,2026-06-08T22:48:34,1675,1675,0,1.0,227,7.331
4b54751a-13a1-464a-a726-0f36c5228d89,2026-06-08T22:48:34,1675,1675,0,1.0,227,7.331
4b54751a-13a1-464a-a726-0f36c5228d89,2026-06-08T22:48:34,1675,1675,0,1.0,227,7.331
4b54751a-13a1-464a-a726-0f36c5228d89,2026-06-08T22:48:34,1675,1675,0,1.0,227,7.331
4b54751a-13a1-464a-a726-0f36c5228d89,2026-06-08T22:48:34,1675,1675,0,1.0,227,7.331
4b54751a-13a1-464a-a726-0f36c5228d89,2026-06-08T22:48:34,1675,1675,0,1.0,227,7.331
4b54751a-13a1-464a-a726-0f36c5228d89,2026-06-08T22:48:34,1675,1675,0,1.0,227,7.331
4b54751a-13a1-464a-a726-0f36c5228d89,2026-06-08T22:48:34,1675,1675,0,1.0,227,7.331
4b54751a-13a1-464a-a726-0f36c5228d89,2026-06-08T22:48:34,1675,1675,0,1.0,227,7.331
4b54751a-13a1-464a-a726-0f36c5228d89,2026-06-08T22:48:34,1675,1675,0,1.0,227,7.331
4b54751a-13a1-464a-a726-0f36c5228d89,2026-06-08T22:48:35,1675,1675,0,1.0,227,7.331
4b54751a-13a1-464a-a726-0f36c5228d89,2026-06-08T22:48:35,1675,1675,0,1.0,227,7.331
4b54751a-13a1-464a-a726-0f36c5228d89,2026-06-08T22:48:35,1675,1675,0,1.0,227,7.331
4b54751a-13a1-464a-a726-0f36c5228d89,2026-06-08T22:48:35,1270,1664,1075,0.76,227,7.331
4b54751a-13a1-464a-a726-0f36c5228d89,2026-06-08T22:48:35,1270,1664,1075,0.76,227,7.331
4b54751a-13a1-464a-a726-0f36c5228d89,2026-06-08T22:48:35,24,1664,1664,0.01,227,7.331
4b54751a-13a1-464a-a726-0f36c5228d89,2026-06-08T22:48:35,24,1664,1664,0.01,227,7.331
4b54751a-13a1-464a-a726-0f36c5228d89,2026-06-08T22:48:35,13,1664,1664,0.01,227,7.331
4b54751a-13a1-464a-a726-0f36c5228d89,2026-06-08T22:48:35,13,1664,1664,0.01,227,7.331
4b54751a-13a1-464a-a726-0f36c5228d89,2026-06-08T22:48:36,13,1664,1664,0.01,227,7.331
4b54751a-13a1-464a-a726-0f36c5228d89,2026-06-08T22:48:36,3,1664,1664,0.0,227,7.331
4b54751a-13a1-464a-a726-0f36c5228d89,2026-06-08T22:48:36,5,23,23,0.19,227,0.103
4b54751a-13a1-464a-a726-0f36c5228d89,2026-06-08T22:48:36,5,23,23,0.19,227,0.103
4b54751a-13a1-464a-a726-0f36c5228d89,2026-06-08T22:48:36,5,23,23,0.19,227,0.103
4b54751a-13a1-464a-a726-0f36c5228d89,2026-06-08T22:48:36,5,23,23,0.19,227,0.103
4b54751a-13a1-464a-a726-0f36c5228d89,2026-06-08T22:48:36,4,23,23,0.19,227,0.103
4b54751a-13a1-464a-a726-0f36c5228d89,2026-06-08T22:48:36,4,23,23,0.19,227,0.103
4b54751a-13a1-464a-a726-0f36c5228d89,2026-06-08T22:48:36,4,23,23,0.19,227,0.103
4b54751a-13a1-464a-a726-0f36c5228d89,2026-06-08T22:48:37,4,23,23,0.19,227,0.103
4b54751a-13a1-464a-a726-0f36c5228d89,2026-06-08T22:48:37,4,23,23,0.19,227,0.103
4b54751a-13a1-464a-a726-0f36c5228d89,2026-06-08T22:48:37,4,24,23,0.18,231,0.103
4b54751a-13a1-464a-a726-0f36c5228d89,2026-06-08T22:48:37,4,24,23,0.18,231,0.103
4b54751a-13a1-464a-a726-0f36c5228d89,2026-06-08T22:48:37,4,24,23,0.18,231,0.103
4b54751a-13a1-464a-a726-0f36c5228d89,2026-06-08T22:48:37,4,24,23,0.18,231,0.103
4b54751a-13a1-464a-a726-0f36c5228d89,2026-06-08T22:48:37,4,24,23,0.18,231,0.103
4b54751a-13a1-464a-a726-0f36c5228d89,2026-06-08T22:48:37,4,24,23,0.18,231,0.103
4b54751a-13a1-464a-a726-0f36c5228d89,2026-06-08T22:48:37,4,24,23,0.18,231,0.103
4b54751a-13a1-464a-a726-0f36c5228d89,2026-06-08T22:48:38,4,24,23,0.18,231,0.103
4b54751a-13a1-464a-a726-0f36c5228d89,2026-06-08T22:48:38,4,24,23,0.18,231,0.103
4b54751a-13a1-464a-a726-0f36c5228d89,2026-06-08T22:48:38,4,24,23,0.19,231,0.103
4b54751a-13a1-464a-a726-0f36c5228d89,2026-06-08T22:48:38,4,24,23,0.19,231,0.103
4b54751a-13a1-464a-a726-0f36c5228d89,2026-06-08T22:48:38,4,24,23,0.19,231,0.103
4b54751a-13a1-464a-a726-0f36c5228d89,2026-06-08T22:48:38,4,24,23,0.19,231,0.103
4b54751a-13a1-464a-a726-0f36c5228d89,2026-06-08T22:48:38,4,24,23,0.18,231,0.103
4b54751a-13a1-464a-a726-0f36c5228d89,2026-06-08T22:48:38,4,24,23,0.18,231,0.103
4b54751a-13a1-464a-a726-0f36c5228d89,2026-06-08T22:48:38,4,24,23,0.18,231,0.103
4b54751a-13a1-464a-a726-0f36c5228d89,2026-06-08T22:48:38,4,10,9,0.42,231,0.043
4b54751a-13a1-464a-a726-0f36c5228d89,2026-06-08T22:48:38,4,10,9,0.42,231,0.043
4b54751a-13a1-464a-a726-0f36c5228d89,2026-06-08T22:48:38,4,10,9,0.42,231,0.043
4b54751a-13a1-464a-a726-0f36c5228d89,2026-06-08T22:48:39,4,10,9,0.42,231,0.043
4b54751a-13a1-464a-a726-0f36c5228d89,2026-06-08T22:48:39,4,10,9,0.42,231,0.043
4b54751a-13a1-464a-a726-0f36c5228d89,2026-06-08T22:48:39,4,10,9,0.44,231,0.043
4b54751a-13a1-464a-a726-0f36c5228d89,2026-06-08T22:48:39,4,10,9,0.44,231,0.043
4b54751a-13a1-464a-a726-0f36c5228d89,2026-06-08T22:48:39,4,10,9,0.44,231,0.043
4b54751a-13a1-464a-a726-0f36c5228d89,2026-06-08T22:48:39,4,10,9,0.44,231,0.043
4b54751a-13a1-464a-a726-0f36c5228d89,2026-06-08T22:48:39,4,10,9,0.44,231,0.043
4b54751a-13a1-464a-a726-0f36c5228d89,2026-06-08T22:48:39,4,10,9,0.44,231,0.043
4b54751a-13a1-464a-a726-0f36c5228d89,2026-06-08T22:48:39,4,10,9,0.44,231,0.043
4b54751a-13a1-464a-a726-0f36c5228d89,2026-06-08T22:48:39,4,10,9,0.44,231,0.043
4b54751a-13a1-464a-a726-0f36c5228d89,2026-06-08T22:48:40,4,10,9,0.44,231,0.043
4b54751a-13a1-464a-a726-0f36c5228d89,2026-06-08T22:48:40,4,10,9,0.44,231,0.043
4b54751a-13a1-464a-a726-0f36c5228d89,2026-06-08T22:48:40,4,10,9,0.43,231,0.043
4b54751a-13a1-464a-a726-0f36c5228d89,2026-06-08T22:48:40,4,10,9,0.43,231,0.043
4b54751a-13a1-464a-a726-0f36c5228d89,2026-06-08T22:48:40,4,10,9,0.43,231,0.043
4b54751a-13a1-464a-a726-0f36c5228d89,2026-06-08T22:48:40,4,10,9,0.44,231,0.043
4b54751a-13a1-464a-a726-0f36c5228d89,2026-06-08T22:48:40,4,10,9,0.44,231,0.043
4b54751a-13a1-464a-a726-0f36c5228d89,2026-06-08T22:48:41,4,10,9,0.43,231,0.043
4b54751a-13a1-464a-a726-0f36c5228d89,2026-06-08T22:48:41,4,10,9,0.43,231,0.043
4b54751a-13a1-464a-a726-0f36c5228d89,2026-06-08T22:48:41,4,10,9,0.43,231,0.043
4b54751a-13a1-464a-a726-0f36c5228d89,2026-06-08T22:48:41,4,10,9,0.43,231,0.043
4b54751a-13a1-464a-a726-0f36c5228d89,2026-06-08T22:48:41,4,10,9,0.44,231,0.043
4b54751a-13a1-464a-a726-0f36c5228d89,2026-06-08T22:48:41,4,10,9,0.44,231,0.043
4b54751a-13a1-464a-a726-0f36c5228d89,2026-06-08T22:48:41,5,10,9,0.45,231,0.043
4b54751a-13a1-464a-a726-0f36c5228d89,2026-06-08T22:48:41,5,10,9,0.45,231,0.043
4b54751a-13a1-464a-a726-0f36c5228d89,2026-06-08T22:48:41,5,10,9,0.45,231,0.043
4b54751a-13a1-464a-a726-0f36c5228d89,2026-06-08T22:48:41,5,10,9,0.45,231,0.043
4b54751a-13a1-464a-a726-0f36c5228d89,2026-06-08T22:48:41,5,10,9,0.45,231,0.043
4b54751a-13a1-464a-a726-0f36c5228d89,2026-06-08T22:48:41,5,10,9,0.45,231,0.043
4b54751a-13a1-464a-a726-0f36c5228d89,2026-06-08T22:48:41,5,10,9,0.45,231,0.043
4b54751a-13a1-464a-a726-0f36c5228d89,2026-06-08T22:48:42,5,10,9,0.45,231,0.043
4b54751a-13a1-464a-a726-0f36c5228d89,2026-06-08T22:48:42,5,10,9,0.45,231,0.043
4b54751a-13a1-464a-a726-0f36c5228d89,2026-06-08T22:48:42,5,10,9,0.45,231,0.043
4b54751a-13a1-464a-a726-0f36c5228d89,2026-06-08T22:48:42,5,10,9,0.45,231,0.043
4b54751a-13a1-464a-a726-0f36c5228d89,2026-06-08T22:48:42,4,10,9,0.42,231,0.043
4b54751a-13a1-464a-a726-0f36c5228d89,2026-06-08T22:48:42,4,10,9,0.42,231,0.043
4b54751a-13a1-464a-a726-0f36c5228d89,2026-06-08T22:48:42,4,10,9,0.42,231,0.043
4b54751a-13a1-464a-a726-0f36c5228d89,2026-06-08T22:48:42,4,10,9,0.42,231,0.043
4b54751a-13a1-464a-a726-0f36c5228d89,2026-06-08T22:48:42,4,10,9,0.42,231,0.043
4b54751a-13a1-464a-a726-0f36c5228d89,2026-06-08T22:48:43,4,10,9,0.42,231,0.043
4b54751a-13a1-464a-a726-0f36c5228d89,2026-06-08T22:48:43,22,48,43,0.46,231,0.208
4b54751a-13a1-464a-a726-0f36c5228d89,2026-06-08T22:48:43,22,48,43,0.46,231,0.208
4b54751a-13a1-464a-a726-0f36c5228d89,2026-06-08T22:48:43,1522,1522,0,1.0,231,0.208
4b54751a-13a1-464a-a726-0f36c5228d89,2026-06-08T22:48:43,1522,1522,0,1.0,231,0.208
4b54751a-13a1-464a-a726-0f36c5228d89,2026-06-08T22:48:43,1687,1687,0,1.0,231,0.208
4b54751a-13a1-464a-a726-0f36c5228d89,2026-06-08T22:48:43,1687,1687,0,1.0,231,0.208
4b54751a-13a1-464a-a726-0f36c5228d89,2026-06-08T22:48:43,1684,1684,0,1.0,231,0.208
4b54751a-13a1-464a-a726-0f36c5228d89,2026-06-08T22:48:43,1684,1684,0,1.0,231,0.208
4b54751a-13a1-464a-a726-0f36c5228d89,2026-06-08T22:48:44,1684,1684,0,1.0,227,0.208
4b54751a-13a1-464a-a726-0f36c5228d89,2026-06-08T22:48:44,1684,1684,0,1.0,227,0.208
4b54751a-13a1-464a-a726-0f36c5228d89,2026-06-08T22:48:44,1684,1684,0,1.0,227,0.208
4b54751a-13a1-464a-a726-0f36c5228d89,2026-06-08T22:48:44,1682,1682,0,1.0,227,0.208
4b54751a-13a1-464a-a726-0f36c5228d89,2026-06-08T22:48:44,1682,1682,0,1.0,227,0.208
4b54751a-13a1-464a-a726-0f36c5228d89,2026-06-08T22:48:44,1682,1682,0,1.0,227,0.208
4b54751a-13a1-464a-a726-0f36c5228d89,2026-06-08T22:48:44,1682,1682,0,1.0,227,0.208
4b54751a-13a1-464a-a726-0f36c5228d89,2026-06-08T22:48:44,1682,1682,0,1.0,227,7.357
4b54751a-13a1-464a-a726-0f36c5228d89,2026-06-08T22:48:44,1682,1682,0,1.0,227,7.357
4b54751a-13a1-464a-a726-0f36c5228d89,2026-06-08T22:48:45,1682,1682,0,1.0,227,7.357
4b54751a-13a1-464a-a726-0f36c5228d89,2026-06-08T22:48:45,1682,1682,0,1.0,227,7.357
4b54751a-13a1-464a-a726-0f36c5228d89,2026-06-08T22:48:45,1680,1680,0,1.0,227,7.357
4b54751a-13a1-464a-a726-0f36c5228d89,2026-06-08T22:48:45,1680,1680,0,1.0,227,7.357
4b54751a-13a1-464a-a726-0f36c5228d89,2026-06-08T22:48:45,1680,1680,0,1.0,227,7.357
4b54751a-13a1-464a-a726-0f36c5228d89,2026-06-08T22:48:45,1680,1680,0,1.0,227,7.357
4b54751a-13a1-464a-a726-0f36c5228d89,2026-06-08T22:48:45,1680,1680,0,1.0,227,7.357
4b54751a-13a1-464a-a726-0f36c5228d89,2026-06-08T22:48:45,1680,1680,0,1.0,227,7.357
4b54751a-13a1-464a-a726-0f36c5228d89,2026-06-08T22:48:45,1680,1680,0,1.0,227,7.357
4b54751a-13a1-464a-a726-0f36c5228d89,2026-06-08T22:48:45,1680,1680,0,1.0,227,7.357
4b54751a-13a1-464a-a726-0f36c5228d89,2026-06-08T22:48:45,1680,1680,0,1.0,227,7.357
4b54751a-13a1-464a-a726-0f36c5228d89,2026-06-08T22:48:46,1680,1680,0,1.0,227,7.357
4b54751a-13a1-464a-a726-0f36c5228d89,2026-06-08T22:48:46,1680,1680,0,1.0,227,7.357
4b54751a-13a1-464a-a726-0f36c5228d89,2026-06-08T22:48:46,1678,1678,0,1.0,227,7.357
4b54751a-13a1-464a-a726-0f36c5228d89,2026-06-08T22:48:46,1678,1678,0,1.0,227,7.357
4b54751a-13a1-464a-a726-0f36c5228d89,2026-06-08T22:48:46,1678,1678,0,1.0,227,7.344
4b54751a-13a1-464a-a726-0f36c5228d89,2026-06-08T22:48:46,1678,1678,0,1.0,227,7.344
4b54751a-13a1-464a-a726-0f36c5228d89,2026-06-08T22:48:46,1678,1678,0,1.0,227,7.344
4b54751a-13a1-464a-a726-0f36c5228d89,2026-06-08T22:48:46,1678,1678,0,1.0,227,7.344
4b54751a-13a1-464a-a726-0f36c5228d89,2026-06-08T22:48:46,1678,1678,0,1.0,227,7.344
4b54751a-13a1-464a-a726-0f36c5228d89,2026-06-08T22:48:46,1678,1678,0,1.0,227,7.344
4b54751a-13a1-464a-a726-0f36c5228d89,2026-06-08T22:48:47,1678,1678,0,1.0,227,7.344
4b54751a-13a1-464a-a726-0f36c5228d89,2026-06-08T22:48:47,1676,1676,0,1.0,227,7.344
4b54751a-13a1-464a-a726-0f36c5228d89,2026-06-08T22:48:47,1676,1676,0,1.0,227,7.344
4b54751a-13a1-464a-a726-0f36c5228d89,2026-06-08T22:48:47,1676,1676,0,1.0,227,7.344
4b54751a-13a1-464a-a726-0f36c5228d89,2026-06-08T22:48:47,1676,1676,0,1.0,227,7.344
4b54751a-13a1-464a-a726-0f36c5228d89,2026-06-08T22:48:47,1676,1676,0,1.0,227,7.344
4b54751a-13a1-464a-a726-0f36c5228d89,2026-06-08T22:48:47,1676,1676,0,1.0,227,7.344
4b54751a-13a1-464a-a726-0f36c5228d89,2026-06-08T22:48:47,1676,1676,0,1.0,227,7.344
4b54751a-13a1-464a-a726-0f36c5228d89,2026-06-08T22:48:47,1676,1676,0,1.0,227,7.344
4b54751a-13a1-464a-a726-0f36c5228d89,2026-06-08T22:48:47,1676,1676,0,1.0,227,7.344
4b54751a-13a1-464a-a726-0f36c5228d89,2026-06-08T22:48:47,1676,1676,0,1.0,227,7.34
4b54751a-13a1-464a-a726-0f36c5228d89,2026-06-08T22:48:48,1676,1676,0,1.0,227,7.34
4b54751a-13a1-464a-a726-0f36c5228d89,2026-06-08T22:48:48,1676,1676,0,1.0,227,7.34
4b54751a-13a1-464a-a726-0f36c5228d89,2026-06-08T22:48:48,1676,1676,0,1.0,227,7.34
4b54751a-13a1-464a-a726-0f36c5228d89,2026-06-08T22:48:48,1676,1676,0,1.0,227,7.34
4b54751a-13a1-464a-a726-0f36c5228d89,2026-06-08T22:48:48,1676,1676,0,1.0,227,7.34
4b54751a-13a1-464a-a726-0f36c5228d89,2026-06-08T22:48:48,1676,1676,0,1.0,227,7.34
4b54751a-13a1-464a-a726-0f36c5228d89,2026-06-08T22:48:48,1676,1676,0,1.0,227,7.34
4b54751a-13a1-464a-a726-0f36c5228d89,2026-06-08T22:48:48,1676,1676,0,1.0,227,7.34
4b54751a-13a1-464a-a726-0f36c5228d89,2026-06-08T22:48:48,1676,1676,0,1.0,227,7.34
4b54751a-13a1-464a-a726-0f36c5228d89,2026-06-08T22:48:48,1676,1676,0,1.0,227,7.34
4b54751a-13a1-464a-a726-0f36c5228d89,2026-06-08T22:48:49,1676,1676,0,1.0,227,7.34
4b54751a-13a1-464a-a726-0f36c5228d89,2026-06-08T22:48:49,1676,1676,0,1.0,227,7.34
4b54751a-13a1-464a-a726-0f36c5228d89,2026-06-08T22:48:49,1676,1676,0,1.0,227,7.34
4b54751a-13a1-464a-a726-0f36c5228d89,2026-06-08T22:48:49,1676,1676,0,1.0,227,7.34
4b54751a-13a1-464a-a726-0f36c5228d89,2026-06-08T22:48:49,1676,1676,0,1.0,227,7.34
4b54751a-13a1-464a-a726-0f36c5228d89,2026-06-08T22:48:49,1676,1676,0,1.0,227,7.34
4b54751a-13a1-464a-a726-0f36c5228d89,2026-06-08T22:48:49,1676,1676,0,1.0,227,7.336
4b54751a-13a1-464a-a726-0f36c5228d89,2026-06-08T22:48:49,1676,1676,0,1.0,227,7.336
4b54751a-13a1-464a-a726-0f36c5228d89,2026-06-08T22:48:49,1676,1676,0,1.0,227,7.336
4b54751a-13a1-464a-a726-0f36c5228d89,2026-06-08T22:48:49,1676,1676,0,1.0,227,7.336
4b54751a-13a1-464a-a726-0f36c5228d89,2026-06-08T22:48:50,1676,1676,0,1.0,227,7.336
4b54751a-13a1-464a-a726-0f36c5228d89,2026-06-08T22:48:50,1676,1676,0,1.0,227,7.336
4b54751a-13a1-464a-a726-0f36c5228d89,2026-06-08T22:48:50,1676,1676,0,1.0,227,7.336
4b54751a-13a1-464a-a726-0f36c5228d89,2026-06-08T22:48:50,1676,1676,0,1.0,227,7.336
4b54751a-13a1-464a-a726-0f36c5228d89,2026-06-08T22:48:50,1676,1676,0,1.0,227,7.336
4b54751a-13a1-464a-a726-0f36c5228d89,2026-06-08T22:48:50,1676,1676,0,1.0,227,7.336
4b54751a-13a1-464a-a726-0f36c5228d89,2026-06-08T22:48:50,1676,1676,0,1.0,227,7.336
4b54751a-13a1-464a-a726-0f36c5228d89,2026-06-08T22:48:50,1676,1676,0,1.0,227,7.336
4b54751a-13a1-464a-a726-0f36c5228d89,2026-06-08T22:48:50,1676,1676,0,1.0,227,7.336
4b54751a-13a1-464a-a726-0f36c5228d89,2026-06-08T22:48:50,1676,1676,0,1.0,227,7.336
4b54751a-13a1-464a-a726-0f36c5228d89,2026-06-08T22:48:51,1676,1676,0,1.0,227,7.336
4b54751a-13a1-464a-a726-0f36c5228d89,2026-06-08T22:48:51,1676,1676,0,1.0,227,7.336
4b54751a-13a1-464a-a726-0f36c5228d89,2026-06-08T22:48:51,1676,1676,0,1.0,227,7.34
4b54751a-13a1-464a-a726-0f36c5228d89,2026-06-08T22:48:51,1676,1676,0,1.0,227,7.34
4b54751a-13a1-464a-a726-0f36c5228d89,2026-06-08T22:48:51,1676,1676,0,1.0,227,7.34
4b54751a-13a1-464a-a726-0f36c5228d89,2026-06-08T22:48:51,1676,1676,0,1.0,227,7.34
4b54751a-13a1-464a-a726-0f36c5228d89,2026-06-08T22:48:51,1676,1676,0,1.0,227,7.34
4b54751a-13a1-464a-a726-0f36c5228d89,2026-06-08T22:48:51,1676,1676,0,1.0,227,7.34
4b54751a-13a1-464a-a726-0f36c5228d89,2026-06-08T22:48:51,1676,1676,0,1.0,227,7.34
4b54751a-13a1-464a-a726-0f36c5228d89,2026-06-08T22:48:52,1676,1676,0,1.0,227,7.34
4b54751a-13a1-464a-a726-0f36c5228d89,2026-06-08T22:48:52,1675,1675,0,1.0,227,7.34
4b54751a-13a1-464a-a726-0f36c5228d89,2026-06-08T22:48:52,1675,1675,0,1.0,227,7.34
4b54751a-13a1-464a-a726-0f36c5228d89,2026-06-08T22:48:52,1675,1675,0,1.0,227,7.34
4b54751a-13a1-464a-a726-0f36c5228d89,2026-06-08T22:48:52,1675,1675,0,1.0,227,7.34
4b54751a-13a1-464a-a726-0f36c5228d89,2026-06-08T22:48:52,1676,1676,0,1.0,227,7.34
4b54751a-13a1-464a-a726-0f36c5228d89,2026-06-08T22:48:52,1676,1676,0,1.0,227,7.336
4b54751a-13a1-464a-a726-0f36c5228d89,2026-06-08T22:48:52,1676,1676,0,1.0,227,7.336
4b54751a-13a1-464a-a726-0f36c5228d89,2026-06-08T22:48:52,1676,1676,0,1.0,227,7.336
4b54751a-13a1-464a-a726-0f36c5228d89,2026-06-08T22:48:53,1676,1676,0,1.0,227,7.336
4b54751a-13a1-464a-a726-0f36c5228d89,2026-06-08T22:48:53,1676,1676,0,1.0,227,7.336
4b54751a-13a1-464a-a726-0f36c5228d89,2026-06-08T22:48:53,1676,1676,0,1.0,227,7.336
4b54751a-13a1-464a-a726-0f36c5228d89,2026-06-08T22:48:53,1676,1676,0,1.0,227,7.336
4b54751a-13a1-464a-a726-0f36c5228d89,2026-06-08T22:48:53,1676,1676,0,1.0,227,7.336
4b54751a-13a1-464a-a726-0f36c5228d89,2026-06-08T22:48:53,1676,1676,0,1.0,227,7.336
4b54751a-13a1-464a-a726-0f36c5228d89,2026-06-08T22:48:53,1676,1676,0,1.0,227,7.336
4b54751a-13a1-464a-a726-0f36c5228d89,2026-06-08T22:48:53,1676,1676,0,1.0,227,7.336
4b54751a-13a1-464a-a726-0f36c5228d89,2026-06-08T22:48:53,1676,1676,0,1.0,227,7.336
4b54751a-13a1-464a-a726-0f36c5228d89,2026-06-08T22:48:53,1676,1676,0,1.0,227,7.336
4b54751a-13a1-464a-a726-0f36c5228d89,2026-06-08T22:48:54,1676,1676,0,1.0,227,7.336
4b54751a-13a1-464a-a726-0f36c5228d89,2026-06-08T22:48:54,1676,1676,0,1.0,227,7.336
4b54751a-13a1-464a-a726-0f36c5228d89,2026-06-08T22:48:54,1676,1676,0,1.0,227,7.336
4b54751a-13a1-464a-a726-0f36c5228d89,2026-06-08T22:48:54,1676,1676,0,1.0,227,7.336
4b54751a-13a1-464a-a726-0f36c5228d89,2026-06-08T22:48:54,1676,1676,0,1.0,227,7.336
4b54751a-13a1-464a-a726-0f36c5228d89,2026-06-08T22:48:54,1676,1676,0,1.0,227,7.336
4b54751a-13a1-464a-a726-0f36c5228d89,2026-06-08T22:48:54,1676,1676,0,1.0,227,7.336
4b54751a-13a1-464a-a726-0f36c5228d89,2026-06-08T22:48:54,1676,1676,0,1.0,227,7.336
4b54751a-13a1-464a-a726-0f36c5228d89,2026-06-08T22:48:54,1676,1676,0,1.0,227,7.336
4b54751a-13a1-464a-a726-0f36c5228d89,2026-06-08T22:48:54,1676,1676,0,1.0,227,7.336
4b54751a-13a1-464a-a726-0f36c5228d89,2026-06-08T22:48:54,1676,1676,0,1.0,227,7.336
4b54751a-13a1-464a-a726-0f36c5228d89,2026-06-08T22:48:55,1676,1676,0,1.0,227,7.336
4b54751a-13a1-464a-a726-0f36c5228d89,2026-06-08T22:48:55,1676,1676,0,1.0,227,7.336
4b54751a-13a1-464a-a726-0f36c5228d89,2026-06-08T22:48:55,1676,1676,0,1.0,227,7.336
4b54751a-13a1-464a-a726-0f36c5228d89,2026-06-08T22:48:55,1676,1676,0,1.0,227,7.336
4b54751a-13a1-464a-a726-0f36c5228d89,2026-06-08T22:48:55,1676,1676,0,1.0,227,7.336
4b54751a-13a1-464a-a726-0f36c5228d89,2026-06-08T22:48:55,1676,1676,0,1.0,227,7.336
4b54751a-13a1-464a-a726-0f36c5228d89,2026-06-08T22:48:55,1676,1676,0,1.0,227,7.336
4b54751a-13a1-464a-a726-0f36c5228d89,2026-06-08T22:48:55,1676,1676,0,1.0,227,7.336
4b54751a-13a1-464a-a726-0f36c5228d89,2026-06-08T22:48:56,1676,1676,0,1.0,227,7.336
4b54751a-13a1-464a-a726-0f36c5228d89,2026-06-08T22:48:56,1676,1676,0,1.0,227,7.336
4b54751a-13a1-464a-a726-0f36c5228d89,2026-06-08T22:48:56,1676,1676,0,1.0,227,7.336
4b54751a-13a1-464a-a726-0f36c5228d89,2026-06-08T22:48:56,1676,1676,0,1.0,227,7.336
4b54751a-13a1-464a-a726-0f36c5228d89,2026-06-08T22:48:56,1676,1676,0,1.0,227,7.336
4b54751a-13a1-464a-a726-0f36c5228d89,2026-06-08T22:48:56,1676,1676,0,1.0,227,7.336
4b54751a-13a1-464a-a726-0f36c5228d89,2026-06-08T22:48:56,1676,1676,0,1.0,227,7.336
4b54751a-13a1-464a-a726-0f36c5228d89,2026-06-08T22:48:56,1676,1676,0,1.0,227,7.336
4b54751a-13a1-464a-a726-0f36c5228d89,2026-06-08T22:48:56,1676,1676,0,1.0,227,7.336
4b54751a-13a1-464a-a726-0f36c5228d89,2026-06-08T22:48:57,1676,1676,0,1.0,227,7.336
4b54751a-13a1-464a-a726-0f36c5228d89,2026-06-08T22:48:57,1676,1676,0,1.0,227,7.336
4b54751a-13a1-464a-a726-0f36c5228d89,2026-06-08T22:48:57,1676,1676,0,1.0,227,7.336
4b54751a-13a1-464a-a726-0f36c5228d89,2026-06-08T22:48:57,1676,1676,0,1.0,227,7.336
4b54751a-13a1-464a-a726-0f36c5228d89,2026-06-08T22:48:57,1676,1676,0,1.0,227,7.336
4b54751a-13a1-464a-a726-0f36c5228d89,2026-06-08T22:48:57,1676,1676,0,1.0,227,7.336
4b54751a-13a1-464a-a726-0f36c5228d89,2026-06-08T22:48:57,1676,1676,0,1.0,227,7.336
4b54751a-13a1-464a-a726-0f36c5228d89,2026-06-08T22:48:57,1676,1676,0,1.0,227,7.34
4b54751a-13a1-464a-a726-0f36c5228d89,2026-06-08T22:48:57,1676,1676,0,1.0,227,7.34
4b54751a-13a1-464a-a726-0f36c5228d89,2026-06-08T22:48:57,1676,1676,0,1.0,227,7.34
4b54751a-13a1-464a-a726-0f36c5228d89,2026-06-08T22:48:58,1676,1676,0,1.0,227,7.34
4b54751a-13a1-464a-a726-0f36c5228d89,2026-06-08T22:48:58,1676,1676,0,1.0,227,7.34
4b54751a-13a1-464a-a726-0f36c5228d89,2026-06-08T22:48:58,1676,1676,0,1.0,227,7.34
4b54751a-13a1-464a-a726-0f36c5228d89,2026-06-08T22:48:58,1676,1676,0,1.0,227,7.34
4b54751a-13a1-464a-a726-0f36c5228d89,2026-06-08T22:48:58,1676,1676,0,1.0,227,7.34
4b54751a-13a1-464a-a726-0f36c5228d89,2026-06-08T22:48:58,1676,1676,0,1.0,227,7.34
4b54751a-13a1-464a-a726-0f36c5228d89,2026-06-08T22:48:58,1676,1676,0,1.0,227,7.34
4b54751a-13a1-464a-a726-0f36c5228d89,2026-06-08T22:48:58,1676,1676,0,1.0,227,7.34
4b54751a-13a1-464a-a726-0f36c5228d89,2026-06-08T22:48:58,1676,1676,0,1.0,227,7.34
4b54751a-13a1-464a-a726-0f36c5228d89,2026-06-08T22:48:58,1676,1676,0,1.0,227,7.34
4b54751a-13a1-464a-a726-0f36c5228d89,2026-06-08T22:48:59,1678,1678,0,1.0,227,7.34
4b54751a-13a1-464a-a726-0f36c5228d89,2026-06-08T22:48:59,1678,1678,0,1.0,227,7.34
4b54751a-13a1-464a-a726-0f36c5228d89,2026-06-08T22:48:59,1678,1678,0,1.0,227,7.34
4b54751a-13a1-464a-a726-0f36c5228d89,2026-06-08T22:48:59,1678,1678,0,1.0,227,7.34
4b54751a-13a1-464a-a726-0f36c5228d89,2026-06-08T22:48:59,1678,1678,0,1.0,227,7.34
4b54751a-13a1-464a-a726-0f36c5228d89,2026-06-08T22:48:59,1678,1678,0,1.0,227,7.34
4b54751a-13a1-464a-a726-0f36c5228d89,2026-06-08T22:48:59,1678,1678,0,1.0,227,7.34
4b54751a-13a1-464a-a726-0f36c5228d89,2026-06-08T22:48:59,1678,1678,0,1.0,227,7.34
4b54751a-13a1-464a-a726-0f36c5228d89,2026-06-08T22:48:59,1678,1678,0,1.0,227,7.34
4b54751a-13a1-464a-a726-0f36c5228d89,2026-06-08T22:48:59,1678,1678,0,1.0,227,7.34
4b54751a-13a1-464a-a726-0f36c5228d89,2026-06-08T22:49:00,1678,1678,0,1.0,227,7.34
4b54751a-13a1-464a-a726-0f36c5228d89,2026-06-08T22:49:00,1678,1678,0,1.0,227,7.34
4b54751a-13a1-464a-a726-0f36c5228d89,2026-06-08T22:49:00,1678,1678,0,1.0,227,7.34
4b54751a-13a1-464a-a726-0f36c5228d89,2026-06-08T22:49:00,1678,1678,0,1.0,227,7.34
4b54751a-13a1-464a-a726-0f36c5228d89,2026-06-08T22:49:00,1678,1678,0,1.0,227,7.34
4b54751a-13a1-464a-a726-0f36c5228d89,2026-06-08T22:49:00,1678,1678,0,1.0,227,7.34
4b54751a-13a1-464a-a726-0f36c5228d89,2026-06-08T22:49:00,1678,1678,0,1.0,227,7.34
4b54751a-13a1-464a-a726-0f36c5228d89,2026-06-08T22:49:00,1678,1678,0,1.0,227,7.34
4b54751a-13a1-464a-a726-0f36c5228d89,2026-06-08T22:49:00,1676,1676,0,1.0,227,7.336
4b54751a-13a1-464a-a726-0f36c5228d89,2026-06-08T22:49:00,1676,1676,0,1.0,227,7.336
4b54751a-13a1-464a-a726-0f36c5228d89,2026-06-08T22:49:01,1676,1676,0,1.0,227,7.336
4b54751a-13a1-464a-a726-0f36c5228d89,2026-06-08T22:49:01,1676,1676,0,1.0,227,7.336
4b54751a-13a1-464a-a726-0f36c5228d89,2026-06-08T22:49:01,1676,1676,0,1.0,227,7.336
4b54751a-13a1-464a-a726-0f36c5228d89,2026-06-08T22:49:01,1676,1676,0,1.0,227,7.336
4b54751a-13a1-464a-a726-0f36c5228d89,2026-06-08T22:49:01,1676,1676,0,1.0,227,7.336
4b54751a-13a1-464a-a726-0f36c5228d89,2026-06-08T22:49:01,1676,1676,0,1.0,227,7.336
4b54751a-13a1-464a-a726-0f36c5228d89,2026-06-08T22:49:01,1676,1676,0,1.0,227,7.336
4b54751a-13a1-464a-a726-0f36c5228d89,2026-06-08T22:49:01,1676,1676,0,1.0,227,7.336
4b54751a-13a1-464a-a726-0f36c5228d89,2026-06-08T22:49:01,1676,1676,0,1.0,227,7.336
4b54751a-13a1-464a-a726-0f36c5228d89,2026-06-08T22:49:01,1676,1676,0,1.0,227,7.336
4b54751a-13a1-464a-a726-0f36c5228d89,2026-06-08T22:49:02,1676,1676,0,1.0,227,7.336
4b54751a-13a1-464a-a726-0f36c5228d89,2026-06-08T22:49:02,1676,1676,0,1.0,227,7.336
4b54751a-13a1-464a-a726-0f36c5228d89,2026-06-08T22:49:02,1676,1676,0,1.0,227,7.336
4b54751a-13a1-464a-a726-0f36c5228d89,2026-06-08T22:49:02,1676,1676,0,1.0,227,7.336
4b54751a-13a1-464a-a726-0f36c5228d89,2026-06-08T22:49:02,1678,1678,0,1.0,227,7.34
4b54751a-13a1-464a-a726-0f36c5228d89,2026-06-08T22:49:02,1678,1678,0,1.0,227,7.34
4b54751a-13a1-464a-a726-0f36c5228d89,2026-06-08T22:49:02,1678,1678,0,1.0,227,7.34
4b54751a-13a1-464a-a726-0f36c5228d89,2026-06-08T22:49:02,1678,1678,0,1.0,227,7.34
4b54751a-13a1-464a-a726-0f36c5228d89,2026-06-08T22:49:02,1678,1678,0,1.0,227,7.34
4b54751a-13a1-464a-a726-0f36c5228d89,2026-06-08T22:49:02,1678,1678,0,1.0,227,7.34
4b54751a-13a1-464a-a726-0f36c5228d89,2026-06-08T22:49:03,1678,1678,0,1.0,227,7.34
4b54751a-13a1-464a-a726-0f36c5228d89,2026-06-08T22:49:03,1678,1678,0,1.0,227,7.34
4b54751a-13a1-464a-a726-0f36c5228d89,2026-06-08T22:49:03,1678,1678,0,1.0,227,7.34
4b54751a-13a1-464a-a726-0f36c5228d89,2026-06-08T22:49:03,1678,1678,0,1.0,227,7.34
4b54751a-13a1-464a-a726-0f36c5228d89,2026-06-08T22:49:03,1678,1678,0,1.0,227,7.34
4b54751a-13a1-464a-a726-0f36c5228d89,2026-06-08T22:49:03,1678,1678,0,1.0,227,7.34
4b54751a-13a1-464a-a726-0f36c5228d89,2026-06-08T22:49:03,1678,1678,0,1.0,227,7.34
4b54751a-13a1-464a-a726-0f36c5228d89,2026-06-08T22:49:03,1678,1678,0,1.0,227,7.34
4b54751a-13a1-464a-a726-0f36c5228d89,2026-06-08T22:49:03,1678,1678,0,1.0,227,7.34
4b54751a-13a1-464a-a726-0f36c5228d89,2026-06-08T22:49:03,1678,1678,0,1.0,227,7.34
4b54751a-13a1-464a-a726-0f36c5228d89,2026-06-08T22:49:04,1676,1676,0,1.0,227,7.34
4b54751a-13a1-464a-a726-0f36c5228d89,2026-06-08T22:49:04,1676,1676,0,1.0,227,7.34
4b54751a-13a1-464a-a726-0f36c5228d89,2026-06-08T22:49:04,1676,1676,0,1.0,227,7.34
4b54751a-13a1-464a-a726-0f36c5228d89,2026-06-08T22:49:04,1676,1676,0,1.0,227,7.34
4b54751a-13a1-464a-a726-0f36c5228d89,2026-06-08T22:49:04,1678,1678,0,1.0,227,7.34
4b54751a-13a1-464a-a726-0f36c5228d89,2026-06-08T22:49:04,1678,1678,0,1.0,227,7.34
4b54751a-13a1-464a-a726-0f36c5228d89,2026-06-08T22:49:04,1678,1678,0,1.0,227,7.34
4b54751a-13a1-464a-a726-0f36c5228d89,2026-06-08T22:49:04,1678,1678,0,1.0,227,7.34
4b54751a-13a1-464a-a726-0f36c5228d89,2026-06-08T22:49:04,1676,1676,0,1.0,227,7.34
4b54751a-13a1-464a-a726-0f36c5228d89,2026-06-08T22:49:04,1676,1676,0,1.0,227,7.34
4b54751a-13a1-464a-a726-0f36c5228d89,2026-06-08T22:49:04,1676,1676,0,1.0,227,7.34
4b54751a-13a1-464a-a726-0f36c5228d89,2026-06-08T22:49:05,1676,1676,0,1.0,227,7.34
4b54751a-13a1-464a-a726-0f36c5228d89,2026-06-08T22:49:05,1676,1676,0,1.0,227,7.34
4b54751a-13a1-464a-a726-0f36c5228d89,2026-06-08T22:49:05,1676,1676,0,1.0,227,7.34
4b54751a-13a1-464a-a726-0f36c5228d89,2026-06-08T22:49:05,1676,1676,0,1.0,227,7.34
4b54751a-13a1-464a-a726-0f36c5228d89,2026-06-08T22:49:05,1676,1676,0,1.0,227,7.336
4b54751a-13a1-464a-a726-0f36c5228d89,2026-06-08T22:49:05,1676,1676,0,1.0,227,7.336
4b54751a-13a1-464a-a726-0f36c5228d89,2026-06-08T22:49:05,1676,1676,0,1.0,227,7.336
4b54751a-13a1-464a-a726-0f36c5228d89,2026-06-08T22:49:06,1676,1676,0,1.0,227,7.336
4b54751a-13a1-464a-a726-0f36c5228d89,2026-06-08T22:49:06,1676,1676,0,1.0,227,7.336
4b54751a-13a1-464a-a726-0f36c5228d89,2026-06-08T22:49:06,1676,1676,0,1.0,227,7.336
4b54751a-13a1-464a-a726-0f36c5228d89,2026-06-08T22:49:06,1676,1676,0,1.0,227,7.336
4b54751a-13a1-464a-a726-0f36c5228d89,2026-06-08T22:49:06,1676,1676,0,1.0,227,7.336
4b54751a-13a1-464a-a726-0f36c5228d89,2026-06-08T22:49:06,1676,1676,0,1.0,227,7.336
4b54751a-13a1-464a-a726-0f36c5228d89,2026-06-08T22:49:06,1676,1676,0,1.0,227,7.336
4b54751a-13a1-464a-a726-0f36c5228d89,2026-06-08T22:49:07,1676,1676,0,1.0,227,7.336
4b54751a-13a1-464a-a726-0f36c5228d89,2026-06-08T22:49:07,1676,1676,0,1.0,227,7.336
4b54751a-13a1-464a-a726-0f36c5228d89,2026-06-08T22:49:07,1676,1676,0,1.0,227,7.336
4b54751a-13a1-464a-a726-0f36c5228d89,2026-06-08T22:49:07,1676,1676,0,1.0,227,7.336
4b54751a-13a1-464a-a726-0f36c5228d89,2026-06-08T22:49:07,1676,1676,0,1.0,227,7.336
4b54751a-13a1-464a-a726-0f36c5228d89,2026-06-08T22:49:08,1676,1676,0,1.0,227,7.336
4b54751a-13a1-464a-a726-0f36c5228d89,2026-06-08T22:49:08,1676,1676,0,1.0,227,7.336
4b54751a-13a1-464a-a726-0f36c5228d89,2026-06-08T22:49:08,1676,1676,0,1.0,227,7.336
4b54751a-13a1-464a-a726-0f36c5228d89,2026-06-08T22:49:08,1676,1676,0,1.0,227,7.336
4b54751a-13a1-464a-a726-0f36c5228d89,2026-06-08T22:49:08,1676,1676,0,1.0,227,7.336
4b54751a-13a1-464a-a726-0f36c5228d89,2026-06-08T22:49:08,1676,1676,0,1.0,227,7.336
4b54751a-13a1-464a-a726-0f36c5228d89,2026-06-08T22:49:08,1676,1676,0,1.0,227,7.336
4b54751a-13a1-464a-a726-0f36c5228d89,2026-06-08T22:49:08,1676,1676,0,1.0,227,7.336
4b54751a-13a1-464a-a726-0f36c5228d89,2026-06-08T22:49:08,1676,1676,0,1.0,227,7.336
4b54751a-13a1-464a-a726-0f36c5228d89,2026-06-08T22:49:09,1676,1676,0,1.0,227,7.336
4b54751a-13a1-464a-a726-0f36c5228d89,2026-06-08T22:49:09,1676,1676,0,1.0,227,7.336
4b54751a-13a1-464a-a726-0f36c5228d89,2026-06-08T22:49:09,1676,1676,0,1.0,227,7.336
4b54751a-13a1-464a-a726-0f36c5228d89,2026-06-08T22:49:09,1676,1676,0,1.0,227,7.336
4b54751a-13a1-464a-a726-0f36c5228d89,2026-06-08T22:49:09,1676,1676,0,1.0,227,7.336
4b54751a-13a1-464a-a726-0f36c5228d89,2026-06-08T22:49:09,1676,1676,0,1.0,227,7.336
4b54751a-13a1-464a-a726-0f36c5228d89,2026-06-08T22:49:09,1676,1676,0,1.0,227,7.336
4b54751a-13a1-464a-a726-0f36c5228d89,2026-06-08T22:49:09,1676,1676,0,1.0,227,7.336
4b54751a-13a1-464a-a726-0f36c5228d89,2026-06-08T22:49:09,1676,1676,0,1.0,227,7.336
4b54751a-13a1-464a-a726-0f36c5228d89,2026-06-08T22:49:10,1676,1676,0,1.0,227,7.336
4b54751a-13a1-464a-a726-0f36c5228d89,2026-06-08T22:49:10,1676,1676,0,1.0,227,7.336
4b54751a-13a1-464a-a726-0f36c5228d89,2026-06-08T22:49:10,1676,1676,0,1.0,227,7.336
4b54751a-13a1-464a-a726-0f36c5228d89,2026-06-08T22:49:10,1676,1676,0,1.0,227,7.336
4b54751a-13a1-464a-a726-0f36c5228d89,2026-06-08T22:49:10,1676,1676,0,1.0,227,7.336
4b54751a-13a1-464a-a726-0f36c5228d89,2026-06-08T22:49:10,1676,1676,0,1.0,227,7.336
4b54751a-13a1-464a-a726-0f36c5228d89,2026-06-08T22:49:10,1676,1676,0,1.0,227,7.336
4b54751a-13a1-464a-a726-0f36c5228d89,2026-06-08T22:49:10,1676,1676,0,1.0,227,7.336
4b54751a-13a1-464a-a726-0f36c5228d89,2026-06-08T22:49:10,1676,1676,0,1.0,227,7.336
4b54751a-13a1-464a-a726-0f36c5228d89,2026-06-08T22:49:10,1676,1676,0,1.0,227,7.336
4b54751a-13a1-464a-a726-0f36c5228d89,2026-06-08T22:49:10,1676,1676,0,1.0,227,7.336
4b54751a-13a1-464a-a726-0f36c5228d89,2026-06-08T22:49:10,1676,1676,0,1.0,227,7.336
4b54751a-13a1-464a-a726-0f36c5228d89,2026-06-08T22:49:11,1676,1676,0,1.0,227,7.336
4b54751a-13a1-464a-a726-0f36c5228d89,2026-06-08T22:49:11,1676,1676,0,1.0,227,7.336
4b54751a-13a1-464a-a726-0f36c5228d89,2026-06-08T22:49:11,1676,1676,0,1.0,227,7.336
4b54751a-13a1-464a-a726-0f36c5228d89,2026-06-08T22:49:11,1676,1676,0,1.0,227,7.336
4b54751a-13a1-464a-a726-0f36c5228d89,2026-06-08T22:49:11,1676,1676,0,1.0,227,7.336
4b54751a-13a1-464a-a726-0f36c5228d89,2026-06-08T22:49:11,1676,1676,0,1.0,227,7.336
4b54751a-13a1-464a-a726-0f36c5228d89,2026-06-08T22:49:11,1676,1676,0,1.0,227,7.336
4b54751a-13a1-464a-a726-0f36c5228d89,2026-06-08T22:49:11,1676,1676,0,1.0,227,7.336
4b54751a-13a1-464a-a726-0f36c5228d89,2026-06-08T22:49:11,1676,1676,0,1.0,227,7.336
4b54751a-13a1-464a-a726-0f36c5228d89,2026-06-08T22:49:12,1676,1676,0,1.0,227,7.331
4b54751a-13a1-464a-a726-0f36c5228d89,2026-06-08T22:49:12,1676,1676,0,1.0,227,7.331
4b54751a-13a1-464a-a726-0f36c5228d89,2026-06-08T22:49:12,1676,1676,0,1.0,227,7.331
4b54751a-13a1-464a-a726-0f36c5228d89,2026-06-08T22:49:12,1676,1676,0,1.0,227,7.331
4b54751a-13a1-464a-a726-0f36c5228d89,2026-06-08T22:49:12,1676,1676,0,1.0,227,7.331
4b54751a-13a1-464a-a726-0f36c5228d89,2026-06-08T22:49:12,1676,1676,0,1.0,227,7.331
4b54751a-13a1-464a-a726-0f36c5228d89,2026-06-08T22:49:12,1676,1676,0,1.0,227,7.331
4b54751a-13a1-464a-a726-0f36c5228d89,2026-06-08T22:49:12,1676,1676,0,1.0,227,7.331
4b54751a-13a1-464a-a726-0f36c5228d89,2026-06-08T22:49:12,1676,1676,0,1.0,227,7.331
4b54751a-13a1-464a-a726-0f36c5228d89,2026-06-08T22:49:12,1676,1676,0,1.0,227,7.331
4b54751a-13a1-464a-a726-0f36c5228d89,2026-06-08T22:49:12,1676,1676,0,1.0,227,7.331
4b54751a-13a1-464a-a726-0f36c5228d89,2026-06-08T22:49:12,1676,1676,0,1.0,227,7.331
4b54751a-13a1-464a-a726-0f36c5228d89,2026-06-08T22:49:13,1676,1676,0,1.0,227,7.331
4b54751a-13a1-464a-a726-0f36c5228d89,2026-06-08T22:49:13,1676,1676,0,1.0,227,7.331
4b54751a-13a1-464a-a726-0f36c5228d89,2026-06-08T22:49:13,1676,1676,0,1.0,227,7.331
4b54751a-13a1-464a-a726-0f36c5228d89,2026-06-08T22:49:13,1676,1676,0,1.0,227,7.331
4b54751a-13a1-464a-a726-0f36c5228d89,2026-06-08T22:49:13,1676,1676,0,1.0,227,7.331
4b54751a-13a1-464a-a726-0f36c5228d89,2026-06-08T22:49:13,1676,1676,0,1.0,227,7.331
4b54751a-13a1-464a-a726-0f36c5228d89,2026-06-08T22:49:13,1676,1676,0,1.0,227,7.331
4b54751a-13a1-464a-a726-0f36c5228d89,2026-06-08T22:49:13,1676,1676,0,1.0,227,7.331
4b54751a-13a1-464a-a726-0f36c5228d89,2026-06-08T22:49:13,1676,1676,0,1.0,227,7.331
4b54751a-13a1-464a-a726-0f36c5228d89,2026-06-08T22:49:14,1675,1675,0,1.0,227,7.331
4b54751a-13a1-464a-a726-0f36c5228d89,2026-06-08T22:49:14,1675,1675,0,1.0,227,7.331
4b54751a-13a1-464a-a726-0f36c5228d89,2026-06-08T22:49:14,1675,1675,0,1.0,227,7.331
4b54751a-13a1-464a-a726-0f36c5228d89,2026-06-08T22:49:14,1675,1675,0,1.0,227,7.331
4b54751a-13a1-464a-a726-0f36c5228d89,2026-06-08T22:49:14,1675,1675,0,1.0,227,7.331
4b54751a-13a1-464a-a726-0f36c5228d89,2026-06-08T22:49:14,1676,1676,0,1.0,227,7.331
4b54751a-13a1-464a-a726-0f36c5228d89,2026-06-08T22:49:14,1676,1676,0,1.0,227,7.331
4b54751a-13a1-464a-a726-0f36c5228d89,2026-06-08T22:49:14,1676,1676,0,1.0,227,7.331
4b54751a-13a1-464a-a726-0f36c5228d89,2026-06-08T22:49:14,1676,1676,0,1.0,227,7.331
4b54751a-13a1-464a-a726-0f36c5228d89,2026-06-08T22:49:14,1676,1676,0,1.0,227,7.331
4b54751a-13a1-464a-a726-0f36c5228d89,2026-06-08T22:49:14,1676,1676,0,1.0,227,7.331
4b54751a-13a1-464a-a726-0f36c5228d89,2026-06-08T22:49:14,1676,1676,0,1.0,227,7.331
4b54751a-13a1-464a-a726-0f36c5228d89,2026-06-08T22:49:14,1676,1676,0,1.0,227,7.331
4b54751a-13a1-464a-a726-0f36c5228d89,2026-06-08T22:49:15,1676,1676,0,1.0,227,7.331
4b54751a-13a1-464a-a726-0f36c5228d89,2026-06-08T22:49:15,1676,1676,0,1.0,227,7.331
4b54751a-13a1-464a-a726-0f36c5228d89,2026-06-08T22:49:15,1676,1676,0,1.0,227,7.331
4b54751a-13a1-464a-a726-0f36c5228d89,2026-06-08T22:49:15,1676,1676,0,1.0,227,7.331
4b54751a-13a1-464a-a726-0f36c5228d89,2026-06-08T22:49:15,1676,1676,0,1.0,227,7.331
4b54751a-13a1-464a-a726-0f36c5228d89,2026-06-08T22:49:15,1676,1676,0,1.0,227,7.331
4b54751a-13a1-464a-a726-0f36c5228d89,2026-06-08T22:49:15,1676,1676,0,1.0,227,7.331
4b54751a-13a1-464a-a726-0f36c5228d89,2026-06-08T22:49:15,1676,1676,0,1.0,227,7.331
4b54751a-13a1-464a-a726-0f36c5228d89,2026-06-08T22:49:15,1676,1676,0,1.0,227,7.331
4b54751a-13a1-464a-a726-0f36c5228d89,2026-06-08T22:49:15,1676,1676,0,1.0,227,7.331
4b54751a-13a1-464a-a726-0f36c5228d89,2026-06-08T22:49:15,1676,1676,0,1.0,227,7.331
4b54751a-13a1-464a-a726-0f36c5228d89,2026-06-08T22:49:16,1676,1676,0,1.0,227,7.331
4b54751a-13a1-464a-a726-0f36c5228d89,2026-06-08T22:49:16,1676,1676,0,1.0,227,7.331
4b54751a-13a1-464a-a726-0f36c5228d89,2026-06-08T22:49:16,1676,1676,0,1.0,227,7.331
4b54751a-13a1-464a-a726-0f36c5228d89,2026-06-08T22:49:16,1676,1676,0,1.0,227,7.331
4b54751a-13a1-464a-a726-0f36c5228d89,2026-06-08T22:49:16,1676,1676,0,1.0,227,7.331
4b54751a-13a1-464a-a726-0f36c5228d89,2026-06-08T22:49:16,1676,1676,0,1.0,227,7.331
4b54751a-13a1-464a-a726-0f36c5228d89,2026-06-08T22:49:16,1676,1676,0,1.0,227,7.331
4b54751a-13a1-464a-a726-0f36c5228d89,2026-06-08T22:49:16,1676,1676,0,1.0,227,7.331
4b54751a-13a1-464a-a726-0f36c5228d89,2026-06-08T22:49:16,1676,1676,0,1.0,227,7.331
4b54751a-13a1-464a-a726-0f36c5228d89,2026-06-08T22:49:16,1676,1676,0,1.0,227,7.331
4b54751a-13a1-464a-a726-0f36c5228d89,2026-06-08T22:49:16,1676,1676,0,1.0,227,7.331
4b54751a-13a1-464a-a726-0f36c5228d89,2026-06-08T22:49:17,1676,1676,0,1.0,227,7.331
4b54751a-13a1-464a-a726-0f36c5228d89,2026-06-08T22:49:17,1676,1676,0,1.0,227,7.331
4b54751a-13a1-464a-a726-0f36c5228d89,2026-06-08T22:49:17,1675,1675,0,1.0,227,7.331
4b54751a-13a1-464a-a726-0f36c5228d89,2026-06-08T22:49:17,1675,1675,0,1.0,227,7.331
4b54751a-13a1-464a-a726-0f36c5228d89,2026-06-08T22:49:17,1675,1675,0,1.0,227,7.331
4b54751a-13a1-464a-a726-0f36c5228d89,2026-06-08T22:49:17,1676,1676,0,1.0,227,7.331
4b54751a-13a1-464a-a726-0f36c5228d89,2026-06-08T22:49:17,1676,1676,0,1.0,227,7.331
4b54751a-13a1-464a-a726-0f36c5228d89,2026-06-08T22:49:17,1676,1676,0,1.0,227,7.331
4b54751a-13a1-464a-a726-0f36c5228d89,2026-06-08T22:49:17,1676,1676,0,1.0,227,7.331
4b54751a-13a1-464a-a726-0f36c5228d89,2026-06-08T22:49:17,1676,1676,0,1.0,227,7.331
4b54751a-13a1-464a-a726-0f36c5228d89,2026-06-08T22:49:17,1676,1676,0,1.0,227,7.331
4b54751a-13a1-464a-a726-0f36c5228d89,2026-06-08T22:49:18,1676,1676,0,1.0,227,7.331
4b54751a-13a1-464a-a726-0f36c5228d89,2026-06-08T22:49:18,1676,1676,0,1.0,227,7.331
4b54751a-13a1-464a-a726-0f36c5228d89,2026-06-08T22:49:18,1676,1676,0,1.0,227,7.331
4b54751a-13a1-464a-a726-0f36c5228d89,2026-06-08T22:49:18,1676,1676,0,1.0,227,7.331
4b54751a-13a1-464a-a726-0f36c5228d89,2026-06-08T22:49:18,1676,1676,0,1.0,227,7.331
4b54751a-13a1-464a-a726-0f36c5228d89,2026-06-08T22:49:18,1676,1676,0,1.0,227,7.331
4b54751a-13a1-464a-a726-0f36c5228d89,2026-06-08T22:49:18,1676,1676,0,1.0,227,7.331
4b54751a-13a1-464a-a726-0f36c5228d89,2026-06-08T22:49:18,1676,1676,0,1.0,227,7.331
4b54751a-13a1-464a-a726-0f36c5228d89,2026-06-08T22:49:18,1676,1676,0,1.0,227,7.331
4b54751a-13a1-464a-a726-0f36c5228d89,2026-06-08T22:49:18,1676,1676,0,1.0,227,7.331
4b54751a-13a1-464a-a726-0f36c5228d89,2026-06-08T22:49:18,1676,1676,0,1.0,227,7.331
4b54751a-13a1-464a-a726-0f36c5228d89,2026-06-08T22:49:19,1676,1676,0,1.0,227,7.331
4b54751a-13a1-464a-a726-0f36c5228d89,2026-06-08T22:49:19,1675,1675,0,1.0,227,7.331
4b54751a-13a1-464a-a726-0f36c5228d89,2026-06-08T22:49:19,1675,1675,0,1.0,227,7.331
4b54751a-13a1-464a-a726-0f36c5228d89,2026-06-08T22:49:19,1675,1675,0,1.0,227,7.331
4b54751a-13a1-464a-a726-0f36c5228d89,2026-06-08T22:49:19,1675,1675,0,1.0,227,7.331
4b54751a-13a1-464a-a726-0f36c5228d89,2026-06-08T22:49:19,1675,1675,0,1.0,227,7.331
4b54751a-13a1-464a-a726-0f36c5228d89,2026-06-08T22:49:19,1675,1675,0,1.0,227,7.331
4b54751a-13a1-464a-a726-0f36c5228d89,2026-06-08T22:49:19,1675,1675,0,1.0,227,7.331
4b54751a-13a1-464a-a726-0f36c5228d89,2026-06-08T22:49:19,1676,1676,0,1.0,227,7.331
4b54751a-13a1-464a-a726-0f36c5228d89,2026-06-08T22:49:19,1676,1676,0,1.0,227,7.331
4b54751a-13a1-464a-a726-0f36c5228d89,2026-06-08T22:49:19,1634,1664,318,0.98,227,7.331
4b54751a-13a1-464a-a726-0f36c5228d89,2026-06-08T22:49:20,1634,1664,318,0.98,227,7.331
4b54751a-13a1-464a-a726-0f36c5228d89,2026-06-08T22:49:20,1634,1664,318,0.98,227,7.331
4b54751a-13a1-464a-a726-0f36c5228d89,2026-06-08T22:49:20,242,1664,1647,0.15,227,7.331
4b54751a-13a1-464a-a726-0f36c5228d89,2026-06-08T22:49:20,18,1664,1664,0.01,227,7.331
4b54751a-13a1-464a-a726-0f36c5228d89,2026-06-08T22:49:20,18,1664,1664,0.01,227,7.331
4b54751a-13a1-464a-a726-0f36c5228d89,2026-06-08T22:49:20,18,1664,1664,0.01,227,7.331
4b54751a-13a1-464a-a726-0f36c5228d89,2026-06-08T22:49:20,18,1691,1691,0.01,231,7.331
4b54751a-13a1-464a-a726-0f36c5228d89,2026-06-08T22:49:20,18,1691,1691,0.01,231,7.331
4b54751a-13a1-464a-a726-0f36c5228d89,2026-06-08T22:49:20,18,1691,1691,0.01,231,7.331
4b54751a-13a1-464a-a726-0f36c5228d89,2026-06-08T22:49:21,2,1691,1691,0.0,231,7.331
4b54751a-13a1-464a-a726-0f36c5228d89,2026-06-08T22:49:21,2,1691,1691,0.0,231,7.331
4b54751a-13a1-464a-a726-0f36c5228d89,2026-06-08T22:49:21,2,1691,1691,0.0,231,7.331
4b54751a-13a1-464a-a726-0f36c5228d89,2026-06-08T22:49:21,4,1691,1691,0.0,231,7.331
4b54751a-13a1-464a-a726-0f36c5228d89,2026-06-08T22:49:21,4,1691,1691,0.0,231,7.331
4b54751a-13a1-464a-a726-0f36c5228d89,2026-06-08T22:49:21,4,1691,1691,0.0,231,7.331
4b54751a-13a1-464a-a726-0f36c5228d89,2026-06-08T22:49:21,4,1691,1691,0.0,231,7.331
4b54751a-13a1-464a-a726-0f36c5228d89,2026-06-08T22:49:21,4,1691,1691,0.0,231,7.331
4b54751a-13a1-464a-a726-0f36c5228d89,2026-06-08T22:49:21,4,1691,1691,0.0,231,7.331
4b54751a-13a1-464a-a726-0f36c5228d89,2026-06-08T22:49:21,4,1691,1691,0.0,231,7.331
4b54751a-13a1-464a-a726-0f36c5228d89,2026-06-08T22:49:22,4,1691,1691,0.0,231,7.331
4b54751a-13a1-464a-a726-0f36c5228d89,2026-06-08T22:49:22,4,1691,1691,0.0,231,7.331
4b54751a-13a1-464a-a726-0f36c5228d89,2026-06-08T22:49:22,4,1691,1691,0.0,231,7.331
4b54751a-13a1-464a-a726-0f36c5228d89,2026-06-08T22:49:22,4,1691,1691,0.0,231,7.331
4b54751a-13a1-464a-a726-0f36c5228d89,2026-06-08T22:49:22,4,10,9,0.43,231,0.043
4b54751a-13a1-464a-a726-0f36c5228d89,2026-06-08T22:49:22,4,10,9,0.43,231,0.043
4b54751a-13a1-464a-a726-0f36c5228d89,2026-06-08T22:49:22,4,10,9,0.43,231,0.043
4b54751a-13a1-464a-a726-0f36c5228d89,2026-06-08T22:49:22,4,10,9,0.43,231,0.043
4b54751a-13a1-464a-a726-0f36c5228d89,2026-06-08T22:49:22,4,10,9,0.43,231,0.043
4b54751a-13a1-464a-a726-0f36c5228d89,2026-06-08T22:49:22,4,10,9,0.43,231,0.043
4b54751a-13a1-464a-a726-0f36c5228d89,2026-06-08T22:49:22,4,10,9,0.43,231,0.043
4b54751a-13a1-464a-a726-0f36c5228d89,2026-06-08T22:49:22,4,10,9,0.43,231,0.043
4b54751a-13a1-464a-a726-0f36c5228d89,2026-06-08T22:49:22,4,10,9,0.43,231,0.043
4b54751a-13a1-464a-a726-0f36c5228d89,2026-06-08T22:49:23,4,10,9,0.44,231,0.043
4b54751a-13a1-464a-a726-0f36c5228d89,2026-06-08T22:49:23,4,10,9,0.44,231,0.043
4b54751a-13a1-464a-a726-0f36c5228d89,2026-06-08T22:49:23,4,10,9,0.44,231,0.043
4b54751a-13a1-464a-a726-0f36c5228d89,2026-06-08T22:49:23,4,10,9,0.43,231,0.043
4b54751a-13a1-464a-a726-0f36c5228d89,2026-06-08T22:49:23,4,10,9,0.43,231,0.043
4b54751a-13a1-464a-a726-0f36c5228d89,2026-06-08T22:49:23,4,10,9,0.43,231,0.043
4b54751a-13a1-464a-a726-0f36c5228d89,2026-06-08T22:49:23,4,10,9,0.43,231,0.043
4b54751a-13a1-464a-a726-0f36c5228d89,2026-06-08T22:49:23,4,10,9,0.42,231,0.043
4b54751a-13a1-464a-a726-0f36c5228d89,2026-06-08T22:49:23,4,10,9,0.42,231,0.043
4b54751a-13a1-464a-a726-0f36c5228d89,2026-06-08T22:49:23,4,10,9,0.42,231,0.043
4b54751a-13a1-464a-a726-0f36c5228d89,2026-06-08T22:49:24,4,10,9,0.44,231,0.043
4b54751a-13a1-464a-a726-0f36c5228d89,2026-06-08T22:49:24,4,10,9,0.44,231,0.043
4b54751a-13a1-464a-a726-0f36c5228d89,2026-06-08T22:49:24,4,10,9,0.44,231,0.043
4b54751a-13a1-464a-a726-0f36c5228d89,2026-06-08T22:49:24,4,10,9,0.42,231,0.043
4b54751a-13a1-464a-a726-0f36c5228d89,2026-06-08T22:49:24,4,10,9,0.42,231,0.043
4b54751a-13a1-464a-a726-0f36c5228d89,2026-06-08T22:49:24,4,10,9,0.42,231,0.043
4b54751a-13a1-464a-a726-0f36c5228d89,2026-06-08T22:49:24,4,10,9,0.42,231,0.043
4b54751a-13a1-464a-a726-0f36c5228d89,2026-06-08T22:49:25,5,10,9,0.46,231,0.042
4b54751a-13a1-464a-a726-0f36c5228d89,2026-06-08T22:49:25,5,10,9,0.46,231,0.042
4b54751a-13a1-464a-a726-0f36c5228d89,2026-06-08T22:49:25,4,10,9,0.44,231,0.042
4b54751a-13a1-464a-a726-0f36c5228d89,2026-06-08T22:49:25,4,10,9,0.45,231,0.042
4b54751a-13a1-464a-a726-0f36c5228d89,2026-06-08T22:49:25,4,10,9,0.45,231,0.042
4b54751a-13a1-464a-a726-0f36c5228d89,2026-06-08T22:49:25,4,10,9,0.45,231,0.042
4b54751a-13a1-464a-a726-0f36c5228d89,2026-06-08T22:49:25,4,10,9,0.45,231,0.042
4b54751a-13a1-464a-a726-0f36c5228d89,2026-06-08T22:49:25,4,10,9,0.44,231,0.042
4b54751a-13a1-464a-a726-0f36c5228d89,2026-06-08T22:49:25,4,10,9,0.44,231,0.042
4b54751a-13a1-464a-a726-0f36c5228d89,2026-06-08T22:49:25,4,10,9,0.44,231,0.042
4b54751a-13a1-464a-a726-0f36c5228d89,2026-06-08T22:49:25,4,10,9,0.44,231,0.042
4b54751a-13a1-464a-a726-0f36c5228d89,2026-06-08T22:49:26,4,10,9,0.44,231,0.042
4b54751a-13a1-464a-a726-0f36c5228d89,2026-06-08T22:49:26,4,10,9,0.44,231,0.042
4b54751a-13a1-464a-a726-0f36c5228d89,2026-06-08T22:49:26,4,10,9,0.44,231,0.042
4b54751a-13a1-464a-a726-0f36c5228d89,2026-06-08T22:49:26,4,10,9,0.44,231,0.042
4b54751a-13a1-464a-a726-0f36c5228d89,2026-06-08T22:49:26,4,10,9,0.44,231,0.042
4b54751a-13a1-464a-a726-0f36c5228d89,2026-06-08T22:49:26,4,10,9,0.44,231,0.042
4b54751a-13a1-464a-a726-0f36c5228d89,2026-06-08T22:49:26,4,10,9,0.45,231,0.042
4b54751a-13a1-464a-a726-0f36c5228d89,2026-06-08T22:49:26,4,10,9,0.45,231,0.042
4b54751a-13a1-464a-a726-0f36c5228d89,2026-06-08T22:49:26,4,10,9,0.45,231,0.042
4b54751a-13a1-464a-a726-0f36c5228d89,2026-06-08T22:49:27,4,10,9,0.45,231,0.042
4b54751a-13a1-464a-a726-0f36c5228d89,2026-06-08T22:49:27,4,10,9,0.43,231,0.043
4b54751a-13a1-464a-a726-0f36c5228d89,2026-06-08T22:49:27,4,10,9,0.43,231,0.043
4b54751a-13a1-464a-a726-0f36c5228d89,2026-06-08T22:49:27,4,10,9,0.43,231,0.043
4b54751a-13a1-464a-a726-0f36c5228d89,2026-06-08T22:49:27,4,10,9,0.43,231,0.043
4b54751a-13a1-464a-a726-0f36c5228d89,2026-06-08T22:49:27,4,10,9,0.43,231,0.043
4b54751a-13a1-464a-a726-0f36c5228d89,2026-06-08T22:49:27,4,10,9,0.43,231,0.043
4b54751a-13a1-464a-a726-0f36c5228d89,2026-06-08T22:49:27,5,10,9,0.45,231,0.043
4b54751a-13a1-464a-a726-0f36c5228d89,2026-06-08T22:49:27,5,10,9,0.45,231,0.043
4b54751a-13a1-464a-a726-0f36c5228d89,2026-06-08T22:49:27,5,10,9,0.45,231,0.043
4b54751a-13a1-464a-a726-0f36c5228d89,2026-06-08T22:49:28,5,10,9,0.45,231,0.043
4b54751a-13a1-464a-a726-0f36c5228d89,2026-06-08T22:49:28,5,10,9,0.45,231,0.043
4b54751a-13a1-464a-a726-0f36c5228d89,2026-06-08T22:49:28,4,10,9,0.42,231,0.043
4b54751a-13a1-464a-a726-0f36c5228d89,2026-06-08T22:49:28,4,10,9,0.42,231,0.043
4b54751a-13a1-464a-a726-0f36c5228d89,2026-06-08T22:49:28,4,10,9,0.42,231,0.043
4b54751a-13a1-464a-a726-0f36c5228d89,2026-06-08T22:49:28,4,10,9,0.42,231,0.043
4b54751a-13a1-464a-a726-0f36c5228d89,2026-06-08T22:49:28,4,10,9,0.42,231,0.043
4b54751a-13a1-464a-a726-0f36c5228d89,2026-06-08T22:49:28,4,10,9,0.42,231,0.043
4b54751a-13a1-464a-a726-0f36c5228d89,2026-06-08T22:49:28,4,10,9,0.42,231,0.043
4b54751a-13a1-464a-a726-0f36c5228d89,2026-06-08T22:49:28,4,10,9,0.42,231,0.043
4b54751a-13a1-464a-a726-0f36c5228d89,2026-06-08T22:49:29,452,452,0,1.0,231,0.299
4b54751a-13a1-464a-a726-0f36c5228d89,2026-06-08T22:49:29,1697,1697,0,1.0,231,0.299
4b54751a-13a1-464a-a726-0f36c5228d89,2026-06-08T22:49:29,1686,1686,0,1.0,231,0.299
4b54751a-13a1-464a-a726-0f36c5228d89,2026-06-08T22:49:29,1686,1686,0,1.0,231,0.299
4b54751a-13a1-464a-a726-0f36c5228d89,2026-06-08T22:49:29,1686,1686,0,1.0,231,0.299
4b54751a-13a1-464a-a726-0f36c5228d89,2026-06-08T22:49:29,1686,1686,0,1.0,231,0.299
4b54751a-13a1-464a-a726-0f36c5228d89,2026-06-08T22:49:29,1684,1684,0,1.0,227,0.299
4b54751a-13a1-464a-a726-0f36c5228d89,2026-06-08T22:49:29,1684,1684,0,1.0,227,0.299
4b54751a-13a1-464a-a726-0f36c5228d89,2026-06-08T22:49:30,1684,1684,0,1.0,227,0.299
4b54751a-13a1-464a-a726-0f36c5228d89,2026-06-08T22:49:30,1684,1684,0,1.0,227,0.299
4b54751a-13a1-464a-a726-0f36c5228d89,2026-06-08T22:49:30,1682,1682,0,1.0,227,0.299
4b54751a-13a1-464a-a726-0f36c5228d89,2026-06-08T22:49:30,1682,1682,0,1.0,227,0.299
4b54751a-13a1-464a-a726-0f36c5228d89,2026-06-08T22:49:30,1682,1682,0,1.0,227,0.299
4b54751a-13a1-464a-a726-0f36c5228d89,2026-06-08T22:49:30,1682,1682,0,1.0,227,0.299
4b54751a-13a1-464a-a726-0f36c5228d89,2026-06-08T22:49:30,1682,1682,0,1.0,227,7.361
4b54751a-13a1-464a-a726-0f36c5228d89,2026-06-08T22:49:30,1682,1682,0,1.0,227,7.361
4b54751a-13a1-464a-a726-0f36c5228d89,2026-06-08T22:49:30,1682,1682,0,1.0,227,7.361
4b54751a-13a1-464a-a726-0f36c5228d89,2026-06-08T22:49:30,1682,1682,0,1.0,227,7.361
4b54751a-13a1-464a-a726-0f36c5228d89,2026-06-08T22:49:30,1682,1682,0,1.0,227,7.361
4b54751a-13a1-464a-a726-0f36c5228d89,2026-06-08T22:49:31,1682,1682,0,1.0,227,7.361
4b54751a-13a1-464a-a726-0f36c5228d89,2026-06-08T22:49:31,1682,1682,0,1.0,227,7.361
4b54751a-13a1-464a-a726-0f36c5228d89,2026-06-08T22:49:31,1682,1682,0,1.0,227,7.361
4b54751a-13a1-464a-a726-0f36c5228d89,2026-06-08T22:49:31,1680,1680,0,1.0,227,7.361
4b54751a-13a1-464a-a726-0f36c5228d89,2026-06-08T22:49:31,1680,1680,0,1.0,227,7.361
4b54751a-13a1-464a-a726-0f36c5228d89,2026-06-08T22:49:31,1680,1680,0,1.0,227,7.361
4b54751a-13a1-464a-a726-0f36c5228d89,2026-06-08T22:49:31,1680,1680,0,1.0,227,7.361
4b54751a-13a1-464a-a726-0f36c5228d89,2026-06-08T22:49:31,1680,1680,0,1.0,227,7.361
4b54751a-13a1-464a-a726-0f36c5228d89,2026-06-08T22:49:31,1680,1680,0,1.0,227,7.361
4b54751a-13a1-464a-a726-0f36c5228d89,2026-06-08T22:49:31,1680,1680,0,1.0,227,7.361
4b54751a-13a1-464a-a726-0f36c5228d89,2026-06-08T22:49:31,1680,1680,0,1.0,227,7.361
4b54751a-13a1-464a-a726-0f36c5228d89,2026-06-08T22:49:32,1680,1680,0,1.0,227,7.361
4b54751a-13a1-464a-a726-0f36c5228d89,2026-06-08T22:49:32,1680,1680,0,1.0,227,7.348
4b54751a-13a1-464a-a726-0f36c5228d89,2026-06-08T22:49:32,1678,1678,0,1.0,227,7.348
4b54751a-13a1-464a-a726-0f36c5228d89,2026-06-08T22:49:32,1678,1678,0,1.0,227,7.348
4b54751a-13a1-464a-a726-0f36c5228d89,2026-06-08T22:49:32,1678,1678,0,1.0,227,7.348
4b54751a-13a1-464a-a726-0f36c5228d89,2026-06-08T22:49:32,1678,1678,0,1.0,227,7.348
4b54751a-13a1-464a-a726-0f36c5228d89,2026-06-08T22:49:32,1678,1678,0,1.0,227,7.348
4b54751a-13a1-464a-a726-0f36c5228d89,2026-06-08T22:49:32,1678,1678,0,1.0,227,7.348
4b54751a-13a1-464a-a726-0f36c5228d89,2026-06-08T22:49:32,1678,1678,0,1.0,227,7.348
4b54751a-13a1-464a-a726-0f36c5228d89,2026-06-08T22:49:33,1678,1678,0,1.0,227,7.348
4b54751a-13a1-464a-a726-0f36c5228d89,2026-06-08T22:49:33,1678,1678,0,1.0,227,7.348
4b54751a-13a1-464a-a726-0f36c5228d89,2026-06-08T22:49:33,1678,1678,0,1.0,227,7.348
4b54751a-13a1-464a-a726-0f36c5228d89,2026-06-08T22:49:33,1678,1678,0,1.0,227,7.348
4b54751a-13a1-464a-a726-0f36c5228d89,2026-06-08T22:49:33,1678,1678,0,1.0,227,7.348
4b54751a-13a1-464a-a726-0f36c5228d89,2026-06-08T22:49:33,1678,1678,0,1.0,227,7.348
4b54751a-13a1-464a-a726-0f36c5228d89,2026-06-08T22:49:33,1678,1678,0,1.0,227,7.348
4b54751a-13a1-464a-a726-0f36c5228d89,2026-06-08T22:49:33,1678,1678,0,1.0,227,7.348
4b54751a-13a1-464a-a726-0f36c5228d89,2026-06-08T22:49:33,1678,1678,0,1.0,227,7.344
4b54751a-13a1-464a-a726-0f36c5228d89,2026-06-08T22:49:33,1678,1678,0,1.0,227,7.344
4b54751a-13a1-464a-a726-0f36c5228d89,2026-06-08T22:49:34,1678,1678,0,1.0,227,7.344
4b54751a-13a1-464a-a726-0f36c5228d89,2026-06-08T22:49:34,1678,1678,0,1.0,227,7.344
4b54751a-13a1-464a-a726-0f36c5228d89,2026-06-08T22:49:34,1678,1678,0,1.0,227,7.344
4b54751a-13a1-464a-a726-0f36c5228d89,2026-06-08T22:49:34,1678,1678,0,1.0,227,7.344
4b54751a-13a1-464a-a726-0f36c5228d89,2026-06-08T22:49:34,1678,1678,0,1.0,227,7.344
4b54751a-13a1-464a-a726-0f36c5228d89,2026-06-08T22:49:34,1678,1678,0,1.0,227,7.344
4b54751a-13a1-464a-a726-0f36c5228d89,2026-06-08T22:49:34,1678,1678,0,1.0,227,7.344
4b54751a-13a1-464a-a726-0f36c5228d89,2026-06-08T22:49:34,1678,1678,0,1.0,227,7.344
4b54751a-13a1-464a-a726-0f36c5228d89,2026-06-08T22:49:34,1678,1678,0,1.0,227,7.344
4b54751a-13a1-464a-a726-0f36c5228d89,2026-06-08T22:49:35,1678,1678,0,1.0,227,7.34
4b54751a-13a1-464a-a726-0f36c5228d89,2026-06-08T22:49:36,1678,1678,0,1.0,227,7.34
4b54751a-13a1-464a-a726-0f36c5228d89,2026-06-08T22:49:36,1678,1678,0,1.0,227,7.34
4b54751a-13a1-464a-a726-0f36c5228d89,2026-06-08T22:49:36,1678,1678,0,1.0,227,7.34
4b54751a-13a1-464a-a726-0f36c5228d89,2026-06-08T22:49:36,1678,1678,0,1.0,227,7.34
4b54751a-13a1-464a-a726-0f36c5228d89,2026-06-08T22:49:36,1678,1678,0,1.0,227,7.34
4b54751a-13a1-464a-a726-0f36c5228d89,2026-06-08T22:49:36,1678,1678,0,1.0,227,7.34
4b54751a-13a1-464a-a726-0f36c5228d89,2026-06-08T22:49:36,1678,1678,0,1.0,227,7.34
4b54751a-13a1-464a-a726-0f36c5228d89,2026-06-08T22:49:36,1676,1676,0,1.0,227,7.34
4b54751a-13a1-464a-a726-0f36c5228d89,2026-06-08T22:49:36,1676,1676,0,1.0,227,7.34
4b54751a-13a1-464a-a726-0f36c5228d89,2026-06-08T22:49:37,1676,1676,0,1.0,227,7.34
4b54751a-13a1-464a-a726-0f36c5228d89,2026-06-08T22:49:37,1676,1676,0,1.0,227,7.34
4b54751a-13a1-464a-a726-0f36c5228d89,2026-06-08T22:49:37,1676,1676,0,1.0,227,7.34
4b54751a-13a1-464a-a726-0f36c5228d89,2026-06-08T22:49:37,1676,1676,0,1.0,227,7.34
4b54751a-13a1-464a-a726-0f36c5228d89,2026-06-08T22:49:37,1676,1676,0,1.0,227,7.34
4b54751a-13a1-464a-a726-0f36c5228d89,2026-06-08T22:49:37,1678,1678,0,1.0,227,7.34
4b54751a-13a1-464a-a726-0f36c5228d89,2026-06-08T22:49:37,1678,1678,0,1.0,227,7.34
4b54751a-13a1-464a-a726-0f36c5228d89,2026-06-08T22:49:37,1678,1678,0,1.0,227,7.34
4b54751a-13a1-464a-a726-0f36c5228d89,2026-06-08T22:49:37,1676,1676,0,1.0,227,7.34
4b54751a-13a1-464a-a726-0f36c5228d89,2026-06-08T22:49:38,1676,1676,0,1.0,227,7.34
4b54751a-13a1-464a-a726-0f36c5228d89,2026-06-08T22:49:38,1678,1678,0,1.0,227,7.34
4b54751a-13a1-464a-a726-0f36c5228d89,2026-06-08T22:49:38,1678,1678,0,1.0,227,7.34
4b54751a-13a1-464a-a726-0f36c5228d89,2026-06-08T22:49:38,1676,1676,0,1.0,227,7.34
4b54751a-13a1-464a-a726-0f36c5228d89,2026-06-08T22:49:38,1676,1676,0,1.0,227,7.34
4b54751a-13a1-464a-a726-0f36c5228d89,2026-06-08T22:49:38,1676,1676,0,1.0,227,7.34
4b54751a-13a1-464a-a726-0f36c5228d89,2026-06-08T22:49:41,1676,1676,0,1.0,227,7.34
4b54751a-13a1-464a-a726-0f36c5228d89,2026-06-08T22:49:41,1676,1676,0,1.0,227,7.34
4b54751a-13a1-464a-a726-0f36c5228d89,2026-06-08T22:49:41,1676,1676,0,1.0,227,7.34
4b54751a-13a1-464a-a726-0f36c5228d89,2026-06-08T22:49:41,1676,1676,0,1.0,227,7.34
4b54751a-13a1-464a-a726-0f36c5228d89,2026-06-08T22:49:41,1676,1676,0,1.0,227,7.34
4b54751a-13a1-464a-a726-0f36c5228d89,2026-06-08T22:49:41,1676,1676,0,1.0,227,7.34
4b54751a-13a1-464a-a726-0f36c5228d89,2026-06-08T22:49:41,1676,1676,0,1.0,227,7.34
4b54751a-13a1-464a-a726-0f36c5228d89,2026-06-08T22:49:41,1676,1676,0,1.0,227,7.34
4b54751a-13a1-464a-a726-0f36c5228d89,2026-06-08T22:49:41,1676,1676,0,1.0,227,7.34
4b54751a-13a1-464a-a726-0f36c5228d89,2026-06-08T22:49:42,1676,1676,0,1.0,227,7.34
4b54751a-13a1-464a-a726-0f36c5228d89,2026-06-08T22:49:42,1673,1673,0,1.0,227,7.34
4b54751a-13a1-464a-a726-0f36c5228d89,2026-06-08T22:49:42,1673,1673,0,1.0,227,7.34
4b54751a-13a1-464a-a726-0f36c5228d89,2026-06-08T22:49:42,1667,1667,0,1.0,227,7.34
4b54751a-13a1-464a-a726-0f36c5228d89,2026-06-08T22:49:42,1667,1667,0,1.0,227,7.34
4b54751a-13a1-464a-a726-0f36c5228d89,2026-06-08T22:49:42,1667,1667,0,1.0,227,7.34
4b54751a-13a1-464a-a726-0f36c5228d89,2026-06-08T22:49:42,1665,1665,0,1.0,226,7.34
4b54751a-13a1-464a-a726-0f36c5228d89,2026-06-08T22:49:42,1667,1667,0,1.0,226,7.34
4b54751a-13a1-464a-a726-0f36c5228d89,2026-06-08T22:49:43,1667,1667,0,1.0,226,7.34
4b54751a-13a1-464a-a726-0f36c5228d89,2026-06-08T22:49:43,1667,1667,0,1.0,226,7.34
4b54751a-13a1-464a-a726-0f36c5228d89,2026-06-08T22:49:43,1667,1667,0,1.0,226,7.34
4b54751a-13a1-464a-a726-0f36c5228d89,2026-06-08T22:49:43,1669,1669,0,1.0,226,7.34
4b54751a-13a1-464a-a726-0f36c5228d89,2026-06-08T22:49:43,1669,1669,0,1.0,226,7.34
4b54751a-13a1-464a-a726-0f36c5228d89,2026-06-08T22:49:43,1669,1669,0,1.0,226,7.34
4b54751a-13a1-464a-a726-0f36c5228d89,2026-06-08T22:49:43,1667,1667,0,1.0,226,7.323
4b54751a-13a1-464a-a726-0f36c5228d89,2026-06-08T22:49:43,1667,1667,0,1.0,226,7.323
4b54751a-13a1-464a-a726-0f36c5228d89,2026-06-08T22:49:43,1667,1667,0,1.0,226,7.323
4b54751a-13a1-464a-a726-0f36c5228d89,2026-06-08T22:49:43,1667,1667,0,1.0,226,7.323
4b54751a-13a1-464a-a726-0f36c5228d89,2026-06-08T22:49:43,1667,1667,0,1.0,226,7.323
4b54751a-13a1-464a-a726-0f36c5228d89,2026-06-08T22:49:43,1667,1667,0,1.0,226,7.323
4b54751a-13a1-464a-a726-0f36c5228d89,2026-06-08T22:49:44,1667,1667,0,1.0,226,7.323
4b54751a-13a1-464a-a726-0f36c5228d89,2026-06-08T22:49:44,1667,1667,0,1.0,226,7.323
4b54751a-13a1-464a-a726-0f36c5228d89,2026-06-08T22:49:44,1667,1667,0,1.0,227,7.323
4b54751a-13a1-464a-a726-0f36c5228d89,2026-06-08T22:49:44,1667,1667,0,1.0,227,7.323
4b54751a-13a1-464a-a726-0f36c5228d89,2026-06-08T22:49:44,1667,1667,0,1.0,227,7.323
4b54751a-13a1-464a-a726-0f36c5228d89,2026-06-08T22:49:44,1667,1667,0,1.0,227,7.323
4b54751a-13a1-464a-a726-0f36c5228d89,2026-06-08T22:49:44,1667,1667,0,1.0,227,7.323
4b54751a-13a1-464a-a726-0f36c5228d89,2026-06-08T22:49:44,1667,1667,0,1.0,227,7.323
4b54751a-13a1-464a-a726-0f36c5228d89,2026-06-08T22:49:44,1669,1669,0,1.0,227,7.323
4b54751a-13a1-464a-a726-0f36c5228d89,2026-06-08T22:49:44,1669,1669,0,1.0,227,7.323
4b54751a-13a1-464a-a726-0f36c5228d89,2026-06-08T22:49:45,1667,1667,0,1.0,227,7.323
4b54751a-13a1-464a-a726-0f36c5228d89,2026-06-08T22:49:45,1667,1667,0,1.0,227,7.323
4b54751a-13a1-464a-a726-0f36c5228d89,2026-06-08T22:49:45,1667,1667,0,1.0,227,7.323
4b54751a-13a1-464a-a726-0f36c5228d89,2026-06-08T22:49:45,1667,1667,0,1.0,227,7.323
4b54751a-13a1-464a-a726-0f36c5228d89,2026-06-08T22:49:45,1667,1667,0,1.0,227,7.323
4b54751a-13a1-464a-a726-0f36c5228d89,2026-06-08T22:49:45,1667,1667,0,1.0,227,7.323
4b54751a-13a1-464a-a726-0f36c5228d89,2026-06-08T22:49:45,1667,1667,0,1.0,227,7.323
4b54751a-13a1-464a-a726-0f36c5228d89,2026-06-08T22:49:45,1667,1667,0,1.0,227,7.323
4b54751a-13a1-464a-a726-0f36c5228d89,2026-06-08T22:49:45,1667,1667,0,1.0,227,7.323
4b54751a-13a1-464a-a726-0f36c5228d89,2026-06-08T22:49:46,1667,1667,0,1.0,227,7.323
4b54751a-13a1-464a-a726-0f36c5228d89,2026-06-08T22:49:46,1667,1667,0,1.0,227,7.323
4b54751a-13a1-464a-a726-0f36c5228d89,2026-06-08T22:49:46,1667,1667,0,1.0,227,7.323
4b54751a-13a1-464a-a726-0f36c5228d89,2026-06-08T22:49:46,1667,1667,0,1.0,227,7.323
4b54751a-13a1-464a-a726-0f36c5228d89,2026-06-08T22:49:46,1667,1667,0,1.0,227,7.323
4b54751a-13a1-464a-a726-0f36c5228d89,2026-06-08T22:49:46,1667,1667,0,1.0,227,7.323
4b54751a-13a1-464a-a726-0f36c5228d89,2026-06-08T22:49:46,1667,1667,0,1.0,227,7.319
